RECORD_ID,COLLEGE_CODE,COLLEGE_NAME,DISTRICT,BRANCH_NAME,BRANCH_CODE,OC,BC,BCM,MBC,SC,SCA,ST
TNEA2025-03282,1,University Departments of Anna University Chennai - CEG Campus Sardar Patel Road Guindy Chennai 600 025,CHENNAI,Bio Medical Engineering (Ss),by,195.0,192.0,193.0,193.0,182.5,168.0,191.5
TNEA2025-03283,1,University Departments of Anna University Chennai - CEG Campus Sardar Patel Road Guindy Chennai 600 025,CHENNAI,Civil Engineering,ce,195.0,192.0,190.0,193.5,186.0,176.0,191.5
TNEA2025-03284,1,University Departments of Anna University Chennai - CEG Campus Sardar Patel Road Guindy Chennai 600 025,CHENNAI,Civil Engineering (Tamil Medium),xc,188.41,179.0,181.0,181.5,167.0,156.5,191.5
TNEA2025-03285,1,University Departments of Anna University Chennai - CEG Campus Sardar Patel Road Guindy Chennai 600 025,CHENNAI,Computer Science and Engineering,cs,200.0,199.5,198.5,199.5,197.5,195.0,191.5
TNEA2025-03286,1,University Departments of Anna University Chennai - CEG Campus Sardar Patel Road Guindy Chennai 600 025,CHENNAI,Computer Science and Engineering (Ss),cm,199.5,199.0,198.0,199.0,195.5,190.5,191.5
TNEA2025-03287,1,University Departments of Anna University Chennai - CEG Campus Sardar Patel Road Guindy Chennai 600 025,CHENNAI,Electrical and Electronics Engineering,ee,197.5,196.5,196.5,196.0,192.5,187.5,190.0
TNEA2025-03290,1,University Departments of Anna University Chennai - CEG Campus Sardar Patel Road Guindy Chennai 600 025,CHENNAI,Electronics Engineering (Vlsi Design and Technology) (Ss),el,197.0,196.5,194.5,195.5,191.0,191.5,164.0
TNEA2025-03288,1,University Departments of Anna University Chennai - CEG Campus Sardar Patel Road Guindy Chennai 600 025,CHENNAI,Electronics and Communication Engineering,ec,199.5,199.0,197.5,198.5,197.0,196.0,190.0
TNEA2025-03289,1,University Departments of Anna University Chennai - CEG Campus Sardar Patel Road Guindy Chennai 600 025,CHENNAI,Electronics and Communication Engineering (Ss),em,198.5,198.5,197.5,197.5,194.0,191.5,180.5
TNEA2025-03291,1,University Departments of Anna University Chennai - CEG Campus Sardar Patel Road Guindy Chennai 600 025,CHENNAI,Geo Informatics,gi,191.0,188.0,189.0,186.0,177.0,175.0,164.0
TNEA2025-03292,1,University Departments of Anna University Chennai - CEG Campus Sardar Patel Road Guindy Chennai 600 025,CHENNAI,Industrial Engineering,ie,190.5,186.0,186.0,185.0,176.5,163.5,167.0
TNEA2025-03293,1,University Departments of Anna University Chennai - CEG Campus Sardar Patel Road Guindy Chennai 600 025,CHENNAI,Information Technology (Ss),im,198.5,198.0,197.5,197.5,193.5,191.0,193.0
TNEA2025-03294,1,University Departments of Anna University Chennai - CEG Campus Sardar Patel Road Guindy Chennai 600 025,CHENNAI,Manufacturing Engineering,mn,188.59,184.0,186.5,184.5,175.0,164.0,168.5
TNEA2025-03295,1,University Departments of Anna University Chennai - CEG Campus Sardar Patel Road Guindy Chennai 600 025,CHENNAI,Material Science and Engineering (Ss),ma,189.5,186.0,189.0,185.0,175.0,157.5,168.5
TNEA2025-03296,1,University Departments of Anna University Chennai - CEG Campus Sardar Patel Road Guindy Chennai 600 025,CHENNAI,Mechanical Engineering,me,194.5,192.5,193.5,192.5,187.0,182.5,184.5
TNEA2025-03297,1,University Departments of Anna University Chennai - CEG Campus Sardar Patel Road Guindy Chennai 600 025,CHENNAI,Mechanical Engineering (Tamil Medium),xm,187.5,179.5,186.0,179.0,163.5,182.5,158.5
TNEA2025-03298,1,University Departments of Anna University Chennai - CEG Campus Sardar Patel Road Guindy Chennai 600 025,CHENNAI,Mining Engineering,mi,191.5,186.5,186.0,189.5,181.0,164.5,158.5
TNEA2025-03299,1,University Departments of Anna University Chennai - CEG Campus Sardar Patel Road Guindy Chennai 600 025,CHENNAI,Printing & Packing Technology,pt,184.5,176.5,166.5,173.0,167.0,149.0,167.5
TNEA2025-03266,1013,University College of Engineering Villupuram Kakuppam Villupuram District 605103,VILUPPURAM,Computer Science and Engineering,cs,181.5,165.5,166.5,168.5,153.0,125.5,149.5
TNEA2025-03267,1013,University College of Engineering Villupuram Kakuppam Villupuram District 605103,VILUPPURAM,Electronics and Communication Engineering,ec,168.0,151.5,149.5,151.0,131.0,137.0,99.5
TNEA2025-03268,1013,University College of Engineering Villupuram Kakuppam Villupuram District 605103,VILUPPURAM,Information Technology,it,172.5,155.5,153.0,157.81,147.5,149.0,99.5
TNEA2025-03269,1013,University College of Engineering Villupuram Kakuppam Villupuram District 605103,VILUPPURAM,Mechanical Engineering,me,137.5,92.0,122.5,99.0,103.0,149.0,99.5
TNEA2025-03270,1013,University College of Engineering Villupuram Kakuppam Villupuram District 605103,VILUPPURAM,Mechanical Engineering (Tamil Medium),xm,100.5,92.0,122.5,87.0,97.5,149.0,99.5
TNEA2025-03243,1014,University College of Engineering Tindivanam Melpakkam Tindivanam Villupuram District 604001,VILUPPURAM,Civil Engineering,ce,126.5,89.0,161.5,90.0,106.0,102.5,121.0
TNEA2025-03244,1014,University College of Engineering Tindivanam Melpakkam Tindivanam Villupuram District 604001,VILUPPURAM,Civil Engineering (Tamil Medium),xc,142.5,109.0,161.5,84.0,113.0,129.5,121.0
TNEA2025-03245,1014,University College of Engineering Tindivanam Melpakkam Tindivanam Villupuram District 604001,VILUPPURAM,Computer Science and Engineering,cs,172.5,157.5,161.5,159.0,146.5,97.0,121.0
TNEA2025-03246,1014,University College of Engineering Tindivanam Melpakkam Tindivanam Villupuram District 604001,VILUPPURAM,Electronics and Communication Engineering,ec,164.0,142.5,154.0,147.0,126.0,128.0,121.0
TNEA2025-03247,1014,University College of Engineering Tindivanam Melpakkam Tindivanam Villupuram District 604001,VILUPPURAM,Information Technology,it,171.0,152.5,144.0,155.5,129.0,107.5,121.0
TNEA2025-03191,1015,University College of Engineering Arni Arni to Devikapuram Road Thatchur Arni Thiruvannamalai District 632326,TIRUVANNAMALAI,Computer Science and Engineering,cs,170.0,159.5,145.0,159.0,129.0,132.5,Not Available
TNEA2025-03192,1015,University College of Engineering Arni Arni to Devikapuram Road Thatchur Arni Thiruvannamalai District 632326,TIRUVANNAMALAI,Electrical and Electronics Engineering,ee,144.5,133.5,140.0,120.0,87.5,132.5,Not Available
TNEA2025-03193,1015,University College of Engineering Arni Arni to Devikapuram Road Thatchur Arni Thiruvannamalai District 632326,TIRUVANNAMALAI,Electronics and Communication Engineering,ec,158.0,143.0,106.5,147.5,125.5,91.5,Not Available
TNEA2025-03194,1015,University College of Engineering Arni Arni to Devikapuram Road Thatchur Arni Thiruvannamalai District 632326,TIRUVANNAMALAI,Mechanical Engineering,me,139.0,114.5,106.5,95.0,79.5,91.5,Not Available
TNEA2025-03195,1015,University College of Engineering Arni Arni to Devikapuram Road Thatchur Arni Thiruvannamalai District 632326,TIRUVANNAMALAI,Mechanical Engineering (Tamil Medium),xm,87.5,114.5,106.5,95.0,79.5,91.5,Not Available
TNEA2025-03203,1026,University College of Engineering Kancheepuram Ponnerikarai Campus NH4 Chennai-Bangalore Highway Karaipettai Village & Post Kancheepuram District 631552,KANCHIPURAM,Computer Science and Engineering,cs,178.5,166.0,167.0,173.0,160.5,127.5,132.0
TNEA2025-03204,1026,University College of Engineering Kancheepuram Ponnerikarai Campus NH4 Chennai-Bangalore Highway Karaipettai Village & Post Kancheepuram District 631552,KANCHIPURAM,Electrical and Electronics Engineering,ee,156.0,139.5,149.0,142.0,125.0,117.0,132.0
TNEA2025-03205,1026,University College of Engineering Kancheepuram Ponnerikarai Campus NH4 Chennai-Bangalore Highway Karaipettai Village & Post Kancheepuram District 631552,KANCHIPURAM,Electronics and Communication Engineering,ec,169.5,157.0,161.0,157.5,131.5,97.5,132.0
TNEA2025-03206,1026,University College of Engineering Kancheepuram Ponnerikarai Campus NH4 Chennai-Bangalore Highway Karaipettai Village & Post Kancheepuram District 631552,KANCHIPURAM,Mechanical Engineering,me,139.0,121.5,161.0,103.0,113.5,97.5,132.0
TNEA2025-00072,1101,"Aalim Muhammed Salegh College of Engineering, Nizara Educational Campus Muthapudupet, Avadi - IAF, Chennai-600055.",TIRUVALLUR,Artificial Intelligence and Data Science,ad,152.5,117.0,150.5,109.5,125.0,Not Available,Not Available
TNEA2025-00073,1101,"Aalim Muhammed Salegh College of Engineering, Nizara Educational Campus Muthapudupet, Avadi - IAF, Chennai-600055.",TIRUVALLUR,Computer Science and Bussiness System,cb,134.5,98.0,134.5,111.0,125.0,Not Available,Not Available
TNEA2025-00074,1101,"Aalim Muhammed Salegh College of Engineering, Nizara Educational Campus Muthapudupet, Avadi - IAF, Chennai-600055.",TIRUVALLUR,Computer Science and Engineering,cs,148.0,89.0,145.0,96.5,130.0,Not Available,Not Available
TNEA2025-00075,1101,"Aalim Muhammed Salegh College of Engineering, Nizara Educational Campus Muthapudupet, Avadi - IAF, Chennai-600055.",TIRUVALLUR,Computer Science and Engineering (Ai and Machine Learning),am,147.5,100.5,145.5,120.0,105.5,Not Available,Not Available
TNEA2025-00076,1101,"Aalim Muhammed Salegh College of Engineering, Nizara Educational Campus Muthapudupet, Avadi - IAF, Chennai-600055.",TIRUVALLUR,Computer Science and Engineering (Cyber Security),sc,137.5,106.0,136.0,126.0,108.0,Not Available,Not Available
TNEA2025-00077,1101,"Aalim Muhammed Salegh College of Engineering, Nizara Educational Campus Muthapudupet, Avadi - IAF, Chennai-600055.",TIRUVALLUR,Electrical and Electronics Engineering,ee,119.5,101.5,136.0,126.0,108.0,Not Available,Not Available
TNEA2025-00078,1101,"Aalim Muhammed Salegh College of Engineering, Nizara Educational Campus Muthapudupet, Avadi - IAF, Chennai-600055.",TIRUVALLUR,Electronics and Communication Engineering,ec,138.0,94.5,137.0,100.5,108.0,Not Available,Not Available
TNEA2025-00079,1101,"Aalim Muhammed Salegh College of Engineering, Nizara Educational Campus Muthapudupet, Avadi - IAF, Chennai-600055.",TIRUVALLUR,Information Technology,it,142.5,105.5,137.5,130.5,87.0,Not Available,Not Available
TNEA2025-00080,1101,"Aalim Muhammed Salegh College of Engineering, Nizara Educational Campus Muthapudupet, Avadi - IAF, Chennai-600055.",TIRUVALLUR,Mechanical Engineering,me,105.5,105.5,137.5,130.5,87.0,Not Available,Not Available
TNEA2025-00377,1102,"Bhajarang Engineering College, Ayathur Village, Veppampattu (R.S), Thiruvallur dist-602024.",TIRUVALLUR,Civil Engineering,ce,103.5,Not Available,Not Available,Not Available,Not Available,Not Available,Not Available
TNEA2025-00378,1102,"Bhajarang Engineering College, Ayathur Village, Veppampattu (R.S), Thiruvallur dist-602024.",TIRUVALLUR,Computer Science and Engineering,cs,103.5,Not Available,Not Available,Not Available,Not Available,Not Available,Not Available
TNEA2025-00379,1102,"Bhajarang Engineering College, Ayathur Village, Veppampattu (R.S), Thiruvallur dist-602024.",TIRUVALLUR,Electrical and Electronics Engineering,ee,103.5,Not Available,Not Available,Not Available,Not Available,Not Available,Not Available
TNEA2025-00380,1102,"Bhajarang Engineering College, Ayathur Village, Veppampattu (R.S), Thiruvallur dist-602024.",TIRUVALLUR,Electronics and Communication Engineering,ec,131.5,Not Available,Not Available,Not Available,Not Available,Not Available,Not Available
TNEA2025-00381,1102,"Bhajarang Engineering College, Ayathur Village, Veppampattu (R.S), Thiruvallur dist-602024.",TIRUVALLUR,Mechanical Engineering,me,131.5,Not Available,Not Available,Not Available,Not Available,Not Available,Not Available
TNEA2025-01078,1106,"Jaya Engineering College, Prakash Nagar, Thiruninravur, Thiruvallur District, Chennai-602024.",TIRUVALLUR,Aeronautical Engineering,ae,123.5,87.5,112.0,101.0,93.0,94.5,Not Available
TNEA2025-01079,1106,"Jaya Engineering College, Prakash Nagar, Thiruninravur, Thiruvallur District, Chennai-602024.",TIRUVALLUR,Civil Engineering,ce,123.5,87.5,112.0,101.0,93.0,94.5,Not Available
TNEA2025-01081,1106,"Jaya Engineering College, Prakash Nagar, Thiruninravur, Thiruvallur District, Chennai-602024.",TIRUVALLUR,Computer Science and Bussiness System,cb,108.5,87.5,112.0,101.0,95.5,94.5,Not Available
TNEA2025-01082,1106,"Jaya Engineering College, Prakash Nagar, Thiruninravur, Thiruvallur District, Chennai-602024.",TIRUVALLUR,Computer Science and Engineering,cs,130.0,104.5,112.0,114.0,87.0,94.5,Not Available
TNEA2025-01083,1106,"Jaya Engineering College, Prakash Nagar, Thiruninravur, Thiruvallur District, Chennai-602024.",TIRUVALLUR,Computer Science and Engineering (Ai and Machine Learning),am,138.5,105.0,112.0,103.5,106.0,94.5,Not Available
TNEA2025-01080,1106,"Jaya Engineering College, Prakash Nagar, Thiruninravur, Thiruvallur District, Chennai-602024.",TIRUVALLUR,Computer and Communication Engineering,co,107.0,87.5,112.0,101.0,93.0,94.5,Not Available
TNEA2025-01084,1106,"Jaya Engineering College, Prakash Nagar, Thiruninravur, Thiruvallur District, Chennai-602024.",TIRUVALLUR,Electrical and Electronics Engineering,ee,80.0,105.0,112.0,103.5,106.0,94.5,Not Available
TNEA2025-01085,1106,"Jaya Engineering College, Prakash Nagar, Thiruninravur, Thiruvallur District, Chennai-602024.",TIRUVALLUR,Electronics and Communication Engineering,ec,133.5,103.0,112.0,96.5,93.5,94.5,Not Available
TNEA2025-01086,1106,"Jaya Engineering College, Prakash Nagar, Thiruninravur, Thiruvallur District, Chennai-602024.",TIRUVALLUR,Electronics and Instrumentation Engineering,ei,101.5,103.0,112.0,96.5,87.5,94.5,Not Available
TNEA2025-01087,1106,"Jaya Engineering College, Prakash Nagar, Thiruninravur, Thiruvallur District, Chennai-602024.",TIRUVALLUR,Information Technology,it,121.5,90.0,116.0,83.5,107.0,101.0,Not Available
TNEA2025-01088,1106,"Jaya Engineering College, Prakash Nagar, Thiruninravur, Thiruvallur District, Chennai-602024.",TIRUVALLUR,Mechanical Engineering,me,85.5,90.0,116.0,83.5,107.0,101.0,Not Available
TNEA2025-01089,1106,"Jaya Engineering College, Prakash Nagar, Thiruninravur, Thiruvallur District, Chennai-602024.",TIRUVALLUR,Robotics and Automation,rm,91.0,90.0,116.0,83.5,107.0,101.0,Not Available
TNEA2025-01090,1106,"Jaya Engineering College, Prakash Nagar, Thiruninravur, Thiruvallur District, Chennai-602024.",TIRUVALLUR,Textile Technology,tx,120.5,90.0,116.0,83.5,107.0,101.0,Not Available
TNEA2025-01091,1107,"Jaya Institute of Technology, Kanchipadi, Thiruvallur-Thiruthani NH Road, Thiruvallur Taluk & District-631204.",TIRUVALLUR,Computer Science and Engineering,cs,85.5,Not Available,Not Available,Not Available,83.0,Not Available,Not Available
TNEA2025-01092,1107,"Jaya Institute of Technology, Kanchipadi, Thiruvallur-Thiruthani NH Road, Thiruvallur Taluk & District-631204.",TIRUVALLUR,Electrical and Electronics Engineering,ee,85.5,Not Available,Not Available,Not Available,83.0,Not Available,Not Available
TNEA2025-01093,1107,"Jaya Institute of Technology, Kanchipadi, Thiruvallur-Thiruthani NH Road, Thiruvallur Taluk & District-631204.",TIRUVALLUR,Electronics and Communication Engineering,ec,103.5,Not Available,Not Available,Not Available,83.0,Not Available,Not Available
TNEA2025-01094,1107,"Jaya Institute of Technology, Kanchipadi, Thiruvallur-Thiruthani NH Road, Thiruvallur Taluk & District-631204.",TIRUVALLUR,Food Technology,fd,143.0,Not Available,Not Available,Not Available,83.0,Not Available,Not Available
TNEA2025-01095,1107,"Jaya Institute of Technology, Kanchipadi, Thiruvallur-Thiruthani NH Road, Thiruvallur Taluk & District-631204.",TIRUVALLUR,Mechanical Engineering,me,143.0,Not Available,Not Available,Not Available,83.0,Not Available,Not Available
TNEA2025-02095,1110,"Prathyusha Engineering College (Autonomous), Poonamallee-Tiruvallur High Road, Aranvoyalkuppam, Tiruvallur-602025.",TIRUVALLUR,Artificial Intelligence and Data Science,ad,144.5,132.5,115.0,130.0,98.5,82.5,Not Available
TNEA2025-02096,1110,"Prathyusha Engineering College (Autonomous), Poonamallee-Tiruvallur High Road, Aranvoyalkuppam, Tiruvallur-602025.",TIRUVALLUR,Bio Technology,bt,105.5,132.5,115.0,130.0,98.5,82.5,Not Available
TNEA2025-02097,1110,"Prathyusha Engineering College (Autonomous), Poonamallee-Tiruvallur High Road, Aranvoyalkuppam, Tiruvallur-602025.",TIRUVALLUR,Computer Science and Bussiness System,cb,143.0,118.0,115.0,126.0,87.0,82.5,Not Available
TNEA2025-02098,1110,"Prathyusha Engineering College (Autonomous), Poonamallee-Tiruvallur High Road, Aranvoyalkuppam, Tiruvallur-602025.",TIRUVALLUR,Computer Science and Engineering,cs,152.0,136.0,120.5,134.5,103.0,82.5,Not Available
TNEA2025-02099,1110,"Prathyusha Engineering College (Autonomous), Poonamallee-Tiruvallur High Road, Aranvoyalkuppam, Tiruvallur-602025.",TIRUVALLUR,Computer Science and Engineering (Ai and Machine Learning),am,138.0,124.5,102.0,115.5,92.5,82.5,Not Available
TNEA2025-02100,1110,"Prathyusha Engineering College (Autonomous), Poonamallee-Tiruvallur High Road, Aranvoyalkuppam, Tiruvallur-602025.",TIRUVALLUR,Computer Science and Engineering (Cyber Security),sc,141.0,127.0,123.5,118.0,116.0,82.5,Not Available
TNEA2025-02101,1110,"Prathyusha Engineering College (Autonomous), Poonamallee-Tiruvallur High Road, Aranvoyalkuppam, Tiruvallur-602025.",TIRUVALLUR,Electrical and Electronics Engineering,ee,93.5,91.5,123.5,88.0,116.0,82.5,Not Available
TNEA2025-02102,1110,"Prathyusha Engineering College (Autonomous), Poonamallee-Tiruvallur High Road, Aranvoyalkuppam, Tiruvallur-602025.",TIRUVALLUR,Electronics and Communication Engineering,ec,146.0,125.5,121.0,129.0,118.0,82.5,Not Available
TNEA2025-02103,1110,"Prathyusha Engineering College (Autonomous), Poonamallee-Tiruvallur High Road, Aranvoyalkuppam, Tiruvallur-602025.",TIRUVALLUR,Information Technology,it,144.5,137.0,121.0,137.5,111.0,82.5,Not Available
TNEA2025-02104,1110,"Prathyusha Engineering College (Autonomous), Poonamallee-Tiruvallur High Road, Aranvoyalkuppam, Tiruvallur-602025.",TIRUVALLUR,Mechanical Engineering,me,90.5,137.0,121.0,137.5,111.0,82.5,Not Available
TNEA2025-02147,1112,"R.M.D. Engineering College (Autonomous), R.S.M. Nagar, Gummidipoondi Taluk, Kavaraipettai, Thiruvallur-601206.",TIRUVALLUR,Artificial Intelligence and Machine Learning,al,177.0,172.5,171.5,167.0,140.0,118.0,132.0
TNEA2025-02148,1112,"R.M.D. Engineering College (Autonomous), R.S.M. Nagar, Gummidipoondi Taluk, Kavaraipettai, Thiruvallur-601206.",TIRUVALLUR,Computer Science and Bussiness System,cb,175.5,173.0,171.5,165.28,137.5,118.0,132.0
TNEA2025-02149,1112,"R.M.D. Engineering College (Autonomous), R.S.M. Nagar, Gummidipoondi Taluk, Kavaraipettai, Thiruvallur-601206.",TIRUVALLUR,Computer Science and Engineering,cs,181.0,176.5,167.5,174.0,150.0,118.0,132.0
TNEA2025-02150,1112,"R.M.D. Engineering College (Autonomous), R.S.M. Nagar, Gummidipoondi Taluk, Kavaraipettai, Thiruvallur-601206.",TIRUVALLUR,Electronics and Communication Engineering,ec,177.0,174.0,162.5,167.5,143.0,111.5,132.0
TNEA2025-02151,1112,"R.M.D. Engineering College (Autonomous), R.S.M. Nagar, Gummidipoondi Taluk, Kavaraipettai, Thiruvallur-601206.",TIRUVALLUR,Information Technology,it,177.5,173.0,166.5,170.0,139.0,113.0,132.0
TNEA2025-02163,1113,"R.M.K. Engineering College (Autonomous), R.S.M. Nagar, Kavaraipettai, Gummidipoondi Taluk, Thiruvallur-601206.",TIRUVALLUR,Artificial Intelligence and Data Science,ad,185.5,181.5,171.0,180.0,152.5,130.5,139.0
TNEA2025-02164,1113,"R.M.K. Engineering College (Autonomous), R.S.M. Nagar, Kavaraipettai, Gummidipoondi Taluk, Thiruvallur-601206.",TIRUVALLUR,Civil Engineering,ce,159.5,151.5,118.0,144.5,141.0,130.5,139.0
TNEA2025-02165,1113,"R.M.K. Engineering College (Autonomous), R.S.M. Nagar, Kavaraipettai, Gummidipoondi Taluk, Thiruvallur-601206.",TIRUVALLUR,Computer Science and Bussiness System,cb,182.5,179.5,168.5,175.0,157.0,119.5,139.0
TNEA2025-02166,1113,"R.M.K. Engineering College (Autonomous), R.S.M. Nagar, Kavaraipettai, Gummidipoondi Taluk, Thiruvallur-601206.",TIRUVALLUR,Computer Science and Design,cd,178.0,175.0,168.5,174.0,139.0,119.5,139.0
TNEA2025-02167,1113,"R.M.K. Engineering College (Autonomous), R.S.M. Nagar, Kavaraipettai, Gummidipoondi Taluk, Thiruvallur-601206.",TIRUVALLUR,Computer Science and Engineering,cs,188.0,184.0,177.5,183.0,167.5,129.0,139.0
TNEA2025-02168,1113,"R.M.K. Engineering College (Autonomous), R.S.M. Nagar, Kavaraipettai, Gummidipoondi Taluk, Thiruvallur-601206.",TIRUVALLUR,Electrical and Electronics Engineering,ee,179.5,171.0,173.5,170.5,140.5,129.0,139.0
TNEA2025-02170,1113,"R.M.K. Engineering College (Autonomous), R.S.M. Nagar, Kavaraipettai, Gummidipoondi Taluk, Thiruvallur-601206.",TIRUVALLUR,Electronics Engineering (Vlsi Design and Technology),ev,177.0,171.0,166.0,170.0,139.5,165.5,139.0
TNEA2025-02171,1113,"R.M.K. Engineering College (Autonomous), R.S.M. Nagar, Kavaraipettai, Gummidipoondi Taluk, Thiruvallur-601206.",TIRUVALLUR,Electronics and Communication (Advanced Communication Technology),ea,180.5,176.0,174.5,170.5,145.5,98.0,139.0
TNEA2025-02169,1113,"R.M.K. Engineering College (Autonomous), R.S.M. Nagar, Kavaraipettai, Gummidipoondi Taluk, Thiruvallur-601206.",TIRUVALLUR,Electronics and Communication Engineering,ec,184.5,181.5,176.0,175.5,162.0,165.5,139.0
TNEA2025-02172,1113,"R.M.K. Engineering College (Autonomous), R.S.M. Nagar, Kavaraipettai, Gummidipoondi Taluk, Thiruvallur-601206.",TIRUVALLUR,Information Technology,it,184.5,182.0,177.0,177.5,163.5,125.0,106.0
TNEA2025-02173,1113,"R.M.K. Engineering College (Autonomous), R.S.M. Nagar, Kavaraipettai, Gummidipoondi Taluk, Thiruvallur-601206.",TIRUVALLUR,Mechanical Engineering,me,172.0,163.0,145.5,166.0,142.0,125.0,106.0
TNEA2025-02297,1114,"S.A. Engineering College (Autonomous), Poonamallee- Avadi Road, Thiruverkadu Post, Tiruvallur, Chennai-600077.",TIRUVALLUR,Artificial Intelligence and Data Science,ad,161.0,148.5,145.5,150.5,123.5,154.0,Not Available
TNEA2025-02298,1114,"S.A. Engineering College (Autonomous), Poonamallee- Avadi Road, Thiruverkadu Post, Tiruvallur, Chennai-600077.",TIRUVALLUR,Civil Engineering,ce,130.0,102.5,145.5,118.0,94.5,154.0,Not Available
TNEA2025-02299,1114,"S.A. Engineering College (Autonomous), Poonamallee- Avadi Road, Thiruverkadu Post, Tiruvallur, Chennai-600077.",TIRUVALLUR,Computer Science and Bussiness System,cb,150.5,143.0,134.0,142.5,125.0,154.0,Not Available
TNEA2025-02300,1114,"S.A. Engineering College (Autonomous), Poonamallee- Avadi Road, Thiruverkadu Post, Tiruvallur, Chennai-600077.",TIRUVALLUR,Computer Science and Engineering,cs,160.0,150.5,140.5,148.5,122.5,154.0,Not Available
TNEA2025-02301,1114,"S.A. Engineering College (Autonomous), Poonamallee- Avadi Road, Thiruverkadu Post, Tiruvallur, Chennai-600077.",TIRUVALLUR,Computer Science and Engineering (Ai and Machine Learning),am,156.0,144.5,140.5,145.5,118.5,154.0,Not Available
TNEA2025-02302,1114,"S.A. Engineering College (Autonomous), Poonamallee- Avadi Road, Thiruverkadu Post, Tiruvallur, Chennai-600077.",TIRUVALLUR,Computer Science and Engineering (Cyber Security),sc,154.0,145.5,137.0,146.0,116.5,154.0,Not Available
TNEA2025-02303,1114,"S.A. Engineering College (Autonomous), Poonamallee- Avadi Road, Thiruverkadu Post, Tiruvallur, Chennai-600077.",TIRUVALLUR,Electrical and Electronics Engineering,ee,136.5,85.5,137.0,111.0,101.0,154.0,Not Available
TNEA2025-02305,1114,"S.A. Engineering College (Autonomous), Poonamallee- Avadi Road, Thiruverkadu Post, Tiruvallur, Chennai-600077.",TIRUVALLUR,Electronics Engineering (Vlsi Design and Technology),ev,140.0,113.0,138.0,120.0,105.0,154.0,Not Available
TNEA2025-02304,1114,"S.A. Engineering College (Autonomous), Poonamallee- Avadi Road, Thiruverkadu Post, Tiruvallur, Chennai-600077.",TIRUVALLUR,Electronics and Communication Engineering,ec,154.0,144.0,145.5,142.5,113.5,154.0,Not Available
TNEA2025-02306,1114,"S.A. Engineering College (Autonomous), Poonamallee- Avadi Road, Thiruverkadu Post, Tiruvallur, Chennai-600077.",TIRUVALLUR,Information Technology,it,156.5,145.0,136.0,144.5,122.0,154.0,Not Available
TNEA2025-02307,1114,"S.A. Engineering College (Autonomous), Poonamallee- Avadi Road, Thiruverkadu Post, Tiruvallur, Chennai-600077.",TIRUVALLUR,Mechanical Engineering,me,122.0,93.5,136.0,109.5,95.0,154.0,Not Available
TNEA2025-02882,1115,"SriRam Engineering College, Perumalpattu, Veppampattu R.S., Tiruvallur District, Chennai-602024.",TIRUVALLUR,Artificial Intelligence and Data Science,ad,120.0,117.0,Not Available,109.0,91.5,Not Available,Not Available
TNEA2025-02883,1115,"SriRam Engineering College, Perumalpattu, Veppampattu R.S., Tiruvallur District, Chennai-602024.",TIRUVALLUR,Computer Science and Bussiness System,cb,120.0,117.0,Not Available,109.0,91.5,Not Available,Not Available
TNEA2025-02884,1115,"SriRam Engineering College, Perumalpattu, Veppampattu R.S., Tiruvallur District, Chennai-602024.",TIRUVALLUR,Computer Science and Engineering,cs,126.0,107.0,Not Available,109.5,110.5,Not Available,Not Available
TNEA2025-02885,1115,"SriRam Engineering College, Perumalpattu, Veppampattu R.S., Tiruvallur District, Chennai-602024.",TIRUVALLUR,Computer Science and Engineering (Ai and Machine Learning),am,101.0,107.0,Not Available,109.5,110.5,Not Available,Not Available
TNEA2025-02886,1115,"SriRam Engineering College, Perumalpattu, Veppampattu R.S., Tiruvallur District, Chennai-602024.",TIRUVALLUR,Computer Science and Engineering (Cyber Security),sc,89.0,107.0,Not Available,109.5,110.5,Not Available,Not Available
TNEA2025-02887,1115,"SriRam Engineering College, Perumalpattu, Veppampattu R.S., Tiruvallur District, Chennai-602024.",TIRUVALLUR,Electrical and Electronics Engineering,ee,99.0,107.0,Not Available,109.5,110.5,Not Available,Not Available
TNEA2025-02888,1115,"SriRam Engineering College, Perumalpattu, Veppampattu R.S., Tiruvallur District, Chennai-602024.",TIRUVALLUR,Electronics and Communication Engineering,ec,96.5,107.0,Not Available,109.5,110.5,Not Available,Not Available
TNEA2025-02889,1115,"SriRam Engineering College, Perumalpattu, Veppampattu R.S., Tiruvallur District, Chennai-602024.",TIRUVALLUR,Mechanical Engineering,me,96.5,107.0,Not Available,109.5,110.5,Not Available,Not Available
TNEA2025-02847,1116,"Sri Venkateswara College of Engineering and Technology, Thirupachur, Thiruvallur Taluk & District-631203.",TIRUVALLUR,Artificial Intelligence and Data Science,ad,154.0,149.5,148.5,145.0,113.5,Not Available,Not Available
TNEA2025-02848,1116,"Sri Venkateswara College of Engineering and Technology, Thirupachur, Thiruvallur Taluk & District-631203.",TIRUVALLUR,Civil Engineering,ce,106.0,149.5,148.5,145.0,113.5,Not Available,Not Available
TNEA2025-02849,1116,"Sri Venkateswara College of Engineering and Technology, Thirupachur, Thiruvallur Taluk & District-631203.",TIRUVALLUR,Computer Science and Engineering,cs,172.5,156.0,155.5,159.0,107.0,Not Available,Not Available
TNEA2025-02850,1116,"Sri Venkateswara College of Engineering and Technology, Thirupachur, Thiruvallur Taluk & District-631203.",TIRUVALLUR,Computer Science and Engineering (Ai and Machine Learning),am,163.0,150.0,155.5,148.0,104.0,Not Available,Not Available
TNEA2025-02851,1116,"Sri Venkateswara College of Engineering and Technology, Thirupachur, Thiruvallur Taluk & District-631203.",TIRUVALLUR,Computer Science and Engineering (Cyber Security),sc,151.0,144.0,117.0,142.0,114.0,Not Available,Not Available
TNEA2025-02852,1116,"Sri Venkateswara College of Engineering and Technology, Thirupachur, Thiruvallur Taluk & District-631203.",TIRUVALLUR,Electrical and Electronics Engineering,ee,126.5,144.0,117.0,142.0,114.0,Not Available,Not Available
TNEA2025-02853,1116,"Sri Venkateswara College of Engineering and Technology, Thirupachur, Thiruvallur Taluk & District-631203.",TIRUVALLUR,Electronics and Communication Engineering,ec,146.5,105.0,128.5,91.5,114.0,Not Available,Not Available
TNEA2025-02854,1116,"Sri Venkateswara College of Engineering and Technology, Thirupachur, Thiruvallur Taluk & District-631203.",TIRUVALLUR,Information Technology,it,159.0,154.5,150.0,148.5,98.0,Not Available,Not Available
TNEA2025-02855,1116,"Sri Venkateswara College of Engineering and Technology, Thirupachur, Thiruvallur Taluk & District-631203.",TIRUVALLUR,Mechanical Engineering,me,103.5,154.5,150.0,148.5,98.0,Not Available,Not Available
TNEA2025-03395,1118,"Vel Tech Multi Tech Dr Rangarajan Dr Sakunthala Engineering College (Autonomous), 42, Veltech Road, Avadi, Morai, Thiruvallur-600062.",TIRUVALLUR,Artificial Intelligence and Data Science,ad,165.0,157.5,160.0,154.5,142.5,110.0,121.5
TNEA2025-03396,1118,"Vel Tech Multi Tech Dr Rangarajan Dr Sakunthala Engineering College (Autonomous), 42, Veltech Road, Avadi, Morai, Thiruvallur-600062.",TIRUVALLUR,Bio Medical Engineering,bm,148.5,126.5,141.5,102.5,119.5,110.0,121.5
TNEA2025-03397,1118,"Vel Tech Multi Tech Dr Rangarajan Dr Sakunthala Engineering College (Autonomous), 42, Veltech Road, Avadi, Morai, Thiruvallur-600062.",TIRUVALLUR,Computer Science and Bussiness System,cb,162.5,154.5,149.0,149.5,119.5,110.0,121.5
TNEA2025-03398,1118,"Vel Tech Multi Tech Dr Rangarajan Dr Sakunthala Engineering College (Autonomous), 42, Veltech Road, Avadi, Morai, Thiruvallur-600062.",TIRUVALLUR,Computer Science and Engineering,cs,167.5,160.5,160.0,161.0,136.0,124.5,121.5
TNEA2025-03399,1118,"Vel Tech Multi Tech Dr Rangarajan Dr Sakunthala Engineering College (Autonomous), 42, Veltech Road, Avadi, Morai, Thiruvallur-600062.",TIRUVALLUR,Computer Science and Engineering (Cyber Security),sc,164.0,156.5,162.5,154.5,128.0,108.0,121.5
TNEA2025-03400,1118,"Vel Tech Multi Tech Dr Rangarajan Dr Sakunthala Engineering College (Autonomous), 42, Veltech Road, Avadi, Morai, Thiruvallur-600062.",TIRUVALLUR,Electrical and Electronics Engineering,ee,151.5,144.5,142.0,141.5,113.5,99.5,121.5
TNEA2025-03401,1118,"Vel Tech Multi Tech Dr Rangarajan Dr Sakunthala Engineering College (Autonomous), 42, Veltech Road, Avadi, Morai, Thiruvallur-600062.",TIRUVALLUR,Electronics and Communication Engineering,ec,165.0,156.0,161.0,153.5,141.0,99.5,121.5
TNEA2025-03402,1118,"Vel Tech Multi Tech Dr Rangarajan Dr Sakunthala Engineering College (Autonomous), 42, Veltech Road, Avadi, Morai, Thiruvallur-600062.",TIRUVALLUR,Information Technology,it,165.0,156.5,150.0,155.0,127.5,99.5,121.5
TNEA2025-03403,1118,"Vel Tech Multi Tech Dr Rangarajan Dr Sakunthala Engineering College (Autonomous), 42, Veltech Road, Avadi, Morai, Thiruvallur-600062.",TIRUVALLUR,Mechanical Engineering,me,140.0,117.5,136.5,114.0,115.5,99.5,121.5
TNEA2025-03424,1120,"Velammal Engineering College (Autonomous), Velammal Nagar, Ambattur-Redhills Road, Surapet, Thiruvallur, Chennai-600066.",TIRUVALLUR,Artificial Intelligence and Data Science,ad,167.5,161.0,161.5,159.0,131.5,118.0,155.5
TNEA2025-03423,1120,"Velammal Engineering College (Autonomous), Velammal Nagar, Ambattur-Redhills Road, Surapet, Thiruvallur, Chennai-600066.",TIRUVALLUR,Automobile Engineering,au,158.5,124.5,161.5,98.0,99.0,118.0,155.5
TNEA2025-03425,1120,"Velammal Engineering College (Autonomous), Velammal Nagar, Ambattur-Redhills Road, Surapet, Thiruvallur, Chennai-600066.",TIRUVALLUR,Civil Engineering,ce,159.0,131.0,115.5,114.5,131.5,118.0,88.0
TNEA2025-03426,1120,"Velammal Engineering College (Autonomous), Velammal Nagar, Ambattur-Redhills Road, Surapet, Thiruvallur, Chennai-600066.",TIRUVALLUR,Computer Science and Engineering,cs,173.0,163.5,161.5,159.0,132.0,118.0,94.5
TNEA2025-03427,1120,"Velammal Engineering College (Autonomous), Velammal Nagar, Ambattur-Redhills Road, Surapet, Thiruvallur, Chennai-600066.",TIRUVALLUR,Computer Science and Engineering (Cyber Security),sc,166.0,159.0,160.0,155.5,128.5,118.0,94.5
TNEA2025-03428,1120,"Velammal Engineering College (Autonomous), Velammal Nagar, Ambattur-Redhills Road, Surapet, Thiruvallur, Chennai-600066.",TIRUVALLUR,Electrical and Electronics Engineering,ee,162.5,149.0,159.0,151.0,120.5,118.0,94.5
TNEA2025-03429,1120,"Velammal Engineering College (Autonomous), Velammal Nagar, Ambattur-Redhills Road, Surapet, Thiruvallur, Chennai-600066.",TIRUVALLUR,Electronics and Communication Engineering,ec,166.0,158.0,153.5,154.5,118.5,118.0,94.5
TNEA2025-03430,1120,"Velammal Engineering College (Autonomous), Velammal Nagar, Ambattur-Redhills Road, Surapet, Thiruvallur, Chennai-600066.",TIRUVALLUR,Electronics and Instrumentation Engineering,ei,155.5,145.5,142.5,146.5,103.0,118.0,94.5
TNEA2025-03431,1120,"Velammal Engineering College (Autonomous), Velammal Nagar, Ambattur-Redhills Road, Surapet, Thiruvallur, Chennai-600066.",TIRUVALLUR,Information Technology,it,168.0,160.0,163.5,157.0,128.0,118.0,112.5
TNEA2025-03432,1120,"Velammal Engineering College (Autonomous), Velammal Nagar, Ambattur-Redhills Road, Surapet, Thiruvallur, Chennai-600066.",TIRUVALLUR,Mechanical Engineering,me,149.0,135.0,116.0,128.5,105.5,118.0,112.5
TNEA2025-02856,1121,"Sri Venkateswara Institute of Science and Technology, Kolundhalur, Thiruvallur Taluk & District-631203.",TIRUVALLUR,Artificial Intelligence and Data Science,ad,89.0,102.0,Not Available,105.0,90.5,Not Available,Not Available
TNEA2025-02857,1121,"Sri Venkateswara Institute of Science and Technology, Kolundhalur, Thiruvallur Taluk & District-631203.",TIRUVALLUR,Civil Engineering,ce,89.0,102.0,Not Available,105.0,90.5,Not Available,Not Available
TNEA2025-02858,1121,"Sri Venkateswara Institute of Science and Technology, Kolundhalur, Thiruvallur Taluk & District-631203.",TIRUVALLUR,Computer Science and Engineering,cs,117.0,102.0,Not Available,105.0,90.5,Not Available,Not Available
TNEA2025-02859,1121,"Sri Venkateswara Institute of Science and Technology, Kolundhalur, Thiruvallur Taluk & District-631203.",TIRUVALLUR,Computer Science and Engineering (Cyber Security),sc,112.0,102.0,Not Available,105.0,90.5,Not Available,Not Available
TNEA2025-02860,1121,"Sri Venkateswara Institute of Science and Technology, Kolundhalur, Thiruvallur Taluk & District-631203.",TIRUVALLUR,Electrical and Electronics Engineering,ee,112.0,102.0,Not Available,105.0,90.5,Not Available,Not Available
TNEA2025-02861,1121,"Sri Venkateswara Institute of Science and Technology, Kolundhalur, Thiruvallur Taluk & District-631203.",TIRUVALLUR,Electronics and Communication Engineering,ec,113.5,102.0,Not Available,105.0,90.5,Not Available,Not Available
TNEA2025-02862,1121,"Sri Venkateswara Institute of Science and Technology, Kolundhalur, Thiruvallur Taluk & District-631203.",TIRUVALLUR,Mechanical Engineering,me,113.5,102.0,Not Available,105.0,90.5,Not Available,Not Available
TNEA2025-03386,1122,"Vel Tech High Tech Dr.Rangarajan Dr.Sakunthala Engineering College (Autonomous), No. 60, Veltech Road, Avadi, Morai, Thiruvallur-600062.",TIRUVALLUR,Artificial Intelligence and Data Science,ad,163.0,155.5,157.5,152.0,139.0,129.5,123.0
TNEA2025-03387,1122,"Vel Tech High Tech Dr.Rangarajan Dr.Sakunthala Engineering College (Autonomous), No. 60, Veltech Road, Avadi, Morai, Thiruvallur-600062.",TIRUVALLUR,Bio Technology,bt,145.0,125.0,100.0,113.0,97.5,129.5,123.0
TNEA2025-03388,1122,"Vel Tech High Tech Dr.Rangarajan Dr.Sakunthala Engineering College (Autonomous), No. 60, Veltech Road, Avadi, Morai, Thiruvallur-600062.",TIRUVALLUR,Chemical Engineering,ch,146.5,101.5,138.5,120.5,96.0,129.5,123.0
TNEA2025-03389,1122,"Vel Tech High Tech Dr.Rangarajan Dr.Sakunthala Engineering College (Autonomous), No. 60, Veltech Road, Avadi, Morai, Thiruvallur-600062.",TIRUVALLUR,Civil Engineering,ce,139.0,115.5,138.5,121.0,98.0,129.5,123.0
TNEA2025-03390,1122,"Vel Tech High Tech Dr.Rangarajan Dr.Sakunthala Engineering College (Autonomous), No. 60, Veltech Road, Avadi, Morai, Thiruvallur-600062.",TIRUVALLUR,Computer Science and Engineering,cs,167.0,157.0,154.5,153.5,133.0,115.0,123.0
TNEA2025-03391,1122,"Vel Tech High Tech Dr.Rangarajan Dr.Sakunthala Engineering College (Autonomous), No. 60, Veltech Road, Avadi, Morai, Thiruvallur-600062.",TIRUVALLUR,Computer Science and Engineering (Ai and Machine Learning),am,160.5,153.0,156.5,151.0,129.5,117.5,123.0
TNEA2025-03392,1122,"Vel Tech High Tech Dr.Rangarajan Dr.Sakunthala Engineering College (Autonomous), No. 60, Veltech Road, Avadi, Morai, Thiruvallur-600062.",TIRUVALLUR,Electronics and Communication Engineering,ec,162.0,153.5,154.0,149.0,124.5,117.5,123.0
TNEA2025-03393,1122,"Vel Tech High Tech Dr.Rangarajan Dr.Sakunthala Engineering College (Autonomous), No. 60, Veltech Road, Avadi, Morai, Thiruvallur-600062.",TIRUVALLUR,Information Technology,it,160.0,154.0,147.5,150.5,127.5,117.5,123.0
TNEA2025-03394,1122,"Vel Tech High Tech Dr.Rangarajan Dr.Sakunthala Engineering College (Autonomous), No. 60, Veltech Road, Avadi, Morai, Thiruvallur-600062.",TIRUVALLUR,Mechanical Engineering,me,135.5,112.0,119.5,114.0,101.0,117.5,123.0
TNEA2025-00837,1123,"Gojan School of Business and Technology, 80-Feet Road, Edapalayam, Red Hills, Thiruvallur, Chennai-600052.",TIRUVALLUR,Aeronautical Engineering,ae,121.0,85.0,97.0,86.5,98.0,Not Available,Not Available
TNEA2025-00838,1123,"Gojan School of Business and Technology, 80-Feet Road, Edapalayam, Red Hills, Thiruvallur, Chennai-600052.",TIRUVALLUR,Artificial Intelligence and Data Science,ad,126.0,108.0,97.0,107.5,118.5,Not Available,Not Available
TNEA2025-00839,1123,"Gojan School of Business and Technology, 80-Feet Road, Edapalayam, Red Hills, Thiruvallur, Chennai-600052.",TIRUVALLUR,Bio Technology,bt,83.0,108.0,97.0,107.5,118.5,Not Available,Not Available
TNEA2025-00841,1123,"Gojan School of Business and Technology, 80-Feet Road, Edapalayam, Red Hills, Thiruvallur, Chennai-600052.",TIRUVALLUR,Computer Science and Bussiness System,cb,117.5,94.5,97.0,86.5,95.5,Not Available,Not Available
TNEA2025-00842,1123,"Gojan School of Business and Technology, 80-Feet Road, Edapalayam, Red Hills, Thiruvallur, Chennai-600052.",TIRUVALLUR,Computer Science and Engineering,cs,134.0,113.5,97.0,99.5,104.0,Not Available,Not Available
TNEA2025-00843,1123,"Gojan School of Business and Technology, 80-Feet Road, Edapalayam, Red Hills, Thiruvallur, Chennai-600052.",TIRUVALLUR,Computer Science and Engineering (Ai and Machine Learning),am,120.5,118.0,97.5,101.5,116.0,Not Available,Not Available
TNEA2025-00844,1123,"Gojan School of Business and Technology, 80-Feet Road, Edapalayam, Red Hills, Thiruvallur, Chennai-600052.",TIRUVALLUR,Computer Science and Engineering (Cyber Security),sc,125.5,83.5,97.5,112.0,85.5,Not Available,Not Available
TNEA2025-00840,1123,"Gojan School of Business and Technology, 80-Feet Road, Edapalayam, Red Hills, Thiruvallur, Chennai-600052.",TIRUVALLUR,Computer and Communication Engineering,co,122.0,82.0,97.0,82.5,89.0,Not Available,Not Available
TNEA2025-00845,1123,"Gojan School of Business and Technology, 80-Feet Road, Edapalayam, Red Hills, Thiruvallur, Chennai-600052.",TIRUVALLUR,Electronics and Communication Engineering,ec,131.5,118.0,117.0,93.0,107.0,Not Available,Not Available
TNEA2025-00846,1123,"Gojan School of Business and Technology, 80-Feet Road, Edapalayam, Red Hills, Thiruvallur, Chennai-600052.",TIRUVALLUR,Information Technology,it,136.0,91.5,117.0,117.0,114.0,Not Available,Not Available
TNEA2025-00847,1123,"Gojan School of Business and Technology, 80-Feet Road, Edapalayam, Red Hills, Thiruvallur, Chennai-600052.",TIRUVALLUR,Mechanical and Automation Engineering,mu,106.5,84.5,117.0,117.0,100.0,Not Available,Not Available
TNEA2025-00848,1123,"Gojan School of Business and Technology, 80-Feet Road, Edapalayam, Red Hills, Thiruvallur, Chennai-600052.",TIRUVALLUR,Medical Electronics,md,89.5,86.0,117.0,117.0,100.0,Not Available,Not Available
TNEA2025-00849,1123,"Gojan School of Business and Technology, 80-Feet Road, Edapalayam, Red Hills, Thiruvallur, Chennai-600052.",TIRUVALLUR,Pharmaceutical Technology,ph,127.5,96.0,81.0,117.0,89.0,Not Available,Not Available
TNEA2025-00850,1123,"Gojan School of Business and Technology, 80-Feet Road, Edapalayam, Red Hills, Thiruvallur, Chennai-600052.",TIRUVALLUR,Robotics and Automation,rm,103.5,96.0,81.0,117.0,89.0,Not Available,Not Available
TNEA2025-02322,1124,"SAMS College of Engineering and Technology, 82, Panapakkam, Tirupathi Road, Uthukottai Taluk, Thiruvallur District-601102.",TIRUVALLUR,Aeronautical Engineering,ae,Not Available,Not Available,Not Available,Not Available,Not Available,Not Available,Not Available
TNEA2025-02323,1124,"SAMS College of Engineering and Technology, 82, Panapakkam, Tirupathi Road, Uthukottai Taluk, Thiruvallur District-601102.",TIRUVALLUR,Artificial Intelligence and Data Science,ad,Not Available,Not Available,Not Available,Not Available,Not Available,Not Available,Not Available
TNEA2025-02325,1124,"SAMS College of Engineering and Technology, 82, Panapakkam, Tirupathi Road, Uthukottai Taluk, Thiruvallur District-601102.",TIRUVALLUR,Computer Science and Engineering,cs,Not Available,Not Available,Not Available,Not Available,Not Available,Not Available,Not Available
TNEA2025-02326,1124,"SAMS College of Engineering and Technology, 82, Panapakkam, Tirupathi Road, Uthukottai Taluk, Thiruvallur District-601102.",TIRUVALLUR,Computer Science and Engineering (Ai and Machine Learning),am,Not Available,Not Available,Not Available,Not Available,Not Available,Not Available,Not Available
TNEA2025-02327,1124,"SAMS College of Engineering and Technology, 82, Panapakkam, Tirupathi Road, Uthukottai Taluk, Thiruvallur District-601102.",TIRUVALLUR,Computer Science and Engineering (Cyber Security),sc,Not Available,Not Available,Not Available,Not Available,Not Available,Not Available,Not Available
TNEA2025-02324,1124,"SAMS College of Engineering and Technology, 82, Panapakkam, Tirupathi Road, Uthukottai Taluk, Thiruvallur District-601102.",TIRUVALLUR,Computer and Communication Engineering,co,Not Available,Not Available,Not Available,Not Available,Not Available,Not Available,Not Available
TNEA2025-02328,1124,"SAMS College of Engineering and Technology, 82, Panapakkam, Tirupathi Road, Uthukottai Taluk, Thiruvallur District-601102.",TIRUVALLUR,Marine Engineering,mr,Not Available,Not Available,Not Available,Not Available,Not Available,Not Available,Not Available
TNEA2025-02329,1124,"SAMS College of Engineering and Technology, 82, Panapakkam, Tirupathi Road, Uthukottai Taluk, Thiruvallur District-601102.",TIRUVALLUR,Mechanical Engineering,me,Not Available,Not Available,Not Available,Not Available,Not Available,Not Available,Not Available
TNEA2025-01896,1125,"PMR Engineering College, Adayalampattu, Tiruvallur, Chennai-600095.",TIRUVALLUR,Aeronautical Engineering,ae,121.0,Not Available,Not Available,Not Available,Not Available,Not Available,Not Available
TNEA2025-01897,1125,"PMR Engineering College, Adayalampattu, Tiruvallur, Chennai-600095.",TIRUVALLUR,Artificial Intelligence and Data Science,ad,121.0,Not Available,Not Available,Not Available,Not Available,Not Available,Not Available
TNEA2025-01898,1125,"PMR Engineering College, Adayalampattu, Tiruvallur, Chennai-600095.",TIRUVALLUR,Civil Engineering,ce,121.0,Not Available,Not Available,Not Available,Not Available,Not Available,Not Available
TNEA2025-01899,1125,"PMR Engineering College, Adayalampattu, Tiruvallur, Chennai-600095.",TIRUVALLUR,Computer Science and Engineering,cs,121.0,Not Available,Not Available,Not Available,Not Available,Not Available,Not Available
TNEA2025-01900,1125,"PMR Engineering College, Adayalampattu, Tiruvallur, Chennai-600095.",TIRUVALLUR,Computer Science and Engineering (Cyber Security),sc,107.5,Not Available,Not Available,Not Available,Not Available,Not Available,Not Available
TNEA2025-01901,1125,"PMR Engineering College, Adayalampattu, Tiruvallur, Chennai-600095.",TIRUVALLUR,Electrical and Electronics Engineering,ee,107.5,Not Available,Not Available,Not Available,Not Available,Not Available,Not Available
TNEA2025-01902,1125,"PMR Engineering College, Adayalampattu, Tiruvallur, Chennai-600095.",TIRUVALLUR,Electronics and Communication Engineering,ec,107.5,Not Available,Not Available,Not Available,Not Available,Not Available,Not Available
TNEA2025-01903,1125,"PMR Engineering College, Adayalampattu, Tiruvallur, Chennai-600095.",TIRUVALLUR,Mechanical Engineering,me,107.5,Not Available,Not Available,Not Available,Not Available,Not Available,Not Available
TNEA2025-01040,1126,"JNN Institute of Engineering (Autonomous), Ushaa Garden, 90, Kannigaipair Village, Uthukottai Taluk, Thiruvallur-601102.",TIRUVALLUR,Agricultural Engineering,ag,122.5,102.0,155.5,142.5,88.0,122.0,Not Available
TNEA2025-01041,1126,"JNN Institute of Engineering (Autonomous), Ushaa Garden, 90, Kannigaipair Village, Uthukottai Taluk, Thiruvallur-601102.",TIRUVALLUR,Artificial Intelligence and Data Science,ad,159.5,137.5,155.5,142.5,105.5,122.0,Not Available
TNEA2025-01042,1126,"JNN Institute of Engineering (Autonomous), Ushaa Garden, 90, Kannigaipair Village, Uthukottai Taluk, Thiruvallur-601102.",TIRUVALLUR,Bio Medical Engineering,bm,165.5,129.0,155.5,80.5,141.0,122.0,Not Available
TNEA2025-01043,1126,"JNN Institute of Engineering (Autonomous), Ushaa Garden, 90, Kannigaipair Village, Uthukottai Taluk, Thiruvallur-601102.",TIRUVALLUR,Computer Science and Engineering,cs,155.5,134.5,135.0,132.5,101.5,122.0,Not Available
TNEA2025-01044,1126,"JNN Institute of Engineering (Autonomous), Ushaa Garden, 90, Kannigaipair Village, Uthukottai Taluk, Thiruvallur-601102.",TIRUVALLUR,Computer Science and Engineering (Cyber Security),sc,152.5,132.0,151.0,136.5,89.5,110.5,Not Available
TNEA2025-01046,1126,"JNN Institute of Engineering (Autonomous), Ushaa Garden, 90, Kannigaipair Village, Uthukottai Taluk, Thiruvallur-601102.",TIRUVALLUR,Electronics Engineering (Vlsi Design and Technology),ev,144.0,113.0,109.0,107.5,125.0,110.5,Not Available
TNEA2025-01045,1126,"JNN Institute of Engineering (Autonomous), Ushaa Garden, 90, Kannigaipair Village, Uthukottai Taluk, Thiruvallur-601102.",TIRUVALLUR,Electronics and Communication Engineering,ec,167.0,142.5,142.0,129.5,83.0,110.5,Not Available
TNEA2025-01047,1126,"JNN Institute of Engineering (Autonomous), Ushaa Garden, 90, Kannigaipair Village, Uthukottai Taluk, Thiruvallur-601102.",TIRUVALLUR,Robotics and Automation,rm,163.0,128.5,160.0,132.0,101.0,110.5,Not Available
TNEA2025-02932,1127,"St. Peter's College of Engineering and Technology, College Road, Avadi Taluk, Thiruvallur District, Chennai-600054.",TIRUVALLUR,Artificial Intelligence and Data Science,ad,128.0,106.0,108.0,120.5,118.0,Not Available,Not Available
TNEA2025-02933,1127,"St. Peter's College of Engineering and Technology, College Road, Avadi Taluk, Thiruvallur District, Chennai-600054.",TIRUVALLUR,Bio Technology,bt,118.0,87.0,108.0,95.0,88.5,Not Available,Not Available
TNEA2025-02934,1127,"St. Peter's College of Engineering and Technology, College Road, Avadi Taluk, Thiruvallur District, Chennai-600054.",TIRUVALLUR,Chemical Engineering,ch,102.0,91.5,108.0,95.0,88.5,Not Available,Not Available
TNEA2025-02935,1127,"St. Peter's College of Engineering and Technology, College Road, Avadi Taluk, Thiruvallur District, Chennai-600054.",TIRUVALLUR,Civil Engineering,ce,102.0,91.5,108.0,95.0,88.5,Not Available,Not Available
TNEA2025-02936,1127,"St. Peter's College of Engineering and Technology, College Road, Avadi Taluk, Thiruvallur District, Chennai-600054.",TIRUVALLUR,Computer Science and Engineering,cs,138.5,100.5,136.5,116.5,98.5,Not Available,Not Available
TNEA2025-02937,1127,"St. Peter's College of Engineering and Technology, College Road, Avadi Taluk, Thiruvallur District, Chennai-600054.",TIRUVALLUR,Electrical and Electronics Engineering,ee,102.0,83.0,136.5,81.5,98.5,Not Available,Not Available
TNEA2025-02938,1127,"St. Peter's College of Engineering and Technology, College Road, Avadi Taluk, Thiruvallur District, Chennai-600054.",TIRUVALLUR,Electronics and Communication Engineering,ec,115.0,92.5,109.5,98.0,98.5,Not Available,Not Available
TNEA2025-02939,1127,"St. Peter's College of Engineering and Technology, College Road, Avadi Taluk, Thiruvallur District, Chennai-600054.",TIRUVALLUR,Information Technology,it,120.0,108.5,115.5,103.5,83.0,Not Available,Not Available
TNEA2025-02940,1127,"St. Peter's College of Engineering and Technology, College Road, Avadi Taluk, Thiruvallur District, Chennai-600054.",TIRUVALLUR,Mechanical Engineering,me,105.5,108.5,115.5,103.5,83.0,Not Available,Not Available
TNEA2025-02158,1128,"R.M.K. College of Engineering and Technology (Autonomous), R.S.M. Nagar, Puduvoyal, Gummidipoondi Taluk, Thiruvallur District-601206.",TIRUVALLUR,Artificial Intelligence and Data Science,ad,173.0,167.5,159.0,161.5,138.5,105.5,102.0
TNEA2025-02159,1128,"R.M.K. College of Engineering and Technology (Autonomous), R.S.M. Nagar, Puduvoyal, Gummidipoondi Taluk, Thiruvallur District-601206.",TIRUVALLUR,Computer Science and Engineering,cs,173.5,168.5,162.5,163.5,139.0,105.5,120.0
TNEA2025-02160,1128,"R.M.K. College of Engineering and Technology (Autonomous), R.S.M. Nagar, Puduvoyal, Gummidipoondi Taluk, Thiruvallur District-601206.",TIRUVALLUR,Computer Science and Engineering (Cyber Security),sc,172.0,167.0,170.5,163.5,144.0,128.5,120.0
TNEA2025-02162,1128,"R.M.K. College of Engineering and Technology (Autonomous), R.S.M. Nagar, Puduvoyal, Gummidipoondi Taluk, Thiruvallur District-601206.",TIRUVALLUR,Electronics Engineering (Vlsi Design and Technology),ev,170.0,165.5,163.0,158.5,132.5,128.5,120.0
TNEA2025-02161,1128,"R.M.K. College of Engineering and Technology (Autonomous), R.S.M. Nagar, Puduvoyal, Gummidipoondi Taluk, Thiruvallur District-601206.",TIRUVALLUR,Electronics and Communication Engineering,ec,173.0,168.5,164.0,162.5,136.5,128.5,120.0
TNEA2025-00227,1133,"Annai Veilankannis College of Engineering, 33 Gandhi Road, Nedungundram, Chennai-600048.",CHENGALPATTU,Artificial Intelligence and Data Science,ad,80.0,88.5,Not Available,86.0,97.0,Not Available,85.5
TNEA2025-00228,1133,"Annai Veilankannis College of Engineering, 33 Gandhi Road, Nedungundram, Chennai-600048.",CHENGALPATTU,Civil Engineering,ce,80.0,88.5,Not Available,86.0,97.0,Not Available,85.5
TNEA2025-00229,1133,"Annai Veilankannis College of Engineering, 33 Gandhi Road, Nedungundram, Chennai-600048.",CHENGALPATTU,Computer Science and Engineering,cs,107.0,88.5,Not Available,86.0,97.0,Not Available,85.5
TNEA2025-00230,1133,"Annai Veilankannis College of Engineering, 33 Gandhi Road, Nedungundram, Chennai-600048.",CHENGALPATTU,Electronics and Communication Engineering,ec,97.5,88.5,Not Available,86.0,97.0,Not Available,85.5
TNEA2025-00231,1133,"Annai Veilankannis College of Engineering, 33 Gandhi Road, Nedungundram, Chennai-600048.",CHENGALPATTU,Mechanical Engineering,me,101.5,88.5,Not Available,86.0,97.0,Not Available,85.5
TNEA2025-00211,1137,"Annai Mira College of Engineering and Technology, Arappakkam Village, Arcot Road, Walaja Taluk, Vellore District-632517.",RANIPET,Artificial Intelligence and Data Science,ad,158.5,136.5,140.5,138.0,113.5,115.0,131.0
TNEA2025-00212,1137,"Annai Mira College of Engineering and Technology, Arappakkam Village, Arcot Road, Walaja Taluk, Vellore District-632517.",RANIPET,Civil Engineering,ce,86.5,136.5,140.5,138.0,83.0,115.0,131.0
TNEA2025-00213,1137,"Annai Mira College of Engineering and Technology, Arappakkam Village, Arcot Road, Walaja Taluk, Vellore District-632517.",RANIPET,Computer Science and Engineering,cs,148.0,131.0,141.5,129.5,103.5,112.5,131.0
TNEA2025-00214,1137,"Annai Mira College of Engineering and Technology, Arappakkam Village, Arcot Road, Walaja Taluk, Vellore District-632517.",RANIPET,Electrical and Electronics Engineering,ee,127.0,102.5,141.5,112.0,103.5,112.5,131.0
TNEA2025-00215,1137,"Annai Mira College of Engineering and Technology, Arappakkam Village, Arcot Road, Walaja Taluk, Vellore District-632517.",RANIPET,Electronics and Communication Engineering,ec,141.0,117.5,138.5,104.5,83.5,112.5,131.0
TNEA2025-00216,1137,"Annai Mira College of Engineering and Technology, Arappakkam Village, Arcot Road, Walaja Taluk, Vellore District-632517.",RANIPET,Information Technology,it,150.0,134.0,134.0,133.0,106.5,102.5,131.0
TNEA2025-00217,1137,"Annai Mira College of Engineering and Technology, Arappakkam Village, Arcot Road, Walaja Taluk, Vellore District-632517.",RANIPET,Mechanical Engineering,me,89.5,134.0,134.0,133.0,106.5,102.5,131.0
TNEA2025-01143,1140,"Jeppiaar Institute of Technology (Autonomous), Jeppiaar Nagar, Kunnam Village, Sriperumbudur Taluk, Kanchipuram-631604.",KANCHIPURAM,Artificial Intelligence and Data Science,ad,165.5,153.5,139.0,148.5,114.0,101.5,Not Available
TNEA2025-01144,1140,"Jeppiaar Institute of Technology (Autonomous), Jeppiaar Nagar, Kunnam Village, Sriperumbudur Taluk, Kanchipuram-631604.",KANCHIPURAM,Computer Science and Bussiness System,cb,160.0,149.5,139.0,146.0,117.5,101.5,Not Available
TNEA2025-01145,1140,"Jeppiaar Institute of Technology (Autonomous), Jeppiaar Nagar, Kunnam Village, Sriperumbudur Taluk, Kanchipuram-631604.",KANCHIPURAM,Computer Science and Engineering,cs,166.0,153.5,151.0,146.0,115.5,101.5,Not Available
TNEA2025-01146,1140,"Jeppiaar Institute of Technology (Autonomous), Jeppiaar Nagar, Kunnam Village, Sriperumbudur Taluk, Kanchipuram-631604.",KANCHIPURAM,Electronics and Communication Engineering,ec,171.5,155.5,158.0,156.5,94.5,101.5,Not Available
TNEA2025-01147,1140,"Jeppiaar Institute of Technology (Autonomous), Jeppiaar Nagar, Kunnam Village, Sriperumbudur Taluk, Kanchipuram-631604.",KANCHIPURAM,Information Technology,it,154.5,147.0,120.5,142.5,98.0,101.5,Not Available
TNEA2025-01148,1140,"Jeppiaar Institute of Technology (Autonomous), Jeppiaar Nagar, Kunnam Village, Sriperumbudur Taluk, Kanchipuram-631604.",KANCHIPURAM,Mechanical Engineering,me,146.5,130.5,128.0,109.0,86.5,101.5,Not Available
TNEA2025-02912,1149,"St. Joseph's Institute of Technology (Autonomous), Jeppiaar Nagar, Old Mamallapuram Road, Kanchipuram, Chennai-600119.",CHENGALPATTU,Artificial Intelligence and Data Science,ad,169.5,165.5,162.5,163.0,138.0,115.5,116.5
TNEA2025-02913,1149,"St. Joseph's Institute of Technology (Autonomous), Jeppiaar Nagar, Old Mamallapuram Road, Kanchipuram, Chennai-600119.",CHENGALPATTU,Computer Science and Engineering,cs,176.0,169.0,168.0,164.0,135.0,115.5,116.5
TNEA2025-02914,1149,"St. Joseph's Institute of Technology (Autonomous), Jeppiaar Nagar, Old Mamallapuram Road, Kanchipuram, Chennai-600119.",CHENGALPATTU,Computer Science and Engineering (Cyber Security),sc,170.5,165.0,159.0,162.5,137.5,156.0,116.5
TNEA2025-02915,1149,"St. Joseph's Institute of Technology (Autonomous), Jeppiaar Nagar, Old Mamallapuram Road, Kanchipuram, Chennai-600119.",CHENGALPATTU,Electrical and Electronics Engineering,ee,159.0,155.0,142.5,149.5,111.5,156.0,116.5
TNEA2025-02916,1149,"St. Joseph's Institute of Technology (Autonomous), Jeppiaar Nagar, Old Mamallapuram Road, Kanchipuram, Chennai-600119.",CHENGALPATTU,Electronics and Communication Engineering,ec,171.0,165.5,162.0,163.0,126.5,156.0,116.5
TNEA2025-02917,1149,"St. Joseph's Institute of Technology (Autonomous), Jeppiaar Nagar, Old Mamallapuram Road, Kanchipuram, Chennai-600119.",CHENGALPATTU,Information Technology,it,171.0,166.5,166.5,162.5,133.0,131.5,116.5
TNEA2025-02918,1149,"St. Joseph's Institute of Technology (Autonomous), Jeppiaar Nagar, Old Mamallapuram Road, Kanchipuram, Chennai-600119.",CHENGALPATTU,Mechanical Engineering,me,137.0,121.5,126.0,119.0,103.5,131.5,116.5
TNEA2025-02662,1150,"Sri Jayaram Institute of Engineering and Technology, 51 N, Elavur, 58 N Natham Village, Gumudipoondi Taluk, Thiruvallur District-601201.",TIRUVALLUR,Agricultural Engineering,ag,94.5,Not Available,Not Available,Not Available,Not Available,Not Available,Not Available
TNEA2025-02663,1150,"Sri Jayaram Institute of Engineering and Technology, 51 N, Elavur, 58 N Natham Village, Gumudipoondi Taluk, Thiruvallur District-601201.",TIRUVALLUR,Artificial Intelligence and Data Science,ad,90.0,Not Available,Not Available,Not Available,Not Available,Not Available,Not Available
TNEA2025-02664,1150,"Sri Jayaram Institute of Engineering and Technology, 51 N, Elavur, 58 N Natham Village, Gumudipoondi Taluk, Thiruvallur District-601201.",TIRUVALLUR,Bio Medical Engineering,bm,90.0,Not Available,Not Available,Not Available,Not Available,Not Available,Not Available
TNEA2025-02665,1150,"Sri Jayaram Institute of Engineering and Technology, 51 N, Elavur, 58 N Natham Village, Gumudipoondi Taluk, Thiruvallur District-601201.",TIRUVALLUR,Computer Science and Engineering,cs,81.0,Not Available,Not Available,Not Available,Not Available,Not Available,Not Available
TNEA2025-02666,1150,"Sri Jayaram Institute of Engineering and Technology, 51 N, Elavur, 58 N Natham Village, Gumudipoondi Taluk, Thiruvallur District-601201.",TIRUVALLUR,Mechanical Engineering,me,81.0,Not Available,Not Available,Not Available,Not Available,Not Available,Not Available
TNEA2025-00542,1202,"DMI College of Engineering (Autonomous), St.Joseph's Town, Mevalurkuppam B Village, Nazarethpet Post, Palanchur, Kanchipuram, Chennai-600123.",KANCHIPURAM,Artificial Intelligence and Data Science,ad,142.0,121.0,134.5,110.0,91.0,114.0,98.0
TNEA2025-00543,1202,"DMI College of Engineering (Autonomous), St.Joseph's Town, Mevalurkuppam B Village, Nazarethpet Post, Palanchur, Kanchipuram, Chennai-600123.",KANCHIPURAM,Civil Engineering,ce,142.0,121.0,134.5,110.0,91.0,114.0,98.0
TNEA2025-00544,1202,"DMI College of Engineering (Autonomous), St.Joseph's Town, Mevalurkuppam B Village, Nazarethpet Post, Palanchur, Kanchipuram, Chennai-600123.",KANCHIPURAM,Computer Science and Engineering,cs,144.0,120.0,134.5,114.0,105.0,114.0,98.0
TNEA2025-00545,1202,"DMI College of Engineering (Autonomous), St.Joseph's Town, Mevalurkuppam B Village, Nazarethpet Post, Palanchur, Kanchipuram, Chennai-600123.",KANCHIPURAM,Computer Science and Engineering (Ai and Machine Learning),am,128.5,108.5,116.5,95.5,105.0,114.0,98.0
TNEA2025-00546,1202,"DMI College of Engineering (Autonomous), St.Joseph's Town, Mevalurkuppam B Village, Nazarethpet Post, Palanchur, Kanchipuram, Chennai-600123.",KANCHIPURAM,Electrical and Electronics Engineering,ee,81.5,108.5,116.5,95.5,105.0,114.0,98.0
TNEA2025-00547,1202,"DMI College of Engineering (Autonomous), St.Joseph's Town, Mevalurkuppam B Village, Nazarethpet Post, Palanchur, Kanchipuram, Chennai-600123.",KANCHIPURAM,Electronics and Communication Engineering,ec,133.5,101.5,116.5,107.5,85.5,114.0,98.0
TNEA2025-00548,1202,"DMI College of Engineering (Autonomous), St.Joseph's Town, Mevalurkuppam B Village, Nazarethpet Post, Palanchur, Kanchipuram, Chennai-600123.",KANCHIPURAM,Information Technology,it,142.0,118.5,116.5,113.5,112.5,114.0,98.0
TNEA2025-00549,1202,"DMI College of Engineering (Autonomous), St.Joseph's Town, Mevalurkuppam B Village, Nazarethpet Post, Palanchur, Kanchipuram, Chennai-600123.",KANCHIPURAM,Mechanical Engineering,me,83.5,118.5,116.5,113.5,112.5,114.0,98.0
TNEA2025-01314,1207,"Kings Engineering College, Irungattukottai, Opp. Hyundai Car Company, Sriperumbudur, Kanchipuram-602117.",KANCHIPURAM,Artificial Intelligence and Data Science,ad,144.5,112.0,160.5,126.5,108.5,Not Available,Not Available
TNEA2025-01315,1207,"Kings Engineering College, Irungattukottai, Opp. Hyundai Car Company, Sriperumbudur, Kanchipuram-602117.",KANCHIPURAM,Bio Medical Engineering,bm,96.5,112.0,160.5,126.5,89.0,Not Available,Not Available
TNEA2025-01316,1207,"Kings Engineering College, Irungattukottai, Opp. Hyundai Car Company, Sriperumbudur, Kanchipuram-602117.",KANCHIPURAM,Computer Science and Engineering,cs,138.5,99.5,122.0,91.0,100.0,Not Available,Not Available
TNEA2025-01317,1207,"Kings Engineering College, Irungattukottai, Opp. Hyundai Car Company, Sriperumbudur, Kanchipuram-602117.",KANCHIPURAM,Computer Science and Engineering (Ai and Machine Learning),am,123.5,89.5,99.5,85.0,84.0,Not Available,Not Available
TNEA2025-01318,1207,"Kings Engineering College, Irungattukottai, Opp. Hyundai Car Company, Sriperumbudur, Kanchipuram-602117.",KANCHIPURAM,Electronics and Communication Engineering,ec,134.0,114.0,99.5,89.0,89.0,Not Available,Not Available
TNEA2025-01319,1207,"Kings Engineering College, Irungattukottai, Opp. Hyundai Car Company, Sriperumbudur, Kanchipuram-602117.",KANCHIPURAM,Information Technology,it,112.5,86.5,99.5,91.5,85.5,Not Available,Not Available
TNEA2025-01320,1207,"Kings Engineering College, Irungattukottai, Opp. Hyundai Car Company, Sriperumbudur, Kanchipuram-602117.",KANCHIPURAM,Mechanical Engineering,me,93.5,86.5,99.5,91.5,88.5,Not Available,Not Available
TNEA2025-01321,1207,"Kings Engineering College, Irungattukottai, Opp. Hyundai Car Company, Sriperumbudur, Kanchipuram-602117.",KANCHIPURAM,Robotics and Automation,rm,85.0,83.5,99.5,91.5,88.5,Not Available,Not Available
TNEA2025-02013,1209,"Pallavan College of Engineering, Thimmasamudram, Kanchipuram -631502.",KANCHIPURAM,Civil Engineering,ce,83.0,Not Available,Not Available,Not Available,Not Available,Not Available,Not Available
TNEA2025-02014,1209,"Pallavan College of Engineering, Thimmasamudram, Kanchipuram -631502.",KANCHIPURAM,Computer Science and Engineering,cs,83.0,Not Available,Not Available,Not Available,Not Available,Not Available,Not Available
TNEA2025-02015,1209,"Pallavan College of Engineering, Thimmasamudram, Kanchipuram -631502.",KANCHIPURAM,Electrical and Electronics Engineering,ee,83.0,Not Available,Not Available,Not Available,Not Available,Not Available,Not Available
TNEA2025-02016,1209,"Pallavan College of Engineering, Thimmasamudram, Kanchipuram -631502.",KANCHIPURAM,Electronics and Communication Engineering,ec,105.5,Not Available,Not Available,Not Available,Not Available,Not Available,Not Available
TNEA2025-02017,1209,"Pallavan College of Engineering, Thimmasamudram, Kanchipuram -631502.",KANCHIPURAM,Information Technology,it,116.5,Not Available,Not Available,Not Available,Not Available,Not Available,Not Available
TNEA2025-02018,1209,"Pallavan College of Engineering, Thimmasamudram, Kanchipuram -631502.",KANCHIPURAM,Mechanical Engineering,me,116.5,Not Available,Not Available,Not Available,Not Available,Not Available,Not Available
TNEA2025-02028,1210,"Panimalar Engineering College (Autonomous), Bangalore Trunk Road, NazarathPet, Varadharajapuram, Poonamallee, Thiruvallur (DT), Chennai-600123.",TIRUVALLUR,Artificial Intelligence and Data Science,ad,170.5,162.5,155.0,160.0,128.0,99.5,118.5
TNEA2025-02029,1210,"Panimalar Engineering College (Autonomous), Bangalore Trunk Road, NazarathPet, Varadharajapuram, Poonamallee, Thiruvallur (DT), Chennai-600123.",TIRUVALLUR,Artificial Intelligence and Machine Learning,al,166.5,160.0,154.0,156.0,126.0,99.5,118.5
TNEA2025-02030,1210,"Panimalar Engineering College (Autonomous), Bangalore Trunk Road, NazarathPet, Varadharajapuram, Poonamallee, Thiruvallur (DT), Chennai-600123.",TIRUVALLUR,Computer Science and Bussiness System,cb,163.5,158.0,158.5,155.5,120.0,99.5,103.5
TNEA2025-02031,1210,"Panimalar Engineering College (Autonomous), Bangalore Trunk Road, NazarathPet, Varadharajapuram, Poonamallee, Thiruvallur (DT), Chennai-600123.",TIRUVALLUR,Computer Science and Engineering,cs,172.5,165.0,158.5,161.5,133.5,101.5,115.0
TNEA2025-02032,1210,"Panimalar Engineering College (Autonomous), Bangalore Trunk Road, NazarathPet, Varadharajapuram, Poonamallee, Thiruvallur (DT), Chennai-600123.",TIRUVALLUR,Electrical and Electronics Engineering,ee,159.0,153.5,142.0,147.5,122.0,101.5,115.0
TNEA2025-02033,1210,"Panimalar Engineering College (Autonomous), Bangalore Trunk Road, NazarathPet, Varadharajapuram, Poonamallee, Thiruvallur (DT), Chennai-600123.",TIRUVALLUR,Electronics and Communication Engineering,ec,168.5,162.5,156.5,156.5,127.0,129.5,117.5
TNEA2025-02034,1210,"Panimalar Engineering College (Autonomous), Bangalore Trunk Road, NazarathPet, Varadharajapuram, Poonamallee, Thiruvallur (DT), Chennai-600123.",TIRUVALLUR,Information Technology,it,168.0,161.5,154.0,159.0,130.0,129.5,90.0
TNEA2025-02035,1210,"Panimalar Engineering College (Autonomous), Bangalore Trunk Road, NazarathPet, Varadharajapuram, Poonamallee, Thiruvallur (DT), Chennai-600123.",TIRUVALLUR,Mechanical Engineering,me,144.0,135.5,142.5,132.5,105.5,128.5,90.0
TNEA2025-02208,1211,"Rajalakshmi Engineering College (Autonomous), Rajalakshmi Nagar, Thandalam, Kanchipuram, Chennai-602105.",KANCHIPURAM,Aeronautical Engineering,ae,180.5,170.0,156.5,172.0,163.5,112.0,156.5
TNEA2025-02210,1211,"Rajalakshmi Engineering College (Autonomous), Rajalakshmi Nagar, Thandalam, Kanchipuram, Chennai-602105.",KANCHIPURAM,Artificial Intelligence and Data Science,ad,188.0,185.0,186.0,182.0,168.5,146.5,156.5
TNEA2025-02211,1211,"Rajalakshmi Engineering College (Autonomous), Rajalakshmi Nagar, Thandalam, Kanchipuram, Chennai-602105.",KANCHIPURAM,Artificial Intelligence and Machine Learning,al,185.5,183.5,182.0,180.5,161.5,133.5,156.5
TNEA2025-02209,1211,"Rajalakshmi Engineering College (Autonomous), Rajalakshmi Nagar, Thandalam, Kanchipuram, Chennai-602105.",KANCHIPURAM,Automobile Engineering,au,170.0,164.5,156.5,160.5,145.0,112.0,156.5
TNEA2025-02212,1211,"Rajalakshmi Engineering College (Autonomous), Rajalakshmi Nagar, Thandalam, Kanchipuram, Chennai-602105.",KANCHIPURAM,Bio Medical Engineering,bm,178.0,169.0,163.5,161.0,136.5,133.5,156.5
TNEA2025-02213,1211,"Rajalakshmi Engineering College (Autonomous), Rajalakshmi Nagar, Thandalam, Kanchipuram, Chennai-602105.",KANCHIPURAM,Bio Technology,bt,176.0,169.5,170.0,157.0,138.0,123.5,125.0
TNEA2025-02214,1211,"Rajalakshmi Engineering College (Autonomous), Rajalakshmi Nagar, Thandalam, Kanchipuram, Chennai-602105.",KANCHIPURAM,Chemical Engineering,ch,176.5,160.5,170.0,165.0,152.5,123.5,125.0
TNEA2025-02215,1211,"Rajalakshmi Engineering College (Autonomous), Rajalakshmi Nagar, Thandalam, Kanchipuram, Chennai-602105.",KANCHIPURAM,Civil Engineering,ce,169.0,163.0,156.5,157.5,146.5,123.5,125.0
TNEA2025-02216,1211,"Rajalakshmi Engineering College (Autonomous), Rajalakshmi Nagar, Thandalam, Kanchipuram, Chennai-602105.",KANCHIPURAM,Computer Science and Bussiness System,cb,185.5,183.0,183.0,180.5,155.5,129.0,126.5
TNEA2025-02217,1211,"Rajalakshmi Engineering College (Autonomous), Rajalakshmi Nagar, Thandalam, Kanchipuram, Chennai-602105.",KANCHIPURAM,Computer Science and Design,cd,182.5,181.5,181.5,179.0,157.0,159.5,126.5
TNEA2025-02218,1211,"Rajalakshmi Engineering College (Autonomous), Rajalakshmi Nagar, Thandalam, Kanchipuram, Chennai-602105.",KANCHIPURAM,Computer Science and Engineering,cs,191.5,188.0,188.5,185.5,169.0,125.5,159.5
TNEA2025-02219,1211,"Rajalakshmi Engineering College (Autonomous), Rajalakshmi Nagar, Thandalam, Kanchipuram, Chennai-602105.",KANCHIPURAM,Computer Science and Engineering (Cyber Security),sc,187.0,184.5,183.0,181.0,165.5,144.0,156.5
TNEA2025-02220,1211,"Rajalakshmi Engineering College (Autonomous), Rajalakshmi Nagar, Thandalam, Kanchipuram, Chennai-602105.",KANCHIPURAM,Electrical and Electronics Engineering,ee,182.5,181.0,179.5,178.0,157.0,131.5,156.5
TNEA2025-02221,1211,"Rajalakshmi Engineering College (Autonomous), Rajalakshmi Nagar, Thandalam, Kanchipuram, Chennai-602105.",KANCHIPURAM,Electronics and Communication Engineering,ec,188.5,186.0,184.0,182.5,168.0,110.5,132.5
TNEA2025-02222,1211,"Rajalakshmi Engineering College (Autonomous), Rajalakshmi Nagar, Thandalam, Kanchipuram, Chennai-602105.",KANCHIPURAM,Food Technology,fd,172.0,164.5,170.0,163.0,141.5,118.0,118.0
TNEA2025-02223,1211,"Rajalakshmi Engineering College (Autonomous), Rajalakshmi Nagar, Thandalam, Kanchipuram, Chennai-602105.",KANCHIPURAM,Information Technology,it,188.5,186.0,185.0,183.0,167.5,139.5,161.0
TNEA2025-02224,1211,"Rajalakshmi Engineering College (Autonomous), Rajalakshmi Nagar, Thandalam, Kanchipuram, Chennai-602105.",KANCHIPURAM,Mechanical Engineering,me,175.5,170.0,167.5,166.0,144.5,112.5,111.5
TNEA2025-02225,1211,"Rajalakshmi Engineering College (Autonomous), Rajalakshmi Nagar, Thandalam, Kanchipuram, Chennai-602105.",KANCHIPURAM,Mechatronics Engineering,mz,179.5,174.0,178.0,173.0,156.0,130.0,111.5
TNEA2025-02226,1211,"Rajalakshmi Engineering College (Autonomous), Rajalakshmi Nagar, Thandalam, Kanchipuram, Chennai-602105.",KANCHIPURAM,Robotics and Automation,rm,179.5,177.0,175.5,170.5,143.5,130.0,111.5
TNEA2025-02236,1212,"Rajiv Gandhi College of Engineering, Nemili Village, Sriperumbudur, Kanchipuram-602105.",TIRUPPUR,Automobile Engineering,au,93.0,136.0,90.5,92.0,88.5,Not Available,Not Available
TNEA2025-02237,1212,"Rajiv Gandhi College of Engineering, Nemili Village, Sriperumbudur, Kanchipuram-602105.",TIRUPPUR,Bio Medical Engineering,bm,93.0,136.0,90.5,92.0,88.5,Not Available,Not Available
TNEA2025-02238,1212,"Rajiv Gandhi College of Engineering, Nemili Village, Sriperumbudur, Kanchipuram-602105.",TIRUPPUR,Computer Science and Engineering,cs,143.5,136.0,90.5,124.5,92.0,Not Available,Not Available
TNEA2025-02239,1212,"Rajiv Gandhi College of Engineering, Nemili Village, Sriperumbudur, Kanchipuram-602105.",TIRUPPUR,Electrical and Electronics Engineering,ee,86.5,136.0,90.5,124.5,92.0,Not Available,Not Available
TNEA2025-02240,1212,"Rajiv Gandhi College of Engineering, Nemili Village, Sriperumbudur, Kanchipuram-602105.",TIRUPPUR,Electronics and Communication Engineering,ec,124.0,91.0,90.5,120.5,87.5,Not Available,Not Available
TNEA2025-02241,1212,"Rajiv Gandhi College of Engineering, Nemili Village, Sriperumbudur, Kanchipuram-602105.",TIRUPPUR,Mechanical Engineering,me,116.0,91.0,90.5,120.5,87.5,Not Available,Not Available
TNEA2025-02242,1212,"Rajiv Gandhi College of Engineering, Nemili Village, Sriperumbudur, Kanchipuram-602105.",TIRUPPUR,Petroleum Engineering,pe,119.5,91.0,90.5,120.5,87.5,Not Available,Not Available
TNEA2025-02283,1213,"S K R Engineering College, Agarmel, Poonamallaee, Thiruvallur, Chennai-600123.",TIRUVALLUR,Bio Medical Engineering,bm,Not Available,Not Available,Not Available,Not Available,Not Available,Not Available,Not Available
TNEA2025-02284,1213,"S K R Engineering College, Agarmel, Poonamallaee, Thiruvallur, Chennai-600123.",TIRUVALLUR,Computer Science and Bussiness System,cb,Not Available,Not Available,Not Available,Not Available,Not Available,Not Available,Not Available
TNEA2025-02285,1213,"S K R Engineering College, Agarmel, Poonamallaee, Thiruvallur, Chennai-600123.",TIRUVALLUR,Computer Science and Engineering,cs,Not Available,Not Available,Not Available,Not Available,Not Available,Not Available,Not Available
TNEA2025-02286,1213,"S K R Engineering College, Agarmel, Poonamallaee, Thiruvallur, Chennai-600123.",TIRUVALLUR,Electrical and Electronics Engineering,ee,Not Available,Not Available,Not Available,Not Available,Not Available,Not Available,Not Available
TNEA2025-02287,1213,"S K R Engineering College, Agarmel, Poonamallaee, Thiruvallur, Chennai-600123.",TIRUVALLUR,Electronics and Communication Engineering,ec,Not Available,Not Available,Not Available,Not Available,Not Available,Not Available,Not Available
TNEA2025-02288,1213,"S K R Engineering College, Agarmel, Poonamallaee, Thiruvallur, Chennai-600123.",TIRUVALLUR,Information Technology,it,Not Available,Not Available,Not Available,Not Available,Not Available,Not Available,Not Available
TNEA2025-02475,1216,"Saveetha Engineering College (Autonomous), Saveetha Nagar, Thandalam Post, Sriperumbudur Taluk, Kancheepuram District-602105.",KANCHIPURAM,Agricultural Engineering,ag,157.5,133.5,120.0,125.0,114.0,151.5,138.5
TNEA2025-02476,1216,"Saveetha Engineering College (Autonomous), Saveetha Nagar, Thandalam Post, Sriperumbudur Taluk, Kancheepuram District-602105.",KANCHIPURAM,Artificial Intelligence and Data Science,ad,178.54,172.5,173.0,167.0,140.5,151.5,138.5
TNEA2025-02477,1216,"Saveetha Engineering College (Autonomous), Saveetha Nagar, Thandalam Post, Sriperumbudur Taluk, Kancheepuram District-602105.",KANCHIPURAM,Artificial Intelligence and Machine Learning,al,174.0,169.5,169.0,164.0,140.5,107.0,141.5
TNEA2025-02478,1216,"Saveetha Engineering College (Autonomous), Saveetha Nagar, Thandalam Post, Sriperumbudur Taluk, Kancheepuram District-602105.",KANCHIPURAM,Bio Medical Engineering,bm,166.0,155.5,158.5,154.5,135.5,107.0,141.5
TNEA2025-02479,1216,"Saveetha Engineering College (Autonomous), Saveetha Nagar, Thandalam Post, Sriperumbudur Taluk, Kancheepuram District-602105.",KANCHIPURAM,Chemical Engineering,ch,170.0,157.5,158.5,157.5,111.5,107.0,141.5
TNEA2025-02480,1216,"Saveetha Engineering College (Autonomous), Saveetha Nagar, Thandalam Post, Sriperumbudur Taluk, Kancheepuram District-602105.",KANCHIPURAM,Civil Engineering,ce,157.5,148.0,97.0,138.5,114.0,107.0,141.5
TNEA2025-02481,1216,"Saveetha Engineering College (Autonomous), Saveetha Nagar, Thandalam Post, Sriperumbudur Taluk, Kancheepuram District-602105.",KANCHIPURAM,Computer Science and Engineering,cs,185.0,177.0,172.0,171.0,142.0,122.0,117.0
TNEA2025-02482,1216,"Saveetha Engineering College (Autonomous), Saveetha Nagar, Thandalam Post, Sriperumbudur Taluk, Kancheepuram District-602105.",KANCHIPURAM,Computer Science and Engineering (Cyber Security),sc,181.5,178.0,175.0,169.5,143.0,122.0,117.0
TNEA2025-02483,1216,"Saveetha Engineering College (Autonomous), Saveetha Nagar, Thandalam Post, Sriperumbudur Taluk, Kancheepuram District-602105.",KANCHIPURAM,Computer Science and Engineering (Internet of Things),ci,175.0,170.5,173.0,166.0,139.5,122.0,117.0
TNEA2025-02484,1216,"Saveetha Engineering College (Autonomous), Saveetha Nagar, Thandalam Post, Sriperumbudur Taluk, Kancheepuram District-602105.",KANCHIPURAM,Electrical and Electronics Engineering,ee,169.0,166.5,163.0,159.5,133.0,122.0,117.0
TNEA2025-02485,1216,"Saveetha Engineering College (Autonomous), Saveetha Nagar, Thandalam Post, Sriperumbudur Taluk, Kancheepuram District-602105.",KANCHIPURAM,Electronics and Communication Engineering,ec,175.5,171.0,169.5,165.5,141.5,112.5,126.5
TNEA2025-02486,1216,"Saveetha Engineering College (Autonomous), Saveetha Nagar, Thandalam Post, Sriperumbudur Taluk, Kancheepuram District-602105.",KANCHIPURAM,Information Technology,it,179.0,174.5,176.0,168.0,142.0,112.5,124.0
TNEA2025-02487,1216,"Saveetha Engineering College (Autonomous), Saveetha Nagar, Thandalam Post, Sriperumbudur Taluk, Kancheepuram District-602105.",KANCHIPURAM,Mechanical Engineering,me,160.0,150.0,158.0,147.5,121.0,112.5,124.0
TNEA2025-02624,1217,"Sree Sastha Institute of Engineering and Technology, Chennai-Bangalore Highway, Chembarambakkam, Thiruvallur District, Chennai-600123.",TIRUVALLUR,Artificial Intelligence and Data Science,ad,114.0,108.5,89.5,91.5,112.5,Not Available,Not Available
TNEA2025-02623,1217,"Sree Sastha Institute of Engineering and Technology, Chennai-Bangalore Highway, Chembarambakkam, Thiruvallur District, Chennai-600123.",TIRUVALLUR,Automobile Engineering,au,114.0,108.5,89.5,91.5,112.5,Not Available,Not Available
TNEA2025-02625,1217,"Sree Sastha Institute of Engineering and Technology, Chennai-Bangalore Highway, Chembarambakkam, Thiruvallur District, Chennai-600123.",TIRUVALLUR,Bio Medical Engineering,bm,113.5,108.5,89.5,91.5,112.5,Not Available,Not Available
TNEA2025-02626,1217,"Sree Sastha Institute of Engineering and Technology, Chennai-Bangalore Highway, Chembarambakkam, Thiruvallur District, Chennai-600123.",TIRUVALLUR,Bio Technology,bt,102.5,108.5,89.5,91.5,112.5,Not Available,Not Available
TNEA2025-02627,1217,"Sree Sastha Institute of Engineering and Technology, Chennai-Bangalore Highway, Chembarambakkam, Thiruvallur District, Chennai-600123.",TIRUVALLUR,Civil Engineering,ce,102.5,108.5,89.5,91.5,112.5,Not Available,Not Available
TNEA2025-02628,1217,"Sree Sastha Institute of Engineering and Technology, Chennai-Bangalore Highway, Chembarambakkam, Thiruvallur District, Chennai-600123.",TIRUVALLUR,Computer Science and Bussiness System,cb,98.0,108.5,89.5,91.5,112.5,Not Available,Not Available
TNEA2025-02629,1217,"Sree Sastha Institute of Engineering and Technology, Chennai-Bangalore Highway, Chembarambakkam, Thiruvallur District, Chennai-600123.",TIRUVALLUR,Computer Science and Engineering,cs,143.0,96.5,89.5,124.5,107.5,Not Available,Not Available
TNEA2025-02630,1217,"Sree Sastha Institute of Engineering and Technology, Chennai-Bangalore Highway, Chembarambakkam, Thiruvallur District, Chennai-600123.",TIRUVALLUR,Computer Science and Engineering (Ai and Machine Learning),am,116.0,96.5,89.5,113.0,97.0,Not Available,Not Available
TNEA2025-02631,1217,"Sree Sastha Institute of Engineering and Technology, Chennai-Bangalore Highway, Chembarambakkam, Thiruvallur District, Chennai-600123.",TIRUVALLUR,Computer Science and Engineering (Cyber Security),sc,109.5,103.0,89.5,113.0,97.0,Not Available,Not Available
TNEA2025-02632,1217,"Sree Sastha Institute of Engineering and Technology, Chennai-Bangalore Highway, Chembarambakkam, Thiruvallur District, Chennai-600123.",TIRUVALLUR,Electrical and Electronics Engineering,ee,97.5,103.0,89.5,113.0,97.0,Not Available,Not Available
TNEA2025-02633,1217,"Sree Sastha Institute of Engineering and Technology, Chennai-Bangalore Highway, Chembarambakkam, Thiruvallur District, Chennai-600123.",TIRUVALLUR,Electronics and Communication Engineering,ec,90.0,103.0,89.5,113.0,97.0,Not Available,Not Available
TNEA2025-02634,1217,"Sree Sastha Institute of Engineering and Technology, Chennai-Bangalore Highway, Chembarambakkam, Thiruvallur District, Chennai-600123.",TIRUVALLUR,Food Technology,fd,95.5,103.0,89.5,113.0,97.0,Not Available,Not Available
TNEA2025-02635,1217,"Sree Sastha Institute of Engineering and Technology, Chennai-Bangalore Highway, Chembarambakkam, Thiruvallur District, Chennai-600123.",TIRUVALLUR,Information Technology,it,99.0,103.0,89.5,113.0,97.0,Not Available,Not Available
TNEA2025-02636,1217,"Sree Sastha Institute of Engineering and Technology, Chennai-Bangalore Highway, Chembarambakkam, Thiruvallur District, Chennai-600123.",TIRUVALLUR,Mechanical and Automation Engineering,mu,106.0,103.0,89.5,113.0,97.0,Not Available,Not Available
TNEA2025-02706,1218,"Sri Muthukumaran Institute of Technology, Chikkarayapuram Near Mangadu, Kanchipuram, Chennai-600069.",KANCHIPURAM,Artificial Intelligence and Data Science,ad,128.5,92.0,111.0,124.5,105.0,107.0,Not Available
TNEA2025-02707,1218,"Sri Muthukumaran Institute of Technology, Chikkarayapuram Near Mangadu, Kanchipuram, Chennai-600069.",KANCHIPURAM,Bio Medical Engineering,bm,105.5,92.0,111.0,124.5,105.0,107.0,Not Available
TNEA2025-02708,1218,"Sri Muthukumaran Institute of Technology, Chikkarayapuram Near Mangadu, Kanchipuram, Chennai-600069.",KANCHIPURAM,Civil Engineering,ce,105.5,92.0,111.0,124.5,105.0,107.0,Not Available
TNEA2025-02709,1218,"Sri Muthukumaran Institute of Technology, Chikkarayapuram Near Mangadu, Kanchipuram, Chennai-600069.",KANCHIPURAM,Computer Science and Engineering,cs,119.0,104.5,91.0,91.0,93.0,94.0,Not Available
TNEA2025-02710,1218,"Sri Muthukumaran Institute of Technology, Chikkarayapuram Near Mangadu, Kanchipuram, Chennai-600069.",KANCHIPURAM,Electrical and Electronics Engineering,ee,84.5,104.5,91.0,91.0,93.0,94.0,Not Available
TNEA2025-02711,1218,"Sri Muthukumaran Institute of Technology, Chikkarayapuram Near Mangadu, Kanchipuram, Chennai-600069.",KANCHIPURAM,Electronics and Communication Engineering,ec,105.0,104.5,91.0,91.0,93.0,94.0,Not Available
TNEA2025-02712,1218,"Sri Muthukumaran Institute of Technology, Chikkarayapuram Near Mangadu, Kanchipuram, Chennai-600069.",KANCHIPURAM,Information Technology,it,111.5,104.5,91.0,98.0,92.5,94.0,Not Available
TNEA2025-02713,1218,"Sri Muthukumaran Institute of Technology, Chikkarayapuram Near Mangadu, Kanchipuram, Chennai-600069.",KANCHIPURAM,Mechanical Engineering,me,82.0,104.5,91.0,98.0,92.5,94.0,Not Available
TNEA2025-02714,1218,"Sri Muthukumaran Institute of Technology, Chikkarayapuram Near Mangadu, Kanchipuram, Chennai-600069.",KANCHIPURAM,Mechatronics Engineering,mz,116.5,104.5,91.0,98.0,92.5,94.0,Not Available
TNEA2025-02715,1218,"Sri Muthukumaran Institute of Technology, Chikkarayapuram Near Mangadu, Kanchipuram, Chennai-600069.",KANCHIPURAM,Pharmaceutical Technology,ph,116.5,104.5,91.0,98.0,92.5,94.0,Not Available
TNEA2025-02716,1218,"Sri Muthukumaran Institute of Technology, Chikkarayapuram Near Mangadu, Kanchipuram, Chennai-600069.",KANCHIPURAM,Robotics and Automation,rm,89.5,104.5,91.0,98.0,92.5,94.0,Not Available
TNEA2025-02835,1219,"Sri Venkateswara College of Engineering (Autonomous), Post Bag No.3, Pennalur, Sriperumbudur, Kanchipuram-602105.",KANCHIPURAM,Artificial Intelligence and Data Science,ad,187.0,185.5,183.0,183.0,163.0,95.0,153.0
TNEA2025-02836,1219,"Sri Venkateswara College of Engineering (Autonomous), Post Bag No.3, Pennalur, Sriperumbudur, Kanchipuram-602105.",KANCHIPURAM,Bio Technology,bt,179.5,170.0,153.5,162.5,143.0,95.0,153.0
TNEA2025-02837,1219,"Sri Venkateswara College of Engineering (Autonomous), Post Bag No.3, Pennalur, Sriperumbudur, Kanchipuram-602105.",KANCHIPURAM,Chemical Engineering,ch,174.0,161.5,171.0,165.0,153.0,167.0,153.0
TNEA2025-02838,1219,"Sri Venkateswara College of Engineering (Autonomous), Post Bag No.3, Pennalur, Sriperumbudur, Kanchipuram-602105.",KANCHIPURAM,Civil Engineering,ce,164.0,153.0,159.0,143.5,135.0,144.5,153.0
TNEA2025-02839,1219,"Sri Venkateswara College of Engineering (Autonomous), Post Bag No.3, Pennalur, Sriperumbudur, Kanchipuram-602105.",KANCHIPURAM,Computer Science and Engineering,cs,190.5,188.0,188.0,186.0,169.0,171.5,153.0
TNEA2025-02840,1219,"Sri Venkateswara College of Engineering (Autonomous), Post Bag No.3, Pennalur, Sriperumbudur, Kanchipuram-602105.",KANCHIPURAM,Electrical and Electronics Engineering,ee,182.0,180.0,172.0,171.5,144.0,120.5,153.0
TNEA2025-02841,1219,"Sri Venkateswara College of Engineering (Autonomous), Post Bag No.3, Pennalur, Sriperumbudur, Kanchipuram-602105.",KANCHIPURAM,Electronics and Communication Engineering,ec,188.0,185.5,183.0,181.5,164.5,150.0,128.5
TNEA2025-02842,1219,"Sri Venkateswara College of Engineering (Autonomous), Post Bag No.3, Pennalur, Sriperumbudur, Kanchipuram-602105.",KANCHIPURAM,Information Technology,it,187.5,186.5,183.5,184.0,160.5,131.0,125.5
TNEA2025-02843,1219,"Sri Venkateswara College of Engineering (Autonomous), Post Bag No.3, Pennalur, Sriperumbudur, Kanchipuram-602105.",KANCHIPURAM,Marine Engineering,mr,152.5,186.5,183.5,184.0,160.5,131.0,125.5
TNEA2025-02845,1219,"Sri Venkateswara College of Engineering (Autonomous), Post Bag No.3, Pennalur, Sriperumbudur, Kanchipuram-602105.",KANCHIPURAM,Mechanical Engineering,me,174.0,168.0,171.5,165.0,157.5,105.5,125.5
TNEA2025-02846,1219,"Sri Venkateswara College of Engineering (Autonomous), Post Bag No.3, Pennalur, Sriperumbudur, Kanchipuram-602105.",KANCHIPURAM,Mechanical Engineering (Automobile),mb,161.0,155.5,171.5,150.0,128.5,105.5,125.5
TNEA2025-02844,1219,"Sri Venkateswara College of Engineering (Autonomous), Post Bag No.3, Pennalur, Sriperumbudur, Kanchipuram-602105.",KANCHIPURAM,Mechanical and Automation Engineering,mu,166.0,157.5,146.0,153.5,130.0,109.0,125.5
TNEA2025-01074,1221,"Jaya College of Engineering and Technology, Poonamallee By Pass Road, Parivakkam, Chennai, Thiruvallur-600056.",CHENNAI,Computer Science and Engineering,cs,119.0,98.0,Not Available,102.0,Not Available,Not Available,Not Available
TNEA2025-01075,1221,"Jaya College of Engineering and Technology, Poonamallee By Pass Road, Parivakkam, Chennai, Thiruvallur-600056.",CHENNAI,Electronics and Communication Engineering,ec,137.5,98.0,Not Available,102.0,Not Available,Not Available,Not Available
TNEA2025-01076,1221,"Jaya College of Engineering and Technology, Poonamallee By Pass Road, Parivakkam, Chennai, Thiruvallur-600056.",CHENNAI,Mechanical Engineering,me,137.5,98.0,Not Available,102.0,Not Available,Not Available,Not Available
TNEA2025-01077,1221,"Jaya College of Engineering and Technology, Poonamallee By Pass Road, Parivakkam, Chennai, Thiruvallur-600056.",CHENNAI,Medical Electronics,md,132.5,98.0,Not Available,102.0,Not Available,Not Available,Not Available
TNEA2025-01819,1222,"P.B. College of Engineering, Chennai-Bangalore High Way, Irungkattukottai, Sriperumbudur Taluk, Kancheepuram District, Chennai -602117.",KANCHIPURAM,Aeronautical Engineering,ae,109.5,121.0,Not Available,100.5,119.5,Not Available,Not Available
TNEA2025-01821,1222,"P.B. College of Engineering, Chennai-Bangalore High Way, Irungkattukottai, Sriperumbudur Taluk, Kancheepuram District, Chennai -602117.",KANCHIPURAM,Artificial Intelligence and Data Science,ad,136.0,121.0,Not Available,99.0,119.5,Not Available,Not Available
TNEA2025-01820,1222,"P.B. College of Engineering, Chennai-Bangalore High Way, Irungkattukottai, Sriperumbudur Taluk, Kancheepuram District, Chennai -602117.",KANCHIPURAM,Automobile Engineering,au,101.5,121.0,Not Available,100.5,119.5,Not Available,Not Available
TNEA2025-01822,1222,"P.B. College of Engineering, Chennai-Bangalore High Way, Irungkattukottai, Sriperumbudur Taluk, Kancheepuram District, Chennai -602117.",KANCHIPURAM,Civil Engineering,ce,136.0,121.0,Not Available,99.0,119.5,Not Available,Not Available
TNEA2025-01823,1222,"P.B. College of Engineering, Chennai-Bangalore High Way, Irungkattukottai, Sriperumbudur Taluk, Kancheepuram District, Chennai -602117.",KANCHIPURAM,Computer Science and Engineering,cs,107.5,94.5,Not Available,95.0,119.5,Not Available,Not Available
TNEA2025-01824,1222,"P.B. College of Engineering, Chennai-Bangalore High Way, Irungkattukottai, Sriperumbudur Taluk, Kancheepuram District, Chennai -602117.",KANCHIPURAM,Computer Science and Engineering (Cyber Security),sc,89.0,94.5,Not Available,95.0,119.5,Not Available,Not Available
TNEA2025-01825,1222,"P.B. College of Engineering, Chennai-Bangalore High Way, Irungkattukottai, Sriperumbudur Taluk, Kancheepuram District, Chennai -602117.",KANCHIPURAM,Electrical and Electronics Engineering,ee,84.5,94.5,Not Available,95.0,119.5,Not Available,Not Available
TNEA2025-01826,1222,"P.B. College of Engineering, Chennai-Bangalore High Way, Irungkattukottai, Sriperumbudur Taluk, Kancheepuram District, Chennai -602117.",KANCHIPURAM,Electronics and Communication Engineering,ec,110.5,94.5,Not Available,95.0,119.5,Not Available,Not Available
TNEA2025-01827,1222,"P.B. College of Engineering, Chennai-Bangalore High Way, Irungkattukottai, Sriperumbudur Taluk, Kancheepuram District, Chennai -602117.",KANCHIPURAM,Information Technology,it,91.0,94.5,Not Available,95.0,119.5,Not Available,Not Available
TNEA2025-01828,1222,"P.B. College of Engineering, Chennai-Bangalore High Way, Irungkattukottai, Sriperumbudur Taluk, Kancheepuram District, Chennai -602117.",KANCHIPURAM,Mechanical Engineering,me,88.0,94.5,Not Available,95.0,119.5,Not Available,Not Available
TNEA2025-01402,1225,"Loyola Institute of Technology, Palanchur, Mevalurkuppam, B village, Nazarathpet Post, Sriperumpudur Taluk, Kanchipuram District, Chennai-600123.",KANCHIPURAM,Artificial Intelligence and Data Science,ad,157.0,143.5,142.5,143.5,118.0,Not Available,Not Available
TNEA2025-01403,1225,"Loyola Institute of Technology, Palanchur, Mevalurkuppam, B village, Nazarathpet Post, Sriperumpudur Taluk, Kanchipuram District, Chennai-600123.",KANCHIPURAM,Computer Science and Engineering,cs,165.5,156.5,145.0,150.5,128.5,Not Available,Not Available
TNEA2025-01404,1225,"Loyola Institute of Technology, Palanchur, Mevalurkuppam, B village, Nazarathpet Post, Sriperumpudur Taluk, Kanchipuram District, Chennai-600123.",KANCHIPURAM,Computer Science and Engineering (Cyber Security),sc,155.0,144.0,151.5,135.0,126.0,Not Available,Not Available
TNEA2025-01405,1225,"Loyola Institute of Technology, Palanchur, Mevalurkuppam, B village, Nazarathpet Post, Sriperumpudur Taluk, Kanchipuram District, Chennai-600123.",KANCHIPURAM,Electrical and Electronics Engineering,ee,143.5,126.5,151.5,113.0,126.0,Not Available,Not Available
TNEA2025-01406,1225,"Loyola Institute of Technology, Palanchur, Mevalurkuppam, B village, Nazarathpet Post, Sriperumpudur Taluk, Kanchipuram District, Chennai-600123.",KANCHIPURAM,Electronics and Communication Engineering,ec,148.5,142.0,144.0,136.5,97.5,Not Available,Not Available
TNEA2025-01407,1225,"Loyola Institute of Technology, Palanchur, Mevalurkuppam, B village, Nazarathpet Post, Sriperumpudur Taluk, Kanchipuram District, Chennai-600123.",KANCHIPURAM,Information Technology,it,155.0,144.5,144.0,139.0,125.0,Not Available,Not Available
TNEA2025-01408,1225,"Loyola Institute of Technology, Palanchur, Mevalurkuppam, B village, Nazarathpet Post, Sriperumpudur Taluk, Kanchipuram District, Chennai-600123.",KANCHIPURAM,Mechanical Engineering,me,131.0,108.0,124.5,118.5,125.0,Not Available,Not Available
TNEA2025-01857,1226,"P.T.Lee Chengalvaraya Naicker College of Engineering and Technology, Oovery, Veliyur Post, Kanchipuram District-631502.",KANCHIPURAM,Artificial Intelligence and Data Science,ad,175.0,99.5,Not Available,162.5,92.5,90.0,Not Available
TNEA2025-01858,1226,"P.T.Lee Chengalvaraya Naicker College of Engineering and Technology, Oovery, Veliyur Post, Kanchipuram District-631502.",KANCHIPURAM,Computer Science and Engineering,cs,156.5,93.0,Not Available,149.0,92.5,90.0,Not Available
TNEA2025-01859,1226,"P.T.Lee Chengalvaraya Naicker College of Engineering and Technology, Oovery, Veliyur Post, Kanchipuram District-631502.",KANCHIPURAM,Electrical and Electronics Engineering,ee,127.0,106.0,Not Available,108.5,91.0,90.0,Not Available
TNEA2025-01860,1226,"P.T.Lee Chengalvaraya Naicker College of Engineering and Technology, Oovery, Veliyur Post, Kanchipuram District-631502.",KANCHIPURAM,Electronics and Communication Engineering,ec,149.5,105.0,Not Available,145.0,98.0,90.0,Not Available
TNEA2025-01861,1226,"P.T.Lee Chengalvaraya Naicker College of Engineering and Technology, Oovery, Veliyur Post, Kanchipuram District-631502.",KANCHIPURAM,Information Technology,it,167.0,111.5,Not Available,160.0,120.5,90.0,Not Available
TNEA2025-01862,1226,"P.T.Lee Chengalvaraya Naicker College of Engineering and Technology, Oovery, Veliyur Post, Kanchipuram District-631502.",KANCHIPURAM,Mechanical Engineering,me,115.5,92.0,Not Available,99.0,105.0,90.0,Not Available
TNEA2025-00151,1228,"Alpha College of Engineering, No.34, Udayavar Kovil Street, Thirumazhisai, Chennai-600124.",TIRUVALLUR,Artificial Intelligence and Data Science,ad,119.5,99.0,108.5,102.0,85.0,Not Available,Not Available
TNEA2025-00152,1228,"Alpha College of Engineering, No.34, Udayavar Kovil Street, Thirumazhisai, Chennai-600124.",TIRUVALLUR,Bio Medical Engineering,bm,121.0,99.0,108.5,102.0,85.0,Not Available,Not Available
TNEA2025-00153,1228,"Alpha College of Engineering, No.34, Udayavar Kovil Street, Thirumazhisai, Chennai-600124.",TIRUVALLUR,Computer Science and Engineering,cs,127.0,101.5,116.0,107.5,85.0,Not Available,Not Available
TNEA2025-00154,1228,"Alpha College of Engineering, No.34, Udayavar Kovil Street, Thirumazhisai, Chennai-600124.",TIRUVALLUR,Computer Science and Engineering (Cyber Security),sc,85.5,101.5,116.0,107.5,85.0,Not Available,Not Available
TNEA2025-00155,1228,"Alpha College of Engineering, No.34, Udayavar Kovil Street, Thirumazhisai, Chennai-600124.",TIRUVALLUR,Electronics and Communication Engineering,ec,110.0,107.5,116.0,109.5,85.0,Not Available,Not Available
TNEA2025-00156,1228,"Alpha College of Engineering, No.34, Udayavar Kovil Street, Thirumazhisai, Chennai-600124.",TIRUVALLUR,Information Technology,it,88.0,107.5,116.0,109.5,85.0,Not Available,Not Available
TNEA2025-00157,1228,"Alpha College of Engineering, No.34, Udayavar Kovil Street, Thirumazhisai, Chennai-600124.",TIRUVALLUR,Robotics and Automation,rm,82.5,107.5,116.0,109.5,85.0,Not Available,Not Available
TNEA2025-00974,1229,"Indira Institute of Engineering and Technology, No.1, V.G.R Nagar, V.G.R Gardens, Pandur, Thiruvallur -631203.",TIRUVALLUR,Artificial Intelligence and Data Science,ad,97.0,Not Available,Not Available,93.0,80.5,Not Available,Not Available
TNEA2025-00975,1229,"Indira Institute of Engineering and Technology, No.1, V.G.R Nagar, V.G.R Gardens, Pandur, Thiruvallur -631203.",TIRUVALLUR,Civil Engineering,ce,97.0,Not Available,Not Available,93.0,80.5,Not Available,Not Available
TNEA2025-00976,1229,"Indira Institute of Engineering and Technology, No.1, V.G.R Nagar, V.G.R Gardens, Pandur, Thiruvallur -631203.",TIRUVALLUR,Computer Science and Engineering,cs,102.0,Not Available,Not Available,93.0,80.5,Not Available,Not Available
TNEA2025-00977,1229,"Indira Institute of Engineering and Technology, No.1, V.G.R Nagar, V.G.R Gardens, Pandur, Thiruvallur -631203.",TIRUVALLUR,Electrical and Electronics Engineering,ee,83.0,Not Available,Not Available,93.0,80.5,Not Available,Not Available
TNEA2025-00978,1229,"Indira Institute of Engineering and Technology, No.1, V.G.R Nagar, V.G.R Gardens, Pandur, Thiruvallur -631203.",TIRUVALLUR,Electronics and Communication Engineering,ec,105.0,Not Available,Not Available,93.0,80.5,Not Available,Not Available
TNEA2025-00979,1229,"Indira Institute of Engineering and Technology, No.1, V.G.R Nagar, V.G.R Gardens, Pandur, Thiruvallur -631203.",TIRUVALLUR,Mechanical Engineering,me,105.0,Not Available,Not Available,93.0,80.5,Not Available,Not Available
TNEA2025-00259,1230,"Apollo Engineering College, Mevaloorkuppam Valarpuram Post, Sriperumbudur Taluk, Kanchipuram District-602105.",KANCHIPURAM,Aeronautical Engineering,ae,83.0,98.0,111.5,104.5,112.5,Not Available,Not Available
TNEA2025-00260,1230,"Apollo Engineering College, Mevaloorkuppam Valarpuram Post, Sriperumbudur Taluk, Kanchipuram District-602105.",KANCHIPURAM,Artificial Intelligence and Data Science,ad,142.5,98.0,111.5,104.5,112.5,Not Available,Not Available
TNEA2025-00261,1230,"Apollo Engineering College, Mevaloorkuppam Valarpuram Post, Sriperumbudur Taluk, Kanchipuram District-602105.",KANCHIPURAM,Computer Science and Bussiness System,cb,110.5,108.5,111.5,102.0,89.0,Not Available,Not Available
TNEA2025-00262,1230,"Apollo Engineering College, Mevaloorkuppam Valarpuram Post, Sriperumbudur Taluk, Kanchipuram District-602105.",KANCHIPURAM,Computer Science and Engineering,cs,137.5,108.5,111.5,133.5,112.5,Not Available,Not Available
TNEA2025-00263,1230,"Apollo Engineering College, Mevaloorkuppam Valarpuram Post, Sriperumbudur Taluk, Kanchipuram District-602105.",KANCHIPURAM,Computer Science and Engineering (Cyber Security),sc,112.0,108.5,111.5,133.5,112.5,Not Available,Not Available
TNEA2025-00264,1230,"Apollo Engineering College, Mevaloorkuppam Valarpuram Post, Sriperumbudur Taluk, Kanchipuram District-602105.",KANCHIPURAM,Electrical and Electronics Engineering,ee,100.5,108.5,111.5,133.5,112.5,Not Available,Not Available
TNEA2025-00265,1230,"Apollo Engineering College, Mevaloorkuppam Valarpuram Post, Sriperumbudur Taluk, Kanchipuram District-602105.",KANCHIPURAM,Electronics and Communication Engineering,ec,118.0,98.5,111.5,97.0,97.0,Not Available,Not Available
TNEA2025-00266,1230,"Apollo Engineering College, Mevaloorkuppam Valarpuram Post, Sriperumbudur Taluk, Kanchipuram District-602105.",KANCHIPURAM,Mechanical Engineering,me,118.0,98.5,111.5,97.0,97.0,Not Available,Not Available
TNEA2025-00056,1232,"ARM College of Engineering and Technology, Sattamangalam, Maraimalainagar Post, Chengalpattu Taluk, Kanchipuram Dist-603209.",CHENGALPATTU,Artificial Intelligence and Data Science,ad,88.0,Not Available,Not Available,Not Available,Not Available,Not Available,Not Available
TNEA2025-00057,1232,"ARM College of Engineering and Technology, Sattamangalam, Maraimalainagar Post, Chengalpattu Taluk, Kanchipuram Dist-603209.",CHENGALPATTU,Civil Engineering,ce,88.0,Not Available,Not Available,Not Available,Not Available,Not Available,Not Available
TNEA2025-00058,1232,"ARM College of Engineering and Technology, Sattamangalam, Maraimalainagar Post, Chengalpattu Taluk, Kanchipuram Dist-603209.",CHENGALPATTU,Computer Science and Engineering,cs,114.0,Not Available,Not Available,Not Available,Not Available,Not Available,Not Available
TNEA2025-00059,1232,"ARM College of Engineering and Technology, Sattamangalam, Maraimalainagar Post, Chengalpattu Taluk, Kanchipuram Dist-603209.",CHENGALPATTU,Computer Science and Engineering (Cyber Security),sc,91.0,Not Available,Not Available,Not Available,Not Available,Not Available,Not Available
TNEA2025-00060,1232,"ARM College of Engineering and Technology, Sattamangalam, Maraimalainagar Post, Chengalpattu Taluk, Kanchipuram Dist-603209.",CHENGALPATTU,Electrical and Electronics Engineering,ee,91.0,Not Available,Not Available,Not Available,Not Available,Not Available,Not Available
TNEA2025-00061,1232,"ARM College of Engineering and Technology, Sattamangalam, Maraimalainagar Post, Chengalpattu Taluk, Kanchipuram Dist-603209.",CHENGALPATTU,Electronics and Communication Engineering,ec,85.0,Not Available,Not Available,Not Available,Not Available,Not Available,Not Available
TNEA2025-00062,1232,"ARM College of Engineering and Technology, Sattamangalam, Maraimalainagar Post, Chengalpattu Taluk, Kanchipuram Dist-603209.",CHENGALPATTU,Information Technology,it,84.0,Not Available,Not Available,Not Available,Not Available,Not Available,Not Available
TNEA2025-00063,1232,"ARM College of Engineering and Technology, Sattamangalam, Maraimalainagar Post, Chengalpattu Taluk, Kanchipuram Dist-603209.",CHENGALPATTU,Mechanical Engineering,me,84.0,Not Available,Not Available,Not Available,Not Available,Not Available,Not Available
TNEA2025-00081,1233,"Adhi College of Engineering and Technology, No. 6, Munu Adhi Nagar, Sankarapuram, Puliambakkam Post, Near Wallajabad Kancheepuram-631605.",KANCHIPURAM,Artificial Intelligence and Data Science,ad,139.5,112.5,99.5,130.0,126.0,Not Available,113.0
TNEA2025-00082,1233,"Adhi College of Engineering and Technology, No. 6, Munu Adhi Nagar, Sankarapuram, Puliambakkam Post, Near Wallajabad Kancheepuram-631605.",KANCHIPURAM,Computer Science and Engineering,cs,132.5,90.5,99.5,97.5,98.5,Not Available,113.0
TNEA2025-00083,1233,"Adhi College of Engineering and Technology, No. 6, Munu Adhi Nagar, Sankarapuram, Puliambakkam Post, Near Wallajabad Kancheepuram-631605.",KANCHIPURAM,Electrical and Electronics Engineering,ee,81.0,90.5,99.5,97.5,98.5,Not Available,113.0
TNEA2025-00084,1233,"Adhi College of Engineering and Technology, No. 6, Munu Adhi Nagar, Sankarapuram, Puliambakkam Post, Near Wallajabad Kancheepuram-631605.",KANCHIPURAM,Electronics and Communication Engineering,ec,115.0,89.5,99.5,87.5,100.0,Not Available,113.0
TNEA2025-00085,1233,"Adhi College of Engineering and Technology, No. 6, Munu Adhi Nagar, Sankarapuram, Puliambakkam Post, Near Wallajabad Kancheepuram-631605.",KANCHIPURAM,Information Technology,it,139.0,114.5,99.5,126.5,102.5,Not Available,113.0
TNEA2025-00086,1233,"Adhi College of Engineering and Technology, No. 6, Munu Adhi Nagar, Sankarapuram, Puliambakkam Post, Near Wallajabad Kancheepuram-631605.",KANCHIPURAM,Mechanical Engineering,me,86.5,114.5,99.5,126.5,102.5,Not Available,113.0
TNEA2025-01128,1235,"Jei Mathaajee College of Engineering, No.124, Vishakandikuppam Village, Siruvakkam Post, Kanchipuram-631552.",KANCHIPURAM,Civil Engineering,ce,96.5,Not Available,Not Available,Not Available,Not Available,Not Available,Not Available
TNEA2025-01129,1235,"Jei Mathaajee College of Engineering, No.124, Vishakandikuppam Village, Siruvakkam Post, Kanchipuram-631552.",KANCHIPURAM,Computer Science and Engineering,cs,96.5,Not Available,Not Available,Not Available,Not Available,Not Available,Not Available
TNEA2025-01130,1235,"Jei Mathaajee College of Engineering, No.124, Vishakandikuppam Village, Siruvakkam Post, Kanchipuram-631552.",KANCHIPURAM,Electrical and Electronics Engineering,ee,85.0,Not Available,Not Available,Not Available,Not Available,Not Available,Not Available
TNEA2025-01131,1235,"Jei Mathaajee College of Engineering, No.124, Vishakandikuppam Village, Siruvakkam Post, Kanchipuram-631552.",KANCHIPURAM,Electronics and Communication Engineering,ec,128.5,Not Available,Not Available,Not Available,Not Available,Not Available,Not Available
TNEA2025-01132,1235,"Jei Mathaajee College of Engineering, No.124, Vishakandikuppam Village, Siruvakkam Post, Kanchipuram-631552.",KANCHIPURAM,Information Technology,it,94.0,Not Available,Not Available,Not Available,Not Available,Not Available,Not Available
TNEA2025-01133,1235,"Jei Mathaajee College of Engineering, No.124, Vishakandikuppam Village, Siruvakkam Post, Kanchipuram-631552.",KANCHIPURAM,Mechanical Engineering,me,82.5,Not Available,Not Available,Not Available,Not Available,Not Available,Not Available
TNEA2025-03433,1237,"Velammal Institute of Technology, Chennai - Kolkatta Highway, Pancheeti Village, Ponneri Taluk, Thiruvallur District-601204.",TIRUVALLUR,Artificial Intelligence and Data Science,ad,158.5,151.0,152.0,142.0,117.0,130.0,Not Available
TNEA2025-03434,1237,"Velammal Institute of Technology, Chennai - Kolkatta Highway, Pancheeti Village, Ponneri Taluk, Thiruvallur District-601204.",TIRUVALLUR,Computer Science and Engineering,cs,158.5,147.5,145.0,143.5,109.0,130.0,Not Available
TNEA2025-03435,1237,"Velammal Institute of Technology, Chennai - Kolkatta Highway, Pancheeti Village, Ponneri Taluk, Thiruvallur District-601204.",TIRUVALLUR,Electrical and Electronics Engineering,ee,142.5,131.0,145.0,136.5,102.5,130.0,Not Available
TNEA2025-03436,1237,"Velammal Institute of Technology, Chennai - Kolkatta Highway, Pancheeti Village, Ponneri Taluk, Thiruvallur District-601204.",TIRUVALLUR,Electronics and Communication Engineering,ec,155.5,144.0,132.0,142.0,106.0,130.0,Not Available
TNEA2025-03437,1237,"Velammal Institute of Technology, Chennai - Kolkatta Highway, Pancheeti Village, Ponneri Taluk, Thiruvallur District-601204.",TIRUVALLUR,Information Technology,it,158.0,145.5,144.0,142.5,108.5,130.0,Not Available
TNEA2025-03438,1237,"Velammal Institute of Technology, Chennai - Kolkatta Highway, Pancheeti Village, Ponneri Taluk, Thiruvallur District-601204.",TIRUVALLUR,Mechanical Engineering,me,121.0,91.5,144.0,114.5,104.5,130.0,Not Available
TNEA2025-03439,1237,"Velammal Institute of Technology, Chennai - Kolkatta Highway, Pancheeti Village, Ponneri Taluk, Thiruvallur District-601204.",TIRUVALLUR,Mechatronics Engineering,mz,132.0,108.5,144.0,110.0,115.5,130.0,Not Available
TNEA2025-00786,1238,"GRT Institute of Engineering and Technology, GRT Mahalakshmi Nagar, Chennai-Tirupathi Highway, Tiruttani, Thiruvallur-631209.",TIRUVALLUR,Artificial Intelligence and Data Science,ad,143.5,106.0,118.5,121.5,89.5,114.0,Not Available
TNEA2025-00787,1238,"GRT Institute of Engineering and Technology, GRT Mahalakshmi Nagar, Chennai-Tirupathi Highway, Tiruttani, Thiruvallur-631209.",TIRUVALLUR,Bio Medical Engineering,bm,137.5,115.5,89.0,103.5,89.5,114.0,Not Available
TNEA2025-00788,1238,"GRT Institute of Engineering and Technology, GRT Mahalakshmi Nagar, Chennai-Tirupathi Highway, Tiruttani, Thiruvallur-631209.",TIRUVALLUR,Computer Science and Engineering,cs,144.5,106.5,128.0,125.0,109.0,114.0,Not Available
TNEA2025-00789,1238,"GRT Institute of Engineering and Technology, GRT Mahalakshmi Nagar, Chennai-Tirupathi Highway, Tiruttani, Thiruvallur-631209.",TIRUVALLUR,Electrical and Electronics Engineering,ee,114.5,106.5,128.0,101.5,88.0,114.0,Not Available
TNEA2025-00790,1238,"GRT Institute of Engineering and Technology, GRT Mahalakshmi Nagar, Chennai-Tirupathi Highway, Tiruttani, Thiruvallur-631209.",TIRUVALLUR,Electronics and Communication Engineering,ec,127.0,94.0,128.0,116.5,104.0,114.0,Not Available
TNEA2025-00791,1238,"GRT Institute of Engineering and Technology, GRT Mahalakshmi Nagar, Chennai-Tirupathi Highway, Tiruttani, Thiruvallur-631209.",TIRUVALLUR,Information Technology,it,143.5,91.0,128.0,117.5,96.5,114.0,Not Available
TNEA2025-00792,1238,"GRT Institute of Engineering and Technology, GRT Mahalakshmi Nagar, Chennai-Tirupathi Highway, Tiruttani, Thiruvallur-631209.",TIRUVALLUR,Mechanical Engineering,me,96.5,91.0,128.0,90.5,96.5,114.0,Not Available
TNEA2025-03039,1241,"T.J.S. Engineering College, Peruvoyal, Near Kavaraipettai, Gummidipoondi Taluk, Thiruvallur District-601206.",TIRUVALLUR,Artificial Intelligence and Data Science,ad,124.5,118.0,123.5,116.5,85.0,Not Available,Not Available
TNEA2025-03040,1241,"T.J.S. Engineering College, Peruvoyal, Near Kavaraipettai, Gummidipoondi Taluk, Thiruvallur District-601206.",TIRUVALLUR,Computer Science and Engineering,cs,136.5,116.0,123.5,125.5,81.5,Not Available,Not Available
TNEA2025-03041,1241,"T.J.S. Engineering College, Peruvoyal, Near Kavaraipettai, Gummidipoondi Taluk, Thiruvallur District-601206.",TIRUVALLUR,Computer Science and Engineering (Ai and Machine Learning),am,134.5,101.5,123.5,116.0,111.0,Not Available,Not Available
TNEA2025-03042,1241,"T.J.S. Engineering College, Peruvoyal, Near Kavaraipettai, Gummidipoondi Taluk, Thiruvallur District-601206.",TIRUVALLUR,Electrical and Electronics Engineering,ee,97.0,101.5,88.5,94.5,88.0,Not Available,Not Available
TNEA2025-03043,1241,"T.J.S. Engineering College, Peruvoyal, Near Kavaraipettai, Gummidipoondi Taluk, Thiruvallur District-601206.",TIRUVALLUR,Electronics and Communication Engineering,ec,114.5,85.5,88.5,94.5,82.0,Not Available,Not Available
TNEA2025-03044,1241,"T.J.S. Engineering College, Peruvoyal, Near Kavaraipettai, Gummidipoondi Taluk, Thiruvallur District-601206.",TIRUVALLUR,Information Technology,it,108.5,103.0,107.5,94.5,87.5,Not Available,Not Available
TNEA2025-03045,1241,"T.J.S. Engineering College, Peruvoyal, Near Kavaraipettai, Gummidipoondi Taluk, Thiruvallur District-601206.",TIRUVALLUR,Mechanical Engineering,me,112.0,103.0,107.5,103.0,87.5,Not Available,Not Available
TNEA2025-01501,1243,"Madha Institute of Engineering and Technology, Irandaam Kattalai, Sadhananthapuram, Thandalam post, Chennai-600122.",KANCHIPURAM,Artificial Intelligence and Data Science,ad,111.5,84.5,Not Available,94.0,83.5,Not Available,Not Available
TNEA2025-01502,1243,"Madha Institute of Engineering and Technology, Irandaam Kattalai, Sadhananthapuram, Thandalam post, Chennai-600122.",KANCHIPURAM,Civil Engineering,ce,111.5,84.5,Not Available,94.0,83.5,Not Available,Not Available
TNEA2025-01503,1243,"Madha Institute of Engineering and Technology, Irandaam Kattalai, Sadhananthapuram, Thandalam post, Chennai-600122.",KANCHIPURAM,Computer Science and Engineering,cs,103.5,102.5,Not Available,94.0,100.5,Not Available,Not Available
TNEA2025-01504,1243,"Madha Institute of Engineering and Technology, Irandaam Kattalai, Sadhananthapuram, Thandalam post, Chennai-600122.",KANCHIPURAM,Computer Science and Engineering (Cyber Security),sc,103.5,102.5,Not Available,94.0,100.5,Not Available,Not Available
TNEA2025-01505,1243,"Madha Institute of Engineering and Technology, Irandaam Kattalai, Sadhananthapuram, Thandalam post, Chennai-600122.",KANCHIPURAM,Electrical and Electronics Engineering,ee,103.5,102.5,Not Available,94.0,100.5,Not Available,Not Available
TNEA2025-01506,1243,"Madha Institute of Engineering and Technology, Irandaam Kattalai, Sadhananthapuram, Thandalam post, Chennai-600122.",KANCHIPURAM,Electronics and Communication Engineering,ec,97.0,102.5,Not Available,94.0,100.5,Not Available,Not Available
TNEA2025-01507,1243,"Madha Institute of Engineering and Technology, Irandaam Kattalai, Sadhananthapuram, Thandalam post, Chennai-600122.",KANCHIPURAM,Information Technology,it,84.0,102.5,Not Available,94.0,100.5,Not Available,Not Available
TNEA2025-01508,1243,"Madha Institute of Engineering and Technology, Irandaam Kattalai, Sadhananthapuram, Thandalam post, Chennai-600122.",KANCHIPURAM,Mechanical Engineering,me,84.0,102.5,Not Available,94.0,100.5,Not Available,Not Available
TNEA2025-01634,1301,"Mohamed Sathak A J College of Engineering (Autonomous), #34, Rajiv Gandhi Road(OMR), IT Highway, Siruseri, Egattur, Chennai-603103.",CHENGALPATTU,Artificial Intelligence and Data Science,ad,146.0,111.0,145.5,113.0,112.0,Not Available,Not Available
TNEA2025-01635,1301,"Mohamed Sathak A J College of Engineering (Autonomous), #34, Rajiv Gandhi Road(OMR), IT Highway, Siruseri, Egattur, Chennai-603103.",CHENGALPATTU,Civil Engineering,ce,118.0,116.5,86.0,113.0,112.0,Not Available,Not Available
TNEA2025-01636,1301,"Mohamed Sathak A J College of Engineering (Autonomous), #34, Rajiv Gandhi Road(OMR), IT Highway, Siruseri, Egattur, Chennai-603103.",CHENGALPATTU,Computer Science and Bussiness System,cb,148.5,111.5,86.0,113.0,92.0,Not Available,Not Available
TNEA2025-01637,1301,"Mohamed Sathak A J College of Engineering (Autonomous), #34, Rajiv Gandhi Road(OMR), IT Highway, Siruseri, Egattur, Chennai-603103.",CHENGALPATTU,Computer Science and Engineering,cs,162.5,123.0,160.5,125.0,114.0,Not Available,Not Available
TNEA2025-01638,1301,"Mohamed Sathak A J College of Engineering (Autonomous), #34, Rajiv Gandhi Road(OMR), IT Highway, Siruseri, Egattur, Chennai-603103.",CHENGALPATTU,Computer Science and Engineering (Ai and Machine Learning),am,143.0,109.5,142.0,99.0,103.0,Not Available,Not Available
TNEA2025-01639,1301,"Mohamed Sathak A J College of Engineering (Autonomous), #34, Rajiv Gandhi Road(OMR), IT Highway, Siruseri, Egattur, Chennai-603103.",CHENGALPATTU,Computer Science and Engineering (Cyber Security),sc,140.0,112.0,142.0,113.5,104.0,Not Available,Not Available
TNEA2025-01640,1301,"Mohamed Sathak A J College of Engineering (Autonomous), #34, Rajiv Gandhi Road(OMR), IT Highway, Siruseri, Egattur, Chennai-603103.",CHENGALPATTU,Electrical and Electronics Engineering,ee,116.5,112.0,104.0,113.5,104.0,Not Available,Not Available
TNEA2025-01642,1301,"Mohamed Sathak A J College of Engineering (Autonomous), #34, Rajiv Gandhi Road(OMR), IT Highway, Siruseri, Egattur, Chennai-603103.",CHENGALPATTU,Electronics Engineering (Vlsi Design and Technology),ev,104.0,116.5,88.0,105.0,104.0,Not Available,Not Available
TNEA2025-01643,1301,"Mohamed Sathak A J College of Engineering (Autonomous), #34, Rajiv Gandhi Road(OMR), IT Highway, Siruseri, Egattur, Chennai-603103.",CHENGALPATTU,Electronics and Communication (Advanced Communication Technology),ea,113.0,92.0,112.5,88.0,104.0,Not Available,Not Available
TNEA2025-01641,1301,"Mohamed Sathak A J College of Engineering (Autonomous), #34, Rajiv Gandhi Road(OMR), IT Highway, Siruseri, Egattur, Chennai-603103.",CHENGALPATTU,Electronics and Communication Engineering,ec,135.5,116.5,133.5,105.0,104.0,Not Available,Not Available
TNEA2025-01644,1301,"Mohamed Sathak A J College of Engineering (Autonomous), #34, Rajiv Gandhi Road(OMR), IT Highway, Siruseri, Egattur, Chennai-603103.",CHENGALPATTU,Information Technology,it,146.5,82.5,112.5,112.5,116.5,Not Available,Not Available
TNEA2025-01645,1301,"Mohamed Sathak A J College of Engineering (Autonomous), #34, Rajiv Gandhi Road(OMR), IT Highway, Siruseri, Egattur, Chennai-603103.",CHENGALPATTU,Mechanical Engineering,me,116.5,82.5,112.5,106.0,116.5,Not Available,Not Available
TNEA2025-00158,1303,"Anand Institute of Higher Technology, Kalasalingam Nagar, Old Mahabalipuram Road, Kazhipattur Village, Chengalpattu Taluk, Kancheepuram District-603103.",CHENGALPATTU,Agricultural Engineering,ag,136.5,96.5,100.0,103.0,109.5,Not Available,Not Available
TNEA2025-00159,1303,"Anand Institute of Higher Technology, Kalasalingam Nagar, Old Mahabalipuram Road, Kazhipattur Village, Chengalpattu Taluk, Kancheepuram District-603103.",CHENGALPATTU,Artificial Intelligence and Data Science,ad,136.5,96.5,100.0,103.0,109.5,Not Available,Not Available
TNEA2025-00160,1303,"Anand Institute of Higher Technology, Kalasalingam Nagar, Old Mahabalipuram Road, Kazhipattur Village, Chengalpattu Taluk, Kancheepuram District-603103.",CHENGALPATTU,Bio Technology,bt,115.0,96.5,100.0,95.5,91.5,Not Available,Not Available
TNEA2025-00161,1303,"Anand Institute of Higher Technology, Kalasalingam Nagar, Old Mahabalipuram Road, Kazhipattur Village, Chengalpattu Taluk, Kancheepuram District-603103.",CHENGALPATTU,Computer Science and Bussiness System,cb,113.5,99.5,100.0,96.5,104.0,Not Available,Not Available
TNEA2025-00162,1303,"Anand Institute of Higher Technology, Kalasalingam Nagar, Old Mahabalipuram Road, Kazhipattur Village, Chengalpattu Taluk, Kancheepuram District-603103.",CHENGALPATTU,Computer Science and Engineering,cs,139.0,116.0,104.5,88.0,104.0,Not Available,Not Available
TNEA2025-00163,1303,"Anand Institute of Higher Technology, Kalasalingam Nagar, Old Mahabalipuram Road, Kazhipattur Village, Chengalpattu Taluk, Kancheepuram District-603103.",CHENGALPATTU,Electrical and Electronics Engineering,ee,91.0,82.0,104.5,86.5,104.0,Not Available,Not Available
TNEA2025-00164,1303,"Anand Institute of Higher Technology, Kalasalingam Nagar, Old Mahabalipuram Road, Kazhipattur Village, Chengalpattu Taluk, Kancheepuram District-603103.",CHENGALPATTU,Electronics and Communication Engineering,ec,119.5,95.0,104.5,99.0,91.5,Not Available,Not Available
TNEA2025-00165,1303,"Anand Institute of Higher Technology, Kalasalingam Nagar, Old Mahabalipuram Road, Kazhipattur Village, Chengalpattu Taluk, Kancheepuram District-603103.",CHENGALPATTU,Information Technology,it,128.5,107.0,104.5,104.5,103.0,Not Available,Not Available
TNEA2025-00166,1303,"Anand Institute of Higher Technology, Kalasalingam Nagar, Old Mahabalipuram Road, Kazhipattur Village, Chengalpattu Taluk, Kancheepuram District-603103.",CHENGALPATTU,Mechanical Engineering,me,87.5,107.0,104.5,104.5,103.0,Not Available,Not Available
TNEA2025-00694,1304,"Easwari Engineering College (Autonomous), Bharathi Salai, Ramapuram, Chennai-600089.",CHENNAI,Artificial Intelligence and Data Science,ad,180.5,175.0,174.5,171.33,146.5,119.0,115.0
TNEA2025-00693,1304,"Easwari Engineering College (Autonomous), Bharathi Salai, Ramapuram, Chennai-600089.",CHENNAI,Automobile Engineering,au,146.0,142.0,133.0,142.0,120.0,119.0,115.0
TNEA2025-00695,1304,"Easwari Engineering College (Autonomous), Bharathi Salai, Ramapuram, Chennai-600089.",CHENNAI,Bio Medical Engineering,bm,173.0,159.0,169.67,148.5,132.5,119.0,115.0
TNEA2025-00696,1304,"Easwari Engineering College (Autonomous), Bharathi Salai, Ramapuram, Chennai-600089.",CHENNAI,Bio Technology,bt,170.0,162.0,148.0,153.0,134.0,122.5,115.0
TNEA2025-00697,1304,"Easwari Engineering College (Autonomous), Bharathi Salai, Ramapuram, Chennai-600089.",CHENNAI,Civil Engineering,ce,159.0,130.0,148.0,132.0,120.0,122.5,115.0
TNEA2025-00698,1304,"Easwari Engineering College (Autonomous), Bharathi Salai, Ramapuram, Chennai-600089.",CHENNAI,Computer Science and Bussiness System,cb,173.5,171.5,171.0,169.5,146.0,122.5,115.0
TNEA2025-00699,1304,"Easwari Engineering College (Autonomous), Bharathi Salai, Ramapuram, Chennai-600089.",CHENNAI,Computer Science and Design,cd,175.5,170.0,173.5,168.5,145.5,122.5,115.0
TNEA2025-00700,1304,"Easwari Engineering College (Autonomous), Bharathi Salai, Ramapuram, Chennai-600089.",CHENNAI,Computer Science and Engineering,cs,183.5,178.0,177.0,175.5,156.0,121.5,115.0
TNEA2025-00701,1304,"Easwari Engineering College (Autonomous), Bharathi Salai, Ramapuram, Chennai-600089.",CHENNAI,Computer Science and Engineering (Ai and Machine Learning),am,178.5,174.0,175.0,170.0,153.5,114.0,112.0
TNEA2025-00702,1304,"Easwari Engineering College (Autonomous), Bharathi Salai, Ramapuram, Chennai-600089.",CHENNAI,Computer Science and Engineering (Cyber Security),sc,179.0,176.5,174.0,172.5,151.0,104.0,112.0
TNEA2025-00703,1304,"Easwari Engineering College (Autonomous), Bharathi Salai, Ramapuram, Chennai-600089.",CHENNAI,Electrical and Electronics Engineering,ee,171.0,165.5,162.5,160.5,135.0,104.0,112.0
TNEA2025-00704,1304,"Easwari Engineering College (Autonomous), Bharathi Salai, Ramapuram, Chennai-600089.",CHENNAI,Electronics and Communication Engineering,ec,179.5,175.0,176.0,169.0,142.5,124.5,112.0
TNEA2025-00705,1304,"Easwari Engineering College (Autonomous), Bharathi Salai, Ramapuram, Chennai-600089.",CHENNAI,Information Technology,it,178.5,174.5,176.0,171.5,148.0,84.5,114.5
TNEA2025-00706,1304,"Easwari Engineering College (Autonomous), Bharathi Salai, Ramapuram, Chennai-600089.",CHENNAI,Mechanical Engineering,me,160.0,149.0,120.0,145.0,124.5,84.5,97.5
TNEA2025-00707,1304,"Easwari Engineering College (Autonomous), Bharathi Salai, Ramapuram, Chennai-600089.",CHENNAI,Robotics and Automation,rm,173.0,167.5,170.0,150.5,136.5,84.5,97.5
TNEA2025-01134,1306,"Jeppiaar Engineering College, Jeppiaar Nagar, Old Mammallapuram Road, Kanchipuram, Chennai-600119.",CHENGALPATTU,Aerospace Engineering,ao,168.5,150.5,148.5,96.5,111.5,Not Available,Not Available
TNEA2025-01135,1306,"Jeppiaar Engineering College, Jeppiaar Nagar, Old Mammallapuram Road, Kanchipuram, Chennai-600119.",CHENGALPATTU,Artificial Intelligence and Data Science,ad,166.0,160.0,148.5,154.0,129.0,Not Available,Not Available
TNEA2025-01136,1306,"Jeppiaar Engineering College, Jeppiaar Nagar, Old Mammallapuram Road, Kanchipuram, Chennai-600119.",CHENGALPATTU,Bio Technology,bt,149.5,144.5,148.5,127.5,122.0,Not Available,Not Available
TNEA2025-01137,1306,"Jeppiaar Engineering College, Jeppiaar Nagar, Old Mammallapuram Road, Kanchipuram, Chennai-600119.",CHENGALPATTU,Computer Science and Engineering,cs,167.0,161.0,152.0,159.0,132.0,Not Available,Not Available
TNEA2025-01138,1306,"Jeppiaar Engineering College, Jeppiaar Nagar, Old Mammallapuram Road, Kanchipuram, Chennai-600119.",CHENGALPATTU,Computer Science and Engineering (Ai and Machine Learning),am,161.5,157.0,152.5,152.0,122.5,Not Available,Not Available
TNEA2025-01139,1306,"Jeppiaar Engineering College, Jeppiaar Nagar, Old Mammallapuram Road, Kanchipuram, Chennai-600119.",CHENGALPATTU,Electrical and Electronics Engineering,ee,155.0,150.0,138.5,140.0,108.5,Not Available,Not Available
TNEA2025-01140,1306,"Jeppiaar Engineering College, Jeppiaar Nagar, Old Mammallapuram Road, Kanchipuram, Chennai-600119.",CHENGALPATTU,Electronics and Communication Engineering,ec,161.5,155.5,144.5,152.0,113.5,Not Available,Not Available
TNEA2025-01141,1306,"Jeppiaar Engineering College, Jeppiaar Nagar, Old Mammallapuram Road, Kanchipuram, Chennai-600119.",CHENGALPATTU,Information Technology,it,163.0,157.0,148.0,154.5,125.0,Not Available,Not Available
TNEA2025-01142,1306,"Jeppiaar Engineering College, Jeppiaar Nagar, Old Mammallapuram Road, Kanchipuram, Chennai-600119.",CHENGALPATTU,Mechanical Engineering,me,139.0,94.5,148.0,115.0,108.5,Not Available,Not Available
TNEA2025-01149,1307,"Jerusalem College of Engineering (Autonomous), Velachery-Tambaram Main Road, Narayanapuram, Pallikkaranai, Chennai-600100.",CHENNAI,Artificial Intelligence and Data Science,ad,165.0,149.5,157.5,151.5,118.5,141.0,Not Available
TNEA2025-01150,1307,"Jerusalem College of Engineering (Autonomous), Velachery-Tambaram Main Road, Narayanapuram, Pallikkaranai, Chennai-600100.",CHENNAI,Bio Medical Engineering,bm,136.5,99.0,157.5,106.0,106.0,141.0,Not Available
TNEA2025-01151,1307,"Jerusalem College of Engineering (Autonomous), Velachery-Tambaram Main Road, Narayanapuram, Pallikkaranai, Chennai-600100.",CHENNAI,Computer Science and Bussiness System,cb,155.0,143.5,137.5,141.0,128.0,141.0,Not Available
TNEA2025-01152,1307,"Jerusalem College of Engineering (Autonomous), Velachery-Tambaram Main Road, Narayanapuram, Pallikkaranai, Chennai-600100.",CHENNAI,Computer Science and Engineering,cs,159.5,150.0,154.5,146.5,132.0,121.5,Not Available
TNEA2025-01153,1307,"Jerusalem College of Engineering (Autonomous), Velachery-Tambaram Main Road, Narayanapuram, Pallikkaranai, Chennai-600100.",CHENNAI,Computer Science and Engineering (Ai and Machine Learning),am,155.0,144.0,154.5,143.5,122.5,121.5,Not Available
TNEA2025-01154,1307,"Jerusalem College of Engineering (Autonomous), Velachery-Tambaram Main Road, Narayanapuram, Pallikkaranai, Chennai-600100.",CHENNAI,Computer Science and Engineering (Cyber Security),sc,152.0,142.0,146.5,139.0,112.0,121.5,Not Available
TNEA2025-01155,1307,"Jerusalem College of Engineering (Autonomous), Velachery-Tambaram Main Road, Narayanapuram, Pallikkaranai, Chennai-600100.",CHENNAI,Electrical and Electronics Engineering,ee,152.5,139.0,146.5,126.0,114.5,121.5,Not Available
TNEA2025-01156,1307,"Jerusalem College of Engineering (Autonomous), Velachery-Tambaram Main Road, Narayanapuram, Pallikkaranai, Chennai-600100.",CHENNAI,Electronics and Communication Engineering,ec,156.0,143.0,146.5,142.0,123.0,121.5,Not Available
TNEA2025-01157,1307,"Jerusalem College of Engineering (Autonomous), Velachery-Tambaram Main Road, Narayanapuram, Pallikkaranai, Chennai-600100.",CHENNAI,Information Technology,it,156.0,146.5,152.5,144.5,127.5,121.5,Not Available
TNEA2025-01610,1309,"Meenakshi Sundararajan Engineering College (Autonomous), C/O I.I.E.T Society No.363, Arcot Road, Kodambakkam, Chennai-600024.",CHENNAI,Artificial Intelligence and Data Science,ad,172.0,166.0,170.0,163.5,142.5,134.5,133.0
TNEA2025-01611,1309,"Meenakshi Sundararajan Engineering College (Autonomous), C/O I.I.E.T Society No.363, Arcot Road, Kodambakkam, Chennai-600024.",CHENNAI,Civil Engineering,ce,128.0,105.0,110.5,97.5,104.5,134.5,133.0
TNEA2025-01612,1309,"Meenakshi Sundararajan Engineering College (Autonomous), C/O I.I.E.T Society No.363, Arcot Road, Kodambakkam, Chennai-600024.",CHENNAI,Computer Science and Engineering,cs,179.5,173.5,172.5,165.0,164.0,132.0,133.0
TNEA2025-01613,1309,"Meenakshi Sundararajan Engineering College (Autonomous), C/O I.I.E.T Society No.363, Arcot Road, Kodambakkam, Chennai-600024.",CHENNAI,Electrical and Electronics Engineering,ee,160.5,154.0,143.0,146.0,117.5,132.0,133.0
TNEA2025-01614,1309,"Meenakshi Sundararajan Engineering College (Autonomous), C/O I.I.E.T Society No.363, Arcot Road, Kodambakkam, Chennai-600024.",CHENNAI,Electronics and Communication Engineering,ec,172.5,165.5,169.5,161.5,132.0,116.0,133.0
TNEA2025-01615,1309,"Meenakshi Sundararajan Engineering College (Autonomous), C/O I.I.E.T Society No.363, Arcot Road, Kodambakkam, Chennai-600024.",CHENNAI,Information Technology,it,172.5,167.5,170.5,162.5,146.5,112.5,112.0
TNEA2025-01616,1309,"Meenakshi Sundararajan Engineering College (Autonomous), C/O I.I.E.T Society No.363, Arcot Road, Kodambakkam, Chennai-600024.",CHENNAI,Mechanical Engineering,me,149.0,125.0,113.0,120.5,118.5,112.5,112.0
TNEA2025-01626,1310,"Misrimal Navajee Munoth Jain Engineering College, Guru Marudhar Kesari Building, Jyothi Nagar, Thorapakkam, Chennai-600097.",CHENGALPATTU,Artificial Intelligence and Data Science,ad,154.0,136.5,125.0,135.5,112.0,Not Available,Not Available
TNEA2025-01627,1310,"Misrimal Navajee Munoth Jain Engineering College, Guru Marudhar Kesari Building, Jyothi Nagar, Thorapakkam, Chennai-600097.",CHENGALPATTU,Civil Engineering,ce,107.0,136.5,125.0,135.5,112.0,Not Available,Not Available
TNEA2025-01628,1310,"Misrimal Navajee Munoth Jain Engineering College, Guru Marudhar Kesari Building, Jyothi Nagar, Thorapakkam, Chennai-600097.",CHENGALPATTU,Computer Science and Bussiness System,cb,147.0,126.5,125.0,125.0,107.0,Not Available,Not Available
TNEA2025-01629,1310,"Misrimal Navajee Munoth Jain Engineering College, Guru Marudhar Kesari Building, Jyothi Nagar, Thorapakkam, Chennai-600097.",CHENGALPATTU,Computer Science and Engineering,cs,164.0,142.5,125.0,151.0,114.5,Not Available,Not Available
TNEA2025-01630,1310,"Misrimal Navajee Munoth Jain Engineering College, Guru Marudhar Kesari Building, Jyothi Nagar, Thorapakkam, Chennai-600097.",CHENGALPATTU,Electrical and Electronics Engineering,ee,101.0,142.5,125.0,151.0,114.5,Not Available,Not Available
TNEA2025-01631,1310,"Misrimal Navajee Munoth Jain Engineering College, Guru Marudhar Kesari Building, Jyothi Nagar, Thorapakkam, Chennai-600097.",CHENGALPATTU,Electronics and Communication Engineering,ec,142.0,116.5,134.5,109.5,107.0,Not Available,Not Available
TNEA2025-01632,1310,"Misrimal Navajee Munoth Jain Engineering College, Guru Marudhar Kesari Building, Jyothi Nagar, Thorapakkam, Chennai-600097.",CHENGALPATTU,Information Technology,it,151.5,129.0,139.5,129.5,104.0,Not Available,Not Available
TNEA2025-01633,1310,"Misrimal Navajee Munoth Jain Engineering College, Guru Marudhar Kesari Building, Jyothi Nagar, Thorapakkam, Chennai-600097.",CHENGALPATTU,Mechanical Engineering,me,105.5,129.0,139.5,129.5,104.0,Not Available,Not Available
TNEA2025-01208,1311,"KCG college of Technology (Autonomous), Rajiv Gandhi Salai, Karapakkam, Chennai-600097.",CHENNAI,Aeronautical Engineering,ae,165.5,158.0,159.0,149.0,123.5,Not Available,103.0
TNEA2025-01209,1311,"KCG college of Technology (Autonomous), Rajiv Gandhi Salai, Karapakkam, Chennai-600097.",CHENNAI,Aerospace Engineering,ao,178.5,164.0,148.0,167.5,150.5,Not Available,103.0
TNEA2025-01211,1311,"KCG college of Technology (Autonomous), Rajiv Gandhi Salai, Karapakkam, Chennai-600097.",CHENNAI,Artificial Intelligence and Data Science,ad,168.0,164.0,162.5,159.5,138.0,Not Available,103.0
TNEA2025-01210,1311,"KCG college of Technology (Autonomous), Rajiv Gandhi Salai, Karapakkam, Chennai-600097.",CHENNAI,Automobile Engineering,au,135.0,122.0,148.0,103.0,98.0,Not Available,103.0
TNEA2025-01212,1311,"KCG college of Technology (Autonomous), Rajiv Gandhi Salai, Karapakkam, Chennai-600097.",CHENNAI,Civil Engineering,ce,111.5,98.0,162.5,159.5,138.0,Not Available,103.0
TNEA2025-01213,1311,"KCG college of Technology (Autonomous), Rajiv Gandhi Salai, Karapakkam, Chennai-600097.",CHENNAI,Computer Science and Engineering,cs,169.5,162.5,160.5,157.5,133.5,Not Available,133.5
TNEA2025-01214,1311,"KCG college of Technology (Autonomous), Rajiv Gandhi Salai, Karapakkam, Chennai-600097.",CHENNAI,Computer Science and Engineering (Cyber Security),sc,167.0,160.5,162.5,156.0,142.5,Not Available,133.5
TNEA2025-01215,1311,"KCG college of Technology (Autonomous), Rajiv Gandhi Salai, Karapakkam, Chennai-600097.",CHENNAI,Electrical and Electronics Engineering,ee,160.0,153.5,137.5,142.5,115.0,Not Available,133.5
TNEA2025-01216,1311,"KCG college of Technology (Autonomous), Rajiv Gandhi Salai, Karapakkam, Chennai-600097.",CHENNAI,Electronics and Communication Engineering,ec,165.5,158.0,163.0,155.0,124.5,Not Available,133.5
TNEA2025-01217,1311,"KCG college of Technology (Autonomous), Rajiv Gandhi Salai, Karapakkam, Chennai-600097.",CHENNAI,Fashion Technology,ft,134.0,119.5,163.0,109.5,124.5,Not Available,133.5
TNEA2025-01218,1311,"KCG college of Technology (Autonomous), Rajiv Gandhi Salai, Karapakkam, Chennai-600097.",CHENNAI,Information Technology,it,165.5,160.0,164.0,155.5,137.0,Not Available,133.5
TNEA2025-01219,1311,"KCG college of Technology (Autonomous), Rajiv Gandhi Salai, Karapakkam, Chennai-600097.",CHENNAI,Mechanical Engineering,me,152.5,146.0,123.0,129.0,106.5,Not Available,133.5
TNEA2025-01220,1311,"KCG college of Technology (Autonomous), Rajiv Gandhi Salai, Karapakkam, Chennai-600097.",CHENNAI,Mechatronics Engineering,mz,155.5,152.5,144.5,148.0,114.5,Not Available,133.5
TNEA2025-02826,1315,"Sri Sivasubramaniya Nadar College of Engineering (Autonomous), Rajiv Gandhi Salai (OMR), Kalavakkam, Kanchipuram District-603110.",CHENGALPATTU,Bio Medical Engineering,bm,191.0,189.0,190.5,187.0,167.0,166.5,158.0
TNEA2025-02827,1315,"Sri Sivasubramaniya Nadar College of Engineering (Autonomous), Rajiv Gandhi Salai (OMR), Kalavakkam, Kanchipuram District-603110.",CHENGALPATTU,Chemical Engineering,ch,190.5,187.5,189.5,187.5,168.5,135.0,158.0
TNEA2025-02828,1315,"Sri Sivasubramaniya Nadar College of Engineering (Autonomous), Rajiv Gandhi Salai (OMR), Kalavakkam, Kanchipuram District-603110.",CHENGALPATTU,Civil Engineering,ce,188.5,185.0,188.0,183.0,166.5,126.0,158.0
TNEA2025-02829,1315,"Sri Sivasubramaniya Nadar College of Engineering (Autonomous), Rajiv Gandhi Salai (OMR), Kalavakkam, Kanchipuram District-603110.",CHENGALPATTU,Computer Science and Engineering,cs,198.5,197.5,197.0,196.5,191.5,184.0,178.0
TNEA2025-02830,1315,"Sri Sivasubramaniya Nadar College of Engineering (Autonomous), Rajiv Gandhi Salai (OMR), Kalavakkam, Kanchipuram District-603110.",CHENGALPATTU,Electrical and Electronics Engineering,ee,195.0,194.5,193.5,192.5,182.0,159.0,168.5
TNEA2025-02831,1315,"Sri Sivasubramaniya Nadar College of Engineering (Autonomous), Rajiv Gandhi Salai (OMR), Kalavakkam, Kanchipuram District-603110.",CHENGALPATTU,Electronics and Communication Engineering,ec,197.0,196.0,196.5,195.0,189.0,178.0,170.5
TNEA2025-02832,1315,"Sri Sivasubramaniya Nadar College of Engineering (Autonomous), Rajiv Gandhi Salai (OMR), Kalavakkam, Kanchipuram District-603110.",CHENGALPATTU,Information Technology,it,197.0,196.5,196.5,195.5,189.5,178.0,170.5
TNEA2025-02833,1315,"Sri Sivasubramaniya Nadar College of Engineering (Autonomous), Rajiv Gandhi Salai (OMR), Kalavakkam, Kanchipuram District-603110.",CHENGALPATTU,M.Tech. Computer Science and Engineering (Integrated 5 Years),cj,195.0,194.0,194.5,192.5,183.0,161.0,170.5
TNEA2025-02834,1315,"Sri Sivasubramaniya Nadar College of Engineering (Autonomous), Rajiv Gandhi Salai (OMR), Kalavakkam, Kanchipuram District-603110.",CHENGALPATTU,Mechanical Engineering,me,192.0,190.5,190.0,189.5,175.5,156.5,159.5
TNEA2025-00122,1316,"Agni College of Technology (Autonomous), Thalambur Off.Rajiv Gandhi Salai, Chengalpattu Taluk, Kancheepuram District-603103.",CHENGALPATTU,Artificial Intelligence and Data Science,ad,157.0,141.5,157.0,142.0,136.0,122.0,97.5
TNEA2025-00123,1316,"Agni College of Technology (Autonomous), Thalambur Off.Rajiv Gandhi Salai, Chengalpattu Taluk, Kancheepuram District-603103.",CHENGALPATTU,Bio Medical Engineering,bm,136.0,86.0,157.0,112.0,103.5,122.0,97.5
TNEA2025-00124,1316,"Agni College of Technology (Autonomous), Thalambur Off.Rajiv Gandhi Salai, Chengalpattu Taluk, Kancheepuram District-603103.",CHENGALPATTU,Chemical Engineering,ch,130.0,99.0,113.0,115.0,96.5,122.0,97.5
TNEA2025-00125,1316,"Agni College of Technology (Autonomous), Thalambur Off.Rajiv Gandhi Salai, Chengalpattu Taluk, Kancheepuram District-603103.",CHENGALPATTU,Civil Engineering,ce,129.0,107.0,113.0,106.5,108.5,122.0,97.5
TNEA2025-00126,1316,"Agni College of Technology (Autonomous), Thalambur Off.Rajiv Gandhi Salai, Chengalpattu Taluk, Kancheepuram District-603103.",CHENGALPATTU,Computer Science and Engineering,cs,154.0,139.5,128.0,134.5,112.0,112.0,97.5
TNEA2025-00127,1316,"Agni College of Technology (Autonomous), Thalambur Off.Rajiv Gandhi Salai, Chengalpattu Taluk, Kancheepuram District-603103.",CHENGALPATTU,Electrical and Electronics Engineering,ee,148.0,132.0,128.0,119.0,103.0,112.0,97.5
TNEA2025-00128,1316,"Agni College of Technology (Autonomous), Thalambur Off.Rajiv Gandhi Salai, Chengalpattu Taluk, Kancheepuram District-603103.",CHENGALPATTU,Electronics and Communication Engineering,ec,158.0,142.0,136.5,135.5,111.5,112.0,97.5
TNEA2025-00129,1316,"Agni College of Technology (Autonomous), Thalambur Off.Rajiv Gandhi Salai, Chengalpattu Taluk, Kancheepuram District-603103.",CHENGALPATTU,Information Technology,it,145.0,136.5,121.0,132.0,116.0,112.0,97.5
TNEA2025-00130,1316,"Agni College of Technology (Autonomous), Thalambur Off.Rajiv Gandhi Salai, Chengalpattu Taluk, Kancheepuram District-603103.",CHENGALPATTU,Mechanical Engineering,me,125.5,100.5,121.0,103.5,115.5,112.0,97.5
TNEA2025-00131,1316,"Agni College of Technology (Autonomous), Thalambur Off.Rajiv Gandhi Salai, Chengalpattu Taluk, Kancheepuram District-603103.",CHENGALPATTU,Mechatronics Engineering,mz,142.5,117.5,115.5,122.5,101.5,112.0,97.5
TNEA2025-02895,1317,"St. Joseph's College of Engineering (Autonomous), Jeppiaar Nagar, Old Mamallapuram Road, Kanchipuram, Chennai-600119.",CHENNAI,Artificial Intelligence and Data Science,ad,176.5,171.5,167.5,166.5,135.5,104.5,105.5
TNEA2025-02896,1317,"St. Joseph's College of Engineering (Autonomous), Jeppiaar Nagar, Old Mamallapuram Road, Kanchipuram, Chennai-600119.",CHENNAI,Artificial Intelligence and Machine Learning,al,172.5,169.0,162.0,164.5,140.5,104.5,105.5
TNEA2025-02897,1317,"St. Joseph's College of Engineering (Autonomous), Jeppiaar Nagar, Old Mamallapuram Road, Kanchipuram, Chennai-600119.",CHENNAI,Bio Technology,bt,169.0,159.0,156.5,155.0,132.0,104.5,105.5
TNEA2025-02898,1317,"St. Joseph's College of Engineering (Autonomous), Jeppiaar Nagar, Old Mamallapuram Road, Kanchipuram, Chennai-600119.",CHENNAI,Chemical Engineering,ch,166.5,150.0,140.0,118.0,90.5,104.5,105.5
TNEA2025-02899,1317,"St. Joseph's College of Engineering (Autonomous), Jeppiaar Nagar, Old Mamallapuram Road, Kanchipuram, Chennai-600119.",CHENNAI,Computer Science and Engineering,cs,185.0,177.5,176.5,176.5,150.5,128.0,151.5
TNEA2025-02900,1317,"St. Joseph's College of Engineering (Autonomous), Jeppiaar Nagar, Old Mamallapuram Road, Kanchipuram, Chennai-600119.",CHENNAI,Computer Science and Engineering (Cyber Security),sc,176.0,173.0,167.0,167.5,141.0,128.0,151.5
TNEA2025-02901,1317,"St. Joseph's College of Engineering (Autonomous), Jeppiaar Nagar, Old Mamallapuram Road, Kanchipuram, Chennai-600119.",CHENNAI,Electrical and Electronics Engineering,ee,165.5,161.0,157.0,155.0,125.5,128.0,151.5
TNEA2025-02902,1317,"St. Joseph's College of Engineering (Autonomous), Jeppiaar Nagar, Old Mamallapuram Road, Kanchipuram, Chennai-600119.",CHENNAI,Electronics and Communication Engineering,ec,181.5,175.0,178.0,167.5,138.0,128.0,151.5
TNEA2025-02903,1317,"St. Joseph's College of Engineering (Autonomous), Jeppiaar Nagar, Old Mamallapuram Road, Kanchipuram, Chennai-600119.",CHENNAI,Information Technology,it,179.0,174.5,172.0,168.5,141.5,128.0,122.0
TNEA2025-02904,1317,"St. Joseph's College of Engineering (Autonomous), Jeppiaar Nagar, Old Mamallapuram Road, Kanchipuram, Chennai-600119.",CHENNAI,Mechanical Engineering,me,150.0,137.5,120.0,127.0,109.0,128.0,122.0
TNEA2025-02905,1317,"St. Joseph's College of Engineering (Autonomous), Jeppiaar Nagar, Old Mamallapuram Road, Kanchipuram, Chennai-600119.",CHENNAI,Mechatronics Engineering,mz,167.5,157.5,117.5,153.5,135.5,128.0,122.0
TNEA2025-03030,1318,"T.J. Institute of Technology, Rajiv Gandhi Salai, Karapakkam, Chennai-600097.",CHENNAI,Artificial Intelligence and Data Science,ad,92.0,Not Available,Not Available,92.0,Not Available,Not Available,Not Available
TNEA2025-03031,1318,"T.J. Institute of Technology, Rajiv Gandhi Salai, Karapakkam, Chennai-600097.",CHENNAI,Civil Engineering,ce,92.0,Not Available,Not Available,92.0,Not Available,Not Available,Not Available
TNEA2025-03032,1318,"T.J. Institute of Technology, Rajiv Gandhi Salai, Karapakkam, Chennai-600097.",CHENNAI,Computer Science and Engineering,cs,82.0,Not Available,Not Available,92.0,Not Available,Not Available,Not Available
TNEA2025-03033,1318,"T.J. Institute of Technology, Rajiv Gandhi Salai, Karapakkam, Chennai-600097.",CHENNAI,Computer Science and Engineering (Ai and Machine Learning),am,84.5,Not Available,Not Available,92.0,Not Available,Not Available,Not Available
TNEA2025-03034,1318,"T.J. Institute of Technology, Rajiv Gandhi Salai, Karapakkam, Chennai-600097.",CHENNAI,Computer Science and Engineering (Cyber Security),sc,91.0,Not Available,Not Available,92.0,Not Available,Not Available,Not Available
TNEA2025-03035,1318,"T.J. Institute of Technology, Rajiv Gandhi Salai, Karapakkam, Chennai-600097.",CHENNAI,Electrical and Electronics Engineering,ee,91.0,Not Available,Not Available,92.0,Not Available,Not Available,Not Available
TNEA2025-03036,1318,"T.J. Institute of Technology, Rajiv Gandhi Salai, Karapakkam, Chennai-600097.",CHENNAI,Electronics and Communication Engineering,ec,110.5,Not Available,Not Available,92.0,Not Available,Not Available,Not Available
TNEA2025-03037,1318,"T.J. Institute of Technology, Rajiv Gandhi Salai, Karapakkam, Chennai-600097.",CHENNAI,Information Technology,it,90.5,Not Available,Not Available,92.0,Not Available,Not Available,Not Available
TNEA2025-03038,1318,"T.J. Institute of Technology, Rajiv Gandhi Salai, Karapakkam, Chennai-600097.",CHENNAI,Mechanical Engineering,me,90.5,Not Available,Not Available,92.0,Not Available,Not Available,Not Available
TNEA2025-03081,1319,"Thangavelu Engineering College, Rajiv Gandhi Salai, Karapakkam, Chennai-600097.",CHENNAI,Artificial Intelligence and Data Science,ad,115.5,87.0,Not Available,102.0,98.0,Not Available,Not Available
TNEA2025-03082,1319,"Thangavelu Engineering College, Rajiv Gandhi Salai, Karapakkam, Chennai-600097.",CHENNAI,Civil Engineering,ce,115.5,87.0,Not Available,102.0,98.0,Not Available,Not Available
TNEA2025-03083,1319,"Thangavelu Engineering College, Rajiv Gandhi Salai, Karapakkam, Chennai-600097.",CHENNAI,Computer Science and Engineering,cs,91.0,87.0,Not Available,102.0,98.0,Not Available,Not Available
TNEA2025-03084,1319,"Thangavelu Engineering College, Rajiv Gandhi Salai, Karapakkam, Chennai-600097.",CHENNAI,Electrical and Electronics Engineering,ee,91.0,87.0,Not Available,102.0,98.0,Not Available,Not Available
TNEA2025-03085,1319,"Thangavelu Engineering College, Rajiv Gandhi Salai, Karapakkam, Chennai-600097.",CHENNAI,Electronics and Communication Engineering,ec,91.5,87.0,Not Available,102.0,98.0,Not Available,Not Available
TNEA2025-03086,1319,"Thangavelu Engineering College, Rajiv Gandhi Salai, Karapakkam, Chennai-600097.",CHENNAI,Electronics and Instrumentation Engineering,ei,100.0,87.0,Not Available,102.0,98.0,Not Available,Not Available
TNEA2025-03087,1319,"Thangavelu Engineering College, Rajiv Gandhi Salai, Karapakkam, Chennai-600097.",CHENNAI,Information Technology,it,120.5,87.0,Not Available,102.0,98.0,Not Available,Not Available
TNEA2025-03088,1319,"Thangavelu Engineering College, Rajiv Gandhi Salai, Karapakkam, Chennai-600097.",CHENNAI,Mechanical Engineering,me,107.0,87.0,Not Available,102.0,98.0,Not Available,Not Available
TNEA2025-00470,1321,Central Institute of Petrochemicals Engineering and Technology (Formerly Central Institute of Plastics Engineering and Technology) (CIPET) Guindy Chennai 600032,CHENNAI,Manufacturing Engineering,mn,171.5,158.0,155.0,153.5,140.5,126.0,146.0
TNEA2025-00471,1321,Central Institute of Petrochemicals Engineering and Technology (Formerly Central Institute of Plastics Engineering and Technology) (CIPET) Guindy Chennai 600032,CHENNAI,Plastic Technology,pa,172.5,158.0,166.0,155.5,143.0,127.0,146.0
TNEA2025-00590,1322,"Dhanalakshmi Srinivasan College of Engineering and Technology, ECR, Poonjeri, Mamallapuram, Kanchipuram-603104.",CHENGALPATTU,Aeronautical Engineering,ae,111.5,109.0,93.5,102.0,97.0,92.0,91.5
TNEA2025-00591,1322,"Dhanalakshmi Srinivasan College of Engineering and Technology, ECR, Poonjeri, Mamallapuram, Kanchipuram-603104.",CHENGALPATTU,Agricultural Engineering,ag,96.0,109.0,93.5,102.0,97.0,92.0,91.5
TNEA2025-00592,1322,"Dhanalakshmi Srinivasan College of Engineering and Technology, ECR, Poonjeri, Mamallapuram, Kanchipuram-603104.",CHENGALPATTU,Artificial Intelligence and Data Science,ad,134.5,87.0,93.5,90.5,97.0,92.0,91.5
TNEA2025-00593,1322,"Dhanalakshmi Srinivasan College of Engineering and Technology, ECR, Poonjeri, Mamallapuram, Kanchipuram-603104.",CHENGALPATTU,Bio Medical Engineering,bm,109.0,87.0,105.0,86.0,98.5,92.0,91.5
TNEA2025-00594,1322,"Dhanalakshmi Srinivasan College of Engineering and Technology, ECR, Poonjeri, Mamallapuram, Kanchipuram-603104.",CHENGALPATTU,Civil Engineering,ce,99.0,87.0,105.0,86.0,98.5,92.0,91.5
TNEA2025-00595,1322,"Dhanalakshmi Srinivasan College of Engineering and Technology, ECR, Poonjeri, Mamallapuram, Kanchipuram-603104.",CHENGALPATTU,Computer Science and Engineering,cs,133.5,93.5,121.0,92.0,101.0,121.0,91.5
TNEA2025-00596,1322,"Dhanalakshmi Srinivasan College of Engineering and Technology, ECR, Poonjeri, Mamallapuram, Kanchipuram-603104.",CHENGALPATTU,Computer Science and Engineering (Ai and Machine Learning),am,105.0,101.5,121.0,99.5,84.5,121.0,91.5
TNEA2025-00597,1322,"Dhanalakshmi Srinivasan College of Engineering and Technology, ECR, Poonjeri, Mamallapuram, Kanchipuram-603104.",CHENGALPATTU,Computer Science and Engineering (Cyber Security),sc,132.0,95.0,111.0,102.5,106.0,121.0,91.5
TNEA2025-00598,1322,"Dhanalakshmi Srinivasan College of Engineering and Technology, ECR, Poonjeri, Mamallapuram, Kanchipuram-603104.",CHENGALPATTU,Electrical and Electronics Engineering,ee,93.0,95.0,111.0,102.5,106.0,121.0,91.5
TNEA2025-00599,1322,"Dhanalakshmi Srinivasan College of Engineering and Technology, ECR, Poonjeri, Mamallapuram, Kanchipuram-603104.",CHENGALPATTU,Electronics and Communication Engineering,ec,139.0,106.5,105.0,112.0,80.5,100.0,91.5
TNEA2025-00600,1322,"Dhanalakshmi Srinivasan College of Engineering and Technology, ECR, Poonjeri, Mamallapuram, Kanchipuram-603104.",CHENGALPATTU,Food Technology,fd,95.5,106.5,105.0,112.0,80.5,100.0,91.5
TNEA2025-00601,1322,"Dhanalakshmi Srinivasan College of Engineering and Technology, ECR, Poonjeri, Mamallapuram, Kanchipuram-603104.",CHENGALPATTU,Information Technology,it,110.5,101.0,99.0,98.5,88.0,100.0,91.5
TNEA2025-00602,1322,"Dhanalakshmi Srinivasan College of Engineering and Technology, ECR, Poonjeri, Mamallapuram, Kanchipuram-603104.",CHENGALPATTU,Mechanical Engineering,me,83.5,101.0,99.0,98.5,88.0,100.0,91.5
TNEA2025-02785,1324,"Sri Sai Ram Institute of Technology (Autonomous), Sai Leo Nagar, Dharkast Road, West Tambaram, Kanchipuram, Chennai-600044.",CHENNAI,Artificial Intelligence and Data Science,ad,174.5,171.0,165.0,168.0,150.5,165.5,130.5
TNEA2025-02787,1324,"Sri Sai Ram Institute of Technology (Autonomous), Sai Leo Nagar, Dharkast Road, West Tambaram, Kanchipuram, Chennai-600044.",CHENNAI,Computer Science and Engineering,cs,178.5,175.0,169.0,170.5,142.5,107.5,130.5
TNEA2025-02788,1324,"Sri Sai Ram Institute of Technology (Autonomous), Sai Leo Nagar, Dharkast Road, West Tambaram, Kanchipuram, Chennai-600044.",CHENNAI,Computer Science and Engineering (Ai and Machine Learning),am,174.0,169.0,170.5,166.5,142.0,107.5,130.5
TNEA2025-02789,1324,"Sri Sai Ram Institute of Technology (Autonomous), Sai Leo Nagar, Dharkast Road, West Tambaram, Kanchipuram, Chennai-600044.",CHENNAI,Computer Science and Engineering (Cyber Security),sc,174.5,171.5,169.5,165.5,141.5,107.5,130.5
TNEA2025-02790,1324,"Sri Sai Ram Institute of Technology (Autonomous), Sai Leo Nagar, Dharkast Road, West Tambaram, Kanchipuram, Chennai-600044.",CHENNAI,Computer Science and Engineering (Internet of Things),ci,171.5,168.0,170.0,163.5,134.5,107.5,130.5
TNEA2025-02786,1324,"Sri Sai Ram Institute of Technology (Autonomous), Sai Leo Nagar, Dharkast Road, West Tambaram, Kanchipuram, Chennai-600044.",CHENNAI,Computer and Communication Engineering,co,171.0,167.5,167.5,163.0,134.0,165.5,130.5
TNEA2025-02791,1324,"Sri Sai Ram Institute of Technology (Autonomous), Sai Leo Nagar, Dharkast Road, West Tambaram, Kanchipuram, Chennai-600044.",CHENNAI,Electrical and Electronics Engineering,ee,165.0,163.5,161.0,157.0,130.5,107.5,130.5
TNEA2025-02792,1324,"Sri Sai Ram Institute of Technology (Autonomous), Sai Leo Nagar, Dharkast Road, West Tambaram, Kanchipuram, Chennai-600044.",CHENNAI,Electronics and Communication Engineering,ec,176.5,172.5,166.0,171.0,133.5,107.5,130.5
TNEA2025-02793,1324,"Sri Sai Ram Institute of Technology (Autonomous), Sai Leo Nagar, Dharkast Road, West Tambaram, Kanchipuram, Chennai-600044.",CHENNAI,Information Technology,it,174.5,171.0,169.5,168.0,142.5,107.5,114.0
TNEA2025-02794,1324,"Sri Sai Ram Institute of Technology (Autonomous), Sai Leo Nagar, Dharkast Road, West Tambaram, Kanchipuram, Chennai-600044.",CHENNAI,Mechanical Engineering,me,149.5,143.0,138.5,136.5,120.0,107.5,114.0
TNEA2025-02890,1325,"St. Joseph College of Engineering, Trinity Campus, Nemili B Beemanthangal Village, Sriperumbudur, Kancheepuram District, Chennai-602105.",KANCHIPURAM,Artificial Intelligence and Data Science,ad,146.0,126.5,142.0,110.5,105.5,103.5,111.0
TNEA2025-02891,1325,"St. Joseph College of Engineering, Trinity Campus, Nemili B Beemanthangal Village, Sriperumbudur, Kancheepuram District, Chennai-602105.",KANCHIPURAM,Computer Science and Engineering,cs,145.0,113.5,118.0,104.0,88.0,103.5,111.5
TNEA2025-02892,1325,"St. Joseph College of Engineering, Trinity Campus, Nemili B Beemanthangal Village, Sriperumbudur, Kancheepuram District, Chennai-602105.",KANCHIPURAM,Electronics and Communication Engineering,ec,146.0,120.5,143.5,117.5,115.5,103.5,111.5
TNEA2025-02893,1325,"St. Joseph College of Engineering, Trinity Campus, Nemili B Beemanthangal Village, Sriperumbudur, Kancheepuram District, Chennai-602105.",KANCHIPURAM,Information Technology,it,141.5,113.5,110.0,103.0,102.0,103.5,111.5
TNEA2025-02894,1325,"St. Joseph College of Engineering, Trinity Campus, Nemili B Beemanthangal Village, Sriperumbudur, Kancheepuram District, Chennai-602105.",KANCHIPURAM,Mechanical Engineering,me,119.0,84.0,106.5,92.5,85.0,103.5,111.5
TNEA2025-02532,1333,"Shikshaa Institute of Advanced Technologies (formerly Vi Institute of Technology), No. 96 Sirunkundram Post, Chengalpattu Taluk, Kancheepuram District-603108.",CHENGALPATTU,Artificial Intelligence and Data Science,ad,85.5,Not Available,Not Available,Not Available,Not Available,Not Available,Not Available
TNEA2025-02533,1333,"Shikshaa Institute of Advanced Technologies (formerly Vi Institute of Technology), No. 96 Sirunkundram Post, Chengalpattu Taluk, Kancheepuram District-603108.",CHENGALPATTU,Computer Science and Engineering,cs,123.0,Not Available,Not Available,Not Available,Not Available,Not Available,Not Available
TNEA2025-02534,1333,"Shikshaa Institute of Advanced Technologies (formerly Vi Institute of Technology), No. 96 Sirunkundram Post, Chengalpattu Taluk, Kancheepuram District-603108.",CHENGALPATTU,Computer Science and Engineering (Ai and Machine Learning),am,86.0,Not Available,Not Available,Not Available,Not Available,Not Available,Not Available
TNEA2025-02535,1333,"Shikshaa Institute of Advanced Technologies (formerly Vi Institute of Technology), No. 96 Sirunkundram Post, Chengalpattu Taluk, Kancheepuram District-603108.",CHENGALPATTU,Electrical and Electronics Engineering,ee,86.0,Not Available,Not Available,Not Available,Not Available,Not Available,Not Available
TNEA2025-02536,1333,"Shikshaa Institute of Advanced Technologies (formerly Vi Institute of Technology), No. 96 Sirunkundram Post, Chengalpattu Taluk, Kancheepuram District-603108.",CHENGALPATTU,Electronics and Communication Engineering,ec,115.0,Not Available,Not Available,Not Available,Not Available,Not Available,Not Available
TNEA2025-02537,1333,"Shikshaa Institute of Advanced Technologies (formerly Vi Institute of Technology), No. 96 Sirunkundram Post, Chengalpattu Taluk, Kancheepuram District-603108.",CHENGALPATTU,Mechanical Engineering,me,115.0,Not Available,Not Available,Not Available,Not Available,Not Available,Not Available
TNEA2025-02700,1335,"Sri Krishna Institute of Technology, Navaneedam Nagar, Panapakkam, Near Padappai, Kanchipuram-601301.",KANCHIPURAM,Civil Engineering,ce,112.5,Not Available,Not Available,Not Available,Not Available,Not Available,Not Available
TNEA2025-02701,1335,"Sri Krishna Institute of Technology, Navaneedam Nagar, Panapakkam, Near Padappai, Kanchipuram-601301.",KANCHIPURAM,Computer Science and Engineering (Ai and Machine Learning),am,112.5,Not Available,Not Available,Not Available,Not Available,Not Available,Not Available
TNEA2025-02702,1335,"Sri Krishna Institute of Technology, Navaneedam Nagar, Panapakkam, Near Padappai, Kanchipuram-601301.",KANCHIPURAM,Computer Science and Engineering (Cyber Security),sc,96.5,Not Available,Not Available,Not Available,Not Available,Not Available,Not Available
TNEA2025-02703,1335,"Sri Krishna Institute of Technology, Navaneedam Nagar, Panapakkam, Near Padappai, Kanchipuram-601301.",KANCHIPURAM,Electrical and Electronics Engineering,ee,96.5,Not Available,Not Available,Not Available,Not Available,Not Available,Not Available
TNEA2025-02704,1335,"Sri Krishna Institute of Technology, Navaneedam Nagar, Panapakkam, Near Padappai, Kanchipuram-601301.",KANCHIPURAM,Electronics and Communication Engineering,ec,114.5,Not Available,Not Available,Not Available,Not Available,Not Available,Not Available
TNEA2025-02705,1335,"Sri Krishna Institute of Technology, Navaneedam Nagar, Panapakkam, Near Padappai, Kanchipuram-601301.",KANCHIPURAM,Mechanical Engineering,me,114.5,Not Available,Not Available,Not Available,Not Available,Not Available,Not Available
TNEA2025-01520,1339,"Mahalakshmi Tech Campus (formerly Mahalakshmi Engineering College), No.1 Bharathiyar Street, Prashanthi Nagar, Chromepet, Chennai-600044.",CHENNAI,Artificial Intelligence and Data Science,ad,107.0,Not Available,Not Available,Not Available,Not Available,Not Available,Not Available
TNEA2025-01521,1339,"Mahalakshmi Tech Campus (formerly Mahalakshmi Engineering College), No.1 Bharathiyar Street, Prashanthi Nagar, Chromepet, Chennai-600044.",CHENNAI,Civil Engineering,ce,107.0,Not Available,Not Available,Not Available,Not Available,Not Available,Not Available
TNEA2025-01522,1339,"Mahalakshmi Tech Campus (formerly Mahalakshmi Engineering College), No.1 Bharathiyar Street, Prashanthi Nagar, Chromepet, Chennai-600044.",CHENNAI,Computer Science and Engineering,cs,85.0,Not Available,Not Available,Not Available,Not Available,Not Available,Not Available
TNEA2025-01523,1339,"Mahalakshmi Tech Campus (formerly Mahalakshmi Engineering College), No.1 Bharathiyar Street, Prashanthi Nagar, Chromepet, Chennai-600044.",CHENNAI,Electrical and Electronics Engineering,ee,85.0,Not Available,Not Available,Not Available,Not Available,Not Available,Not Available
TNEA2025-01524,1339,"Mahalakshmi Tech Campus (formerly Mahalakshmi Engineering College), No.1 Bharathiyar Street, Prashanthi Nagar, Chromepet, Chennai-600044.",CHENNAI,Electronics and Communication Engineering,ec,162.0,Not Available,Not Available,Not Available,Not Available,Not Available,Not Available
TNEA2025-01525,1339,"Mahalakshmi Tech Campus (formerly Mahalakshmi Engineering College), No.1 Bharathiyar Street, Prashanthi Nagar, Chromepet, Chennai-600044.",CHENNAI,Mechanical Engineering,me,162.0,Not Available,Not Available,Not Available,Not Available,Not Available,Not Available
TNEA2025-00478,1399,Chennai Institute of Technology (Autonomous) Puduper Village Nandambakkam Post Kundrathur Chennai 600069,KANCHIPURAM,Artificial Intelligence and Data Science,ad,191.5,189.5,190.0,187.0,176.5,127.5,140.0
TNEA2025-00479,1399,Chennai Institute of Technology (Autonomous) Puduper Village Nandambakkam Post Kundrathur Chennai 600069,KANCHIPURAM,Bio Medical Engineering,bm,188.0,184.5,183.0,185.0,169.0,146.0,140.0
TNEA2025-00480,1399,Chennai Institute of Technology (Autonomous) Puduper Village Nandambakkam Post Kundrathur Chennai 600069,KANCHIPURAM,Civil Engineering,ce,183.5,181.0,183.0,182.0,162.97,146.0,140.0
TNEA2025-00481,1399,Chennai Institute of Technology (Autonomous) Puduper Village Nandambakkam Post Kundrathur Chennai 600069,KANCHIPURAM,Computer Science and Bussiness System,cb,190.0,189.0,189.5,187.5,170.5,146.0,138.5
TNEA2025-00482,1399,Chennai Institute of Technology (Autonomous) Puduper Village Nandambakkam Post Kundrathur Chennai 600069,KANCHIPURAM,Computer Science and Engineering,cs,194.0,191.0,191.0,188.5,172.0,131.5,140.0
TNEA2025-00483,1399,Chennai Institute of Technology (Autonomous) Puduper Village Nandambakkam Post Kundrathur Chennai 600069,KANCHIPURAM,Computer Science and Engineering (Ai and Machine Learning),am,190.5,189.0,189.5,186.5,171.5,158.0,142.5
TNEA2025-00484,1399,Chennai Institute of Technology (Autonomous) Puduper Village Nandambakkam Post Kundrathur Chennai 600069,KANCHIPURAM,Computer Science and Engineering (Cyber Security),sc,190.5,189.0,189.19,186.5,174.0,155.5,142.5
TNEA2025-00485,1399,Chennai Institute of Technology (Autonomous) Puduper Village Nandambakkam Post Kundrathur Chennai 600069,KANCHIPURAM,Electrical and Electronics Engineering,ee,189.0,187.5,188.5,185.0,167.92,155.5,124.0
TNEA2025-00487,1399,Chennai Institute of Technology (Autonomous) Puduper Village Nandambakkam Post Kundrathur Chennai 600069,KANCHIPURAM,Electronics Engineering (Vlsi Design and Technology),ev,189.0,188.0,189.0,185.5,166.26,164.5,143.5
TNEA2025-00488,1399,Chennai Institute of Technology (Autonomous) Puduper Village Nandambakkam Post Kundrathur Chennai 600069,KANCHIPURAM,Electronics and Communication (Advanced Communication Technology),ea,189.5,188.5,188.5,187.0,170.0,160.5,143.5
TNEA2025-00486,1399,Chennai Institute of Technology (Autonomous) Puduper Village Nandambakkam Post Kundrathur Chennai 600069,KANCHIPURAM,Electronics and Communication Engineering,ec,193.0,190.5,190.0,189.0,176.0,149.5,143.5
TNEA2025-00489,1399,Chennai Institute of Technology (Autonomous) Puduper Village Nandambakkam Post Kundrathur Chennai 600069,KANCHIPURAM,Information Technology,it,191.0,190.0,190.0,187.5,170.0,154.0,128.0
TNEA2025-00490,1399,Chennai Institute of Technology (Autonomous) Puduper Village Nandambakkam Post Kundrathur Chennai 600069,KANCHIPURAM,Mechanical Engineering,me,184.0,181.89,183.0,179.75,164.78,150.5,123.5
TNEA2025-00491,1399,Chennai Institute of Technology (Autonomous) Puduper Village Nandambakkam Post Kundrathur Chennai 600069,KANCHIPURAM,Mechatronics Engineering,mz,187.5,186.0,184.5,185.0,165.5,143.0,123.5
TNEA2025-01646,1400,"Mohamed Sathak A.J. Academy of Architecture, IT Highway, 34, Old Mahabalipuram Road, Egattur, Chenglepet Taluk, Kancheepuram District-603103.",CHENGALPATTU,Bachelor of Design,da,141.0,Not Available,Not Available,Not Available,Not Available,Not Available,Not Available
TNEA2025-00095,1401,"Adhiparasakthi Engineering College, Melmaruvathur, Cheyyur Taluk, Kancheepuram District-603319.",CHENGALPATTU,Chemical Engineering,ch,92.5,116.5,124.0,131.5,109.5,107.0,Not Available
TNEA2025-00096,1401,"Adhiparasakthi Engineering College, Melmaruvathur, Cheyyur Taluk, Kancheepuram District-603319.",CHENGALPATTU,Civil Engineering,ce,84.0,116.5,124.0,131.5,109.5,107.0,Not Available
TNEA2025-00097,1401,"Adhiparasakthi Engineering College, Melmaruvathur, Cheyyur Taluk, Kancheepuram District-603319.",CHENGALPATTU,Computer Science and Engineering,cs,151.5,116.5,124.0,131.5,109.5,107.0,Not Available
TNEA2025-00098,1401,"Adhiparasakthi Engineering College, Melmaruvathur, Cheyyur Taluk, Kancheepuram District-603319.",CHENGALPATTU,Computer Science and Engineering (Ai and Machine Learning),am,150.5,111.5,146.5,133.0,111.5,107.0,Not Available
TNEA2025-00099,1401,"Adhiparasakthi Engineering College, Melmaruvathur, Cheyyur Taluk, Kancheepuram District-603319.",CHENGALPATTU,Electrical and Electronics Engineering,ee,93.5,111.5,146.5,133.0,111.5,107.0,Not Available
TNEA2025-00100,1401,"Adhiparasakthi Engineering College, Melmaruvathur, Cheyyur Taluk, Kancheepuram District-603319.",CHENGALPATTU,Electronics and Communication Engineering,ec,125.0,108.0,89.0,95.5,110.0,107.0,Not Available
TNEA2025-00101,1401,"Adhiparasakthi Engineering College, Melmaruvathur, Cheyyur Taluk, Kancheepuram District-603319.",CHENGALPATTU,Information Technology,it,146.5,124.5,119.0,131.0,91.5,107.0,Not Available
TNEA2025-00102,1401,"Adhiparasakthi Engineering College, Melmaruvathur, Cheyyur Taluk, Kancheepuram District-603319.",CHENGALPATTU,Mechanical Engineering,me,88.5,124.5,119.0,131.0,91.5,107.0,Not Available
TNEA2025-00218,1402,"Annai Teresa College of Engineering, Thirunavalur, Ulundurpet Taluk, Villupuram District-607204.",KALLAKURICHI,Computer Science and Engineering,cs,101.0,100.5,Not Available,85.5,Not Available,Not Available,Not Available
TNEA2025-00219,1402,"Annai Teresa College of Engineering, Thirunavalur, Ulundurpet Taluk, Villupuram District-607204.",KALLAKURICHI,Electrical and Electronics Engineering,ee,100.5,100.5,Not Available,85.5,Not Available,Not Available,Not Available
TNEA2025-00220,1402,"Annai Teresa College of Engineering, Thirunavalur, Ulundurpet Taluk, Villupuram District-607204.",KALLAKURICHI,Electronics and Communication Engineering,ec,80.5,100.5,Not Available,85.5,Not Available,Not Available,Not Available
TNEA2025-00221,1402,"Annai Teresa College of Engineering, Thirunavalur, Ulundurpet Taluk, Villupuram District-607204.",KALLAKURICHI,Mechanical Engineering,me,80.5,100.5,Not Available,85.5,Not Available,Not Available,Not Available
TNEA2025-00572,1405,"Dhanalakshmi College of Engineering, Manimangalam Puducheri Road, Manimangalam, Manimangalam Post, Sriperumbudur Taluk, Kancheepuram District, Chennai-601301.",KANCHIPURAM,Artificial Intelligence and Data Science,ad,148.5,127.5,133.5,119.5,109.0,106.5,Not Available
TNEA2025-00573,1405,"Dhanalakshmi College of Engineering, Manimangalam Puducheri Road, Manimangalam, Manimangalam Post, Sriperumbudur Taluk, Kancheepuram District, Chennai-601301.",KANCHIPURAM,Computer Science and Engineering,cs,148.0,127.0,141.0,121.5,116.5,106.5,Not Available
TNEA2025-00574,1405,"Dhanalakshmi College of Engineering, Manimangalam Puducheri Road, Manimangalam, Manimangalam Post, Sriperumbudur Taluk, Kancheepuram District, Chennai-601301.",KANCHIPURAM,Computer Science and Engineering (Ai and Machine Learning),am,122.5,98.5,114.0,95.0,112.0,106.5,Not Available
TNEA2025-00575,1405,"Dhanalakshmi College of Engineering, Manimangalam Puducheri Road, Manimangalam, Manimangalam Post, Sriperumbudur Taluk, Kancheepuram District, Chennai-601301.",KANCHIPURAM,Computer Science and Engineering (Cyber Security),sc,136.0,115.5,119.5,96.0,107.0,106.5,Not Available
TNEA2025-00576,1405,"Dhanalakshmi College of Engineering, Manimangalam Puducheri Road, Manimangalam, Manimangalam Post, Sriperumbudur Taluk, Kancheepuram District, Chennai-601301.",KANCHIPURAM,Electrical and Electronics Engineering,ee,91.0,115.5,119.5,96.0,107.0,106.5,Not Available
TNEA2025-00577,1405,"Dhanalakshmi College of Engineering, Manimangalam Puducheri Road, Manimangalam, Manimangalam Post, Sriperumbudur Taluk, Kancheepuram District, Chennai-601301.",KANCHIPURAM,Electronics and Communication Engineering,ec,135.73,115.0,119.5,112.0,106.5,106.5,Not Available
TNEA2025-00578,1405,"Dhanalakshmi College of Engineering, Manimangalam Puducheri Road, Manimangalam, Manimangalam Post, Sriperumbudur Taluk, Kancheepuram District, Chennai-601301.",KANCHIPURAM,Information Technology,it,146.5,124.0,107.0,116.5,106.0,106.5,Not Available
TNEA2025-00579,1405,"Dhanalakshmi College of Engineering, Manimangalam Puducheri Road, Manimangalam, Manimangalam Post, Sriperumbudur Taluk, Kancheepuram District, Chennai-601301.",KANCHIPURAM,Mechanical Engineering,me,94.0,124.0,107.0,116.5,106.0,106.5,Not Available
TNEA2025-00776,1407,"G K M College of Engineering and Technology, G K M Nagar, Alappakkam-Mappedu Road, New Perugalathur, Chennai-600063.",CHENGALPATTU,Artificial Intelligence and Data Science,ad,107.0,94.0,Not Available,88.0,102.5,Not Available,Not Available
TNEA2025-00775,1407,"G K M College of Engineering and Technology, G K M Nagar, Alappakkam-Mappedu Road, New Perugalathur, Chennai-600063.",CHENGALPATTU,Automobile Engineering,au,105.0,94.0,Not Available,88.0,102.5,Not Available,Not Available
TNEA2025-00777,1407,"G K M College of Engineering and Technology, G K M Nagar, Alappakkam-Mappedu Road, New Perugalathur, Chennai-600063.",CHENGALPATTU,Bio Medical Engineering,bm,109.0,94.0,Not Available,88.0,102.5,Not Available,Not Available
TNEA2025-00778,1407,"G K M College of Engineering and Technology, G K M Nagar, Alappakkam-Mappedu Road, New Perugalathur, Chennai-600063.",CHENGALPATTU,Civil Engineering,ce,98.5,94.0,Not Available,88.0,102.5,Not Available,Not Available
TNEA2025-00779,1407,"G K M College of Engineering and Technology, G K M Nagar, Alappakkam-Mappedu Road, New Perugalathur, Chennai-600063.",CHENGALPATTU,Computer Science and Engineering,cs,126.0,106.0,Not Available,102.5,85.0,Not Available,Not Available
TNEA2025-00780,1407,"G K M College of Engineering and Technology, G K M Nagar, Alappakkam-Mappedu Road, New Perugalathur, Chennai-600063.",CHENGALPATTU,Computer Science and Engineering (Cyber Security),sc,93.0,88.5,Not Available,102.5,85.0,Not Available,Not Available
TNEA2025-00781,1407,"G K M College of Engineering and Technology, G K M Nagar, Alappakkam-Mappedu Road, New Perugalathur, Chennai-600063.",CHENGALPATTU,Electrical and Electronics Engineering,ee,113.5,88.5,Not Available,102.5,85.0,Not Available,Not Available
TNEA2025-00782,1407,"G K M College of Engineering and Technology, G K M Nagar, Alappakkam-Mappedu Road, New Perugalathur, Chennai-600063.",CHENGALPATTU,Electronics and Communication Engineering,ec,101.5,88.5,Not Available,102.5,85.0,Not Available,Not Available
TNEA2025-00783,1407,"G K M College of Engineering and Technology, G K M Nagar, Alappakkam-Mappedu Road, New Perugalathur, Chennai-600063.",CHENGALPATTU,Information Technology,it,107.5,103.0,Not Available,94.5,85.0,Not Available,Not Available
TNEA2025-00784,1407,"G K M College of Engineering and Technology, G K M Nagar, Alappakkam-Mappedu Road, New Perugalathur, Chennai-600063.",CHENGALPATTU,Marine Engineering,mr,107.5,103.0,Not Available,94.5,85.0,Not Available,Not Available
TNEA2025-00785,1407,"G K M College of Engineering and Technology, G K M Nagar, Alappakkam-Mappedu Road, New Perugalathur, Chennai-600063.",CHENGALPATTU,Mechanical Engineering,me,107.5,103.0,Not Available,94.5,85.0,Not Available,Not Available
TNEA2025-00943,1408,"IFET College of Engineering (Autonomous), IFET Nagar, Gangarampalayam, Valavanur Post, Villupuram District-605108.",VILUPPURAM,Artificial Intelligence and Data Science,ad,158.5,131.0,128.5,144.0,112.5,Not Available,122.5
TNEA2025-00944,1408,"IFET College of Engineering (Autonomous), IFET Nagar, Gangarampalayam, Valavanur Post, Villupuram District-605108.",VILUPPURAM,Artificial Intelligence and Machine Learning,al,152.0,125.5,136.0,138.0,104.5,Not Available,122.5
TNEA2025-00945,1408,"IFET College of Engineering (Autonomous), IFET Nagar, Gangarampalayam, Valavanur Post, Villupuram District-605108.",VILUPPURAM,Computer Science and Engineering,cs,167.0,139.0,144.5,144.5,107.0,Not Available,122.5
TNEA2025-00946,1408,"IFET College of Engineering (Autonomous), IFET Nagar, Gangarampalayam, Valavanur Post, Villupuram District-605108.",VILUPPURAM,Computer Science and Engineering (Cyber Security),sc,146.0,121.5,134.5,137.0,90.0,Not Available,122.5
TNEA2025-00947,1408,"IFET College of Engineering (Autonomous), IFET Nagar, Gangarampalayam, Valavanur Post, Villupuram District-605108.",VILUPPURAM,Electrical and Electronics Engineering,ee,133.0,103.0,134.5,124.5,96.5,Not Available,122.5
TNEA2025-00948,1408,"IFET College of Engineering (Autonomous), IFET Nagar, Gangarampalayam, Valavanur Post, Villupuram District-605108.",VILUPPURAM,Electronics and Communication Engineering,ec,147.0,113.0,99.0,139.0,107.0,Not Available,108.0
TNEA2025-00949,1408,"IFET College of Engineering (Autonomous), IFET Nagar, Gangarampalayam, Valavanur Post, Villupuram District-605108.",VILUPPURAM,Information Technology,it,154.5,130.5,139.0,142.5,104.0,Not Available,108.0
TNEA2025-00950,1408,"IFET College of Engineering (Autonomous), IFET Nagar, Gangarampalayam, Valavanur Post, Villupuram District-605108.",VILUPPURAM,Mechanical Engineering,me,118.0,87.0,87.0,101.0,101.5,Not Available,108.0
TNEA2025-01276,1409,"Karpaga Vinayaga College of Engineering and Technology, G.S.T. Road, Chinna Kolambakkam, Palayanoor Post, Madurantagam Taluk, Kancheepuram Dist-603308.",CHENGALPATTU,Artificial Intelligence and Data Science,ad,148.0,128.5,85.0,124.5,101.0,130.0,120.5
TNEA2025-01275,1409,"Karpaga Vinayaga College of Engineering and Technology, G.S.T. Road, Chinna Kolambakkam, Palayanoor Post, Madurantagam Taluk, Kancheepuram Dist-603308.",CHENGALPATTU,Automobile Engineering,au,148.0,128.5,85.0,124.5,101.0,130.0,120.5
TNEA2025-01277,1409,"Karpaga Vinayaga College of Engineering and Technology, G.S.T. Road, Chinna Kolambakkam, Palayanoor Post, Madurantagam Taluk, Kancheepuram Dist-603308.",CHENGALPATTU,Bio Medical Engineering,bm,117.0,97.0,85.0,103.0,102.0,130.0,120.5
TNEA2025-01278,1409,"Karpaga Vinayaga College of Engineering and Technology, G.S.T. Road, Chinna Kolambakkam, Palayanoor Post, Madurantagam Taluk, Kancheepuram Dist-603308.",CHENGALPATTU,Bio Technology,bt,125.5,100.0,111.0,99.0,89.5,130.0,120.5
TNEA2025-01279,1409,"Karpaga Vinayaga College of Engineering and Technology, G.S.T. Road, Chinna Kolambakkam, Palayanoor Post, Madurantagam Taluk, Kancheepuram Dist-603308.",CHENGALPATTU,Civil Engineering,ce,89.0,100.0,111.0,99.0,89.5,130.0,120.5
TNEA2025-01280,1409,"Karpaga Vinayaga College of Engineering and Technology, G.S.T. Road, Chinna Kolambakkam, Palayanoor Post, Madurantagam Taluk, Kancheepuram Dist-603308.",CHENGALPATTU,Computer Science and Engineering,cs,143.0,130.5,115.0,118.5,118.5,130.0,101.0
TNEA2025-01281,1409,"Karpaga Vinayaga College of Engineering and Technology, G.S.T. Road, Chinna Kolambakkam, Palayanoor Post, Madurantagam Taluk, Kancheepuram Dist-603308.",CHENGALPATTU,Electrical and Electronics Engineering,ee,90.0,130.5,115.0,80.0,118.5,130.0,101.0
TNEA2025-01282,1409,"Karpaga Vinayaga College of Engineering and Technology, G.S.T. Road, Chinna Kolambakkam, Palayanoor Post, Madurantagam Taluk, Kancheepuram Dist-603308.",CHENGALPATTU,Electronics and Communication Engineering,ec,147.0,129.0,131.0,106.0,108.0,130.0,101.0
TNEA2025-01283,1409,"Karpaga Vinayaga College of Engineering and Technology, G.S.T. Road, Chinna Kolambakkam, Palayanoor Post, Madurantagam Taluk, Kancheepuram Dist-603308.",CHENGALPATTU,Mechanical Engineering,me,89.5,129.0,131.0,106.0,108.0,130.0,101.0
TNEA2025-01284,1409,"Karpaga Vinayaga College of Engineering and Technology, G.S.T. Road, Chinna Kolambakkam, Palayanoor Post, Madurantagam Taluk, Kancheepuram Dist-603308.",CHENGALPATTU,Robotics and Automation,rm,112.0,91.5,131.0,99.0,108.0,130.0,101.0
TNEA2025-01490,1411,"Madha Engineering College, Madha Nagar, Somangalam Road, Kundrathur, Kanchipuram, Chennai-600069.",KANCHIPURAM,Aeronautical Engineering,ae,110.5,129.5,124.0,118.5,113.0,Not Available,Not Available
TNEA2025-01491,1411,"Madha Engineering College, Madha Nagar, Somangalam Road, Kundrathur, Kanchipuram, Chennai-600069.",KANCHIPURAM,Artificial Intelligence and Data Science,ad,150.5,129.5,124.0,118.5,113.0,Not Available,Not Available
TNEA2025-01492,1411,"Madha Engineering College, Madha Nagar, Somangalam Road, Kundrathur, Kanchipuram, Chennai-600069.",KANCHIPURAM,Bio Medical Engineering,bm,124.5,129.5,124.0,86.0,104.0,Not Available,Not Available
TNEA2025-01493,1411,"Madha Engineering College, Madha Nagar, Somangalam Road, Kundrathur, Kanchipuram, Chennai-600069.",KANCHIPURAM,Bio Technology,bt,125.0,121.0,124.0,107.5,115.5,Not Available,Not Available
TNEA2025-01494,1411,"Madha Engineering College, Madha Nagar, Somangalam Road, Kundrathur, Kanchipuram, Chennai-600069.",KANCHIPURAM,Computer Science and Bussiness System,cb,98.0,121.0,124.0,107.5,115.5,Not Available,Not Available
TNEA2025-01495,1411,"Madha Engineering College, Madha Nagar, Somangalam Road, Kundrathur, Kanchipuram, Chennai-600069.",KANCHIPURAM,Computer Science and Engineering,cs,141.0,93.0,124.0,98.5,119.0,Not Available,Not Available
TNEA2025-01496,1411,"Madha Engineering College, Madha Nagar, Somangalam Road, Kundrathur, Kanchipuram, Chennai-600069.",KANCHIPURAM,Computer Science and Engineering (Ai and Machine Learning),am,125.0,100.5,124.0,98.5,119.0,Not Available,Not Available
TNEA2025-01497,1411,"Madha Engineering College, Madha Nagar, Somangalam Road, Kundrathur, Kanchipuram, Chennai-600069.",KANCHIPURAM,Electrical and Electronics Engineering,ee,90.5,100.5,124.0,98.5,119.0,Not Available,Not Available
TNEA2025-01498,1411,"Madha Engineering College, Madha Nagar, Somangalam Road, Kundrathur, Kanchipuram, Chennai-600069.",KANCHIPURAM,Electronics and Communication Engineering,ec,118.0,94.5,124.0,105.0,119.0,Not Available,Not Available
TNEA2025-01499,1411,"Madha Engineering College, Madha Nagar, Somangalam Road, Kundrathur, Kanchipuram, Chennai-600069.",KANCHIPURAM,Information Technology,it,134.5,118.0,124.0,117.5,100.5,Not Available,Not Available
TNEA2025-01500,1411,"Madha Engineering College, Madha Nagar, Somangalam Road, Kundrathur, Kanchipuram, Chennai-600069.",KANCHIPURAM,Mechanical Engineering,me,92.0,118.0,124.0,117.5,100.5,Not Available,Not Available
TNEA2025-01560,1412,"Mailam Engineering College, Mailam, Tindivanam Taluk, Villupuram District-604304.",VILUPPURAM,Artificial Intelligence and Data Science,ad,163.5,131.5,124.0,143.5,93.0,106.5,Not Available
TNEA2025-01561,1412,"Mailam Engineering College, Mailam, Tindivanam Taluk, Villupuram District-604304.",VILUPPURAM,Civil Engineering,ce,101.5,85.5,124.0,87.0,85.0,106.5,Not Available
TNEA2025-01562,1412,"Mailam Engineering College, Mailam, Tindivanam Taluk, Villupuram District-604304.",VILUPPURAM,Computer Science and Bussiness System,cb,136.5,106.0,119.0,133.0,93.5,106.5,Not Available
TNEA2025-01563,1412,"Mailam Engineering College, Mailam, Tindivanam Taluk, Villupuram District-604304.",VILUPPURAM,Computer Science and Engineering,cs,163.5,141.5,132.0,148.0,134.5,106.5,Not Available
TNEA2025-01564,1412,"Mailam Engineering College, Mailam, Tindivanam Taluk, Villupuram District-604304.",VILUPPURAM,Electrical and Electronics Engineering,ee,128.0,91.0,132.0,115.5,85.5,106.5,Not Available
TNEA2025-01565,1412,"Mailam Engineering College, Mailam, Tindivanam Taluk, Villupuram District-604304.",VILUPPURAM,Electronics and Communication Engineering,ec,142.5,96.5,108.0,136.0,87.0,106.5,Not Available
TNEA2025-01566,1412,"Mailam Engineering College, Mailam, Tindivanam Taluk, Villupuram District-604304.",VILUPPURAM,Information Technology,it,155.0,124.5,131.5,142.5,131.0,106.5,Not Available
TNEA2025-01567,1412,"Mailam Engineering College, Mailam, Tindivanam Taluk, Villupuram District-604304.",VILUPPURAM,Mechanical Engineering,me,97.5,124.5,131.5,85.0,82.5,106.5,Not Available
TNEA2025-02863,1413,"Sri Venkateswaraa College of Technology, Sirukulathur, Vadakal Village, Mathur Post, Sriperumbhudur, Kanchipuram-602105.",KANCHIPURAM,Artificial Intelligence and Data Science,ad,142.5,98.0,124.5,113.0,108.5,120.5,Not Available
TNEA2025-02864,1413,"Sri Venkateswaraa College of Technology, Sirukulathur, Vadakal Village, Mathur Post, Sriperumbhudur, Kanchipuram-602105.",KANCHIPURAM,Computer Science and Bussiness System,cb,87.5,98.0,124.5,113.0,108.5,120.5,Not Available
TNEA2025-02865,1413,"Sri Venkateswaraa College of Technology, Sirukulathur, Vadakal Village, Mathur Post, Sriperumbhudur, Kanchipuram-602105.",KANCHIPURAM,Computer Science and Design,cd,88.5,98.0,124.5,113.0,108.5,120.5,Not Available
TNEA2025-02866,1413,"Sri Venkateswaraa College of Technology, Sirukulathur, Vadakal Village, Mathur Post, Sriperumbhudur, Kanchipuram-602105.",KANCHIPURAM,Computer Science and Engineering,cs,149.0,93.0,141.0,80.0,93.0,120.5,Not Available
TNEA2025-02867,1413,"Sri Venkateswaraa College of Technology, Sirukulathur, Vadakal Village, Mathur Post, Sriperumbhudur, Kanchipuram-602105.",KANCHIPURAM,Computer Science and Engineering (Ai and Machine Learning),am,97.5,94.5,141.0,92.0,93.0,120.5,Not Available
TNEA2025-02868,1413,"Sri Venkateswaraa College of Technology, Sirukulathur, Vadakal Village, Mathur Post, Sriperumbhudur, Kanchipuram-602105.",KANCHIPURAM,Computer Science and Engineering (Cyber Security),sc,87.0,94.5,141.0,92.0,93.0,120.5,Not Available
TNEA2025-02869,1413,"Sri Venkateswaraa College of Technology, Sirukulathur, Vadakal Village, Mathur Post, Sriperumbhudur, Kanchipuram-602105.",KANCHIPURAM,Electrical and Electronics Engineering,ee,119.0,94.5,141.0,92.0,93.0,120.5,Not Available
TNEA2025-02871,1413,"Sri Venkateswaraa College of Technology, Sirukulathur, Vadakal Village, Mathur Post, Sriperumbhudur, Kanchipuram-602105.",KANCHIPURAM,Electronics Engineering (Vlsi Design and Technology),ev,103.0,128.0,93.0,118.5,98.5,120.5,Not Available
TNEA2025-02872,1413,"Sri Venkateswaraa College of Technology, Sirukulathur, Vadakal Village, Mathur Post, Sriperumbhudur, Kanchipuram-602105.",KANCHIPURAM,Electronics and Communication (Advanced Communication Technology),ea,108.5,128.0,93.0,118.5,98.5,120.5,Not Available
TNEA2025-02870,1413,"Sri Venkateswaraa College of Technology, Sirukulathur, Vadakal Village, Mathur Post, Sriperumbhudur, Kanchipuram-602105.",KANCHIPURAM,Electronics and Communication Engineering,ec,142.0,128.0,93.0,118.5,98.5,120.5,Not Available
TNEA2025-02873,1413,"Sri Venkateswaraa College of Technology, Sirukulathur, Vadakal Village, Mathur Post, Sriperumbhudur, Kanchipuram-602105.",KANCHIPURAM,Information Technology,it,137.5,120.5,125.5,101.0,99.0,120.5,Not Available
TNEA2025-02874,1413,"Sri Venkateswaraa College of Technology, Sirukulathur, Vadakal Village, Mathur Post, Sriperumbhudur, Kanchipuram-602105.",KANCHIPURAM,Mechanical Engineering,me,94.5,120.5,125.5,101.0,82.5,120.5,Not Available
TNEA2025-02109,1414,"Prince Shri Venkateshwaraa Padmavathy Engineering College (Autonomous), Medavakkam - Mambakkam Road, Ponmar, Kanchipuram, Chennai-600127.",CHENGALPATTU,Civil Engineering,ce,118.5,191.0,192.0,190.0,187.0,Not Available,185.5
TNEA2025-02110,1414,"Prince Shri Venkateshwaraa Padmavathy Engineering College (Autonomous), Medavakkam - Mambakkam Road, Ponmar, Kanchipuram, Chennai-600127.",CHENGALPATTU,Computer Science and Engineering,cs,193.0,191.0,192.0,190.0,187.0,Not Available,185.5
TNEA2025-02111,1414,"Prince Shri Venkateshwaraa Padmavathy Engineering College (Autonomous), Medavakkam - Mambakkam Road, Ponmar, Kanchipuram, Chennai-600127.",CHENGALPATTU,Electrical and Electronics Engineering,ee,154.5,148.5,192.0,121.0,108.5,Not Available,185.5
TNEA2025-02112,1414,"Prince Shri Venkateshwaraa Padmavathy Engineering College (Autonomous), Medavakkam - Mambakkam Road, Ponmar, Kanchipuram, Chennai-600127.",CHENGALPATTU,Electronics and Communication Engineering,ec,185.0,152.5,146.0,148.5,103.0,Not Available,185.5
TNEA2025-02113,1414,"Prince Shri Venkateshwaraa Padmavathy Engineering College (Autonomous), Medavakkam - Mambakkam Road, Ponmar, Kanchipuram, Chennai-600127.",CHENGALPATTU,Information Technology,it,192.0,188.5,183.0,188.0,121.0,Not Available,185.5
TNEA2025-02114,1414,"Prince Shri Venkateshwaraa Padmavathy Engineering College (Autonomous), Medavakkam - Mambakkam Road, Ponmar, Kanchipuram, Chennai-600127.",CHENGALPATTU,Mechanical Engineering,me,125.5,113.5,183.0,101.0,121.0,Not Available,185.5
TNEA2025-03046,1415,"T.S.M.Jain College of Technology, Melur, Kallakurichi Taluk, Villupuram District-606201.",KALLAKURICHI,Civil Engineering,ce,83.75,Not Available,Not Available,Not Available,Not Available,Not Available,Not Available
TNEA2025-03047,1415,"T.S.M.Jain College of Technology, Melur, Kallakurichi Taluk, Villupuram District-606201.",KALLAKURICHI,Computer Science and Engineering,cs,83.75,Not Available,Not Available,Not Available,Not Available,Not Available,Not Available
TNEA2025-03048,1415,"T.S.M.Jain College of Technology, Melur, Kallakurichi Taluk, Villupuram District-606201.",KALLAKURICHI,Electrical and Electronics Engineering,ee,83.75,Not Available,Not Available,Not Available,Not Available,Not Available,Not Available
TNEA2025-03049,1415,"T.S.M.Jain College of Technology, Melur, Kallakurichi Taluk, Villupuram District-606201.",KALLAKURICHI,Electronics and Communication Engineering,ec,83.75,Not Available,Not Available,Not Available,Not Available,Not Available,Not Available
TNEA2025-03050,1415,"T.S.M.Jain College of Technology, Melur, Kallakurichi Taluk, Villupuram District-606201.",KALLAKURICHI,Mechanical Engineering,me,83.75,Not Available,Not Available,Not Available,Not Available,Not Available,Not Available
TNEA2025-01096,1416,"Jaya Sakthi Engineering College, St.Mary's Nagar, Thiruninravur, (Near Avadi), Thiruvallur, Chennai-602024.",TIRUVALLUR,Artificial Intelligence and Data Science,ad,113.5,86.0,99.5,83.5,99.0,Not Available,Not Available
TNEA2025-01097,1416,"Jaya Sakthi Engineering College, St.Mary's Nagar, Thiruninravur, (Near Avadi), Thiruvallur, Chennai-602024.",TIRUVALLUR,Bio Medical Engineering,bm,84.0,86.0,99.5,83.5,99.0,Not Available,Not Available
TNEA2025-01098,1416,"Jaya Sakthi Engineering College, St.Mary's Nagar, Thiruninravur, (Near Avadi), Thiruvallur, Chennai-602024.",TIRUVALLUR,Bio Technology,bt,122.5,86.0,99.5,83.5,99.0,Not Available,Not Available
TNEA2025-01099,1416,"Jaya Sakthi Engineering College, St.Mary's Nagar, Thiruninravur, (Near Avadi), Thiruvallur, Chennai-602024.",TIRUVALLUR,Computer Science and Engineering,cs,105.0,87.5,99.5,83.0,89.0,Not Available,Not Available
TNEA2025-01100,1416,"Jaya Sakthi Engineering College, St.Mary's Nagar, Thiruninravur, (Near Avadi), Thiruvallur, Chennai-602024.",TIRUVALLUR,Computer Science and Engineering (Cyber Security),sc,81.0,87.5,99.5,83.0,89.0,Not Available,Not Available
TNEA2025-01101,1416,"Jaya Sakthi Engineering College, St.Mary's Nagar, Thiruninravur, (Near Avadi), Thiruvallur, Chennai-602024.",TIRUVALLUR,Mechanical Engineering,me,87.5,87.5,99.5,83.0,89.0,Not Available,Not Available
TNEA2025-01102,1416,"Jaya Sakthi Engineering College, St.Mary's Nagar, Thiruninravur, (Near Avadi), Thiruvallur, Chennai-602024.",TIRUVALLUR,Pharmaceutical Technology,ph,97.5,87.5,99.5,83.0,89.0,Not Available,Not Available
TNEA2025-02770,1419,"Sri Sai Ram Engineering College (Autonomous), Sai Leo Nagar, Poonthandalam Village, Dharkast Post, West Tambram, Kanchipuram, Chennai-600044.",KANCHIPURAM,Artificial Intelligence and Data Science,ad,181.0,176.0,173.5,174.0,154.0,113.5,107.0
TNEA2025-02771,1419,"Sri Sai Ram Engineering College (Autonomous), Sai Leo Nagar, Poonthandalam Village, Dharkast Post, West Tambram, Kanchipuram, Chennai-600044.",KANCHIPURAM,Civil Engineering,ce,155.0,142.0,128.5,128.0,116.0,131.5,107.0
TNEA2025-02772,1419,"Sri Sai Ram Engineering College (Autonomous), Sai Leo Nagar, Poonthandalam Village, Dharkast Post, West Tambram, Kanchipuram, Chennai-600044.",KANCHIPURAM,Computer Science and Bussiness System,cb,175.0,169.5,163.5,169.5,139.5,132.0,107.0
TNEA2025-02773,1419,"Sri Sai Ram Engineering College (Autonomous), Sai Leo Nagar, Poonthandalam Village, Dharkast Post, West Tambram, Kanchipuram, Chennai-600044.",KANCHIPURAM,Computer Science and Engineering,cs,186.0,181.0,178.5,178.5,160.5,127.0,107.0
TNEA2025-02774,1419,"Sri Sai Ram Engineering College (Autonomous), Sai Leo Nagar, Poonthandalam Village, Dharkast Post, West Tambram, Kanchipuram, Chennai-600044.",KANCHIPURAM,Computer Science and Engineering (Ai and Machine Learning),am,179.0,174.0,169.0,172.0,144.0,127.0,122.5
TNEA2025-02775,1419,"Sri Sai Ram Engineering College (Autonomous), Sai Leo Nagar, Poonthandalam Village, Dharkast Post, West Tambram, Kanchipuram, Chennai-600044.",KANCHIPURAM,Computer Science and Engineering (Cyber Security),sc,179.0,174.0,172.5,175.0,154.5,113.0,122.5
TNEA2025-02776,1419,"Sri Sai Ram Engineering College (Autonomous), Sai Leo Nagar, Poonthandalam Village, Dharkast Post, West Tambram, Kanchipuram, Chennai-600044.",KANCHIPURAM,Computer Science and Engineering (Internet of Things),ci,177.5,171.0,166.0,168.5,140.5,113.0,122.5
TNEA2025-02777,1419,"Sri Sai Ram Engineering College (Autonomous), Sai Leo Nagar, Poonthandalam Village, Dharkast Post, West Tambram, Kanchipuram, Chennai-600044.",KANCHIPURAM,Electrical and Electronics Engineering,ee,172.5,165.0,164.0,162.0,134.5,113.0,122.5
TNEA2025-02780,1419,"Sri Sai Ram Engineering College (Autonomous), Sai Leo Nagar, Poonthandalam Village, Dharkast Post, West Tambram, Kanchipuram, Chennai-600044.",KANCHIPURAM,Electronic Instrumentation and Control Engineering,ix,165.5,160.0,151.5,154.5,122.5,113.0,116.5
TNEA2025-02778,1419,"Sri Sai Ram Engineering College (Autonomous), Sai Leo Nagar, Poonthandalam Village, Dharkast Post, West Tambram, Kanchipuram, Chennai-600044.",KANCHIPURAM,Electronics and Communication Engineering,ec,182.5,177.5,173.5,172.0,149.5,113.0,116.5
TNEA2025-02779,1419,"Sri Sai Ram Engineering College (Autonomous), Sai Leo Nagar, Poonthandalam Village, Dharkast Post, West Tambram, Kanchipuram, Chennai-600044.",KANCHIPURAM,Electronics and Instrumentation Engineering,ei,167.5,163.0,160.0,156.5,130.0,113.0,116.5
TNEA2025-02781,1419,"Sri Sai Ram Engineering College (Autonomous), Sai Leo Nagar, Poonthandalam Village, Dharkast Post, West Tambram, Kanchipuram, Chennai-600044.",KANCHIPURAM,Information Technology,it,181.0,176.0,169.5,174.5,147.0,100.5,116.5
TNEA2025-02782,1419,"Sri Sai Ram Engineering College (Autonomous), Sai Leo Nagar, Poonthandalam Village, Dharkast Post, West Tambram, Kanchipuram, Chennai-600044.",KANCHIPURAM,M.Tech. Computer Science and Engineering (Integrated 5 Years),cj,174.5,170.0,164.5,165.0,140.0,135.5,116.5
TNEA2025-02784,1419,"Sri Sai Ram Engineering College (Autonomous), Sai Leo Nagar, Poonthandalam Village, Dharkast Post, West Tambram, Kanchipuram, Chennai-600044.",KANCHIPURAM,Mechanical Engineering,me,164.0,151.0,148.0,149.0,121.0,135.5,116.5
TNEA2025-02783,1419,"Sri Sai Ram Engineering College (Autonomous), Sai Leo Nagar, Poonthandalam Village, Dharkast Post, West Tambram, Kanchipuram, Chennai-600044.",KANCHIPURAM,Mechanical and Automation Engineering,mu,155.0,144.5,137.5,136.5,119.0,135.5,116.5
TNEA2025-03051,1420,"Tagore Engineering College, Rathinamangalam, Vandalur, Kanchipuram, Chennai-600127.",CHENGALPATTU,Aeronautical Engineering,ae,131.0,102.0,96.0,119.5,83.5,Not Available,Not Available
TNEA2025-03052,1420,"Tagore Engineering College, Rathinamangalam, Vandalur, Kanchipuram, Chennai-600127.",CHENGALPATTU,Artificial Intelligence and Data Science,ad,153.0,127.5,96.0,122.5,117.0,Not Available,Not Available
TNEA2025-03053,1420,"Tagore Engineering College, Rathinamangalam, Vandalur, Kanchipuram, Chennai-600127.",CHENGALPATTU,Computer Science and Engineering,cs,152.0,136.0,115.0,114.5,118.5,Not Available,Not Available
TNEA2025-03054,1420,"Tagore Engineering College, Rathinamangalam, Vandalur, Kanchipuram, Chennai-600127.",CHENGALPATTU,Computer Science and Engineering (Cyber Security),sc,134.5,122.0,134.0,102.0,104.0,Not Available,Not Available
TNEA2025-03055,1420,"Tagore Engineering College, Rathinamangalam, Vandalur, Kanchipuram, Chennai-600127.",CHENGALPATTU,Electronics and Communication Engineering,ec,146.0,130.0,132.0,107.5,119.0,Not Available,Not Available
TNEA2025-03056,1420,"Tagore Engineering College, Rathinamangalam, Vandalur, Kanchipuram, Chennai-600127.",CHENGALPATTU,Information Technology,it,146.5,126.0,123.0,127.5,114.0,Not Available,Not Available
TNEA2025-03057,1420,"Tagore Engineering College, Rathinamangalam, Vandalur, Kanchipuram, Chennai-600127.",CHENGALPATTU,Mechanical Engineering,me,146.5,126.0,123.0,127.5,114.0,Not Available,Not Available
TNEA2025-03349,1421,"V.R.S. College of Engineering and Technology, Arasur & Post, Ulundurpet Taluk, Villupuram District-607107.",VILUPPURAM,Civil Engineering,ce,95.0,82.0,96.5,83.0,86.0,107.5,Not Available
TNEA2025-03350,1421,"V.R.S. College of Engineering and Technology, Arasur & Post, Ulundurpet Taluk, Villupuram District-607107.",VILUPPURAM,Computer Science and Engineering,cs,135.0,98.0,96.5,125.5,108.0,107.5,Not Available
TNEA2025-03351,1421,"V.R.S. College of Engineering and Technology, Arasur & Post, Ulundurpet Taluk, Villupuram District-607107.",VILUPPURAM,Electrical and Electronics Engineering,ee,107.0,81.0,96.5,83.0,94.0,107.5,Not Available
TNEA2025-03352,1421,"V.R.S. College of Engineering and Technology, Arasur & Post, Ulundurpet Taluk, Villupuram District-607107.",VILUPPURAM,Electronics and Communication Engineering,ec,124.0,85.5,88.5,114.5,105.0,88.5,Not Available
TNEA2025-03353,1421,"V.R.S. College of Engineering and Technology, Arasur & Post, Ulundurpet Taluk, Villupuram District-607107.",VILUPPURAM,Information Technology,it,140.5,97.5,88.5,133.0,117.0,88.5,Not Available
TNEA2025-03354,1421,"V.R.S. College of Engineering and Technology, Arasur & Post, Ulundurpet Taluk, Villupuram District-607107.",VILUPPURAM,Mechanical Engineering,me,104.0,97.5,88.5,88.0,87.5,88.5,Not Available
TNEA2025-02390,1422,"SRM Valliammai Engineering College (Autonomous), S.R.M. Nagar, Kattankulathur, Chengalpattu, Kancheepuram, Chennai-603203.",CHENGALPATTU,Agricultural Engineering,ag,121.5,104.5,106.5,106.0,106.5,134.5,150.0
TNEA2025-02391,1422,"SRM Valliammai Engineering College (Autonomous), S.R.M. Nagar, Kattankulathur, Chengalpattu, Kancheepuram, Chennai-603203.",CHENGALPATTU,Artificial Intelligence and Data Science,ad,179.5,172.0,163.0,172.0,150.5,134.5,150.0
TNEA2025-02392,1422,"SRM Valliammai Engineering College (Autonomous), S.R.M. Nagar, Kattankulathur, Chengalpattu, Kancheepuram, Chennai-603203.",CHENGALPATTU,Civil Engineering,ce,153.5,132.5,115.5,135.5,115.0,93.0,150.0
TNEA2025-02393,1422,"SRM Valliammai Engineering College (Autonomous), S.R.M. Nagar, Kattankulathur, Chengalpattu, Kancheepuram, Chennai-603203.",CHENGALPATTU,Computer Science and Engineering,cs,182.0,174.5,175.0,177.0,158.0,126.0,150.0
TNEA2025-02394,1422,"SRM Valliammai Engineering College (Autonomous), S.R.M. Nagar, Kattankulathur, Chengalpattu, Kancheepuram, Chennai-603203.",CHENGALPATTU,Cyber Security,cy,175.0,168.5,169.5,166.0,145.5,152.0,150.0
TNEA2025-02395,1422,"SRM Valliammai Engineering College (Autonomous), S.R.M. Nagar, Kattankulathur, Chengalpattu, Kancheepuram, Chennai-603203.",CHENGALPATTU,Electrical and Electronics Engineering,ee,164.5,159.5,151.5,156.5,135.5,152.0,146.0
TNEA2025-02396,1422,"SRM Valliammai Engineering College (Autonomous), S.R.M. Nagar, Kattankulathur, Chengalpattu, Kancheepuram, Chennai-603203.",CHENGALPATTU,Electronics and Communication Engineering,ec,173.5,168.0,167.5,167.0,142.5,152.0,146.0
TNEA2025-02397,1422,"SRM Valliammai Engineering College (Autonomous), S.R.M. Nagar, Kattankulathur, Chengalpattu, Kancheepuram, Chennai-603203.",CHENGALPATTU,Electronics and Instrumentation Engineering,ei,162.0,153.0,157.0,152.5,120.5,152.0,146.0
TNEA2025-02398,1422,"SRM Valliammai Engineering College (Autonomous), S.R.M. Nagar, Kattankulathur, Chengalpattu, Kancheepuram, Chennai-603203.",CHENGALPATTU,Information Technology,it,176.0,171.5,171.0,169.5,151.5,104.5,146.0
TNEA2025-02399,1422,"SRM Valliammai Engineering College (Autonomous), S.R.M. Nagar, Kattankulathur, Chengalpattu, Kancheepuram, Chennai-603203.",CHENGALPATTU,Mechanical Engineering,me,154.0,142.5,153.5,136.0,112.5,104.5,92.0
TNEA2025-02400,1422,"SRM Valliammai Engineering College (Autonomous), S.R.M. Nagar, Kattankulathur, Chengalpattu, Kancheepuram, Chennai-603203.",CHENGALPATTU,Medical Electronics,md,142.0,125.5,129.0,115.0,108.5,104.5,92.0
TNEA2025-00344,1423,"Asan Memorial College of Engineering and Technology, Asan Nagar, 9th kilometer, Chengalpattu - Mahabalipuram Highway, Post Box No.6, Chengalpattu-603001.",CHENGALPATTU,Artificial Intelligence and Data Science,ad,85.5,92.0,Not Available,84.0,Not Available,Not Available,Not Available
TNEA2025-00345,1423,"Asan Memorial College of Engineering and Technology, Asan Nagar, 9th kilometer, Chengalpattu - Mahabalipuram Highway, Post Box No.6, Chengalpattu-603001.",CHENGALPATTU,Computer Science and Engineering,cs,127.0,92.0,Not Available,84.0,Not Available,Not Available,Not Available
TNEA2025-00346,1423,"Asan Memorial College of Engineering and Technology, Asan Nagar, 9th kilometer, Chengalpattu - Mahabalipuram Highway, Post Box No.6, Chengalpattu-603001.",CHENGALPATTU,Computer Science and Engineering (Cyber Security),sc,131.0,92.0,Not Available,84.0,Not Available,Not Available,Not Available
TNEA2025-00347,1423,"Asan Memorial College of Engineering and Technology, Asan Nagar, 9th kilometer, Chengalpattu - Mahabalipuram Highway, Post Box No.6, Chengalpattu-603001.",CHENGALPATTU,Electrical and Electronics Engineering,ee,95.0,92.0,Not Available,84.0,Not Available,Not Available,Not Available
TNEA2025-00348,1423,"Asan Memorial College of Engineering and Technology, Asan Nagar, 9th kilometer, Chengalpattu - Mahabalipuram Highway, Post Box No.6, Chengalpattu-603001.",CHENGALPATTU,Electronics and Communication Engineering,ec,108.0,92.0,Not Available,84.0,Not Available,Not Available,Not Available
TNEA2025-00349,1423,"Asan Memorial College of Engineering and Technology, Asan Nagar, 9th kilometer, Chengalpattu - Mahabalipuram Highway, Post Box No.6, Chengalpattu-603001.",CHENGALPATTU,Information Technology,it,114.5,92.0,Not Available,84.0,Not Available,Not Available,Not Available
TNEA2025-00350,1423,"Asan Memorial College of Engineering and Technology, Asan Nagar, 9th kilometer, Chengalpattu - Mahabalipuram Highway, Post Box No.6, Chengalpattu-603001.",CHENGALPATTU,Mechanical Engineering,me,101.5,92.0,Not Available,84.0,Not Available,Not Available,Not Available
TNEA2025-00556,1424,"Dhaanish Ahmed College of Engineering, Dhaanish Nagar, Vanchuvancherry, Padappai(Near Tambaram), Sriperumbudur Taluk, Kancheepuram District-601301.",KANCHIPURAM,Artificial Intelligence and Data Science,ad,147.0,101.5,144.5,118.0,96.0,135.0,Not Available
TNEA2025-00557,1424,"Dhaanish Ahmed College of Engineering, Dhaanish Nagar, Vanchuvancherry, Padappai(Near Tambaram), Sriperumbudur Taluk, Kancheepuram District-601301.",KANCHIPURAM,Computer Science and Bussiness System,cb,141.0,125.5,137.0,132.5,96.0,135.0,Not Available
TNEA2025-00558,1424,"Dhaanish Ahmed College of Engineering, Dhaanish Nagar, Vanchuvancherry, Padappai(Near Tambaram), Sriperumbudur Taluk, Kancheepuram District-601301.",KANCHIPURAM,Computer Science and Engineering,cs,152.0,108.0,144.5,92.5,102.0,135.0,Not Available
TNEA2025-00559,1424,"Dhaanish Ahmed College of Engineering, Dhaanish Nagar, Vanchuvancherry, Padappai(Near Tambaram), Sriperumbudur Taluk, Kancheepuram District-601301.",KANCHIPURAM,Electrical and Electronics Engineering,ee,129.5,105.0,128.5,105.0,98.0,135.0,Not Available
TNEA2025-00560,1424,"Dhaanish Ahmed College of Engineering, Dhaanish Nagar, Vanchuvancherry, Padappai(Near Tambaram), Sriperumbudur Taluk, Kancheepuram District-601301.",KANCHIPURAM,Electronics and Communication Engineering,ec,144.5,100.5,143.0,109.5,119.0,135.0,Not Available
TNEA2025-00561,1424,"Dhaanish Ahmed College of Engineering, Dhaanish Nagar, Vanchuvancherry, Padappai(Near Tambaram), Sriperumbudur Taluk, Kancheepuram District-601301.",KANCHIPURAM,Mechanical Engineering,me,144.5,100.5,143.0,109.5,119.0,135.0,Not Available
TNEA2025-00562,1424,"Dhaanish Ahmed College of Engineering, Dhaanish Nagar, Vanchuvancherry, Padappai(Near Tambaram), Sriperumbudur Taluk, Kancheepuram District-601301.",KANCHIPURAM,Petroleum Engineering,pe,120.5,104.5,143.0,102.5,113.0,135.0,Not Available
TNEA2025-00563,1424,"Dhaanish Ahmed College of Engineering, Dhaanish Nagar, Vanchuvancherry, Padappai(Near Tambaram), Sriperumbudur Taluk, Kancheepuram District-601301.",KANCHIPURAM,Robotics and Automation,rm,135.0,88.5,143.0,113.5,85.0,135.0,Not Available
TNEA2025-02749,1426,"Sri Ramanujar Engineering College, Vandalur, Kolapakkam, Kanchipuram, Chennai-600127.",CHENGALPATTU,Artificial Intelligence and Data Science,ad,129.0,104.5,114.5,94.5,85.0,125.5,Not Available
TNEA2025-02750,1426,"Sri Ramanujar Engineering College, Vandalur, Kolapakkam, Kanchipuram, Chennai-600127.",CHENGALPATTU,Computer Science and Bussiness System,cb,103.0,80.0,114.5,88.0,95.5,125.5,Not Available
TNEA2025-02751,1426,"Sri Ramanujar Engineering College, Vandalur, Kolapakkam, Kanchipuram, Chennai-600127.",CHENGALPATTU,Computer Science and Engineering,cs,129.5,112.0,114.5,107.5,92.5,125.5,Not Available
TNEA2025-02752,1426,"Sri Ramanujar Engineering College, Vandalur, Kolapakkam, Kanchipuram, Chennai-600127.",CHENGALPATTU,Electrical and Electronics Engineering,ee,106.0,82.0,114.5,100.0,94.5,125.5,Not Available
TNEA2025-02753,1426,"Sri Ramanujar Engineering College, Vandalur, Kolapakkam, Kanchipuram, Chennai-600127.",CHENGALPATTU,Electronics and Communication Engineering,ec,122.0,97.0,112.0,104.0,81.0,125.5,Not Available
TNEA2025-02754,1426,"Sri Ramanujar Engineering College, Vandalur, Kolapakkam, Kanchipuram, Chennai-600127.",CHENGALPATTU,Information Technology,it,121.0,80.0,100.0,95.5,91.5,111.0,Not Available
TNEA2025-02755,1426,"Sri Ramanujar Engineering College, Vandalur, Kolapakkam, Kanchipuram, Chennai-600127.",CHENGALPATTU,Mechanical Engineering,me,84.0,84.0,100.0,82.0,91.5,111.0,Not Available
TNEA2025-02694,1427,"Sri Krishna Engineering College, Panapakkam Near Padappai Via Tambaram, Kanchipuram, Chennai-601301.",KANCHIPURAM,Artificial Intelligence and Data Science,ad,97.5,Not Available,Not Available,Not Available,Not Available,Not Available,Not Available
TNEA2025-02695,1427,"Sri Krishna Engineering College, Panapakkam Near Padappai Via Tambaram, Kanchipuram, Chennai-601301.",KANCHIPURAM,Computer Science and Engineering,cs,98.0,Not Available,Not Available,Not Available,Not Available,Not Available,Not Available
TNEA2025-02696,1427,"Sri Krishna Engineering College, Panapakkam Near Padappai Via Tambaram, Kanchipuram, Chennai-601301.",KANCHIPURAM,Electrical and Electronics Engineering,ee,98.0,Not Available,Not Available,Not Available,Not Available,Not Available,Not Available
TNEA2025-02697,1427,"Sri Krishna Engineering College, Panapakkam Near Padappai Via Tambaram, Kanchipuram, Chennai-601301.",KANCHIPURAM,Electronics and Communication Engineering,ec,105.0,Not Available,Not Available,Not Available,Not Available,Not Available,Not Available
TNEA2025-02698,1427,"Sri Krishna Engineering College, Panapakkam Near Padappai Via Tambaram, Kanchipuram, Chennai-601301.",KANCHIPURAM,Fashion Technology,ft,130.0,Not Available,Not Available,Not Available,Not Available,Not Available,Not Available
TNEA2025-02699,1427,"Sri Krishna Engineering College, Panapakkam Near Padappai Via Tambaram, Kanchipuram, Chennai-601301.",KANCHIPURAM,Information Technology,it,87.0,Not Available,Not Available,Not Available,Not Available,Not Available,Not Available
TNEA2025-00679,1428,"E.S.College of Engineering and Technology, Chennai Trunk Road, Ayyankoilpattu, Villupuram-605602.",VILUPPURAM,Artificial Intelligence and Data Science,ad,103.5,104.0,109.0,102.5,94.0,Not Available,Not Available
TNEA2025-00680,1428,"E.S.College of Engineering and Technology, Chennai Trunk Road, Ayyankoilpattu, Villupuram-605602.",VILUPPURAM,Computer Science and Engineering,cs,113.5,104.0,109.0,102.5,94.0,Not Available,Not Available
TNEA2025-00681,1428,"E.S.College of Engineering and Technology, Chennai Trunk Road, Ayyankoilpattu, Villupuram-605602.",VILUPPURAM,Electronics and Communication Engineering,ec,103.0,104.0,109.0,102.5,94.0,Not Available,Not Available
TNEA2025-00682,1428,"E.S.College of Engineering and Technology, Chennai Trunk Road, Ayyankoilpattu, Villupuram-605602.",VILUPPURAM,Information Technology,it,100.0,85.0,91.0,90.0,84.0,Not Available,Not Available
TNEA2025-01509,1430,"Maha Barathi Engineering College, A. Vasudevanur (post), Chinnasalem, Kallakurichi (Taluk), Villupuram-606201.",KALLAKURICHI,Artificial Intelligence and Data Science,ad,108.5,99.0,92.5,97.5,80.5,101.0,Not Available
TNEA2025-01510,1430,"Maha Barathi Engineering College, A. Vasudevanur (post), Chinnasalem, Kallakurichi (Taluk), Villupuram-606201.",KALLAKURICHI,Civil Engineering,ce,86.0,99.0,92.5,97.5,80.5,101.0,Not Available
TNEA2025-01511,1430,"Maha Barathi Engineering College, A. Vasudevanur (post), Chinnasalem, Kallakurichi (Taluk), Villupuram-606201.",KALLAKURICHI,Computer Science and Engineering,cs,99.5,89.5,92.5,87.5,84.5,92.0,Not Available
TNEA2025-01512,1430,"Maha Barathi Engineering College, A. Vasudevanur (post), Chinnasalem, Kallakurichi (Taluk), Villupuram-606201.",KALLAKURICHI,Electrical and Electronics Engineering,ee,107.0,89.5,92.5,99.0,98.5,87.0,Not Available
TNEA2025-01513,1430,"Maha Barathi Engineering College, A. Vasudevanur (post), Chinnasalem, Kallakurichi (Taluk), Villupuram-606201.",KALLAKURICHI,Electronics and Communication Engineering,ec,122.5,87.0,92.5,86.5,99.5,105.0,Not Available
TNEA2025-01514,1430,"Maha Barathi Engineering College, A. Vasudevanur (post), Chinnasalem, Kallakurichi (Taluk), Villupuram-606201.",KALLAKURICHI,Mechanical Engineering,me,104.5,87.0,92.5,88.0,86.0,84.0,Not Available
TNEA2025-01780,1431,"New Prince Shri Bhavani College of Engineering and Technology (Autonomous), Vengaivasal Main Road, Gowrivakkam, Chennai-600073.",CHENGALPATTU,Artificial Intelligence and Data Science,ad,142.5,118.0,112.5,107.0,100.5,114.5,84.0
TNEA2025-01781,1431,"New Prince Shri Bhavani College of Engineering and Technology (Autonomous), Vengaivasal Main Road, Gowrivakkam, Chennai-600073.",CHENGALPATTU,Civil Engineering,ce,142.5,118.0,112.5,107.0,100.5,114.5,84.0
TNEA2025-01782,1431,"New Prince Shri Bhavani College of Engineering and Technology (Autonomous), Vengaivasal Main Road, Gowrivakkam, Chennai-600073.",CHENGALPATTU,Computer Science and Engineering,cs,140.0,106.5,113.5,109.5,93.5,82.5,84.0
TNEA2025-01783,1431,"New Prince Shri Bhavani College of Engineering and Technology (Autonomous), Vengaivasal Main Road, Gowrivakkam, Chennai-600073.",CHENGALPATTU,Computer Science and Engineering (Cyber Security),sc,121.0,92.5,113.0,95.5,86.0,82.5,84.0
TNEA2025-01784,1431,"New Prince Shri Bhavani College of Engineering and Technology (Autonomous), Vengaivasal Main Road, Gowrivakkam, Chennai-600073.",CHENGALPATTU,Electrical and Electronics Engineering,ee,102.0,98.0,113.0,95.0,94.5,82.5,84.0
TNEA2025-01785,1431,"New Prince Shri Bhavani College of Engineering and Technology (Autonomous), Vengaivasal Main Road, Gowrivakkam, Chennai-600073.",CHENGALPATTU,Electronics and Communication Engineering,ec,123.5,83.0,108.5,94.5,81.5,82.5,84.0
TNEA2025-01786,1431,"New Prince Shri Bhavani College of Engineering and Technology (Autonomous), Vengaivasal Main Road, Gowrivakkam, Chennai-600073.",CHENGALPATTU,Information Technology,it,138.5,96.0,127.0,114.0,99.5,82.5,84.0
TNEA2025-01787,1431,"New Prince Shri Bhavani College of Engineering and Technology (Autonomous), Vengaivasal Main Road, Gowrivakkam, Chennai-600073.",CHENGALPATTU,Mechanical Engineering,me,95.5,87.5,127.0,114.0,80.5,82.5,84.0
TNEA2025-02227,1432,"Rajalakshmi Institute of Technology (Autonomous), Bangalore Highway Road, Kuthambakkam, Chennai-600124.",TIRUVALLUR,Artificial Intelligence and Data Science,ad,185.0,181.0,178.5,177.0,154.5,128.5,105.5
TNEA2025-02228,1432,"Rajalakshmi Institute of Technology (Autonomous), Bangalore Highway Road, Kuthambakkam, Chennai-600124.",TIRUVALLUR,Bio Technology,bt,174.5,168.0,157.0,158.0,135.5,128.5,105.5
TNEA2025-02230,1432,"Rajalakshmi Institute of Technology (Autonomous), Bangalore Highway Road, Kuthambakkam, Chennai-600124.",TIRUVALLUR,Computer Science and Bussiness System,cb,182.0,178.5,178.0,176.5,142.5,106.5,105.5
TNEA2025-02231,1432,"Rajalakshmi Institute of Technology (Autonomous), Bangalore Highway Road, Kuthambakkam, Chennai-600124.",TIRUVALLUR,Computer Science and Engineering,cs,188.33,184.0,182.0,181.0,158.5,117.0,143.5
TNEA2025-02232,1432,"Rajalakshmi Institute of Technology (Autonomous), Bangalore Highway Road, Kuthambakkam, Chennai-600124.",TIRUVALLUR,Computer Science and Engineering (Ai and Machine Learning),am,184.5,180.5,176.5,177.0,154.5,112.0,104.5
TNEA2025-02229,1432,"Rajalakshmi Institute of Technology (Autonomous), Bangalore Highway Road, Kuthambakkam, Chennai-600124.",TIRUVALLUR,Computer and Communication Engineering,co,183.0,178.5,179.5,177.0,153.0,128.5,105.5
TNEA2025-02234,1432,"Rajalakshmi Institute of Technology (Autonomous), Bangalore Highway Road, Kuthambakkam, Chennai-600124.",TIRUVALLUR,Electronics Engineering (Vlsi Design and Technology),ev,181.5,176.5,170.0,174.0,131.5,107.0,104.5
TNEA2025-02233,1432,"Rajalakshmi Institute of Technology (Autonomous), Bangalore Highway Road, Kuthambakkam, Chennai-600124.",TIRUVALLUR,Electronics and Communication Engineering,ec,187.5,184.0,179.0,179.0,163.0,107.0,104.5
TNEA2025-02235,1432,"Rajalakshmi Institute of Technology (Autonomous), Bangalore Highway Road, Kuthambakkam, Chennai-600124.",TIRUVALLUR,Mechanical Engineering,me,172.0,161.5,157.0,154.0,125.5,107.0,104.5
TNEA2025-03011,1434,"Surya Group of Institutions, NH-45, GST Road, Vikiravandi, Villupuram-605652.",VILUPPURAM,Aeronautical Engineering,ae,106.0,86.5,Not Available,106.0,122.0,91.5,Not Available
TNEA2025-03012,1434,"Surya Group of Institutions, NH-45, GST Road, Vikiravandi, Villupuram-605652.",VILUPPURAM,Agricultural Engineering,ag,122.5,86.5,Not Available,106.0,122.0,91.5,Not Available
TNEA2025-03014,1434,"Surya Group of Institutions, NH-45, GST Road, Vikiravandi, Villupuram-605652.",VILUPPURAM,Artificial Intelligence and Data Science,ad,131.5,86.5,Not Available,110.5,96.5,91.5,Not Available
TNEA2025-03013,1434,"Surya Group of Institutions, NH-45, GST Road, Vikiravandi, Villupuram-605652.",VILUPPURAM,Automobile Engineering,au,122.5,86.5,Not Available,106.0,122.0,91.5,Not Available
TNEA2025-03015,1434,"Surya Group of Institutions, NH-45, GST Road, Vikiravandi, Villupuram-605652.",VILUPPURAM,Civil Engineering,ce,131.5,86.5,Not Available,110.5,96.5,91.5,Not Available
TNEA2025-03016,1434,"Surya Group of Institutions, NH-45, GST Road, Vikiravandi, Villupuram-605652.",VILUPPURAM,Computer Science and Engineering,cs,135.0,103.0,Not Available,102.0,103.5,91.5,Not Available
TNEA2025-03017,1434,"Surya Group of Institutions, NH-45, GST Road, Vikiravandi, Villupuram-605652.",VILUPPURAM,Computer Science and Engineering (Cyber Security),sc,102.0,103.0,Not Available,88.5,103.5,91.5,Not Available
TNEA2025-03018,1434,"Surya Group of Institutions, NH-45, GST Road, Vikiravandi, Villupuram-605652.",VILUPPURAM,Electrical and Electronics Engineering,ee,90.5,103.0,Not Available,88.5,103.5,91.5,Not Available
TNEA2025-03019,1434,"Surya Group of Institutions, NH-45, GST Road, Vikiravandi, Villupuram-605652.",VILUPPURAM,Electronics and Communication Engineering,ec,85.5,103.0,Not Available,88.5,103.5,91.5,Not Available
TNEA2025-03020,1434,"Surya Group of Institutions, NH-45, GST Road, Vikiravandi, Villupuram-605652.",VILUPPURAM,Mechanical Engineering,me,95.5,103.0,Not Available,88.5,103.5,91.5,Not Available
TNEA2025-00020,1436,"A.R.Engineering College, Vadakuchipalayam, Kappiyampuliyur post, Villupuram-605601.",VILUPPURAM,Artificial Intelligence and Data Science,ad,85.5,Not Available,Not Available,Not Available,Not Available,Not Available,Not Available
TNEA2025-00021,1436,"A.R.Engineering College, Vadakuchipalayam, Kappiyampuliyur post, Villupuram-605601.",VILUPPURAM,Civil Engineering,ce,85.5,Not Available,Not Available,Not Available,Not Available,Not Available,Not Available
TNEA2025-00022,1436,"A.R.Engineering College, Vadakuchipalayam, Kappiyampuliyur post, Villupuram-605601.",VILUPPURAM,Computer Science and Engineering,cs,83.5,Not Available,Not Available,Not Available,Not Available,Not Available,Not Available
TNEA2025-00023,1436,"A.R.Engineering College, Vadakuchipalayam, Kappiyampuliyur post, Villupuram-605601.",VILUPPURAM,Electrical and Electronics Engineering,ee,91.5,Not Available,Not Available,Not Available,Not Available,Not Available,Not Available
TNEA2025-00024,1436,"A.R.Engineering College, Vadakuchipalayam, Kappiyampuliyur post, Villupuram-605601.",VILUPPURAM,Electronics and Communication Engineering,ec,121.0,Not Available,Not Available,Not Available,Not Available,Not Available,Not Available
TNEA2025-00025,1436,"A.R.Engineering College, Vadakuchipalayam, Kappiyampuliyur post, Villupuram-605601.",VILUPPURAM,Mechanical Engineering,me,121.0,Not Available,Not Available,Not Available,Not Available,Not Available,Not Available
TNEA2025-02275,1437,"Rrase College of Engineering, Vanjuvancherry, Padappai, Sriperumbadur, Kancheepuram -601301.",KANCHIPURAM,Artificial Intelligence and Data Science,ad,146.0,101.5,110.0,135.0,145.5,Not Available,Not Available
TNEA2025-02274,1437,"Rrase College of Engineering, Vanjuvancherry, Padappai, Sriperumbadur, Kancheepuram -601301.",KANCHIPURAM,Automobile Engineering,au,117.5,101.5,110.0,135.0,145.5,Not Available,Not Available
TNEA2025-02276,1437,"Rrase College of Engineering, Vanjuvancherry, Padappai, Sriperumbadur, Kancheepuram -601301.",KANCHIPURAM,Civil Engineering,ce,147.0,101.5,110.0,135.0,145.5,Not Available,Not Available
TNEA2025-02277,1437,"Rrase College of Engineering, Vanjuvancherry, Padappai, Sriperumbadur, Kancheepuram -601301.",KANCHIPURAM,Computer Science and Engineering,cs,132.0,82.5,110.0,113.0,113.0,Not Available,Not Available
TNEA2025-02278,1437,"Rrase College of Engineering, Vanjuvancherry, Padappai, Sriperumbadur, Kancheepuram -601301.",KANCHIPURAM,Computer Science and Engineering (Cyber Security),sc,118.5,102.0,110.0,95.0,98.0,Not Available,Not Available
TNEA2025-02279,1437,"Rrase College of Engineering, Vanjuvancherry, Padappai, Sriperumbadur, Kancheepuram -601301.",KANCHIPURAM,Electrical and Electronics Engineering,ee,102.5,83.0,110.0,95.0,97.5,Not Available,Not Available
TNEA2025-02280,1437,"Rrase College of Engineering, Vanjuvancherry, Padappai, Sriperumbadur, Kancheepuram -601301.",KANCHIPURAM,Electronics and Communication Engineering,ec,115.0,80.5,110.0,105.0,86.5,Not Available,Not Available
TNEA2025-02281,1437,"Rrase College of Engineering, Vanjuvancherry, Padappai, Sriperumbadur, Kancheepuram -601301.",KANCHIPURAM,Information Technology,it,132.5,106.5,108.0,92.5,119.5,Not Available,Not Available
TNEA2025-02282,1437,"Rrase College of Engineering, Vanjuvancherry, Padappai, Sriperumbadur, Kancheepuram -601301.",KANCHIPURAM,Mechanical Engineering,me,90.0,106.5,108.0,92.5,119.5,Not Available,Not Available
TNEA2025-02609,1438,"Sree Krishna College of Engineering, Anaicut Post, Unnai Village, Vellore-632101.",VELLORE,Civil Engineering,ce,79.0,Not Available,Not Available,Not Available,Not Available,Not Available,Not Available
TNEA2025-02610,1438,"Sree Krishna College of Engineering, Anaicut Post, Unnai Village, Vellore-632101.",VELLORE,Computer Science and Engineering,cs,79.0,Not Available,Not Available,Not Available,Not Available,Not Available,Not Available
TNEA2025-02611,1438,"Sree Krishna College of Engineering, Anaicut Post, Unnai Village, Vellore-632101.",VELLORE,Electrical and Electronics Engineering,ee,79.0,Not Available,Not Available,Not Available,Not Available,Not Available,Not Available
TNEA2025-02612,1438,"Sree Krishna College of Engineering, Anaicut Post, Unnai Village, Vellore-632101.",VELLORE,Electronics and Communication Engineering,ec,114.5,Not Available,Not Available,Not Available,Not Available,Not Available,Not Available
TNEA2025-02613,1438,"Sree Krishna College of Engineering, Anaicut Post, Unnai Village, Vellore-632101.",VELLORE,Mechanical Engineering,me,114.5,Not Available,Not Available,Not Available,Not Available,Not Available,Not Available
TNEA2025-00008,1441,"A.K.T.Memorial College of Engineering and Technology, Neelamangalam( Post ), Kallakurichi Taluk, Villupuram District-606202.",KALLAKURICHI,Artificial Intelligence and Data Science,ad,128.5,104.5,124.5,88.5,116.0,Not Available,Not Available
TNEA2025-00009,1441,"A.K.T.Memorial College of Engineering and Technology, Neelamangalam( Post ), Kallakurichi Taluk, Villupuram District-606202.",KALLAKURICHI,Civil Engineering,ce,88.5,104.5,124.5,88.5,116.0,Not Available,Not Available
TNEA2025-00010,1441,"A.K.T.Memorial College of Engineering and Technology, Neelamangalam( Post ), Kallakurichi Taluk, Villupuram District-606202.",KALLAKURICHI,Computer Science and Engineering,cs,120.0,85.0,107.0,99.5,96.5,Not Available,Not Available
TNEA2025-00011,1441,"A.K.T.Memorial College of Engineering and Technology, Neelamangalam( Post ), Kallakurichi Taluk, Villupuram District-606202.",KALLAKURICHI,Electrical and Electronics Engineering,ee,89.5,80.5,107.0,83.5,96.5,Not Available,Not Available
TNEA2025-00012,1441,"A.K.T.Memorial College of Engineering and Technology, Neelamangalam( Post ), Kallakurichi Taluk, Villupuram District-606202.",KALLAKURICHI,Electronics and Communication Engineering,ec,117.5,109.5,107.0,90.5,96.5,Not Available,Not Available
TNEA2025-00013,1441,"A.K.T.Memorial College of Engineering and Technology, Neelamangalam( Post ), Kallakurichi Taluk, Villupuram District-606202.",KALLAKURICHI,Information Technology,it,118.0,94.0,107.0,90.0,112.0,Not Available,Not Available
TNEA2025-00014,1441,"A.K.T.Memorial College of Engineering and Technology, Neelamangalam( Post ), Kallakurichi Taluk, Villupuram District-606202.",KALLAKURICHI,Mechanical Engineering,me,93.5,94.0,107.0,90.0,112.0,Not Available,Not Available
TNEA2025-02105,1442,"Prince Dr. K. Vasudevan College of Engineering and Technology, Medavakkam-Mambakkam Road, Ponmar, Chennai-600127.",CHENGALPATTU,Artificial Intelligence and Data Science,ad,192.0,190.5,185.5,188.5,185.0,Not Available,Not Available
TNEA2025-02106,1442,"Prince Dr. K. Vasudevan College of Engineering and Technology, Medavakkam-Mambakkam Road, Ponmar, Chennai-600127.",CHENGALPATTU,Bio Medical Engineering,bm,96.0,190.5,185.5,188.5,185.0,Not Available,Not Available
TNEA2025-02107,1442,"Prince Dr. K. Vasudevan College of Engineering and Technology, Medavakkam-Mambakkam Road, Ponmar, Chennai-600127.",CHENGALPATTU,Computer Science and Engineering,cs,187.0,157.0,149.5,149.5,101.5,Not Available,Not Available
TNEA2025-02108,1442,"Prince Dr. K. Vasudevan College of Engineering and Technology, Medavakkam-Mambakkam Road, Ponmar, Chennai-600127.",CHENGALPATTU,Computer Science and Engineering (Cyber Security),sc,187.0,149.5,137.0,129.5,97.0,Not Available,Not Available
TNEA2025-02152,1444,"R.M.Engineering College, Zamin Endathur Village, Madurantakam, Kanchipuram-603311.",CHENGALPATTU,Artificial Intelligence and Data Science,ad,81.0,Not Available,104.5,83.5,91.5,81.5,Not Available
TNEA2025-02153,1444,"R.M.Engineering College, Zamin Endathur Village, Madurantakam, Kanchipuram-603311.",CHENGALPATTU,Civil Engineering,ce,81.0,Not Available,104.5,83.5,91.5,81.5,Not Available
TNEA2025-02154,1444,"R.M.Engineering College, Zamin Endathur Village, Madurantakam, Kanchipuram-603311.",CHENGALPATTU,Computer Science and Engineering,cs,107.5,Not Available,104.5,83.5,91.5,81.5,Not Available
TNEA2025-02155,1444,"R.M.Engineering College, Zamin Endathur Village, Madurantakam, Kanchipuram-603311.",CHENGALPATTU,Computer Science and Engineering (Cyber Security),sc,107.5,Not Available,104.5,83.5,91.5,81.5,Not Available
TNEA2025-02156,1444,"R.M.Engineering College, Zamin Endathur Village, Madurantakam, Kanchipuram-603311.",CHENGALPATTU,Electronics and Communication Engineering,ec,84.0,Not Available,104.5,83.5,91.5,81.5,Not Available
TNEA2025-02157,1444,"R.M.Engineering College, Zamin Endathur Village, Madurantakam, Kanchipuram-603311.",CHENGALPATTU,Mechanical Engineering,me,114.0,Not Available,104.5,83.5,91.5,81.5,Not Available
TNEA2025-02763,1445,"Sri Rangapoopathi College of Engineering, Alampoondi Village & Post, Gingee Taluk, Villupuram District-604151.",VILUPPURAM,Artificial Intelligence and Data Science,ad,111.5,Not Available,Not Available,Not Available,Not Available,Not Available,Not Available
TNEA2025-02764,1445,"Sri Rangapoopathi College of Engineering, Alampoondi Village & Post, Gingee Taluk, Villupuram District-604151.",VILUPPURAM,Civil Engineering,ce,120.5,Not Available,Not Available,Not Available,Not Available,Not Available,Not Available
TNEA2025-02765,1445,"Sri Rangapoopathi College of Engineering, Alampoondi Village & Post, Gingee Taluk, Villupuram District-604151.",VILUPPURAM,Computer Science and Engineering,cs,83.0,Not Available,Not Available,Not Available,Not Available,Not Available,Not Available
TNEA2025-02766,1445,"Sri Rangapoopathi College of Engineering, Alampoondi Village & Post, Gingee Taluk, Villupuram District-604151.",VILUPPURAM,Computer Science and Engineering (Cyber Security),sc,83.0,Not Available,Not Available,Not Available,Not Available,Not Available,Not Available
TNEA2025-02767,1445,"Sri Rangapoopathi College of Engineering, Alampoondi Village & Post, Gingee Taluk, Villupuram District-604151.",VILUPPURAM,Electrical and Electronics Engineering,ee,83.0,Not Available,Not Available,Not Available,Not Available,Not Available,Not Available
TNEA2025-02768,1445,"Sri Rangapoopathi College of Engineering, Alampoondi Village & Post, Gingee Taluk, Villupuram District-604151.",VILUPPURAM,Electronics and Communication Engineering,ec,84.0,Not Available,Not Available,Not Available,Not Available,Not Available,Not Available
TNEA2025-02769,1445,"Sri Rangapoopathi College of Engineering, Alampoondi Village & Post, Gingee Taluk, Villupuram District-604151.",VILUPPURAM,Mechanical Engineering,me,98.0,Not Available,Not Available,Not Available,Not Available,Not Available,Not Available
TNEA2025-02449,1449,"Saraswathy College of Engineering and Technology, NH-45 Main Road, Olakkur, Tindivanam, Villupuram-604307.",VILUPPURAM,Agricultural Engineering,ag,96.0,108.0,Not Available,97.5,101.0,Not Available,Not Available
TNEA2025-02450,1449,"Saraswathy College of Engineering and Technology, NH-45 Main Road, Olakkur, Tindivanam, Villupuram-604307.",VILUPPURAM,Artificial Intelligence and Data Science,ad,118.0,108.0,Not Available,97.5,101.0,Not Available,Not Available
TNEA2025-02451,1449,"Saraswathy College of Engineering and Technology, NH-45 Main Road, Olakkur, Tindivanam, Villupuram-604307.",VILUPPURAM,Civil Engineering,ce,82.0,108.0,Not Available,97.5,101.0,Not Available,Not Available
TNEA2025-02452,1449,"Saraswathy College of Engineering and Technology, NH-45 Main Road, Olakkur, Tindivanam, Villupuram-604307.",VILUPPURAM,Computer Science and Engineering,cs,129.0,94.0,Not Available,111.5,101.0,Not Available,Not Available
TNEA2025-02453,1449,"Saraswathy College of Engineering and Technology, NH-45 Main Road, Olakkur, Tindivanam, Villupuram-604307.",VILUPPURAM,Electronics and Communication Engineering,ec,106.5,96.0,Not Available,90.5,92.0,Not Available,Not Available
TNEA2025-02454,1449,"Saraswathy College of Engineering and Technology, NH-45 Main Road, Olakkur, Tindivanam, Villupuram-604307.",VILUPPURAM,Mechanical Engineering,me,94.0,96.0,Not Available,90.5,92.0,Not Available,Not Available
TNEA2025-01409,1450,"Loyola-ICAM College of Engineering and Technology, Loyola College Campus, Chennai-600034.",CHENNAI,Artificial Intelligence and Data Science,ad,185.5,182.0,184.5,182.0,176.5,141.0,136.0
TNEA2025-01410,1450,"Loyola-ICAM College of Engineering and Technology, Loyola College Campus, Chennai-600034.",CHENNAI,Computer Science and Engineering,cs,189.0,184.5,184.5,184.5,173.5,141.0,108.0
TNEA2025-01411,1450,"Loyola-ICAM College of Engineering and Technology, Loyola College Campus, Chennai-600034.",CHENNAI,Electrical and Electronics Engineering,ee,179.0,173.5,174.0,168.5,145.5,142.0,108.0
TNEA2025-01412,1450,"Loyola-ICAM College of Engineering and Technology, Loyola College Campus, Chennai-600034.",CHENNAI,Electronics and Communication Engineering,ec,186.0,183.0,184.5,182.5,170.5,146.0,108.0
TNEA2025-01413,1450,"Loyola-ICAM College of Engineering and Technology, Loyola College Campus, Chennai-600034.",CHENNAI,Information Technology,it,184.5,182.0,184.0,181.0,171.0,170.5,108.0
TNEA2025-01414,1450,"Loyola-ICAM College of Engineering and Technology, Loyola College Campus, Chennai-600034.",CHENNAI,Mechanical Engineering,me,174.0,171.5,157.0,162.5,163.5,170.5,108.0
TNEA2025-01872,1452,"PERI Institute of Technology (Autonomous), Mannivakkam, Tambaram, Kancheepuram, Chennai-600048.",CHENGALPATTU,Artificial Intelligence and Data Science,ad,154.0,130.0,118.0,124.5,110.5,Not Available,Not Available
TNEA2025-01873,1452,"PERI Institute of Technology (Autonomous), Mannivakkam, Tambaram, Kancheepuram, Chennai-600048.",CHENGALPATTU,Civil Engineering,ce,89.0,130.0,118.0,124.5,110.5,Not Available,Not Available
TNEA2025-01874,1452,"PERI Institute of Technology (Autonomous), Mannivakkam, Tambaram, Kancheepuram, Chennai-600048.",CHENGALPATTU,Computer Science and Bussiness System,cb,107.0,130.0,118.0,102.5,110.5,Not Available,Not Available
TNEA2025-01875,1452,"PERI Institute of Technology (Autonomous), Mannivakkam, Tambaram, Kancheepuram, Chennai-600048.",CHENGALPATTU,Computer Science and Engineering,cs,142.0,105.0,118.0,109.0,93.0,Not Available,Not Available
TNEA2025-01876,1452,"PERI Institute of Technology (Autonomous), Mannivakkam, Tambaram, Kancheepuram, Chennai-600048.",CHENGALPATTU,Computer Science and Engineering (Ai and Machine Learning),am,142.5,110.0,118.0,108.5,93.0,Not Available,Not Available
TNEA2025-01877,1452,"PERI Institute of Technology (Autonomous), Mannivakkam, Tambaram, Kancheepuram, Chennai-600048.",CHENGALPATTU,Computer Science and Engineering (Cyber Security),sc,111.0,90.0,118.0,108.5,97.5,Not Available,Not Available
TNEA2025-01878,1452,"PERI Institute of Technology (Autonomous), Mannivakkam, Tambaram, Kancheepuram, Chennai-600048.",CHENGALPATTU,Electrical and Electronics Engineering,ee,87.5,90.0,118.0,108.5,97.5,Not Available,Not Available
TNEA2025-01879,1452,"PERI Institute of Technology (Autonomous), Mannivakkam, Tambaram, Kancheepuram, Chennai-600048.",CHENGALPATTU,Electronics and Communication Engineering,ec,144.0,98.5,118.0,95.5,105.5,Not Available,Not Available
TNEA2025-01880,1452,"PERI Institute of Technology (Autonomous), Mannivakkam, Tambaram, Kancheepuram, Chennai-600048.",CHENGALPATTU,Information Technology,it,137.5,107.5,118.0,115.5,128.5,Not Available,Not Available
TNEA2025-01881,1452,"PERI Institute of Technology (Autonomous), Mannivakkam, Tambaram, Kancheepuram, Chennai-600048.",CHENGALPATTU,Mechanical Engineering,me,87.0,107.5,118.0,115.5,128.5,Not Available,Not Available
TNEA2025-00087,1501,"Adhiparasakthi College of Engineering, G.B.Nagar, Kalavai, Arcot Taluk, Vellore District-632506.",RANIPET,Artificial Intelligence and Data Science,ad,140.5,90.5,128.0,128.5,124.5,Not Available,Not Available
TNEA2025-00088,1501,"Adhiparasakthi College of Engineering, G.B.Nagar, Kalavai, Arcot Taluk, Vellore District-632506.",RANIPET,Civil Engineering,ce,105.0,90.5,128.0,128.5,124.5,Not Available,Not Available
TNEA2025-00089,1501,"Adhiparasakthi College of Engineering, G.B.Nagar, Kalavai, Arcot Taluk, Vellore District-632506.",RANIPET,Computer Science and Engineering,cs,145.5,135.0,128.0,127.5,104.0,Not Available,Not Available
TNEA2025-00090,1501,"Adhiparasakthi College of Engineering, G.B.Nagar, Kalavai, Arcot Taluk, Vellore District-632506.",RANIPET,Computer Science and Engineering (Cyber Security),sc,127.5,111.0,128.0,110.0,104.0,Not Available,Not Available
TNEA2025-00091,1501,"Adhiparasakthi College of Engineering, G.B.Nagar, Kalavai, Arcot Taluk, Vellore District-632506.",RANIPET,Electrical and Electronics Engineering,ee,114.5,82.5,128.0,109.0,106.5,Not Available,Not Available
TNEA2025-00092,1501,"Adhiparasakthi College of Engineering, G.B.Nagar, Kalavai, Arcot Taluk, Vellore District-632506.",RANIPET,Electronics and Communication Engineering,ec,140.5,114.0,139.0,127.5,116.0,Not Available,Not Available
TNEA2025-00093,1501,"Adhiparasakthi College of Engineering, G.B.Nagar, Kalavai, Arcot Taluk, Vellore District-632506.",RANIPET,Information Technology,it,143.0,125.5,106.5,123.0,110.5,Not Available,Not Available
TNEA2025-00094,1501,"Adhiparasakthi College of Engineering, G.B.Nagar, Kalavai, Arcot Taluk, Vellore District-632506.",RANIPET,Mechanical Engineering,me,111.5,99.0,106.5,100.5,110.5,Not Available,Not Available
TNEA2025-00298,1503,"Arulmigu Meenakshi Amman College of Engineering, Vadamavandal Village, Namandi Post, (Near Kanchipuram), Tiruvanamalai-604410.",TIRUVANNAMALAI,Bio Technology,bt,94.5,Not Available,Not Available,96.5,Not Available,Not Available,Not Available
TNEA2025-00299,1503,"Arulmigu Meenakshi Amman College of Engineering, Vadamavandal Village, Namandi Post, (Near Kanchipuram), Tiruvanamalai-604410.",TIRUVANNAMALAI,Chemical Engineering,ch,94.5,Not Available,Not Available,96.5,Not Available,Not Available,Not Available
TNEA2025-00300,1503,"Arulmigu Meenakshi Amman College of Engineering, Vadamavandal Village, Namandi Post, (Near Kanchipuram), Tiruvanamalai-604410.",TIRUVANNAMALAI,Civil Engineering,ce,94.5,Not Available,Not Available,96.5,Not Available,Not Available,Not Available
TNEA2025-00301,1503,"Arulmigu Meenakshi Amman College of Engineering, Vadamavandal Village, Namandi Post, (Near Kanchipuram), Tiruvanamalai-604410.",TIRUVANNAMALAI,Computer Science and Engineering,cs,110.5,Not Available,Not Available,96.5,Not Available,Not Available,Not Available
TNEA2025-00302,1503,"Arulmigu Meenakshi Amman College of Engineering, Vadamavandal Village, Namandi Post, (Near Kanchipuram), Tiruvanamalai-604410.",TIRUVANNAMALAI,Electrical and Electronics Engineering,ee,85.0,Not Available,Not Available,96.5,Not Available,Not Available,Not Available
TNEA2025-00303,1503,"Arulmigu Meenakshi Amman College of Engineering, Vadamavandal Village, Namandi Post, (Near Kanchipuram), Tiruvanamalai-604410.",TIRUVANNAMALAI,Electronics and Communication Engineering,ec,85.0,Not Available,Not Available,96.5,Not Available,Not Available,Not Available
TNEA2025-00304,1503,"Arulmigu Meenakshi Amman College of Engineering, Vadamavandal Village, Namandi Post, (Near Kanchipuram), Tiruvanamalai-604410.",TIRUVANNAMALAI,Information Technology,it,136.0,Not Available,Not Available,96.5,Not Available,Not Available,Not Available
TNEA2025-00305,1503,"Arulmigu Meenakshi Amman College of Engineering, Vadamavandal Village, Namandi Post, (Near Kanchipuram), Tiruvanamalai-604410.",TIRUVANNAMALAI,Instrumentation and Control Engineering,ic,136.0,Not Available,Not Available,96.5,Not Available,Not Available,Not Available
TNEA2025-00306,1503,"Arulmigu Meenakshi Amman College of Engineering, Vadamavandal Village, Namandi Post, (Near Kanchipuram), Tiruvanamalai-604410.",TIRUVANNAMALAI,Mechanical Engineering,me,136.0,Not Available,Not Available,96.5,Not Available,Not Available,Not Available
TNEA2025-00324,1504,"Arunai Engineering College, Chittor-Cuddalore Raod, Mathur, Tiruvannamalai-606603.",TIRUVANNAMALAI,Agricultural Engineering,ag,91.0,138.0,148.5,132.5,118.5,108.5,118.0
TNEA2025-00325,1504,"Arunai Engineering College, Chittor-Cuddalore Raod, Mathur, Tiruvannamalai-606603.",TIRUVANNAMALAI,Artificial Intelligence and Data Science,ad,155.0,138.0,148.5,132.5,118.5,108.5,118.0
TNEA2025-00326,1504,"Arunai Engineering College, Chittor-Cuddalore Raod, Mathur, Tiruvannamalai-606603.",TIRUVANNAMALAI,Bio Technology,bt,116.0,96.5,148.5,111.0,118.5,108.5,118.0
TNEA2025-00327,1504,"Arunai Engineering College, Chittor-Cuddalore Raod, Mathur, Tiruvannamalai-606603.",TIRUVANNAMALAI,Chemical Engineering,ch,103.5,96.5,148.5,111.0,118.5,108.5,118.0
TNEA2025-00328,1504,"Arunai Engineering College, Chittor-Cuddalore Raod, Mathur, Tiruvannamalai-606603.",TIRUVANNAMALAI,Civil Engineering,ce,115.5,96.5,148.5,103.0,118.5,108.5,118.0
TNEA2025-00329,1504,"Arunai Engineering College, Chittor-Cuddalore Raod, Mathur, Tiruvannamalai-606603.",TIRUVANNAMALAI,Computer Science and Engineering,cs,154.5,132.0,130.0,119.5,90.0,108.5,118.0
TNEA2025-00330,1504,"Arunai Engineering College, Chittor-Cuddalore Raod, Mathur, Tiruvannamalai-606603.",TIRUVANNAMALAI,Computer Science and Engineering (Ai and Machine Learning),am,124.0,98.0,106.5,93.5,111.5,108.5,118.0
TNEA2025-00331,1504,"Arunai Engineering College, Chittor-Cuddalore Raod, Mathur, Tiruvannamalai-606603.",TIRUVANNAMALAI,Computer Science and Engineering (Cyber Security),sc,126.5,112.5,106.5,94.5,95.0,115.0,118.0
TNEA2025-00332,1504,"Arunai Engineering College, Chittor-Cuddalore Raod, Mathur, Tiruvannamalai-606603.",TIRUVANNAMALAI,Electrical and Electronics Engineering,ee,117.0,97.5,102.0,111.5,95.0,92.0,118.0
TNEA2025-00333,1504,"Arunai Engineering College, Chittor-Cuddalore Raod, Mathur, Tiruvannamalai-606603.",TIRUVANNAMALAI,Electronics and Communication Engineering,ec,142.5,106.5,133.0,93.0,101.5,92.0,118.0
TNEA2025-00334,1504,"Arunai Engineering College, Chittor-Cuddalore Raod, Mathur, Tiruvannamalai-606603.",TIRUVANNAMALAI,Information Technology,it,144.0,136.0,114.5,111.0,107.5,123.0,118.0
TNEA2025-00335,1504,"Arunai Engineering College, Chittor-Cuddalore Raod, Mathur, Tiruvannamalai-606603.",TIRUVANNAMALAI,Mechanical Engineering,me,83.5,136.0,114.5,111.0,107.5,123.0,118.0
TNEA2025-00416,1505,"C.Abdul Hakeem College of Engineering and Technology, Hakeem Nagar, Melvisharam, Vellore -632509.",RANIPET,Artificial Intelligence and Data Science,ad,160.0,131.5,149.5,136.5,103.0,109.0,Not Available
TNEA2025-00417,1505,"C.Abdul Hakeem College of Engineering and Technology, Hakeem Nagar, Melvisharam, Vellore -632509.",RANIPET,Civil Engineering,ce,109.5,131.5,149.5,136.5,103.0,109.0,Not Available
TNEA2025-00418,1505,"C.Abdul Hakeem College of Engineering and Technology, Hakeem Nagar, Melvisharam, Vellore -632509.",RANIPET,Computer Science and Engineering,cs,160.0,121.0,150.5,132.5,108.5,109.0,Not Available
TNEA2025-00419,1505,"C.Abdul Hakeem College of Engineering and Technology, Hakeem Nagar, Melvisharam, Vellore -632509.",RANIPET,Electrical and Electronics Engineering,ee,122.0,93.5,114.5,116.5,108.5,109.0,Not Available
TNEA2025-00420,1505,"C.Abdul Hakeem College of Engineering and Technology, Hakeem Nagar, Melvisharam, Vellore -632509.",RANIPET,Electronics and Communication Engineering,ec,143.0,115.5,140.5,112.5,108.5,109.0,Not Available
TNEA2025-00421,1505,"C.Abdul Hakeem College of Engineering and Technology, Hakeem Nagar, Melvisharam, Vellore -632509.",RANIPET,Information Technology,it,158.5,120.5,142.0,123.5,97.5,109.0,Not Available
TNEA2025-00422,1505,"C.Abdul Hakeem College of Engineering and Technology, Hakeem Nagar, Melvisharam, Vellore -632509.",RANIPET,Mechanical Engineering,me,105.0,104.0,142.0,123.5,97.5,109.0,Not Available
TNEA2025-00793,1507,"Ganadipathy Tulsi's Jain Engineering College, Chittoor-Cuddalore Road, Kaniyambadi, Vellore-632102.",VELLORE,Artificial Intelligence and Data Science,ad,138.5,112.5,134.5,128.5,100.0,101.5,Not Available
TNEA2025-00794,1507,"Ganadipathy Tulsi's Jain Engineering College, Chittoor-Cuddalore Road, Kaniyambadi, Vellore-632102.",VELLORE,Computer Science and Bussiness System,cb,118.0,102.5,134.5,107.5,90.0,92.5,Not Available
TNEA2025-00795,1507,"Ganadipathy Tulsi's Jain Engineering College, Chittoor-Cuddalore Road, Kaniyambadi, Vellore-632102.",VELLORE,Computer Science and Engineering,cs,132.5,109.5,134.5,125.0,96.0,131.0,Not Available
TNEA2025-00796,1507,"Ganadipathy Tulsi's Jain Engineering College, Chittoor-Cuddalore Road, Kaniyambadi, Vellore-632102.",VELLORE,Computer Science and Engineering (Cyber Security),sc,112.0,99.5,134.5,103.0,96.0,131.0,Not Available
TNEA2025-00797,1507,"Ganadipathy Tulsi's Jain Engineering College, Chittoor-Cuddalore Road, Kaniyambadi, Vellore-632102.",VELLORE,Electrical and Electronics Engineering,ee,96.5,95.5,134.5,103.0,96.0,131.0,Not Available
TNEA2025-00798,1507,"Ganadipathy Tulsi's Jain Engineering College, Chittoor-Cuddalore Road, Kaniyambadi, Vellore-632102.",VELLORE,Electronics and Communication Engineering,ec,128.0,89.5,134.5,107.5,81.5,113.5,Not Available
TNEA2025-00799,1507,"Ganadipathy Tulsi's Jain Engineering College, Chittoor-Cuddalore Road, Kaniyambadi, Vellore-632102.",VELLORE,Information Technology,it,135.0,117.0,134.5,122.0,80.0,108.5,Not Available
TNEA2025-00800,1507,"Ganadipathy Tulsi's Jain Engineering College, Chittoor-Cuddalore Road, Kaniyambadi, Vellore-632102.",VELLORE,Mechanical Engineering,me,88.5,117.0,134.5,122.0,80.0,108.5,Not Available
TNEA2025-01593,1509,"Meenakshi College of Engineering, 12, Vembuli Amman Koil Street, West K K Nagar, Chennai-600078.",CHENNAI,Artificial Intelligence and Data Science,ad,157.0,143.5,135.0,150.5,127.5,107.5,Not Available
TNEA2025-01594,1509,"Meenakshi College of Engineering, 12, Vembuli Amman Koil Street, West K K Nagar, Chennai-600078.",CHENNAI,Civil Engineering,ce,119.5,143.5,135.0,150.5,127.5,107.5,Not Available
TNEA2025-01595,1509,"Meenakshi College of Engineering, 12, Vembuli Amman Koil Street, West K K Nagar, Chennai-600078.",CHENNAI,Computer Science and Engineering,cs,155.5,136.0,147.5,142.0,114.0,99.5,Not Available
TNEA2025-01596,1509,"Meenakshi College of Engineering, 12, Vembuli Amman Koil Street, West K K Nagar, Chennai-600078.",CHENNAI,Computer Science and Engineering (Ai and Machine Learning),am,140.5,125.0,131.0,127.5,108.5,109.0,Not Available
TNEA2025-01597,1509,"Meenakshi College of Engineering, 12, Vembuli Amman Koil Street, West K K Nagar, Chennai-600078.",CHENNAI,Electrical and Electronics Engineering,ee,111.5,125.0,131.0,127.5,108.5,109.0,Not Available
TNEA2025-01598,1509,"Meenakshi College of Engineering, 12, Vembuli Amman Koil Street, West K K Nagar, Chennai-600078.",CHENNAI,Electronics and Communication Engineering,ec,130.5,100.5,131.0,87.0,102.0,109.0,Not Available
TNEA2025-01599,1509,"Meenakshi College of Engineering, 12, Vembuli Amman Koil Street, West K K Nagar, Chennai-600078.",CHENNAI,Electronics and Instrumentation Engineering,ei,87.0,100.5,131.0,87.0,102.0,109.0,Not Available
TNEA2025-01600,1509,"Meenakshi College of Engineering, 12, Vembuli Amman Koil Street, West K K Nagar, Chennai-600078.",CHENNAI,Information Technology,it,147.0,131.0,125.0,131.5,107.0,109.0,Not Available
TNEA2025-01601,1509,"Meenakshi College of Engineering, 12, Vembuli Amman Koil Street, West K K Nagar, Chennai-600078.",CHENNAI,Mechanical Engineering,me,94.0,131.0,125.0,131.5,107.0,109.0,Not Available
TNEA2025-02115,1510,"Priyadarshini Engineering College, Chettiyappanur Village & Post, Vaniyambadi, Vellore-635751.",TIRUPATHUR,Artificial Intelligence and Data Science,ad,133.0,111.0,130.5,99.5,98.0,98.5,Not Available
TNEA2025-02116,1510,"Priyadarshini Engineering College, Chettiyappanur Village & Post, Vaniyambadi, Vellore-635751.",TIRUPATHUR,Civil Engineering,ce,104.5,111.0,130.5,99.5,98.0,98.5,Not Available
TNEA2025-02117,1510,"Priyadarshini Engineering College, Chettiyappanur Village & Post, Vaniyambadi, Vellore-635751.",TIRUPATHUR,Computer Science and Engineering,cs,131.0,96.5,118.5,111.5,99.5,98.5,Not Available
TNEA2025-02118,1510,"Priyadarshini Engineering College, Chettiyappanur Village & Post, Vaniyambadi, Vellore-635751.",TIRUPATHUR,Electrical and Electronics Engineering,ee,87.5,96.5,118.5,84.5,99.5,98.5,Not Available
TNEA2025-02119,1510,"Priyadarshini Engineering College, Chettiyappanur Village & Post, Vaniyambadi, Vellore-635751.",TIRUPATHUR,Electronics and Communication Engineering,ec,110.0,95.5,118.5,93.0,84.0,98.5,Not Available
TNEA2025-02120,1510,"Priyadarshini Engineering College, Chettiyappanur Village & Post, Vaniyambadi, Vellore-635751.",TIRUPATHUR,Information Technology,it,132.5,101.0,99.0,114.5,97.5,98.5,Not Available
TNEA2025-02121,1510,"Priyadarshini Engineering College, Chettiyappanur Village & Post, Vaniyambadi, Vellore-635751.",TIRUPATHUR,Mechanical Engineering,me,93.0,101.0,99.0,90.5,97.5,86.5,Not Available
TNEA2025-02194,1511,"RANIPPETTAI ENGINEERING COLLEGE, THENKADAPPANTHANGAL, VELLORE DISTRICT 632513",RANIPET,Civil Engineering,ce,Not Available,Not Available,Not Available,Not Available,Not Available,Not Available,Not Available
TNEA2025-02195,1511,"RANIPPETTAI ENGINEERING COLLEGE, THENKADAPPANTHANGAL, VELLORE DISTRICT 632514",RANIPET,Computer Science and Engineering,cs,92.0,Not Available,Not Available,Not Available,Not Available,Not Available,Not Available
TNEA2025-02197,1511,"RANIPPETTAI ENGINEERING COLLEGE, THENKADAPPANTHANGAL, VELLORE DISTRICT 632516",RANIPET,Electrical and Electronics Engineering,ee,Not Available,Not Available,Not Available,Not Available,Not Available,Not Available,Not Available
TNEA2025-02198,1511,"RANIPPETTAI ENGINEERING COLLEGE, THENKADAPPANTHANGAL, VELLORE DISTRICT 632517",RANIPET,Electronics and Communication Engineering,ec,Not Available,Not Available,Not Available,Not Available,Not Available,Not Available,Not Available
TNEA2025-02196,1511,"RANIPPETTAI ENGINEERING COLLEGE, THENKADAPPANTHANGAL, VELLORE DISTRICT 632515",RANIPET,Mechanical Engineering,me,Not Available,Not Available,Not Available,Not Available,Not Available,Not Available,Not Available
TNEA2025-02308,1512,"S.K.P. Engineering College, Chinnkangiyanur, Somasipadi Post, Tiruvannamalai District-606611.",TIRUVANNAMALAI,Artificial Intelligence and Data Science,ad,139.0,107.0,137.5,113.0,102.0,113.0,107.5
TNEA2025-02309,1512,"S.K.P. Engineering College, Chinnkangiyanur, Somasipadi Post, Tiruvannamalai District-606611.",TIRUVANNAMALAI,Civil Engineering,ce,85.0,107.0,137.5,113.0,102.0,113.0,107.5
TNEA2025-02310,1512,"S.K.P. Engineering College, Chinnkangiyanur, Somasipadi Post, Tiruvannamalai District-606611.",TIRUVANNAMALAI,Computer Science and Engineering,cs,142.5,107.5,130.0,111.5,108.0,113.0,107.5
TNEA2025-02311,1512,"S.K.P. Engineering College, Chinnkangiyanur, Somasipadi Post, Tiruvannamalai District-606611.",TIRUVANNAMALAI,Computer Science and Engineering (Ai and Machine Learning),am,120.0,81.0,94.0,101.5,87.5,113.0,107.5
TNEA2025-02312,1512,"S.K.P. Engineering College, Chinnkangiyanur, Somasipadi Post, Tiruvannamalai District-606611.",TIRUVANNAMALAI,Computer Science and Engineering (Cyber Security),sc,120.5,102.0,106.0,104.5,82.5,113.0,107.5
TNEA2025-02313,1512,"S.K.P. Engineering College, Chinnkangiyanur, Somasipadi Post, Tiruvannamalai District-606611.",TIRUVANNAMALAI,Electrical and Electronics Engineering,ee,110.0,103.0,108.5,98.0,82.5,113.0,107.5
TNEA2025-02314,1512,"S.K.P. Engineering College, Chinnkangiyanur, Somasipadi Post, Tiruvannamalai District-606611.",TIRUVANNAMALAI,Electronics and Communication Engineering,ec,131.5,104.0,119.5,109.5,104.0,113.0,107.5
TNEA2025-02315,1512,"S.K.P. Engineering College, Chinnkangiyanur, Somasipadi Post, Tiruvannamalai District-606611.",TIRUVANNAMALAI,Information Technology,it,138.0,116.5,109.0,119.5,92.0,113.0,107.5
TNEA2025-02316,1512,"S.K.P. Engineering College, Chinnkangiyanur, Somasipadi Post, Tiruvannamalai District-606611.",TIRUVANNAMALAI,Mechanical Engineering,me,84.0,116.5,109.0,119.5,92.0,113.0,107.5
TNEA2025-02642,1513,"Sri Balaji Chockalingam Engineering College, Irumbedu, Arni Taluk, Tiruvannamalai District-632317.",TIRUVANNAMALAI,Artificial Intelligence and Data Science,ad,127.5,98.5,Not Available,102.5,92.0,122.5,Not Available
TNEA2025-02643,1513,"Sri Balaji Chockalingam Engineering College, Irumbedu, Arni Taluk, Tiruvannamalai District-632317.",TIRUVANNAMALAI,Computer Science and Bussiness System,cb,98.5,98.5,Not Available,102.5,92.0,122.5,Not Available
TNEA2025-02644,1513,"Sri Balaji Chockalingam Engineering College, Irumbedu, Arni Taluk, Tiruvannamalai District-632317.",TIRUVANNAMALAI,Computer Science and Engineering,cs,117.0,95.5,Not Available,108.5,92.0,122.5,Not Available
TNEA2025-02645,1513,"Sri Balaji Chockalingam Engineering College, Irumbedu, Arni Taluk, Tiruvannamalai District-632317.",TIRUVANNAMALAI,Electronics and Communication Engineering,ec,88.5,95.5,Not Available,108.5,92.0,122.5,Not Available
TNEA2025-02646,1513,"Sri Balaji Chockalingam Engineering College, Irumbedu, Arni Taluk, Tiruvannamalai District-632317.",TIRUVANNAMALAI,Information Technology,it,116.0,91.5,Not Available,89.0,91.5,122.5,Not Available
TNEA2025-02717,1514,"Sri Nandhanam College of Engineering and Technology, Molagarampatti, Tirupattur, Vellore-635601.",TIRUPATHUR,Computer Science and Engineering,cs,Not Available,Not Available,Not Available,Not Available,Not Available,Not Available,Not Available
TNEA2025-03089,1516,Thanthai Periyar Government Institute of Technology Bagayam Vellore District 632002,VELLORE,Civil Engineering,ce,162.0,140.0,117.5,139.5,132.5,123.0,166.0
TNEA2025-03090,1516,Thanthai Periyar Government Institute of Technology Bagayam Vellore District 632002,VELLORE,Computer Science and Engineering,cs,184.5,178.5,177.0,179.0,161.0,161.0,166.0
TNEA2025-03091,1516,Thanthai Periyar Government Institute of Technology Bagayam Vellore District 632002,VELLORE,Electrical and Electronics Engineering,ee,172.0,166.5,152.5,163.0,143.0,159.0,149.0
TNEA2025-03092,1516,Thanthai Periyar Government Institute of Technology Bagayam Vellore District 632002,VELLORE,Electronics and Communication Engineering,ec,178.5,172.0,169.0,173.5,151.5,129.0,166.0
TNEA2025-03093,1516,Thanthai Periyar Government Institute of Technology Bagayam Vellore District 632002,VELLORE,Mechanical Engineering,me,156.0,142.0,115.0,142.0,136.5,117.0,115.0
TNEA2025-03126,1517,"Thirumalai Engineering College, Kilambi, Krishnapuram Post, Kanchipuram-631551.",KANCHIPURAM,Agricultural Engineering,ag,97.0,95.0,91.0,85.5,117.5,Not Available,Not Available
TNEA2025-03127,1517,"Thirumalai Engineering College, Kilambi, Krishnapuram Post, Kanchipuram-631551.",KANCHIPURAM,Artificial Intelligence and Data Science,ad,117.5,95.0,91.0,85.5,117.5,Not Available,Not Available
TNEA2025-03128,1517,"Thirumalai Engineering College, Kilambi, Krishnapuram Post, Kanchipuram-631551.",KANCHIPURAM,Civil Engineering,ce,96.0,95.0,91.0,85.5,117.5,Not Available,Not Available
TNEA2025-03129,1517,"Thirumalai Engineering College, Kilambi, Krishnapuram Post, Kanchipuram-631551.",KANCHIPURAM,Computer Science and Engineering,cs,99.0,85.0,91.0,87.0,85.0,Not Available,Not Available
TNEA2025-03130,1517,"Thirumalai Engineering College, Kilambi, Krishnapuram Post, Kanchipuram-631551.",KANCHIPURAM,Electrical and Electronics Engineering,ee,98.0,85.0,91.0,87.0,85.0,Not Available,Not Available
TNEA2025-03131,1517,"Thirumalai Engineering College, Kilambi, Krishnapuram Post, Kanchipuram-631551.",KANCHIPURAM,Electronics and Communication Engineering,ec,95.5,85.0,91.0,87.0,85.0,Not Available,Not Available
TNEA2025-03132,1517,"Thirumalai Engineering College, Kilambi, Krishnapuram Post, Kanchipuram-631551.",KANCHIPURAM,Information Technology,it,119.0,93.0,91.0,88.5,97.0,Not Available,Not Available
TNEA2025-03133,1517,"Thirumalai Engineering College, Kilambi, Krishnapuram Post, Kanchipuram-631551.",KANCHIPURAM,Mechanical Engineering,me,83.0,93.0,91.0,88.5,97.0,Not Available,Not Available
TNEA2025-03134,1518,"Thiruvalluvar College of Engineering and Technology, Arunachala City, Ponnur Hills, Vandavasi, Thiruvannamalai District-604505.",TIRUVANNAMALAI,Aeronautical Engineering,ae,135.5,87.0,Not Available,88.5,85.0,82.0,103.5
TNEA2025-03135,1518,"Thiruvalluvar College of Engineering and Technology, Arunachala City, Ponnur Hills, Vandavasi, Thiruvannamalai District-604505.",TIRUVANNAMALAI,Automobile Engineering,au,91.5,87.0,Not Available,88.5,85.0,82.0,103.5
TNEA2025-03136,1518,"Thiruvalluvar College of Engineering and Technology, Arunachala City, Ponnur Hills, Vandavasi, Thiruvannamalai District-604505.",TIRUVANNAMALAI,Civil Engineering,ce,95.5,87.0,Not Available,88.5,85.0,82.0,103.5
TNEA2025-03137,1518,"Thiruvalluvar College of Engineering and Technology, Arunachala City, Ponnur Hills, Vandavasi, Thiruvannamalai District-604505.",TIRUVANNAMALAI,Computer Science and Engineering,cs,112.0,87.0,Not Available,88.5,85.0,82.0,103.5
TNEA2025-03138,1518,"Thiruvalluvar College of Engineering and Technology, Arunachala City, Ponnur Hills, Vandavasi, Thiruvannamalai District-604505.",TIRUVANNAMALAI,Computer Science and Engineering (Ai and Machine Learning),am,104.5,93.0,Not Available,87.0,85.5,82.0,103.5
TNEA2025-03139,1518,"Thiruvalluvar College of Engineering and Technology, Arunachala City, Ponnur Hills, Vandavasi, Thiruvannamalai District-604505.",TIRUVANNAMALAI,Electrical and Electronics Engineering,ee,86.0,93.0,Not Available,87.0,85.5,82.0,103.5
TNEA2025-03140,1518,"Thiruvalluvar College of Engineering and Technology, Arunachala City, Ponnur Hills, Vandavasi, Thiruvannamalai District-604505.",TIRUVANNAMALAI,Electronics and Communication Engineering,ec,100.0,93.0,Not Available,80.0,85.5,82.0,103.5
TNEA2025-03141,1518,"Thiruvalluvar College of Engineering and Technology, Arunachala City, Ponnur Hills, Vandavasi, Thiruvannamalai District-604505.",TIRUVANNAMALAI,Electronics and Instrumentation Engineering,ei,96.5,93.0,Not Available,80.0,85.5,82.0,103.5
TNEA2025-03142,1518,"Thiruvalluvar College of Engineering and Technology, Arunachala City, Ponnur Hills, Vandavasi, Thiruvannamalai District-604505.",TIRUVANNAMALAI,Information Technology,it,103.0,90.0,Not Available,88.5,86.5,82.0,103.5
TNEA2025-03143,1518,"Thiruvalluvar College of Engineering and Technology, Arunachala City, Ponnur Hills, Vandavasi, Thiruvannamalai District-604505.",TIRUVANNAMALAI,Mechanical Engineering,me,95.0,90.0,Not Available,88.5,86.5,82.0,103.5
TNEA2025-03144,1518,"Thiruvalluvar College of Engineering and Technology, Arunachala City, Ponnur Hills, Vandavasi, Thiruvannamalai District-604505.",TIRUVANNAMALAI,Petro Chemical Technology,pc,95.0,90.0,Not Available,88.5,86.5,82.0,103.5
TNEA2025-00390,1519,"Bharathidasan Engineering College, K.Bandarapalli Post, Nattrampalli, Vellore District-635854.",TIRUPATHUR,Artificial Intelligence and Data Science,ad,133.0,113.5,111.0,104.0,113.0,92.0,Not Available
TNEA2025-00391,1519,"Bharathidasan Engineering College, K.Bandarapalli Post, Nattrampalli, Vellore District-635854.",TIRUPATHUR,Civil Engineering,ce,133.0,113.5,111.0,104.0,113.0,92.0,Not Available
TNEA2025-00392,1519,"Bharathidasan Engineering College, K.Bandarapalli Post, Nattrampalli, Vellore District-635854.",TIRUPATHUR,Computer Science and Engineering,cs,113.0,80.5,95.0,93.0,81.0,97.0,Not Available
TNEA2025-00393,1519,"Bharathidasan Engineering College, K.Bandarapalli Post, Nattrampalli, Vellore District-635854.",TIRUPATHUR,Electrical and Electronics Engineering,ee,90.0,80.5,95.0,93.0,81.0,97.0,Not Available
TNEA2025-00394,1519,"Bharathidasan Engineering College, K.Bandarapalli Post, Nattrampalli, Vellore District-635854.",TIRUPATHUR,Electronics and Communication Engineering,ec,83.0,80.5,95.0,93.0,81.0,97.0,Not Available
TNEA2025-00395,1519,"Bharathidasan Engineering College, K.Bandarapalli Post, Nattrampalli, Vellore District-635854.",TIRUPATHUR,Information Technology,it,143.0,88.5,120.0,100.0,95.5,97.0,Not Available
TNEA2025-00396,1519,"Bharathidasan Engineering College, K.Bandarapalli Post, Nattrampalli, Vellore District-635854.",TIRUPATHUR,Mechanical Engineering,me,81.0,88.5,120.0,100.0,95.5,97.0,Not Available
TNEA2025-01322,1520,"Kingston Engineering College, Chittoor Main Road, Chiristianpet Village, Mettukulam Panchayat, Katpadi Taluk, Vellore District-632059.",VELLORE,Artificial Intelligence and Data Science,ad,163.0,143.0,139.5,144.5,111.0,115.5,Not Available
TNEA2025-01323,1520,"Kingston Engineering College, Chittoor Main Road, Chiristianpet Village, Mettukulam Panchayat, Katpadi Taluk, Vellore District-632059.",VELLORE,Computer Science and Bussiness System,cb,130.5,108.5,139.5,110.0,111.0,115.5,Not Available
TNEA2025-01324,1520,"Kingston Engineering College, Chittoor Main Road, Chiristianpet Village, Mettukulam Panchayat, Katpadi Taluk, Vellore District-632059.",VELLORE,Computer Science and Engineering,cs,153.5,137.0,117.0,138.5,84.5,97.0,Not Available
TNEA2025-01325,1520,"Kingston Engineering College, Chittoor Main Road, Chiristianpet Village, Mettukulam Panchayat, Katpadi Taluk, Vellore District-632059.",VELLORE,Electronics and Communication Engineering,ec,148.5,124.5,139.0,123.5,108.0,97.0,Not Available
TNEA2025-01326,1520,"Kingston Engineering College, Chittoor Main Road, Chiristianpet Village, Mettukulam Panchayat, Katpadi Taluk, Vellore District-632059.",VELLORE,Information Technology,it,151.0,135.5,139.0,135.5,100.0,97.0,Not Available
TNEA2025-01327,1520,"Kingston Engineering College, Chittoor Main Road, Chiristianpet Village, Mettukulam Panchayat, Katpadi Taluk, Vellore District-632059.",VELLORE,Mechanical Engineering,me,93.0,135.5,139.0,135.5,100.0,97.0,Not Available
TNEA2025-00817,1523,"Global Institute of Engineering and Technology, 257/1, Bangalore-Chennai Highway, Melvisharam, Vellore-632509.",RANIPET,Artificial Intelligence and Data Science,ad,131.5,93.5,131.0,122.5,97.0,114.5,Not Available
TNEA2025-00816,1523,"Global Institute of Engineering and Technology, 257/1, Bangalore-Chennai Highway, Melvisharam, Vellore-632509.",RANIPET,Automobile Engineering,au,94.5,93.5,131.0,122.5,97.0,114.5,Not Available
TNEA2025-00818,1523,"Global Institute of Engineering and Technology, 257/1, Bangalore-Chennai Highway, Melvisharam, Vellore-632509.",RANIPET,Civil Engineering,ce,131.5,93.5,131.0,122.5,97.0,114.5,Not Available
TNEA2025-00819,1523,"Global Institute of Engineering and Technology, 257/1, Bangalore-Chennai Highway, Melvisharam, Vellore-632509.",RANIPET,Computer Science and Engineering,cs,122.5,87.0,105.5,105.5,101.5,114.5,Not Available
TNEA2025-00820,1523,"Global Institute of Engineering and Technology, 257/1, Bangalore-Chennai Highway, Melvisharam, Vellore-632509.",RANIPET,Computer Science and Engineering (Ai and Machine Learning),am,119.0,110.5,108.5,113.0,101.5,114.5,Not Available
TNEA2025-00821,1523,"Global Institute of Engineering and Technology, 257/1, Bangalore-Chennai Highway, Melvisharam, Vellore-632509.",RANIPET,Electrical and Electronics Engineering,ee,91.0,110.5,108.5,113.0,101.5,114.5,Not Available
TNEA2025-00822,1523,"Global Institute of Engineering and Technology, 257/1, Bangalore-Chennai Highway, Melvisharam, Vellore-632509.",RANIPET,Electronics and Communication Engineering,ec,109.5,82.5,102.0,94.0,92.0,114.5,Not Available
TNEA2025-00823,1523,"Global Institute of Engineering and Technology, 257/1, Bangalore-Chennai Highway, Melvisharam, Vellore-632509.",RANIPET,Information Technology,it,123.0,106.5,120.5,104.0,110.5,114.5,Not Available
TNEA2025-00824,1523,"Global Institute of Engineering and Technology, 257/1, Bangalore-Chennai Highway, Melvisharam, Vellore-632509.",RANIPET,Mechanical Engineering,me,97.5,106.5,120.5,104.0,110.5,114.5,Not Available
TNEA2025-00244,1524,"Annamalaiar College Of Engineering, Chetpet-Polur Road, Polur Taluk, Thiruvannamalai District-606902.",TIRUVANNAMALAI,Civil Engineering,ce,117.5,83.5,Not Available,89.5,Not Available,Not Available,Not Available
TNEA2025-00245,1524,"Annamalaiar College Of Engineering, Chetpet-Polur Road, Polur Taluk, Thiruvannamalai District-606902.",TIRUVANNAMALAI,Computer Science and Engineering,cs,86.0,83.5,Not Available,89.5,Not Available,Not Available,Not Available
TNEA2025-00246,1524,"Annamalaiar College Of Engineering, Chetpet-Polur Road, Polur Taluk, Thiruvannamalai District-606902.",TIRUVANNAMALAI,Electrical and Electronics Engineering,ee,85.5,83.5,Not Available,89.5,Not Available,Not Available,Not Available
TNEA2025-00247,1524,"Annamalaiar College Of Engineering, Chetpet-Polur Road, Polur Taluk, Thiruvannamalai District-606902.",TIRUVANNAMALAI,Electronics and Communication Engineering,ec,85.5,83.5,Not Available,89.5,Not Available,Not Available,Not Available
TNEA2025-00248,1524,"Annamalaiar College Of Engineering, Chetpet-Polur Road, Polur Taluk, Thiruvannamalai District-606902.",TIRUVANNAMALAI,Information Technology,it,108.5,83.5,Not Available,89.5,Not Available,Not Available,Not Available
TNEA2025-00249,1524,"Annamalaiar College Of Engineering, Chetpet-Polur Road, Polur Taluk, Thiruvannamalai District-606902.",TIRUVANNAMALAI,Mechanical Engineering,me,80.5,83.5,Not Available,89.5,Not Available,Not Available,Not Available
TNEA2025-02075,1525,"Podhigai College of Engineering and Technology, Salem Main Road, Adiyur Post, Tirupattur Taluk, Tirupattur, Vellore District.-635601.",TIRUPATHUR,Civil Engineering,ce,96.5,89.0,Not Available,86.0,91.0,Not Available,Not Available
TNEA2025-02076,1525,"Podhigai College of Engineering and Technology, Salem Main Road, Adiyur Post, Tirupattur Taluk, Tirupattur, Vellore District.-635601.",TIRUPATHUR,Computer Science and Engineering,cs,96.5,89.0,Not Available,86.0,91.0,Not Available,Not Available
TNEA2025-02077,1525,"Podhigai College of Engineering and Technology, Salem Main Road, Adiyur Post, Tirupattur Taluk, Tirupattur, Vellore District.-635601.",TIRUPATHUR,Electrical and Electronics Engineering,ee,89.5,89.0,Not Available,86.0,91.0,Not Available,Not Available
TNEA2025-02078,1525,"Podhigai College of Engineering and Technology, Salem Main Road, Adiyur Post, Tirupattur Taluk, Tirupattur, Vellore District.-635601.",TIRUPATHUR,Electronics and Communication Engineering,ec,94.5,89.0,Not Available,86.0,91.0,Not Available,Not Available
TNEA2025-02079,1525,"Podhigai College of Engineering and Technology, Salem Main Road, Adiyur Post, Tirupattur Taluk, Tirupattur, Vellore District.-635601.",TIRUPATHUR,Information Technology,it,90.0,89.0,Not Available,86.0,91.0,Not Available,Not Available
TNEA2025-02080,1525,"Podhigai College of Engineering and Technology, Salem Main Road, Adiyur Post, Tirupattur Taluk, Tirupattur, Vellore District.-635601.",TIRUPATHUR,Mechanical Engineering,me,83.0,89.0,Not Available,86.0,91.0,Not Available,Not Available
TNEA2025-02679,1526,"Sri Krishna College of Engineering, T.R.S. Campus, Sri Krishna Nagar, Tiruttani Road, Arakkonam, Vellore-631003.",RANIPET,Civil Engineering,ce,102.5,Not Available,Not Available,Not Available,Not Available,Not Available,Not Available
TNEA2025-02680,1526,"Sri Krishna College of Engineering, T.R.S. Campus, Sri Krishna Nagar, Tiruttani Road, Arakkonam, Vellore-631003.",RANIPET,Computer Science and Engineering,cs,102.5,Not Available,Not Available,Not Available,Not Available,Not Available,Not Available
TNEA2025-02681,1526,"Sri Krishna College of Engineering, T.R.S. Campus, Sri Krishna Nagar, Tiruttani Road, Arakkonam, Vellore-631003.",RANIPET,Electrical and Electronics Engineering,ee,102.5,Not Available,Not Available,Not Available,Not Available,Not Available,Not Available
TNEA2025-02682,1526,"Sri Krishna College of Engineering, T.R.S. Campus, Sri Krishna Nagar, Tiruttani Road, Arakkonam, Vellore-631003.",RANIPET,Electronics and Communication Engineering,ec,98.0,Not Available,Not Available,Not Available,Not Available,Not Available,Not Available
TNEA2025-02683,1526,"Sri Krishna College of Engineering, T.R.S. Campus, Sri Krishna Nagar, Tiruttani Road, Arakkonam, Vellore-631003.",RANIPET,Mechanical Engineering,me,98.0,Not Available,Not Available,Not Available,Not Available,Not Available,Not Available
TNEA2025-01801,1529,"Oxford College of Engineering, Venmani Village, Karaipoondi Post, Polur, Tiruvannamalai-606803.",TIRUVANNAMALAI,Civil Engineering,ce,Not Available,Not Available,Not Available,Not Available,Not Available,Not Available,Not Available
TNEA2025-01802,1529,"Oxford College of Engineering, Venmani Village, Karaipoondi Post, Polur, Tiruvannamalai-606803.",TIRUVANNAMALAI,Computer Science and Engineering,cs,Not Available,Not Available,Not Available,Not Available,Not Available,Not Available,Not Available
TNEA2025-01803,1529,"Oxford College of Engineering, Venmani Village, Karaipoondi Post, Polur, Tiruvannamalai-606803.",TIRUVANNAMALAI,Electrical and Electronics Engineering,ee,Not Available,Not Available,Not Available,Not Available,Not Available,Not Available,Not Available
TNEA2025-01804,1529,"Oxford College of Engineering, Venmani Village, Karaipoondi Post, Polur, Tiruvannamalai-606803.",TIRUVANNAMALAI,Electronics and Communication Engineering,ec,Not Available,Not Available,Not Available,Not Available,Not Available,Not Available,Not Available
TNEA2025-01805,1529,"Oxford College of Engineering, Venmani Village, Karaipoondi Post, Polur, Tiruvannamalai-606803.",TIRUVANNAMALAI,Mechanical Engineering,me,Not Available,Not Available,Not Available,Not Available,Not Available,Not Available,Not Available
TNEA2025-00951,1605,"Idhaya Engineering College for Women, Nainarpalayam Road, Chinna Salem, Villupuram District.-606201.",KALLAKURICHI,Computer Science and Engineering,cs,123.5,88.0,113.5,90.5,96.0,119.0,Not Available
TNEA2025-00952,1605,"Idhaya Engineering College for Women, Nainarpalayam Road, Chinna Salem, Villupuram District.-606201.",KALLAKURICHI,Electrical and Electronics Engineering,ee,135.0,88.0,113.5,90.5,96.0,119.0,Not Available
TNEA2025-00953,1605,"Idhaya Engineering College for Women, Nainarpalayam Road, Chinna Salem, Villupuram District.-606201.",KALLAKURICHI,Electronics and Communication Engineering,ec,86.5,88.0,113.5,90.5,85.5,119.0,Not Available
TNEA2025-00954,1605,"Idhaya Engineering College for Women, Nainarpalayam Road, Chinna Salem, Villupuram District.-606201.",KALLAKURICHI,Information Technology,it,130.5,95.0,121.5,103.0,111.0,119.0,Not Available
TNEA2025-03271,2,University Departments of Anna University Chennai - ACT Campus Sardar Patel Road Guindy Chennai 600 025,CHENNAI,Apparel Technology (Ss),ap,171.5,164.0,158.5,157.5,152.5,130.5,152.5
TNEA2025-03272,2,University Departments of Anna University Chennai - ACT Campus Sardar Patel Road Guindy Chennai 600 025,CHENNAI,Ceramic Technology (Ss),cr,175.0,166.5,155.5,168.0,149.5,130.5,175.5
TNEA2025-03273,2,University Departments of Anna University Chennai - ACT Campus Sardar Patel Road Guindy Chennai 600 025,CHENNAI,Chemical Engineering,ch,192.5,190.5,190.0,189.5,181.5,180.5,159.0
TNEA2025-03274,2,University Departments of Anna University Chennai - ACT Campus Sardar Patel Road Guindy Chennai 600 025,CHENNAI,Chemical Engineering (Ss),cl,190.0,187.0,189.5,186.0,177.0,164.5,148.5
TNEA2025-03275,2,University Departments of Anna University Chennai - ACT Campus Sardar Patel Road Guindy Chennai 600 025,CHENNAI,Food Technology (Ss),fs,184.5,180.0,182.0,180.0,171.5,164.5,148.5
TNEA2025-03276,2,University Departments of Anna University Chennai - ACT Campus Sardar Patel Road Guindy Chennai 600 025,CHENNAI,Industrial Bio Technology,ib,192.0,188.0,190.5,189.0,174.0,167.5,148.5
TNEA2025-03277,2,University Departments of Anna University Chennai - ACT Campus Sardar Patel Road Guindy Chennai 600 025,CHENNAI,Industrial Bio Technology (Ss),is,190.5,187.0,189.5,182.0,179.5,161.5,148.5
TNEA2025-03278,2,University Departments of Anna University Chennai - ACT Campus Sardar Patel Road Guindy Chennai 600 025,CHENNAI,Leather Technology,le,171.0,162.0,156.5,158.5,157.5,119.0,148.5
TNEA2025-03279,2,University Departments of Anna University Chennai - ACT Campus Sardar Patel Road Guindy Chennai 600 025,CHENNAI,Petroleum Engineering and Technology (Ss),pp,185.5,178.0,178.5,179.5,174.5,162.0,164.0
TNEA2025-03280,2,University Departments of Anna University Chennai - ACT Campus Sardar Patel Road Guindy Chennai 600 025,CHENNAI,Pharmaceutical Technology (Ss),pm,185.0,176.0,179.0,179.0,164.5,134.0,164.0
TNEA2025-03281,2,University Departments of Anna University Chennai - ACT Campus Sardar Patel Road Guindy Chennai 600 025,CHENNAI,Textile Technology,tx,175.5,164.0,154.5,160.5,164.0,119.0,164.0
TNEA2025-00899,2005,Government College of Technology (Autonomous) Thadagam Road Coimbatore District 641013,COIMBATORE,Civil Engineering,ce,182.5,175.0,170.5,174.5,173.0,153.0,157.0
TNEA2025-00900,2005,Government College of Technology (Autonomous) Thadagam Road Coimbatore District 641013,COIMBATORE,Computer Science and Engineering,cs,196.0,194.5,194.0,195.0,188.54,186.5,157.0
TNEA2025-00901,2005,Government College of Technology (Autonomous) Thadagam Road Coimbatore District 641013,COIMBATORE,Electrical and Electronics Engineering,ee,192.5,191.0,191.5,191.0,180.57,176.5,157.0
TNEA2025-00902,2005,Government College of Technology (Autonomous) Thadagam Road Coimbatore District 641013,COIMBATORE,Electronics and Communication Engineering,ec,195.5,194.0,194.0,193.5,187.0,194.5,189.5
TNEA2025-00903,2005,Government College of Technology (Autonomous) Thadagam Road Coimbatore District 641013,COIMBATORE,Electronics and Instrumentation Engineering,ei,190.5,188.0,183.5,189.0,173.5,157.5,160.0
TNEA2025-00904,2005,Government College of Technology (Autonomous) Thadagam Road Coimbatore District 641013,COIMBATORE,Industrial Bio Technology,ib,179.5,173.5,168.0,169.0,157.0,152.0,175.5
TNEA2025-00905,2005,Government College of Technology (Autonomous) Thadagam Road Coimbatore District 641013,COIMBATORE,Information Technology,it,195.0,193.5,193.0,193.0,186.5,182.0,190.5
TNEA2025-00906,2005,Government College of Technology (Autonomous) Thadagam Road Coimbatore District 641013,COIMBATORE,Mechanical Engineering,me,186.0,182.0,179.0,179.0,168.5,158.0,190.5
TNEA2025-00907,2005,Government College of Technology (Autonomous) Thadagam Road Coimbatore District 641013,COIMBATORE,Production Engineering,pr,178.5,172.0,172.5,168.5,157.5,155.5,176.0
TNEA2025-01912,2006,PSG College of Technology (Autonomous) Peelamedu Coimbatore District 641004,COIMBATORE,Automobile Engineering (Ss),as,182.5,180.0,168.0,173.0,166.0,155.0,178.5
TNEA2025-01913,2006,PSG College of Technology (Autonomous) Peelamedu Coimbatore District 641004,COIMBATORE,Bio Medical Engineering (Ss),by,190.0,186.5,188.0,183.0,161.0,165.0,178.5
TNEA2025-01914,2006,PSG College of Technology (Autonomous) Peelamedu Coimbatore District 641004,COIMBATORE,Bio Technology (Ss),bs,192.5,187.5,188.5,184.0,163.5,186.5,178.5
TNEA2025-01915,2006,PSG College of Technology (Autonomous) Peelamedu Coimbatore District 641004,COIMBATORE,Civil Engineering,ce,191.5,190.0,186.5,187.5,177.0,178.5,178.5
TNEA2025-01916,2006,PSG College of Technology (Autonomous) Peelamedu Coimbatore District 641004,COIMBATORE,Civil Engineering (Ss),cn,187.0,184.0,186.5,182.5,175.0,179.5,178.5
TNEA2025-01918,2006,PSG College of Technology (Autonomous) Peelamedu Coimbatore District 641004,COIMBATORE,Computer Science and Engineering (Artificial Intelligence and Machine Learning) (Ss),cg,197.0,196.5,196.5,195.5,187.5,183.0,178.5
TNEA2025-01917,2006,PSG College of Technology (Autonomous) Peelamedu Coimbatore District 641004,COIMBATORE,Computer Science and Engineering (Ss),cm,198.5,198.0,196.5,196.5,188.5,191.0,178.5
TNEA2025-01919,2006,PSG College of Technology (Autonomous) Peelamedu Coimbatore District 641004,COIMBATORE,Electrical and Electronics (Sandwich) (Ss),es,190.0,188.5,188.0,184.5,170.5,160.0,178.5
TNEA2025-01920,2006,PSG College of Technology (Autonomous) Peelamedu Coimbatore District 641004,COIMBATORE,Electrical and Electronics Engineering,ee,196.0,195.5,194.0,194.5,186.5,185.5,168.0
TNEA2025-01921,2006,PSG College of Technology (Autonomous) Peelamedu Coimbatore District 641004,COIMBATORE,Electronics and Communication Engineering,ec,198.5,198.0,196.5,196.0,190.0,190.5,181.5
TNEA2025-01922,2006,PSG College of Technology (Autonomous) Peelamedu Coimbatore District 641004,COIMBATORE,Electronics and Communication Engineering (Ss),em,197.0,196.5,195.5,195.0,187.5,186.0,176.5
TNEA2025-01923,2006,PSG College of Technology (Autonomous) Peelamedu Coimbatore District 641004,COIMBATORE,Fashion Technology (Ss),fy,176.0,170.5,153.0,157.5,133.5,126.0,110.0
TNEA2025-01924,2006,PSG College of Technology (Autonomous) Peelamedu Coimbatore District 641004,COIMBATORE,Information Technology (Ss),im,197.5,196.5,195.0,195.0,188.5,182.5,184.0
TNEA2025-01925,2006,PSG College of Technology (Autonomous) Peelamedu Coimbatore District 641004,COIMBATORE,Instrumentation and Control Engineering (Ss),iy,191.0,189.5,185.5,188.5,180.0,170.16,121.0
TNEA2025-01926,2006,PSG College of Technology (Autonomous) Peelamedu Coimbatore District 641004,COIMBATORE,Mechanical Engineering,me,193.0,191.0,192.0,190.0,179.5,185.5,181.0
TNEA2025-01927,2006,PSG College of Technology (Autonomous) Peelamedu Coimbatore District 641004,COIMBATORE,Mechanical Engineering (Sandwich) (Ss),ms,184.0,180.0,177.5,177.5,162.0,134.5,144.0
TNEA2025-01928,2006,PSG College of Technology (Autonomous) Peelamedu Coimbatore District 641004,COIMBATORE,Mechanical Engineering (Ss),mf,190.0,189.5,190.0,188.0,175.5,173.0,144.0
TNEA2025-01929,2006,PSG College of Technology (Autonomous) Peelamedu Coimbatore District 641004,COIMBATORE,Metallurgical Engineering,mt,183.5,179.5,183.0,181.0,173.0,173.0,144.0
TNEA2025-01930,2006,PSG College of Technology (Autonomous) Peelamedu Coimbatore District 641004,COIMBATORE,Metallurgical Engineering (Ss),my,181.0,177.0,183.0,176.0,157.5,146.5,144.0
TNEA2025-01931,2006,PSG College of Technology (Autonomous) Peelamedu Coimbatore District 641004,COIMBATORE,Production Engineering,pr,187.0,184.0,184.5,182.0,173.0,160.0,144.0
TNEA2025-01932,2006,PSG College of Technology (Autonomous) Peelamedu Coimbatore District 641004,COIMBATORE,Production Engineering (Sandwich) (Ss),ps,176.5,173.0,154.0,168.5,147.0,123.5,124.0
TNEA2025-01933,2006,PSG College of Technology (Autonomous) Peelamedu Coimbatore District 641004,COIMBATORE,Production Engineering (Ss),pn,183.0,181.5,178.5,179.0,157.5,152.5,124.0
TNEA2025-01934,2006,PSG College of Technology (Autonomous) Peelamedu Coimbatore District 641004,COIMBATORE,Robotics and Automation (Ss),ra,194.0,192.0,190.0,190.0,177.0,168.5,124.0
TNEA2025-01935,2006,PSG College of Technology (Autonomous) Peelamedu Coimbatore District 641004,COIMBATORE,Textile Technology,tx,178.5,174.5,159.0,158.0,147.5,117.5,124.0
TNEA2025-01936,2006,PSG College of Technology (Autonomous) Peelamedu Coimbatore District 641004,COIMBATORE,Textile Technology (Ss),tt,172.5,169.0,158.5,149.5,138.0,141.0,124.0
TNEA2025-00528,2007,Coimbatore Institute of Technology (Autonomous) Civil Aerodrome Post Coimbatore District 641014,COIMBATORE,Artificial Intelligence and Data Science (Ss),at,195.5,195.0,195.0,193.0,185.0,169.0,179.0
TNEA2025-00529,2007,Coimbatore Institute of Technology (Autonomous) Civil Aerodrome Post Coimbatore District 641014,COIMBATORE,Chemical Engineering,ch,189.0,185.0,184.5,182.5,173.0,169.0,179.0
TNEA2025-00530,2007,Coimbatore Institute of Technology (Autonomous) Civil Aerodrome Post Coimbatore District 641014,COIMBATORE,Chemical Engineering (Ss),cl,186.0,183.5,185.5,179.5,173.0,143.0,179.0
TNEA2025-00531,2007,Coimbatore Institute of Technology (Autonomous) Civil Aerodrome Post Coimbatore District 641014,COIMBATORE,Civil Engineering,ce,184.5,179.5,177.0,181.0,173.5,164.5,179.0
TNEA2025-00532,2007,Coimbatore Institute of Technology (Autonomous) Civil Aerodrome Post Coimbatore District 641014,COIMBATORE,Civil Engineering (Ss),cn,183.0,178.0,160.0,179.5,170.5,164.5,179.0
TNEA2025-00533,2007,Coimbatore Institute of Technology (Autonomous) Civil Aerodrome Post Coimbatore District 641014,COIMBATORE,Computer Science and Engineering,cs,197.0,196.0,195.0,195.5,191.0,186.5,186.0
TNEA2025-00534,2007,Coimbatore Institute of Technology (Autonomous) Civil Aerodrome Post Coimbatore District 641014,COIMBATORE,Computer Science and Engineering (Ss),cm,196.0,196.0,195.0,195.0,185.5,184.5,173.5
TNEA2025-00535,2007,Coimbatore Institute of Technology (Autonomous) Civil Aerodrome Post Coimbatore District 641014,COIMBATORE,Electrical and Electronics Engineering,ee,193.5,192.5,190.5,192.0,180.0,179.0,173.5
TNEA2025-00536,2007,Coimbatore Institute of Technology (Autonomous) Civil Aerodrome Post Coimbatore District 641014,COIMBATORE,Electrical and Electronics Engineering (Ss),ey,192.0,190.5,189.0,189.5,176.5,170.5,173.5
TNEA2025-00537,2007,Coimbatore Institute of Technology (Autonomous) Civil Aerodrome Post Coimbatore District 641014,COIMBATORE,Electronics and Communication Engineering,ec,196.0,195.5,195.5,194.5,187.0,186.5,173.5
TNEA2025-00538,2007,Coimbatore Institute of Technology (Autonomous) Civil Aerodrome Post Coimbatore District 641014,COIMBATORE,Electronics and Communication Engineering (Ss),em,195.0,194.0,194.0,193.5,185.0,182.5,173.5
TNEA2025-00539,2007,Coimbatore Institute of Technology (Autonomous) Civil Aerodrome Post Coimbatore District 641014,COIMBATORE,Information Technology (Ss),im,195.5,195.0,194.5,194.5,185.5,182.0,180.5
TNEA2025-00540,2007,Coimbatore Institute of Technology (Autonomous) Civil Aerodrome Post Coimbatore District 641014,COIMBATORE,Mechanical Engineering,me,189.0,185.0,187.0,184.0,171.5,175.0,180.5
TNEA2025-00541,2007,Coimbatore Institute of Technology (Autonomous) Civil Aerodrome Post Coimbatore District 641014,COIMBATORE,Mechanical Engineering (Ss),mf,184.5,182.0,181.0,179.5,164.5,170.0,180.5
TNEA2025-00180,2025,Anna University Regional Campus - Coimbatore Maruthamalai Main Road Navavoor Bharathiyar University Post Somayampalayam Coimbatore District 641046,COIMBATORE,Artificial Intelligence and Data Science,ad,189.0,181.5,180.0,181.0,176.0,166.5,164.0
TNEA2025-00181,2025,Anna University Regional Campus - Coimbatore Maruthamalai Main Road Navavoor Bharathiyar University Post Somayampalayam Coimbatore District 641046,COIMBATORE,Computer Science and Engineering,cs,187.5,182.5,183.0,183.5,174.0,164.5,164.0
TNEA2025-00182,2025,Anna University Regional Campus - Coimbatore Maruthamalai Main Road Navavoor Bharathiyar University Post Somayampalayam Coimbatore District 641046,COIMBATORE,Electrical and Electronics Engineering,ee,176.5,172.0,167.5,166.0,156.5,152.0,172.5
TNEA2025-00184,2025,Anna University Regional Campus - Coimbatore Maruthamalai Main Road Navavoor Bharathiyar University Post Somayampalayam Coimbatore District 641046,COIMBATORE,Electronics Engineering (Vlsi Design and Technology),ev,178.0,174.5,165.0,172.0,161.0,146.0,150.5
TNEA2025-00183,2025,Anna University Regional Campus - Coimbatore Maruthamalai Main Road Navavoor Bharathiyar University Post Somayampalayam Coimbatore District 641046,COIMBATORE,Electronics and Communication Engineering,ec,183.0,179.0,182.0,179.0,170.0,164.0,150.5
TNEA2025-00185,2025,Anna University Regional Campus - Coimbatore Maruthamalai Main Road Navavoor Bharathiyar University Post Somayampalayam Coimbatore District 641046,COIMBATORE,Mechanical Engineering,me,167.0,159.5,164.5,154.0,152.5,154.5,99.5
TNEA2025-02818,2302,"Sri Shanmugha College of Engineering and Technology (Autonomous), Pullipalayam, Morur(PO), Sankari Taluk, Salem District-637304.",SALEM,Agricultural Engineering,ag,93.5,81.5,109.0,92.0,85.5,124.5,Not Available
TNEA2025-02819,2302,"Sri Shanmugha College of Engineering and Technology (Autonomous), Pullipalayam, Morur(PO), Sankari Taluk, Salem District-637304.",SALEM,Artificial Intelligence and Data Science,ad,135.0,105.5,109.0,95.0,103.0,124.5,Not Available
TNEA2025-02820,2302,"Sri Shanmugha College of Engineering and Technology (Autonomous), Pullipalayam, Morur(PO), Sankari Taluk, Salem District-637304.",SALEM,Bio Medical Engineering,bm,130.5,83.0,125.0,93.0,89.0,128.5,Not Available
TNEA2025-02821,2302,"Sri Shanmugha College of Engineering and Technology (Autonomous), Pullipalayam, Morur(PO), Sankari Taluk, Salem District-637304.",SALEM,Computer Science and Engineering,cs,142.0,120.0,131.5,126.5,104.5,107.0,Not Available
TNEA2025-02822,2302,"Sri Shanmugha College of Engineering and Technology (Autonomous), Pullipalayam, Morur(PO), Sankari Taluk, Salem District-637304.",SALEM,Computer Science and Engineering (Cyber Security),sc,116.5,88.5,131.5,98.5,104.5,104.5,Not Available
TNEA2025-02823,2302,"Sri Shanmugha College of Engineering and Technology (Autonomous), Pullipalayam, Morur(PO), Sankari Taluk, Salem District-637304.",SALEM,Electronics and Communication Engineering,ec,127.5,104.0,131.5,97.0,85.5,104.5,Not Available
TNEA2025-02824,2302,"Sri Shanmugha College of Engineering and Technology (Autonomous), Pullipalayam, Morur(PO), Sankari Taluk, Salem District-637304.",SALEM,Information Technology,it,123.5,88.0,96.5,104.5,93.5,102.0,Not Available
TNEA2025-02825,2302,"Sri Shanmugha College of Engineering and Technology (Autonomous), Pullipalayam, Morur(PO), Sankari Taluk, Salem District-637304.",SALEM,Mechanical Engineering,me,106.5,94.0,96.5,82.0,99.5,102.0,Not Available
TNEA2025-01707,2327,"N.S.N. College of Engineering and Technology, N.S.N, Kalvi Nagar, Karur - Madurai NH-7, Manalmedu, Karur-639003.",KARUR,Artificial Intelligence and Data Science,ad,126.5,88.0,100.5,83.0,100.0,108.5,Not Available
TNEA2025-01708,2327,"N.S.N. College of Engineering and Technology, N.S.N, Kalvi Nagar, Karur - Madurai NH-7, Manalmedu, Karur-639003.",KARUR,Civil Engineering,ce,123.0,88.0,100.5,83.0,100.0,108.5,Not Available
TNEA2025-01709,2327,"N.S.N. College of Engineering and Technology, N.S.N, Kalvi Nagar, Karur - Madurai NH-7, Manalmedu, Karur-639003.",KARUR,Computer Science and Engineering,cs,118.5,81.0,100.5,81.0,83.0,96.5,Not Available
TNEA2025-01710,2327,"N.S.N. College of Engineering and Technology, N.S.N, Kalvi Nagar, Karur - Madurai NH-7, Manalmedu, Karur-639003.",KARUR,Electrical and Electronics Engineering,ee,99.5,80.0,90.0,80.0,97.5,97.5,Not Available
TNEA2025-01711,2327,"N.S.N. College of Engineering and Technology, N.S.N, Kalvi Nagar, Karur - Madurai NH-7, Manalmedu, Karur-639003.",KARUR,Electronics and Communication Engineering,ec,107.0,87.0,90.0,81.0,86.0,104.0,Not Available
TNEA2025-01712,2327,"N.S.N. College of Engineering and Technology, N.S.N, Kalvi Nagar, Karur - Madurai NH-7, Manalmedu, Karur-639003.",KARUR,Information Technology,it,103.0,82.5,90.0,81.0,83.5,89.5,Not Available
TNEA2025-01713,2327,"N.S.N. College of Engineering and Technology, N.S.N, Kalvi Nagar, Karur - Madurai NH-7, Manalmedu, Karur-639003.",KARUR,Mechanical Engineering,me,90.0,82.5,90.0,81.0,83.5,89.5,Not Available
TNEA2025-02243,2329,"Rathinam Technical Campus (Autonomous), Rathinam Techzone Campus, Pollachi Road, Eachanari, Coimbatore-641021.",COIMBATORE,Agricultural Engineering,ag,168.0,167.5,164.0,164.0,149.0,140.5,161.0
TNEA2025-02244,2329,"Rathinam Technical Campus (Autonomous), Rathinam Techzone Campus, Pollachi Road, Eachanari, Coimbatore-641021.",COIMBATORE,Artificial Intelligence and Data Science,ad,179.31,170.0,165.5,162.5,140.0,168.35,161.0
TNEA2025-02245,2329,"Rathinam Technical Campus (Autonomous), Rathinam Techzone Campus, Pollachi Road, Eachanari, Coimbatore-641021.",COIMBATORE,Bio Technology,bt,167.37,150.5,163.72,159.23,123.5,120.5,164.81
TNEA2025-02246,2329,"Rathinam Technical Campus (Autonomous), Rathinam Techzone Campus, Pollachi Road, Eachanari, Coimbatore-641021.",COIMBATORE,Computer Science and Engineering,cs,172.5,166.5,166.81,164.0,140.0,150.71,124.5
TNEA2025-02247,2329,"Rathinam Technical Campus (Autonomous), Rathinam Techzone Campus, Pollachi Road, Eachanari, Coimbatore-641021.",COIMBATORE,Computer Science and Engineering (Ai and Machine Learning),am,172.29,165.0,166.0,160.5,138.5,158.9,124.5
TNEA2025-02249,2329,"Rathinam Technical Campus (Autonomous), Rathinam Techzone Campus, Pollachi Road, Eachanari, Coimbatore-641021.",COIMBATORE,Computer Science and Engineering (Cyber Security),sc,169.0,162.0,162.62,159.5,134.0,155.62,124.5
TNEA2025-02248,2329,"Rathinam Technical Campus (Autonomous), Rathinam Techzone Campus, Pollachi Road, Eachanari, Coimbatore-641021.",COIMBATORE,Computer Science and Engineering (Tamil),xs,171.64,160.0,162.56,159.5,122.0,127.5,124.5
TNEA2025-02250,2329,"Rathinam Technical Campus (Autonomous), Rathinam Techzone Campus, Pollachi Road, Eachanari, Coimbatore-641021.",COIMBATORE,Electronics and Communication Engineering,ec,170.0,167.0,161.29,163.0,136.5,149.06,124.5
TNEA2025-02251,2329,"Rathinam Technical Campus (Autonomous), Rathinam Techzone Campus, Pollachi Road, Eachanari, Coimbatore-641021.",COIMBATORE,Information Technology,it,170.0,165.5,162.0,164.0,147.0,122.5,137.5
TNEA2025-02252,2329,"Rathinam Technical Campus (Autonomous), Rathinam Techzone Campus, Pollachi Road, Eachanari, Coimbatore-641021.",COIMBATORE,Mechanical Engineering,me,170.0,169.23,162.0,162.16,140.5,122.5,137.5
TNEA2025-02253,2329,"Rathinam Technical Campus (Autonomous), Rathinam Techzone Campus, Pollachi Road, Eachanari, Coimbatore-641021.",COIMBATORE,Mechatronics Engineering,mz,171.0,159.0,164.28,165.21,135.0,122.5,155.0
TNEA2025-00132,2332,"Aishwarya College of Engineering and Technology, Errattaikarad, Paruvachi (Post), Anthiyur, Bhavani (Taluk), Erode District-638312.",ERODE,Artificial Intelligence and Data Science,ad,83.5,Not Available,Not Available,Not Available,Not Available,Not Available,Not Available
TNEA2025-00133,2332,"Aishwarya College of Engineering and Technology, Errattaikarad, Paruvachi (Post), Anthiyur, Bhavani (Taluk), Erode District-638312.",ERODE,Civil Engineering,ce,83.5,Not Available,Not Available,Not Available,Not Available,Not Available,Not Available
TNEA2025-00134,2332,"Aishwarya College of Engineering and Technology, Errattaikarad, Paruvachi (Post), Anthiyur, Bhavani (Taluk), Erode District-638312.",ERODE,Computer Science and Engineering,cs,96.5,Not Available,Not Available,Not Available,Not Available,Not Available,Not Available
TNEA2025-00135,2332,"Aishwarya College of Engineering and Technology, Errattaikarad, Paruvachi (Post), Anthiyur, Bhavani (Taluk), Erode District-638312.",ERODE,Electrical and Electronics Engineering,ee,96.5,Not Available,Not Available,Not Available,Not Available,Not Available,Not Available
TNEA2025-00136,2332,"Aishwarya College of Engineering and Technology, Errattaikarad, Paruvachi (Post), Anthiyur, Bhavani (Taluk), Erode District-638312.",ERODE,Electronics and Communication Engineering,ec,96.5,Not Available,Not Available,Not Available,Not Available,Not Available,Not Available
TNEA2025-00137,2332,"Aishwarya College of Engineering and Technology, Errattaikarad, Paruvachi (Post), Anthiyur, Bhavani (Taluk), Erode District-638312.",ERODE,Mechanical Engineering,me,144.99,Not Available,Not Available,Not Available,Not Available,Not Available,Not Available
TNEA2025-00351,2338,"Asian College of Engineering and Technology, 294/2, Asian College Road, Kondayampalayam, Near Saravanampatti, Coimbatore-641110.",COIMBATORE,Agricultural Engineering,ag,91.5,87.0,Not Available,86.0,85.0,96.5,107.5
TNEA2025-00352,2338,"Asian College of Engineering and Technology, 294/2, Asian College Road, Kondayampalayam, Near Saravanampatti, Coimbatore-641110.",COIMBATORE,Artificial Intelligence and Data Science,ad,119.5,85.0,Not Available,86.0,102.0,96.5,107.5
TNEA2025-00353,2338,"Asian College of Engineering and Technology, 294/2, Asian College Road, Kondayampalayam, Near Saravanampatti, Coimbatore-641110.",COIMBATORE,Bio Medical Engineering,bm,119.5,92.0,Not Available,86.0,101.5,96.5,107.5
TNEA2025-00354,2338,"Asian College of Engineering and Technology, 294/2, Asian College Road, Kondayampalayam, Near Saravanampatti, Coimbatore-641110.",COIMBATORE,Computer Science and Engineering,cs,112.0,105.5,Not Available,87.5,86.5,96.5,107.5
TNEA2025-00355,2338,"Asian College of Engineering and Technology, 294/2, Asian College Road, Kondayampalayam, Near Saravanampatti, Coimbatore-641110.",COIMBATORE,Electrical and Electronics Engineering,ee,83.0,105.5,Not Available,87.5,86.5,96.5,107.5
TNEA2025-00356,2338,"Asian College of Engineering and Technology, 294/2, Asian College Road, Kondayampalayam, Near Saravanampatti, Coimbatore-641110.",COIMBATORE,Information Technology,it,120.0,108.0,Not Available,95.0,110.0,96.5,107.5
TNEA2025-00357,2338,"Asian College of Engineering and Technology, 294/2, Asian College Road, Kondayampalayam, Near Saravanampatti, Coimbatore-641110.",COIMBATORE,Mechanical Engineering,me,92.0,108.0,Not Available,95.0,83.0,96.5,107.5
TNEA2025-00808,2341,"Ganesh College of Engineering, Attur Main Road, Mettupatti, Salem-636111.",SALEM,Artificial Intelligence and Data Science,ad,84.5,Not Available,Not Available,83.0,Not Available,Not Available,Not Available
TNEA2025-00809,2341,"Ganesh College of Engineering, Attur Main Road, Mettupatti, Salem-636111.",SALEM,Bio Medical Engineering,bm,80.5,Not Available,Not Available,83.0,Not Available,Not Available,Not Available
TNEA2025-00810,2341,"Ganesh College of Engineering, Attur Main Road, Mettupatti, Salem-636111.",SALEM,Civil Engineering,ce,92.0,Not Available,Not Available,83.0,Not Available,Not Available,Not Available
TNEA2025-00811,2341,"Ganesh College of Engineering, Attur Main Road, Mettupatti, Salem-636111.",SALEM,Computer Science and Engineering,cs,85.0,Not Available,Not Available,83.0,Not Available,Not Available,Not Available
TNEA2025-00812,2341,"Ganesh College of Engineering, Attur Main Road, Mettupatti, Salem-636111.",SALEM,Electrical and Electronics Engineering,ee,88.0,Not Available,Not Available,83.0,Not Available,Not Available,Not Available
TNEA2025-00813,2341,"Ganesh College of Engineering, Attur Main Road, Mettupatti, Salem-636111.",SALEM,Electronics and Communication Engineering,ec,86.0,Not Available,Not Available,83.0,Not Available,Not Available,Not Available
TNEA2025-00814,2341,"Ganesh College of Engineering, Attur Main Road, Mettupatti, Salem-636111.",SALEM,Information Technology,it,86.5,Not Available,Not Available,83.0,Not Available,Not Available,Not Available
TNEA2025-00815,2341,"Ganesh College of Engineering, Attur Main Road, Mettupatti, Salem-636111.",SALEM,Mechanical Engineering,me,81.0,Not Available,Not Available,83.0,Not Available,Not Available,Not Available
TNEA2025-02756,2342,"Sri Ranganathar Institute of Engineering and Technology, S.F No:162, Athipalayam village, Thudiyalur-kovilpalayam Road, Coimbatore-641110.",COIMBATORE,Artificial Intelligence and Data Science,ad,137.0,106.0,87.0,92.0,116.5,94.5,111.0
TNEA2025-02757,2342,"Sri Ranganathar Institute of Engineering and Technology, S.F No:162, Athipalayam village, Thudiyalur-kovilpalayam Road, Coimbatore-641110.",COIMBATORE,Civil Engineering,ce,83.0,106.0,87.0,92.0,116.5,94.5,111.0
TNEA2025-02758,2342,"Sri Ranganathar Institute of Engineering and Technology, S.F No:162, Athipalayam village, Thudiyalur-kovilpalayam Road, Coimbatore-641110.",COIMBATORE,Computer Science and Engineering,cs,127.5,102.5,87.0,84.5,86.5,111.5,111.0
TNEA2025-02759,2342,"Sri Ranganathar Institute of Engineering and Technology, S.F No:162, Athipalayam village, Thudiyalur-kovilpalayam Road, Coimbatore-641110.",COIMBATORE,Electrical and Electronics Engineering,ee,96.0,91.5,87.0,94.0,83.0,111.5,111.0
TNEA2025-02760,2342,"Sri Ranganathar Institute of Engineering and Technology, S.F No:162, Athipalayam village, Thudiyalur-kovilpalayam Road, Coimbatore-641110.",COIMBATORE,Electronics and Communication Engineering,ec,127.5,99.5,87.0,104.0,93.0,120.5,111.0
TNEA2025-02761,2342,"Sri Ranganathar Institute of Engineering and Technology, S.F No:162, Athipalayam village, Thudiyalur-kovilpalayam Road, Coimbatore-641110.",COIMBATORE,Information Technology,it,122.0,95.5,87.0,84.5,99.0,119.0,111.0
TNEA2025-02762,2342,"Sri Ranganathar Institute of Engineering and Technology, S.F No:162, Athipalayam village, Thudiyalur-kovilpalayam Road, Coimbatore-641110.",COIMBATORE,Mechanical Engineering,me,87.0,95.5,87.0,84.5,80.0,119.0,111.0
TNEA2025-00973,2343,Indian Institute of Handloom Technology Foulke's Compound Thillai Nagar Salem District 636001,SALEM,Handloom and Textile Technology,ht,163.5,157.0,158.0,152.5,139.0,135.0,116.5
TNEA2025-00619,2345,"Dhirajlal Gandhi College of Technology, Sikkanampatty, Opposite to Airport, Omalur Taluk, Salem District-636309.",SALEM,Agricultural Engineering,ag,85.0,90.0,96.5,109.0,104.0,107.0,Not Available
TNEA2025-00620,2345,"Dhirajlal Gandhi College of Technology, Sikkanampatty, Opposite to Airport, Omalur Taluk, Salem District-636309.",SALEM,Artificial Intelligence and Data Science,ad,133.0,90.0,96.5,109.0,104.0,107.0,Not Available
TNEA2025-00621,2345,"Dhirajlal Gandhi College of Technology, Sikkanampatty, Opposite to Airport, Omalur Taluk, Salem District-636309.",SALEM,Civil Engineering,ce,109.5,90.0,96.5,109.0,88.0,107.0,Not Available
TNEA2025-00622,2345,"Dhirajlal Gandhi College of Technology, Sikkanampatty, Opposite to Airport, Omalur Taluk, Salem District-636309.",SALEM,Computer Science and Engineering,cs,134.0,81.5,115.5,113.0,92.0,107.0,Not Available
TNEA2025-00623,2345,"Dhirajlal Gandhi College of Technology, Sikkanampatty, Opposite to Airport, Omalur Taluk, Salem District-636309.",SALEM,Electrical and Electronics Engineering,ee,99.5,93.0,115.5,80.0,92.0,107.0,Not Available
TNEA2025-00624,2345,"Dhirajlal Gandhi College of Technology, Sikkanampatty, Opposite to Airport, Omalur Taluk, Salem District-636309.",SALEM,Electronics and Communication Engineering,ec,133.0,99.0,115.5,109.0,105.0,107.0,Not Available
TNEA2025-00625,2345,"Dhirajlal Gandhi College of Technology, Sikkanampatty, Opposite to Airport, Omalur Taluk, Salem District-636309.",SALEM,Information Technology,it,124.5,89.5,122.0,109.5,94.0,107.0,Not Available
TNEA2025-00626,2345,"Dhirajlal Gandhi College of Technology, Sikkanampatty, Opposite to Airport, Omalur Taluk, Salem District-636309.",SALEM,Mechanical Engineering,me,102.0,93.5,122.0,86.0,92.0,107.0,Not Available
TNEA2025-00627,2345,"Dhirajlal Gandhi College of Technology, Sikkanampatty, Opposite to Airport, Omalur Taluk, Salem District-636309.",SALEM,Robotics and Automation,rm,90.0,93.5,122.0,86.0,92.0,107.0,Not Available
TNEA2025-02546,2346,"Shree Sathyam College of Engineering and Technology, Manjakkal Patti, Kuppanur Post, Sankari Taluk, Salem District-637301.",SALEM,Artificial Intelligence and Data Science,ad,111.5,95.5,Not Available,96.5,Not Available,92.5,Not Available
TNEA2025-02547,2346,"Shree Sathyam College of Engineering and Technology, Manjakkal Patti, Kuppanur Post, Sankari Taluk, Salem District-637301.",SALEM,Bio Medical Engineering,bm,105.5,95.5,Not Available,96.5,Not Available,92.5,Not Available
TNEA2025-02548,2346,"Shree Sathyam College of Engineering and Technology, Manjakkal Patti, Kuppanur Post, Sankari Taluk, Salem District-637301.",SALEM,Computer Science and Engineering,cs,96.5,95.5,Not Available,96.5,Not Available,92.5,Not Available
TNEA2025-02549,2346,"Shree Sathyam College of Engineering and Technology, Manjakkal Patti, Kuppanur Post, Sankari Taluk, Salem District-637301.",SALEM,Electrical and Electronics Engineering,ee,85.0,95.5,Not Available,96.5,Not Available,92.5,Not Available
TNEA2025-02550,2346,"Shree Sathyam College of Engineering and Technology, Manjakkal Patti, Kuppanur Post, Sankari Taluk, Salem District-637301.",SALEM,Electronics and Communication Engineering,ec,85.5,95.5,Not Available,96.5,Not Available,92.5,Not Available
TNEA2025-02551,2346,"Shree Sathyam College of Engineering and Technology, Manjakkal Patti, Kuppanur Post, Sankari Taluk, Salem District-637301.",SALEM,Information Technology,it,88.5,95.5,Not Available,96.5,Not Available,92.5,Not Available
TNEA2025-02552,2346,"Shree Sathyam College of Engineering and Technology, Manjakkal Patti, Kuppanur Post, Sankari Taluk, Salem District-637301.",SALEM,Mechanical Engineering,me,90.0,95.5,Not Available,96.5,Not Available,92.5,Not Available
TNEA2025-00001,2347,"A V S College of Technology, Attur Main Road, Near AVS College of Arts & Science, Chinnagoundapuram, Salem-636106.",SALEM,Agricultural Engineering,ag,109.0,106.5,141.5,100.5,122.0,Not Available,Not Available
TNEA2025-00002,2347,"A V S College of Technology, Attur Main Road, Near AVS College of Arts & Science, Chinnagoundapuram, Salem-636106.",SALEM,Artificial Intelligence and Data Science,ad,142.5,87.0,141.5,112.5,122.0,Not Available,Not Available
TNEA2025-00003,2347,"A V S College of Technology, Attur Main Road, Near AVS College of Arts & Science, Chinnagoundapuram, Salem-636106.",SALEM,Computer Science and Engineering,cs,127.0,82.0,116.0,111.0,123.5,Not Available,Not Available
TNEA2025-00004,2347,"A V S College of Technology, Attur Main Road, Near AVS College of Arts & Science, Chinnagoundapuram, Salem-636106.",SALEM,Electrical and Electronics Engineering,ee,130.5,88.0,116.5,112.0,99.5,Not Available,Not Available
TNEA2025-00005,2347,"A V S College of Technology, Attur Main Road, Near AVS College of Arts & Science, Chinnagoundapuram, Salem-636106.",SALEM,Electronics and Communication Engineering,ec,119.0,95.0,102.5,103.0,99.5,Not Available,Not Available
TNEA2025-00006,2347,"A V S College of Technology, Attur Main Road, Near AVS College of Arts & Science, Chinnagoundapuram, Salem-636106.",SALEM,Information Technology,it,122.0,90.0,116.5,104.5,99.5,Not Available,Not Available
TNEA2025-00007,2347,"A V S College of Technology, Attur Main Road, Near AVS College of Arts & Science, Chinnagoundapuram, Salem-636106.",SALEM,Mechanical Engineering,me,114.5,84.0,116.5,103.0,81.5,Not Available,Not Available
TNEA2025-00564,2349,"Dhaanish Ahmed Institute of Technology, Pitchanur Village, Coimbatore-641018.",COIMBATORE,Artificial Intelligence and Data Science,ad,131.5,92.5,129.5,114.5,93.0,Not Available,Not Available
TNEA2025-00565,2349,"Dhaanish Ahmed Institute of Technology, Pitchanur Village, Coimbatore-641018.",COIMBATORE,Bio Medical Engineering,bm,93.0,92.5,129.5,114.5,93.0,Not Available,Not Available
TNEA2025-00566,2349,"Dhaanish Ahmed Institute of Technology, Pitchanur Village, Coimbatore-641018.",COIMBATORE,Computer Science and Engineering,cs,119.5,92.5,115.5,104.0,91.0,Not Available,Not Available
TNEA2025-00567,2349,"Dhaanish Ahmed Institute of Technology, Pitchanur Village, Coimbatore-641018.",COIMBATORE,Computer Science and Engineering (Ai and Machine Learning),am,102.0,92.5,115.5,104.0,91.0,Not Available,Not Available
TNEA2025-00568,2349,"Dhaanish Ahmed Institute of Technology, Pitchanur Village, Coimbatore-641018.",COIMBATORE,Computer Science and Engineering (Cyber Security),sc,101.5,96.5,85.0,88.5,91.0,Not Available,Not Available
TNEA2025-00569,2349,"Dhaanish Ahmed Institute of Technology, Pitchanur Village, Coimbatore-641018.",COIMBATORE,Electronics and Communication Engineering,ec,124.5,105.5,122.5,112.0,91.0,Not Available,Not Available
TNEA2025-00570,2349,"Dhaanish Ahmed Institute of Technology, Pitchanur Village, Coimbatore-641018.",COIMBATORE,Food Technology,fd,94.5,92.0,80.0,85.5,91.0,Not Available,Not Available
TNEA2025-00571,2349,"Dhaanish Ahmed Institute of Technology, Pitchanur Village, Coimbatore-641018.",COIMBATORE,Robotics and Automation,rm,105.0,92.0,96.0,87.0,91.0,Not Available,Not Available
TNEA2025-01063,2350,"Jairupaa College of Engineering, Thottiapalayam, Kathankanni-Po, Kangayam-Tk, Tiruppur-641604.",TIRUPPUR,Civil Engineering,ce,195.5,Not Available,Not Available,Not Available,Not Available,Not Available,Not Available
TNEA2025-01064,2350,"Jairupaa College of Engineering, Thottiapalayam, Kathankanni-Po, Kangayam-Tk, Tiruppur-641604.",TIRUPPUR,Computer Science and Engineering,cs,81.0,Not Available,Not Available,Not Available,Not Available,Not Available,Not Available
TNEA2025-01065,2350,"Jairupaa College of Engineering, Thottiapalayam, Kathankanni-Po, Kangayam-Tk, Tiruppur-641604.",TIRUPPUR,Electrical and Electronics Engineering,ee,81.0,Not Available,Not Available,Not Available,Not Available,Not Available,Not Available
TNEA2025-01066,2350,"Jairupaa College of Engineering, Thottiapalayam, Kathankanni-Po, Kangayam-Tk, Tiruppur-641604.",TIRUPPUR,Electronics and Communication Engineering,ec,81.0,Not Available,Not Available,Not Available,Not Available,Not Available,Not Available
TNEA2025-01067,2350,"Jairupaa College of Engineering, Thottiapalayam, Kathankanni-Po, Kangayam-Tk, Tiruppur-641604.",TIRUPPUR,Mechanical Engineering,me,81.0,Not Available,Not Available,Not Available,Not Available,Not Available,Not Available
TNEA2025-02081,2354,"Pollachi Institute of Engineering and Technology, 107/1, Poosaripatti Village, Pollachi to Dharapuram road, Poosaripatti(post) Pollachi, Coimbatore-642205.",COIMBATORE,Artificial Intelligence and Data Science,ad,114.5,99.5,Not Available,113.0,108.0,94.5,Not Available
TNEA2025-02082,2354,"Pollachi Institute of Engineering and Technology, 107/1, Poosaripatti Village, Pollachi to Dharapuram road, Poosaripatti(post) Pollachi, Coimbatore-642205.",COIMBATORE,Civil Engineering,ce,90.5,99.5,Not Available,113.0,108.0,94.5,Not Available
TNEA2025-02083,2354,"Pollachi Institute of Engineering and Technology, 107/1, Poosaripatti Village, Pollachi to Dharapuram road, Poosaripatti(post) Pollachi, Coimbatore-642205.",COIMBATORE,Computer Science and Engineering,cs,120.5,99.5,Not Available,109.5,108.0,110.5,Not Available
TNEA2025-02084,2354,"Pollachi Institute of Engineering and Technology, 107/1, Poosaripatti Village, Pollachi to Dharapuram road, Poosaripatti(post) Pollachi, Coimbatore-642205.",COIMBATORE,Electrical and Electronics Engineering,ee,102.0,99.5,Not Available,96.5,108.0,110.5,Not Available
TNEA2025-02085,2354,"Pollachi Institute of Engineering and Technology, 107/1, Poosaripatti Village, Pollachi to Dharapuram road, Poosaripatti(post) Pollachi, Coimbatore-642205.",COIMBATORE,Electronics and Communication Engineering,ec,109.0,99.5,Not Available,102.0,93.0,110.5,Not Available
TNEA2025-02086,2354,"Pollachi Institute of Engineering and Technology, 107/1, Poosaripatti Village, Pollachi to Dharapuram road, Poosaripatti(post) Pollachi, Coimbatore-642205.",COIMBATORE,Mechanical Engineering,me,88.0,83.5,Not Available,81.0,93.0,110.5,Not Available
TNEA2025-00307,2356,"Arulmurugan College of Engineering, Karvazhi Road, Thennilai, Aravakurichy Taluk, Karur-639206.",KARUR,Artificial Intelligence and Data Science,ad,101.0,Not Available,Not Available,Not Available,Not Available,Not Available,Not Available
TNEA2025-00308,2356,"Arulmurugan College of Engineering, Karvazhi Road, Thennilai, Aravakurichy Taluk, Karur-639206.",KARUR,Civil Engineering,ce,101.0,Not Available,Not Available,Not Available,Not Available,Not Available,Not Available
TNEA2025-00309,2356,"Arulmurugan College of Engineering, Karvazhi Road, Thennilai, Aravakurichy Taluk, Karur-639206.",KARUR,Computer Science and Engineering,cs,111.5,Not Available,Not Available,Not Available,Not Available,Not Available,Not Available
TNEA2025-00310,2356,"Arulmurugan College of Engineering, Karvazhi Road, Thennilai, Aravakurichy Taluk, Karur-639206.",KARUR,Electrical and Electronics Engineering,ee,111.5,Not Available,Not Available,Not Available,Not Available,Not Available,Not Available
TNEA2025-00311,2356,"Arulmurugan College of Engineering, Karvazhi Road, Thennilai, Aravakurichy Taluk, Karur-639206.",KARUR,Electronics and Communication Engineering,ec,111.5,Not Available,Not Available,Not Available,Not Available,Not Available,Not Available
TNEA2025-00312,2356,"Arulmurugan College of Engineering, Karvazhi Road, Thennilai, Aravakurichy Taluk, Karur-639206.",KARUR,Mechanical Engineering,me,116.0,Not Available,Not Available,Not Available,Not Available,Not Available,Not Available
TNEA2025-03355,2357,"V.S.B. College of Engineering Technical Campus (Autonomous), S.F. No.91/2A, 91/2B, 252, 253/1, Solavampalayam Village, Kinathukadavu, Pollachi Taluk, Coimbatore District-642109.",COIMBATORE,Agricultural Engineering,ag,135.5,120.5,121.0,115.0,128.0,129.5,102.5
TNEA2025-03356,2357,"V.S.B. College of Engineering Technical Campus (Autonomous), S.F. No.91/2A, 91/2B, 252, 253/1, Solavampalayam Village, Kinathukadavu, Pollachi Taluk, Coimbatore District-642109.",COIMBATORE,Artificial Intelligence and Data Science,ad,153.5,141.5,121.0,131.0,110.0,117.5,102.5
TNEA2025-03357,2357,"V.S.B. College of Engineering Technical Campus (Autonomous), S.F. No.91/2A, 91/2B, 252, 253/1, Solavampalayam Village, Kinathukadavu, Pollachi Taluk, Coimbatore District-642109.",COIMBATORE,Computer Science and Engineering,cs,159.5,145.5,142.5,134.5,101.5,126.5,123.0
TNEA2025-03358,2357,"V.S.B. College of Engineering Technical Campus (Autonomous), S.F. No.91/2A, 91/2B, 252, 253/1, Solavampalayam Village, Kinathukadavu, Pollachi Taluk, Coimbatore District-642109.",COIMBATORE,Computer Science and Engineering (Ai and Machine Learning),am,150.5,141.0,115.0,134.5,107.5,101.5,142.5
TNEA2025-03359,2357,"V.S.B. College of Engineering Technical Campus (Autonomous), S.F. No.91/2A, 91/2B, 252, 253/1, Solavampalayam Village, Kinathukadavu, Pollachi Taluk, Coimbatore District-642109.",COIMBATORE,Electrical and Electronics Engineering,ee,142.5,139.0,140.5,130.0,115.0,101.5,142.5
TNEA2025-03360,2357,"V.S.B. College of Engineering Technical Campus (Autonomous), S.F. No.91/2A, 91/2B, 252, 253/1, Solavampalayam Village, Kinathukadavu, Pollachi Taluk, Coimbatore District-642109.",COIMBATORE,Electronics and Communication Engineering,ec,154.0,142.0,110.5,132.0,101.5,109.5,116.0
TNEA2025-03361,2357,"V.S.B. College of Engineering Technical Campus (Autonomous), S.F. No.91/2A, 91/2B, 252, 253/1, Solavampalayam Village, Kinathukadavu, Pollachi Taluk, Coimbatore District-642109.",COIMBATORE,Information Technology,it,153.0,142.0,142.5,140.5,96.5,140.5,116.0
TNEA2025-03362,2357,"V.S.B. College of Engineering Technical Campus (Autonomous), S.F. No.91/2A, 91/2B, 252, 253/1, Solavampalayam Village, Kinathukadavu, Pollachi Taluk, Coimbatore District-642109.",COIMBATORE,Mechanical Engineering,me,134.5,127.0,130.5,114.0,93.5,86.5,116.0
TNEA2025-02981,2360,"Suguna College of Engineering, Nehru Nagar (West), Kalapatti Road, Civil Aerodrome (Post), Coimbatore-641014.",COIMBATORE,Agricultural Engineering,ag,100.5,90.0,88.0,82.0,93.0,121.0,82.5
TNEA2025-02982,2360,"Suguna College of Engineering, Nehru Nagar (West), Kalapatti Road, Civil Aerodrome (Post), Coimbatore-641014.",COIMBATORE,Artificial Intelligence and Data Science,ad,143.5,111.5,88.0,108.5,101.5,121.0,82.5
TNEA2025-02983,2360,"Suguna College of Engineering, Nehru Nagar (West), Kalapatti Road, Civil Aerodrome (Post), Coimbatore-641014.",COIMBATORE,Computer Science and Engineering,cs,142.0,118.5,105.5,96.5,126.5,137.5,82.5
TNEA2025-02984,2360,"Suguna College of Engineering, Nehru Nagar (West), Kalapatti Road, Civil Aerodrome (Post), Coimbatore-641014.",COIMBATORE,Electronics and Communication Engineering,ec,127.0,102.0,105.5,102.0,100.5,137.5,87.0
TNEA2025-02985,2360,"Suguna College of Engineering, Nehru Nagar (West), Kalapatti Road, Civil Aerodrome (Post), Coimbatore-641014.",COIMBATORE,Information Technology,it,135.5,112.5,105.5,100.0,102.5,104.5,87.0
TNEA2025-02986,2360,"Suguna College of Engineering, Nehru Nagar (West), Kalapatti Road, Civil Aerodrome (Post), Coimbatore-641014.",COIMBATORE,Mechanical Engineering,me,100.5,91.0,105.5,83.0,80.0,100.0,87.0
TNEA2025-02987,2360,"Suguna College of Engineering, Nehru Nagar (West), Kalapatti Road, Civil Aerodrome (Post), Coimbatore-641014.",COIMBATORE,Mechatronics Engineering,mz,106.5,92.5,105.5,85.5,84.0,100.0,87.0
TNEA2025-00281,2367,"Arjun College of Technology, 310/1B, Chettiyakkapalayam, Kinathukadavu, Coimbatore-642120.",COIMBATORE,Artificial Intelligence and Data Science,ad,123.0,90.5,98.5,120.5,94.5,123.0,Not Available
TNEA2025-00282,2367,"Arjun College of Technology, 310/1B, Chettiyakkapalayam, Kinathukadavu, Coimbatore-642120.",COIMBATORE,Civil Engineering,ce,92.5,90.5,98.5,120.5,94.5,123.0,Not Available
TNEA2025-00283,2367,"Arjun College of Technology, 310/1B, Chettiyakkapalayam, Kinathukadavu, Coimbatore-642120.",COIMBATORE,Computer Science and Bussiness System,cb,94.5,90.5,98.5,120.5,94.5,123.0,Not Available
TNEA2025-00284,2367,"Arjun College of Technology, 310/1B, Chettiyakkapalayam, Kinathukadavu, Coimbatore-642120.",COIMBATORE,Computer Science and Engineering,cs,99.0,96.0,98.5,92.5,88.5,123.0,Not Available
TNEA2025-00285,2367,"Arjun College of Technology, 310/1B, Chettiyakkapalayam, Kinathukadavu, Coimbatore-642120.",COIMBATORE,Computer Science and Engineering (Ai and Machine Learning),am,94.5,96.0,98.5,92.5,88.5,123.0,Not Available
TNEA2025-00286,2367,"Arjun College of Technology, 310/1B, Chettiyakkapalayam, Kinathukadavu, Coimbatore-642120.",COIMBATORE,Computer Science and Engineering (Cyber Security),sc,87.5,96.0,98.5,92.5,88.5,123.0,Not Available
TNEA2025-00287,2367,"Arjun College of Technology, 310/1B, Chettiyakkapalayam, Kinathukadavu, Coimbatore-642120.",COIMBATORE,Electronics and Communication Engineering,ec,110.0,100.0,98.5,100.0,88.5,105.5,Not Available
TNEA2025-00288,2367,"Arjun College of Technology, 310/1B, Chettiyakkapalayam, Kinathukadavu, Coimbatore-642120.",COIMBATORE,Information Technology,it,107.0,90.5,98.5,88.0,103.5,105.5,Not Available
TNEA2025-00289,2367,"Arjun College of Technology, 310/1B, Chettiyakkapalayam, Kinathukadavu, Coimbatore-642120.",COIMBATORE,Mechanical Engineering,me,89.5,90.5,98.5,88.0,103.5,105.5,Not Available
TNEA2025-03460,2368,"Vishnu Lakshmi College of Engineering and Technology, 10/1, Kambar Street, Kanjikonampalayam, Vellalore(PO), Coimbatore-641111.",COIMBATORE,Civil Engineering,ce,127.0,Not Available,Not Available,Not Available,Not Available,Not Available,Not Available
TNEA2025-03461,2368,"Vishnu Lakshmi College of Engineering and Technology, 10/1, Kambar Street, Kanjikonampalayam, Vellalore(PO), Coimbatore-641111.",COIMBATORE,Computer Science and Engineering,cs,127.0,Not Available,Not Available,Not Available,Not Available,Not Available,Not Available
TNEA2025-03462,2368,"Vishnu Lakshmi College of Engineering and Technology, 10/1, Kambar Street, Kanjikonampalayam, Vellalore(PO), Coimbatore-641111.",COIMBATORE,Electrical and Electronics Engineering,ee,127.0,Not Available,Not Available,Not Available,Not Available,Not Available,Not Available
TNEA2025-03463,2368,"Vishnu Lakshmi College of Engineering and Technology, 10/1, Kambar Street, Kanjikonampalayam, Vellalore(PO), Coimbatore-641111.",COIMBATORE,Electronics and Communication Engineering,ec,127.0,Not Available,Not Available,Not Available,Not Available,Not Available,Not Available
TNEA2025-03464,2368,"Vishnu Lakshmi College of Engineering and Technology, 10/1, Kambar Street, Kanjikonampalayam, Vellalore(PO), Coimbatore-641111.",COIMBATORE,Mechanical Engineering,me,127.0,Not Available,Not Available,Not Available,Not Available,Not Available,Not Available
TNEA2025-00857,2369,Government College of Engineering Chettikkarai Post Dharmapuri District 635704,DHARMAPURI,Civil Engineering,ce,153.5,122.5,106.5,142.5,133.5,101.5,134.5
TNEA2025-00858,2369,Government College of Engineering Chettikkarai Post Dharmapuri District 635704,DHARMAPURI,Computer Science and Engineering,cs,179.5,171.5,162.5,173.5,156.0,150.0,134.5
TNEA2025-00859,2369,Government College of Engineering Chettikkarai Post Dharmapuri District 635704,DHARMAPURI,Electrical and Electronics Engineering,ee,165.5,156.0,151.0,155.5,138.0,142.0,134.5
TNEA2025-00860,2369,Government College of Engineering Chettikkarai Post Dharmapuri District 635704,DHARMAPURI,Electronics and Communication Engineering,ec,174.5,169.0,157.5,169.0,146.5,137.0,134.5
TNEA2025-00861,2369,Government College of Engineering Chettikkarai Post Dharmapuri District 635704,DHARMAPURI,Mechanical Engineering,me,152.0,138.5,113.0,143.0,124.0,143.5,126.0
TNEA2025-01937,2377,"PSG Institute of Technology and Applied Research, Avinashi Road, Neelambur, Sulur, Coimbatore -641062.",COIMBATORE,Artificial Intelligence and Data Science,ad,195.0,193.5,195.0,192.5,184.5,177.0,168.0
TNEA2025-01938,2377,"PSG Institute of Technology and Applied Research, Avinashi Road, Neelambur, Sulur, Coimbatore -641062.",COIMBATORE,Civil Engineering,ce,181.0,176.0,168.0,175.5,155.5,154.0,168.0
TNEA2025-01939,2377,"PSG Institute of Technology and Applied Research, Avinashi Road, Neelambur, Sulur, Coimbatore -641062.",COIMBATORE,Computer Science and Engineering,cs,196.0,194.5,194.0,193.5,181.5,179.0,171.0
TNEA2025-01940,2377,"PSG Institute of Technology and Applied Research, Avinashi Road, Neelambur, Sulur, Coimbatore -641062.",COIMBATORE,Electrical and Electronics Engineering,ee,193.0,191.0,191.0,188.5,175.5,152.5,171.0
TNEA2025-01941,2377,"PSG Institute of Technology and Applied Research, Avinashi Road, Neelambur, Sulur, Coimbatore -641062.",COIMBATORE,Electronics and Communication Engineering,ec,195.0,194.0,192.5,192.5,181.5,180.5,163.0
TNEA2025-01942,2377,"PSG Institute of Technology and Applied Research, Avinashi Road, Neelambur, Sulur, Coimbatore -641062.",COIMBATORE,Instrumentation and Control Engineering,ic,188.0,185.0,188.0,184.0,159.0,162.0,163.0
TNEA2025-01943,2377,"PSG Institute of Technology and Applied Research, Avinashi Road, Neelambur, Sulur, Coimbatore -641062.",COIMBATORE,Mechanical Engineering,me,188.0,185.5,184.5,182.5,170.0,130.0,163.0
TNEA2025-00492,2378,"Cheran College of Technology, Cheran Nagar, Thittuparai, Kangeyam, Tiruppur-638701.",TIRUPPUR,Computer Science and Engineering,cs,152.5,Not Available,Not Available,Not Available,Not Available,Not Available,Not Available
TNEA2025-00493,2378,"Cheran College of Technology, Cheran Nagar, Thittuparai, Kangeyam, Tiruppur-638701.",TIRUPPUR,Computer Science and Engineering (Cyber Security),sc,152.5,Not Available,Not Available,Not Available,Not Available,Not Available,Not Available
TNEA2025-00494,2378,"Cheran College of Technology, Cheran Nagar, Thittuparai, Kangeyam, Tiruppur-638701.",TIRUPPUR,Electronics and Communication Engineering,ec,152.5,Not Available,Not Available,Not Available,Not Available,Not Available,Not Available
TNEA2025-00495,2378,"Cheran College of Technology, Cheran Nagar, Thittuparai, Kangeyam, Tiruppur-638701.",TIRUPPUR,Mechanical Engineering,me,152.5,Not Available,Not Available,Not Available,Not Available,Not Available,Not Available
TNEA2025-00103,2601,"Adhiyamaan College of Engineering (Autonomous), Aeri Campus, Dr.M.G.R.Nagar, Hosur, Krishnagiri District-635109.",KRISHNAGIRI,Aeronautical Engineering,ae,83.5,142.5,138.5,144.5,119.0,112.0,Not Available
TNEA2025-00104,2601,"Adhiyamaan College of Engineering (Autonomous), Aeri Campus, Dr.M.G.R.Nagar, Hosur, Krishnagiri District-635109.",KRISHNAGIRI,Artificial Intelligence and Data Science,ad,160.0,142.5,138.5,144.5,119.0,112.0,Not Available
TNEA2025-00105,2601,"Adhiyamaan College of Engineering (Autonomous), Aeri Campus, Dr.M.G.R.Nagar, Hosur, Krishnagiri District-635109.",KRISHNAGIRI,Bio Medical Engineering,bm,116.5,91.0,138.5,96.0,119.0,112.0,Not Available
TNEA2025-00106,2601,"Adhiyamaan College of Engineering (Autonomous), Aeri Campus, Dr.M.G.R.Nagar, Hosur, Krishnagiri District-635109.",KRISHNAGIRI,Bio Technology,bt,136.5,99.5,122.5,117.5,103.5,112.0,Not Available
TNEA2025-00107,2601,"Adhiyamaan College of Engineering (Autonomous), Aeri Campus, Dr.M.G.R.Nagar, Hosur, Krishnagiri District-635109.",KRISHNAGIRI,Chemical Engineering,ch,86.0,99.5,122.5,117.5,103.5,112.0,Not Available
TNEA2025-00108,2601,"Adhiyamaan College of Engineering (Autonomous), Aeri Campus, Dr.M.G.R.Nagar, Hosur, Krishnagiri District-635109.",KRISHNAGIRI,Civil Engineering,ce,100.5,99.5,122.5,117.5,103.5,112.0,Not Available
TNEA2025-00109,2601,"Adhiyamaan College of Engineering (Autonomous), Aeri Campus, Dr.M.G.R.Nagar, Hosur, Krishnagiri District-635109.",KRISHNAGIRI,Computer Science and Engineering,cs,161.0,142.0,148.5,136.0,105.5,112.0,Not Available
TNEA2025-00110,2601,"Adhiyamaan College of Engineering (Autonomous), Aeri Campus, Dr.M.G.R.Nagar, Hosur, Krishnagiri District-635109.",KRISHNAGIRI,Computer Science and Engineering (Cyber Security),sc,145.5,134.5,142.5,129.0,105.0,112.0,Not Available
TNEA2025-00111,2601,"Adhiyamaan College of Engineering (Autonomous), Aeri Campus, Dr.M.G.R.Nagar, Hosur, Krishnagiri District-635109.",KRISHNAGIRI,Electrical and Electronics Engineering,ee,122.5,110.5,142.5,107.5,101.0,112.0,Not Available
TNEA2025-00112,2601,"Adhiyamaan College of Engineering (Autonomous), Aeri Campus, Dr.M.G.R.Nagar, Hosur, Krishnagiri District-635109.",KRISHNAGIRI,Electronics and Communication Engineering,ec,148.0,128.0,136.0,131.0,89.0,112.0,Not Available
TNEA2025-00113,2601,"Adhiyamaan College of Engineering (Autonomous), Aeri Campus, Dr.M.G.R.Nagar, Hosur, Krishnagiri District-635109.",KRISHNAGIRI,Information Technology,it,151.0,140.5,145.0,138.5,101.5,136.5,Not Available
TNEA2025-00114,2601,"Adhiyamaan College of Engineering (Autonomous), Aeri Campus, Dr.M.G.R.Nagar, Hosur, Krishnagiri District-635109.",KRISHNAGIRI,Mechanical Engineering,me,110.5,95.5,145.0,92.5,101.5,136.5,Not Available
TNEA2025-00203,2602,"Annai Mathammal Sheela Engineering College, Erumapatty Post, Namakkal-637013.",NAMAKKAL,Agricultural Engineering,ag,110.5,Not Available,Not Available,84.5,Not Available,Not Available,Not Available
TNEA2025-00204,2602,"Annai Mathammal Sheela Engineering College, Erumapatty Post, Namakkal-637013.",NAMAKKAL,Artificial Intelligence and Data Science,ad,110.5,Not Available,Not Available,84.5,Not Available,Not Available,Not Available
TNEA2025-00205,2602,"Annai Mathammal Sheela Engineering College, Erumapatty Post, Namakkal-637013.",NAMAKKAL,Computer Science and Engineering,cs,103.5,Not Available,Not Available,84.5,Not Available,Not Available,Not Available
TNEA2025-00206,2602,"Annai Mathammal Sheela Engineering College, Erumapatty Post, Namakkal-637013.",NAMAKKAL,Electronics and Communication Engineering,ec,103.5,Not Available,Not Available,84.5,Not Available,Not Available,Not Available
TNEA2025-00207,2602,"Annai Mathammal Sheela Engineering College, Erumapatty Post, Namakkal-637013.",NAMAKKAL,Information Technology,it,97.0,Not Available,Not Available,84.5,Not Available,Not Available,Not Available
TNEA2025-00208,2602,"Annai Mathammal Sheela Engineering College, Erumapatty Post, Namakkal-637013.",NAMAKKAL,Mechanical Engineering,me,97.0,Not Available,Not Available,84.5,Not Available,Not Available,Not Available
TNEA2025-00209,2602,"Annai Mathammal Sheela Engineering College, Erumapatty Post, Namakkal-637013.",NAMAKKAL,Medical Electronics,md,117.0,Not Available,Not Available,84.5,Not Available,Not Available,Not Available
TNEA2025-00210,2602,"Annai Mathammal Sheela Engineering College, Erumapatty Post, Namakkal-637013.",NAMAKKAL,Robotics and Automation,rm,117.0,Not Available,Not Available,84.5,Not Available,Not Available,Not Available
TNEA2025-00882,2603,Government College of Engineering (Autonomous) Bargur Krishnagiri District 635104,KRISHNAGIRI,Computer Science and Engineering,cs,187.0,181.5,182.5,184.0,167.0,147.0,157.0
TNEA2025-00883,2603,Government College of Engineering (Autonomous) Bargur Krishnagiri District 635104,KRISHNAGIRI,Electrical and Electronics Engineering,ee,176.5,171.0,159.5,169.0,158.5,149.5,157.0
TNEA2025-00884,2603,Government College of Engineering (Autonomous) Bargur Krishnagiri District 635104,KRISHNAGIRI,Electronics and Communication Engineering,ec,182.0,178.0,175.0,179.0,162.0,161.5,154.0
TNEA2025-00885,2603,Government College of Engineering (Autonomous) Bargur Krishnagiri District 635104,KRISHNAGIRI,Mechanical Engineering,me,165.5,153.0,159.5,157.5,142.0,129.0,154.0
TNEA2025-01178,2607,"K S Rangasamy College of Technology (Autonomous), K.S.R Kalvi Nagar, Thokkavadi, Tiruchengode Tk, Namakkal-637215.",NAMAKKAL,Artificial Intelligence and Data Science,ad,169.5,155.0,143.0,155.0,106.5,123.0,114.0
TNEA2025-01179,2607,"K S Rangasamy College of Technology (Autonomous), K.S.R Kalvi Nagar, Thokkavadi, Tiruchengode Tk, Namakkal-637215.",NAMAKKAL,Bio Technology,bt,156.5,132.0,143.0,126.0,104.5,111.5,114.0
TNEA2025-01180,2607,"K S Rangasamy College of Technology (Autonomous), K.S.R Kalvi Nagar, Thokkavadi, Tiruchengode Tk, Namakkal-637215.",NAMAKKAL,Civil Engineering,ce,154.0,81.5,143.0,138.0,108.0,150.5,114.0
TNEA2025-01181,2607,"K S Rangasamy College of Technology (Autonomous), K.S.R Kalvi Nagar, Thokkavadi, Tiruchengode Tk, Namakkal-637215.",NAMAKKAL,Computer Science and Bussiness System,cb,149.0,143.0,125.5,143.0,90.0,109.5,114.0
TNEA2025-01182,2607,"K S Rangasamy College of Technology (Autonomous), K.S.R Kalvi Nagar, Thokkavadi, Tiruchengode Tk, Namakkal-637215.",NAMAKKAL,Computer Science and Engineering,cs,170.5,159.5,139.5,160.5,121.5,129.5,114.0
TNEA2025-01183,2607,"K S Rangasamy College of Technology (Autonomous), K.S.R Kalvi Nagar, Thokkavadi, Tiruchengode Tk, Namakkal-637215.",NAMAKKAL,Computer Science and Engineering (Ai and Machine Learning),am,155.5,148.0,144.0,142.0,110.5,146.5,114.0
TNEA2025-01184,2607,"K S Rangasamy College of Technology (Autonomous), K.S.R Kalvi Nagar, Thokkavadi, Tiruchengode Tk, Namakkal-637215.",NAMAKKAL,Electrical and Electronics Engineering,ee,150.0,142.0,106.0,141.5,87.0,133.0,114.0
TNEA2025-01186,2607,"K S Rangasamy College of Technology (Autonomous), K.S.R Kalvi Nagar, Thokkavadi, Tiruchengode Tk, Namakkal-637215.",NAMAKKAL,Electronics Engineering (Vlsi Design and Technology),ev,145.0,139.0,102.0,140.5,91.0,107.0,114.0
TNEA2025-01185,2607,"K S Rangasamy College of Technology (Autonomous), K.S.R Kalvi Nagar, Thokkavadi, Tiruchengode Tk, Namakkal-637215.",NAMAKKAL,Electronics and Communication Engineering,ec,161.5,151.0,127.5,147.0,91.0,107.0,114.0
TNEA2025-01187,2607,"K S Rangasamy College of Technology (Autonomous), K.S.R Kalvi Nagar, Thokkavadi, Tiruchengode Tk, Namakkal-637215.",NAMAKKAL,Food Technology,fd,131.0,109.5,128.5,86.5,91.0,107.0,114.0
TNEA2025-01188,2607,"K S Rangasamy College of Technology (Autonomous), K.S.R Kalvi Nagar, Thokkavadi, Tiruchengode Tk, Namakkal-637215.",NAMAKKAL,Information Technology,it,162.5,151.5,119.5,145.5,89.5,143.5,114.0
TNEA2025-01189,2607,"K S Rangasamy College of Technology (Autonomous), K.S.R Kalvi Nagar, Thokkavadi, Tiruchengode Tk, Namakkal-637215.",NAMAKKAL,Mechanical Engineering,me,133.5,115.5,111.5,125.0,85.5,100.5,114.0
TNEA2025-01190,2607,"K S Rangasamy College of Technology (Autonomous), K.S.R Kalvi Nagar, Thokkavadi, Tiruchengode Tk, Namakkal-637215.",NAMAKKAL,Mechatronics Engineering,mz,140.5,124.5,111.5,118.5,110.0,126.5,85.5
TNEA2025-01191,2607,"K S Rangasamy College of Technology (Autonomous), K.S.R Kalvi Nagar, Thokkavadi, Tiruchengode Tk, Namakkal-637215.",NAMAKKAL,Textile Technology,tx,115.0,92.0,83.0,104.5,110.0,113.5,85.5
TNEA2025-01459,2608,"M.Kumarasamy College of Engineering (Autonomous), Thalavapalayam Post, Punjai Thottakkurichi Village, Karur Tk, Karur-639113.",KARUR,Artificial Intelligence and Data Science,ad,168.5,159.0,148.5,148.5,101.5,108.0,Not Available
TNEA2025-01460,2608,"M.Kumarasamy College of Engineering (Autonomous), Thalavapalayam Post, Punjai Thottakkurichi Village, Karur Tk, Karur-639113.",KARUR,Civil Engineering,ce,143.5,107.0,148.5,124.0,112.0,110.0,Not Available
TNEA2025-01461,2608,"M.Kumarasamy College of Engineering (Autonomous), Thalavapalayam Post, Punjai Thottakkurichi Village, Karur Tk, Karur-639113.",KARUR,Computer Science and Bussiness System,cb,160.5,151.0,140.0,141.5,102.0,110.0,Not Available
TNEA2025-01462,2608,"M.Kumarasamy College of Engineering (Autonomous), Thalavapalayam Post, Punjai Thottakkurichi Village, Karur Tk, Karur-639113.",KARUR,Computer Science and Engineering,cs,174.5,169.0,130.5,155.5,95.5,108.5,Not Available
TNEA2025-01463,2608,"M.Kumarasamy College of Engineering (Autonomous), Thalavapalayam Post, Punjai Thottakkurichi Village, Karur Tk, Karur-639113.",KARUR,Computer Science and Engineering (Ai and Machine Learning),am,165.0,156.5,150.0,143.5,118.5,108.5,Not Available
TNEA2025-01464,2608,"M.Kumarasamy College of Engineering (Autonomous), Thalavapalayam Post, Punjai Thottakkurichi Village, Karur Tk, Karur-639113.",KARUR,Electrical and Electronics Engineering,ee,145.0,136.5,100.5,120.5,118.5,108.5,Not Available
TNEA2025-01466,2608,"M.Kumarasamy College of Engineering (Autonomous), Thalavapalayam Post, Punjai Thottakkurichi Village, Karur Tk, Karur-639113.",KARUR,Electronics Engineering (Vlsi Design and Technology),ev,152.0,137.5,113.0,118.5,86.0,127.0,Not Available
TNEA2025-01465,2608,"M.Kumarasamy College of Engineering (Autonomous), Thalavapalayam Post, Punjai Thottakkurichi Village, Karur Tk, Karur-639113.",KARUR,Electronics and Communication Engineering,ec,163.5,152.5,113.0,142.0,86.0,127.0,Not Available
TNEA2025-01467,2608,"M.Kumarasamy College of Engineering (Autonomous), Thalavapalayam Post, Punjai Thottakkurichi Village, Karur Tk, Karur-639113.",KARUR,Information Technology,it,167.5,160.5,133.5,147.5,111.5,116.5,Not Available
TNEA2025-01468,2608,"M.Kumarasamy College of Engineering (Autonomous), Thalavapalayam Post, Punjai Thottakkurichi Village, Karur Tk, Karur-639113.",KARUR,Mechanical Engineering,me,129.5,99.0,133.5,95.0,111.5,116.5,Not Available
TNEA2025-01539,2609,"Mahendra Engineering College (Autonomous), Mahendhirapuri, Mallasamudram West, Vadugapalayam Post, Tiruchengodu Taluk, Namakkal District-637503.",NAMAKKAL,Aeronautical Engineering,ae,116.0,89.0,115.5,100.0,103.5,116.0,104.5
TNEA2025-01540,2609,"Mahendra Engineering College (Autonomous), Mahendhirapuri, Mallasamudram West, Vadugapalayam Post, Tiruchengodu Taluk, Namakkal District-637503.",NAMAKKAL,Agricultural Engineering,ag,121.0,80.0,115.5,96.0,103.5,116.0,104.5
TNEA2025-01541,2609,"Mahendra Engineering College (Autonomous), Mahendhirapuri, Mallasamudram West, Vadugapalayam Post, Tiruchengodu Taluk, Namakkal District-637503.",NAMAKKAL,Artificial Intelligence and Data Science,ad,145.5,117.5,116.5,122.0,94.5,116.0,99.0
TNEA2025-01542,2609,"Mahendra Engineering College (Autonomous), Mahendhirapuri, Mallasamudram West, Vadugapalayam Post, Tiruchengodu Taluk, Namakkal District-637503.",NAMAKKAL,Civil Engineering,ce,96.5,87.5,116.5,86.0,94.5,116.0,99.0
TNEA2025-01543,2609,"Mahendra Engineering College (Autonomous), Mahendhirapuri, Mallasamudram West, Vadugapalayam Post, Tiruchengodu Taluk, Namakkal District-637503.",NAMAKKAL,Computer Science and Engineering,cs,147.0,131.5,83.0,132.5,90.5,104.5,108.5
TNEA2025-01544,2609,"Mahendra Engineering College (Autonomous), Mahendhirapuri, Mallasamudram West, Vadugapalayam Post, Tiruchengodu Taluk, Namakkal District-637503.",NAMAKKAL,Cyber Security,cy,130.0,115.5,87.0,116.0,80.5,98.0,83.0
TNEA2025-01545,2609,"Mahendra Engineering College (Autonomous), Mahendhirapuri, Mallasamudram West, Vadugapalayam Post, Tiruchengodu Taluk, Namakkal District-637503.",NAMAKKAL,Electrical and Electronics Engineering,ee,115.0,92.5,82.0,101.5,83.0,95.0,83.0
TNEA2025-01546,2609,"Mahendra Engineering College (Autonomous), Mahendhirapuri, Mallasamudram West, Vadugapalayam Post, Tiruchengodu Taluk, Namakkal District-637503.",NAMAKKAL,Electronics and Communication Engineering,ec,136.5,118.5,100.0,116.0,82.5,103.5,83.0
TNEA2025-01547,2609,"Mahendra Engineering College (Autonomous), Mahendhirapuri, Mallasamudram West, Vadugapalayam Post, Tiruchengodu Taluk, Namakkal District-637503.",NAMAKKAL,Information Technology,it,144.5,116.5,101.0,135.5,115.0,112.5,83.0
TNEA2025-01548,2609,"Mahendra Engineering College (Autonomous), Mahendhirapuri, Mallasamudram West, Vadugapalayam Post, Tiruchengodu Taluk, Namakkal District-637503.",NAMAKKAL,Mechanical Engineering,me,122.0,93.0,95.5,100.5,94.0,97.5,83.0
TNEA2025-01549,2609,"Mahendra Engineering College (Autonomous), Mahendhirapuri, Mallasamudram West, Vadugapalayam Post, Tiruchengodu Taluk, Namakkal District-637503.",NAMAKKAL,Mechatronics Engineering,mz,111.0,91.5,95.5,98.0,89.5,97.5,83.0
TNEA2025-01550,2609,"Mahendra Engineering College (Autonomous), Mahendhirapuri, Mallasamudram West, Vadugapalayam Post, Tiruchengodu Taluk, Namakkal District-637503.",NAMAKKAL,Pharmaceutical Technology,ph,108.0,94.5,95.5,85.0,102.0,101.0,83.0
TNEA2025-01684,2610,"Muthayammal Engineering College (Autonomous), Kakkaveri, Rasipuram (Tk), Namakkal District-637408.",NAMAKKAL,Agricultural Engineering,ag,100.5,121.0,131.0,94.5,99.5,83.5,138.5
TNEA2025-01685,2610,"Muthayammal Engineering College (Autonomous), Kakkaveri, Rasipuram (Tk), Namakkal District-637408.",NAMAKKAL,Artificial Intelligence and Data Science,ad,144.0,121.0,131.0,114.0,99.5,96.0,138.5
TNEA2025-01686,2610,"Muthayammal Engineering College (Autonomous), Kakkaveri, Rasipuram (Tk), Namakkal District-637408.",NAMAKKAL,Bio Medical Engineering,bm,112.5,92.0,131.0,85.0,99.5,95.0,138.5
TNEA2025-01687,2610,"Muthayammal Engineering College (Autonomous), Kakkaveri, Rasipuram (Tk), Namakkal District-637408.",NAMAKKAL,Bio Technology,bt,120.5,95.5,98.5,100.5,97.0,114.5,138.5
TNEA2025-01688,2610,"Muthayammal Engineering College (Autonomous), Kakkaveri, Rasipuram (Tk), Namakkal District-637408.",NAMAKKAL,Civil Engineering,ce,110.5,99.0,98.5,95.0,110.5,114.5,138.5
TNEA2025-01689,2610,"Muthayammal Engineering College (Autonomous), Kakkaveri, Rasipuram (Tk), Namakkal District-637408.",NAMAKKAL,Computer Science and Bussiness System,cb,112.0,106.0,98.5,93.0,80.0,114.5,138.5
TNEA2025-01690,2610,"Muthayammal Engineering College (Autonomous), Kakkaveri, Rasipuram (Tk), Namakkal District-637408.",NAMAKKAL,Computer Science and Engineering,cs,139.0,93.0,100.0,106.0,91.5,88.5,138.5
TNEA2025-01691,2610,"Muthayammal Engineering College (Autonomous), Kakkaveri, Rasipuram (Tk), Namakkal District-637408.",NAMAKKAL,Computer Science and Engineering (Ai and Machine Learning),am,126.0,101.0,100.0,99.0,97.5,88.5,138.5
TNEA2025-01692,2610,"Muthayammal Engineering College (Autonomous), Kakkaveri, Rasipuram (Tk), Namakkal District-637408.",NAMAKKAL,Computer Science and Engineering (Cyber Security),sc,117.5,113.0,101.0,98.0,97.5,93.5,138.5
TNEA2025-01693,2610,"Muthayammal Engineering College (Autonomous), Kakkaveri, Rasipuram (Tk), Namakkal District-637408.",NAMAKKAL,Electrical and Electronics Engineering,ee,117.5,94.5,101.0,92.0,92.0,106.0,81.0
TNEA2025-01695,2610,"Muthayammal Engineering College (Autonomous), Kakkaveri, Rasipuram (Tk), Namakkal District-637408.",NAMAKKAL,Electronics Engineering (Vlsi Design and Technology),ev,99.5,82.5,101.0,80.5,104.0,91.0,117.0
TNEA2025-01694,2610,"Muthayammal Engineering College (Autonomous), Kakkaveri, Rasipuram (Tk), Namakkal District-637408.",NAMAKKAL,Electronics and Communication Engineering,ec,132.5,80.0,101.0,103.0,104.0,91.0,117.0
TNEA2025-01696,2610,"Muthayammal Engineering College (Autonomous), Kakkaveri, Rasipuram (Tk), Namakkal District-637408.",NAMAKKAL,Information Technology,it,132.0,90.5,101.0,101.0,102.5,103.5,117.0
TNEA2025-01697,2610,"Muthayammal Engineering College (Autonomous), Kakkaveri, Rasipuram (Tk), Namakkal District-637408.",NAMAKKAL,Mechanical Engineering,me,92.5,85.0,81.0,80.0,83.0,84.5,117.0
TNEA2025-01698,2610,"Muthayammal Engineering College (Autonomous), Kakkaveri, Rasipuram (Tk), Namakkal District-637408.",NAMAKKAL,Mechatronics Engineering,mz,98.5,82.5,81.0,90.5,83.0,84.5,117.0
TNEA2025-01994,2611,"Paavai Engineering College (Autonomous), NH-7, Paavai Nagar, Pachal, Namakkal-637018.",NAMAKKAL,Aeronautical Engineering,ae,121.5,90.5,150.5,89.5,96.5,85.5,101.0
TNEA2025-01995,2611,"Paavai Engineering College (Autonomous), NH-7, Paavai Nagar, Pachal, Namakkal-637018.",NAMAKKAL,Agricultural Engineering,ag,108.0,90.5,150.5,97.0,100.5,85.5,101.0
TNEA2025-01996,2611,"Paavai Engineering College (Autonomous), NH-7, Paavai Nagar, Pachal, Namakkal-637018.",NAMAKKAL,Artificial Intelligence and Data Science,ad,166.5,145.5,150.5,144.0,118.5,143.0,101.0
TNEA2025-01997,2611,"Paavai Engineering College (Autonomous), NH-7, Paavai Nagar, Pachal, Namakkal-637018.",NAMAKKAL,Bio Medical Engineering,bm,153.5,127.0,129.0,100.5,125.0,135.0,101.0
TNEA2025-01998,2611,"Paavai Engineering College (Autonomous), NH-7, Paavai Nagar, Pachal, Namakkal-637018.",NAMAKKAL,Bio Technology,bt,121.0,85.5,129.0,95.5,102.5,94.0,101.0
TNEA2025-01999,2611,"Paavai Engineering College (Autonomous), NH-7, Paavai Nagar, Pachal, Namakkal-637018.",NAMAKKAL,Chemical Engineering,ch,116.0,92.0,129.0,85.5,87.5,94.0,101.0
TNEA2025-02000,2611,"Paavai Engineering College (Autonomous), NH-7, Paavai Nagar, Pachal, Namakkal-637018.",NAMAKKAL,Civil Engineering,ce,96.0,92.0,129.0,91.0,83.5,94.0,101.0
TNEA2025-02001,2611,"Paavai Engineering College (Autonomous), NH-7, Paavai Nagar, Pachal, Namakkal-637018.",NAMAKKAL,Computer Science and Engineering,cs,150.5,135.0,99.5,133.0,97.0,97.5,101.0
TNEA2025-02002,2611,"Paavai Engineering College (Autonomous), NH-7, Paavai Nagar, Pachal, Namakkal-637018.",NAMAKKAL,Computer Science and Engineering (Ai and Machine Learning),am,146.0,126.5,129.0,139.5,84.5,127.0,101.0
TNEA2025-02003,2611,"Paavai Engineering College (Autonomous), NH-7, Paavai Nagar, Pachal, Namakkal-637018.",NAMAKKAL,Computer Science and Engineering (Internet of Things),ci,129.0,104.5,91.5,119.0,97.5,127.0,101.0
TNEA2025-02004,2611,"Paavai Engineering College (Autonomous), NH-7, Paavai Nagar, Pachal, Namakkal-637018.",NAMAKKAL,Cyber Security,cy,135.5,82.0,98.0,122.5,108.0,85.0,101.0
TNEA2025-02005,2611,"Paavai Engineering College (Autonomous), NH-7, Paavai Nagar, Pachal, Namakkal-637018.",NAMAKKAL,Electrical and Electronics Engineering,ee,125.0,100.0,98.0,103.0,92.0,110.0,101.0
TNEA2025-02006,2611,"Paavai Engineering College (Autonomous), NH-7, Paavai Nagar, Pachal, Namakkal-637018.",NAMAKKAL,Electronics and Communication Engineering,ec,142.0,87.5,113.5,120.5,82.0,82.5,101.0
TNEA2025-02007,2611,"Paavai Engineering College (Autonomous), NH-7, Paavai Nagar, Pachal, Namakkal-637018.",NAMAKKAL,Food Technology,fd,121.0,93.0,109.5,97.5,105.0,94.5,116.5
TNEA2025-02008,2611,"Paavai Engineering College (Autonomous), NH-7, Paavai Nagar, Pachal, Namakkal-637018.",NAMAKKAL,Information Technology,it,144.0,113.5,112.5,133.5,100.5,119.5,116.5
TNEA2025-02009,2611,"Paavai Engineering College (Autonomous), NH-7, Paavai Nagar, Pachal, Namakkal-637018.",NAMAKKAL,Mechanical Engineering,me,106.5,95.5,93.0,82.0,98.0,119.5,116.5
TNEA2025-02010,2611,"Paavai Engineering College (Autonomous), NH-7, Paavai Nagar, Pachal, Namakkal-637018.",NAMAKKAL,Mechatronics Engineering,mz,114.5,100.0,93.0,83.0,83.0,119.5,116.5
TNEA2025-02011,2611,"Paavai Engineering College (Autonomous), NH-7, Paavai Nagar, Pachal, Namakkal-637018.",NAMAKKAL,Pharmaceutical Technology,ph,117.5,88.0,93.0,96.0,105.5,97.5,116.5
TNEA2025-02012,2611,"Paavai Engineering College (Autonomous), NH-7, Paavai Nagar, Pachal, Namakkal-637018.",NAMAKKAL,Robotics and Automation,rm,109.0,100.0,96.0,84.0,105.5,101.0,116.5
TNEA2025-01888,2612,"PGP College of Engineering and Technology, Namakkal-Paramathi NH 7 Road, Namakkal-637207.",NAMAKKAL,Artificial Intelligence and Data Science,ad,123.0,84.5,Not Available,104.5,80.0,93.5,Not Available
TNEA2025-01889,2612,"PGP College of Engineering and Technology, Namakkal-Paramathi NH 7 Road, Namakkal-637207.",NAMAKKAL,Bio Medical Engineering,bm,90.0,84.5,Not Available,104.5,80.0,93.5,Not Available
TNEA2025-01890,2612,"PGP College of Engineering and Technology, Namakkal-Paramathi NH 7 Road, Namakkal-637207.",NAMAKKAL,Civil Engineering,ce,90.5,84.5,Not Available,104.5,80.0,93.5,Not Available
TNEA2025-01891,2612,"PGP College of Engineering and Technology, Namakkal-Paramathi NH 7 Road, Namakkal-637207.",NAMAKKAL,Computer Science and Engineering,cs,99.5,84.5,Not Available,93.0,89.0,84.5,Not Available
TNEA2025-01892,2612,"PGP College of Engineering and Technology, Namakkal-Paramathi NH 7 Road, Namakkal-637207.",NAMAKKAL,Electrical and Electronics Engineering,ee,90.0,84.5,Not Available,93.0,89.0,84.5,Not Available
TNEA2025-01893,2612,"PGP College of Engineering and Technology, Namakkal-Paramathi NH 7 Road, Namakkal-637207.",NAMAKKAL,Electronics and Communication Engineering,ec,87.0,84.5,Not Available,82.5,85.5,84.5,Not Available
TNEA2025-01894,2612,"PGP College of Engineering and Technology, Namakkal-Paramathi NH 7 Road, Namakkal-637207.",NAMAKKAL,Information Technology,it,94.5,84.5,Not Available,85.0,80.5,84.5,Not Available
TNEA2025-01895,2612,"PGP College of Engineering and Technology, Namakkal-Paramathi NH 7 Road, Namakkal-637207.",NAMAKKAL,Mechanical Engineering,me,88.5,84.5,Not Available,85.0,80.5,84.5,Not Available
TNEA2025-01166,2613,"K S R College of Engineering (Autonomous), K S R Kalvi Nagar, Thokkavadi, Tiruchengode, Namakkal Dist-637215.",NAMAKKAL,Automobile Engineering,au,108.0,90.0,115.5,83.0,85.0,96.5,101.0
TNEA2025-01167,2613,"K S R College of Engineering (Autonomous), K S R Kalvi Nagar, Thokkavadi, Tiruchengode, Namakkal Dist-637215.",NAMAKKAL,Bio Medical Engineering,bm,136.5,114.5,115.5,97.0,85.0,105.5,101.0
TNEA2025-01168,2613,"K S R College of Engineering (Autonomous), K S R Kalvi Nagar, Thokkavadi, Tiruchengode, Namakkal Dist-637215.",NAMAKKAL,Civil Engineering,ce,127.0,93.5,115.5,110.0,89.5,105.5,101.0
TNEA2025-01169,2613,"K S R College of Engineering (Autonomous), K S R Kalvi Nagar, Thokkavadi, Tiruchengode, Namakkal Dist-637215.",NAMAKKAL,Computer Science and Design,cd,143.5,141.5,115.5,141.0,108.5,105.5,101.0
TNEA2025-01170,2613,"K S R College of Engineering (Autonomous), K S R Kalvi Nagar, Thokkavadi, Tiruchengode, Namakkal Dist-637215.",NAMAKKAL,Computer Science and Engineering,cs,160.5,148.0,132.0,142.0,91.0,125.0,101.0
TNEA2025-01171,2613,"K S R College of Engineering (Autonomous), K S R Kalvi Nagar, Thokkavadi, Tiruchengode, Namakkal Dist-637215.",NAMAKKAL,Computer Science and Engineering (Cyber Security),sc,160.0,144.5,141.0,143.0,83.0,115.0,101.0
TNEA2025-01172,2613,"K S R College of Engineering (Autonomous), K S R Kalvi Nagar, Thokkavadi, Tiruchengode, Namakkal Dist-637215.",NAMAKKAL,Computer Science and Engineering (Internet of Things),ci,145.5,142.0,141.0,139.0,83.0,115.0,101.0
TNEA2025-01173,2613,"K S R College of Engineering (Autonomous), K S R Kalvi Nagar, Thokkavadi, Tiruchengode, Namakkal Dist-637215.",NAMAKKAL,Electrical and Electronics Engineering,ee,139.5,125.5,112.5,126.0,91.0,109.5,101.0
TNEA2025-01174,2613,"K S R College of Engineering (Autonomous), K S R Kalvi Nagar, Thokkavadi, Tiruchengode, Namakkal Dist-637215.",NAMAKKAL,Electronics and Communication Engineering,ec,155.5,146.0,142.5,142.0,92.5,137.0,101.0
TNEA2025-01175,2613,"K S R College of Engineering (Autonomous), K S R Kalvi Nagar, Thokkavadi, Tiruchengode, Namakkal Dist-637215.",NAMAKKAL,Information Technology,it,152.5,145.0,119.5,142.0,81.5,101.0,101.0
TNEA2025-01176,2613,"K S R College of Engineering (Autonomous), K S R Kalvi Nagar, Thokkavadi, Tiruchengode, Namakkal Dist-637215.",NAMAKKAL,Mechanical Engineering,me,116.5,91.0,90.5,90.5,102.5,98.0,101.0
TNEA2025-01177,2613,"K S R College of Engineering (Autonomous), K S R Kalvi Nagar, Thokkavadi, Tiruchengode, Namakkal Dist-637215.",NAMAKKAL,Safety and Fire Engineering,sf,124.5,85.0,90.5,104.5,106.5,98.0,101.0
TNEA2025-02401,2614,"SSM College of Engineering, NH-47 Salem Main Road, Komarapalayam, Namakkal District-638183.",NAMAKKAL,Civil Engineering,ce,108.5,88.0,Not Available,102.0,89.0,104.5,Not Available
TNEA2025-02402,2614,"SSM College of Engineering, NH-47 Salem Main Road, Komarapalayam, Namakkal District-638183.",NAMAKKAL,Computer Science and Engineering,cs,108.5,88.0,Not Available,102.0,89.0,104.5,Not Available
TNEA2025-02403,2614,"SSM College of Engineering, NH-47 Salem Main Road, Komarapalayam, Namakkal District-638183.",NAMAKKAL,Electrical and Electronics Engineering,ee,87.5,88.0,Not Available,102.0,89.0,104.5,Not Available
TNEA2025-02404,2614,"SSM College of Engineering, NH-47 Salem Main Road, Komarapalayam, Namakkal District-638183.",NAMAKKAL,Electronics and Communication Engineering,ec,100.0,88.5,Not Available,89.0,89.0,104.5,Not Available
TNEA2025-02405,2614,"SSM College of Engineering, NH-47 Salem Main Road, Komarapalayam, Namakkal District-638183.",NAMAKKAL,Information Technology,it,91.0,80.0,Not Available,89.0,89.0,104.5,Not Available
TNEA2025-02406,2614,"SSM College of Engineering, NH-47 Salem Main Road, Komarapalayam, Namakkal District-638183.",NAMAKKAL,Mechanical Engineering,me,80.5,80.0,Not Available,89.0,89.0,104.5,Not Available
TNEA2025-02407,2614,"SSM College of Engineering, NH-47 Salem Main Road, Komarapalayam, Namakkal District-638183.",NAMAKKAL,Petro Chemical Technology,pc,84.0,80.0,Not Available,89.0,89.0,104.5,Not Available
TNEA2025-02408,2614,"SSM College of Engineering, NH-47 Salem Main Road, Komarapalayam, Namakkal District-638183.",NAMAKKAL,Petroleum Engineering,pe,121.0,80.0,Not Available,89.0,89.0,104.5,Not Available
TNEA2025-02409,2614,"SSM College of Engineering, NH-47 Salem Main Road, Komarapalayam, Namakkal District-638183.",NAMAKKAL,Textile Chemistry,tc,121.0,80.0,Not Available,89.0,89.0,104.5,Not Available
TNEA2025-02410,2614,"SSM College of Engineering, NH-47 Salem Main Road, Komarapalayam, Namakkal District-638183.",NAMAKKAL,Textile Technology,tx,92.0,80.0,Not Available,89.0,89.0,104.5,Not Available
TNEA2025-00886,2615,Government College of Engineering (Autonomous) Karuppur Salem District 636011,SALEM,Civil Engineering,ce,174.0,165.5,168.5,168.0,156.5,146.0,155.0
TNEA2025-00887,2615,Government College of Engineering (Autonomous) Karuppur Salem District 636011,SALEM,Computer Science and Engineering,cs,193.0,191.0,191.0,191.5,181.0,188.0,169.0
TNEA2025-00888,2615,Government College of Engineering (Autonomous) Karuppur Salem District 636011,SALEM,Electrical and Electronics Engineering,ee,188.5,186.0,183.5,186.0,173.0,164.0,169.0
TNEA2025-00889,2615,Government College of Engineering (Autonomous) Karuppur Salem District 636011,SALEM,Electronics and Communication Engineering,ec,191.5,190.0,189.5,190.5,177.5,163.0,169.0
TNEA2025-00890,2615,Government College of Engineering (Autonomous) Karuppur Salem District 636011,SALEM,Mechanical Engineering,me,179.0,170.0,171.0,167.5,157.5,151.5,144.5
TNEA2025-00891,2615,Government College of Engineering (Autonomous) Karuppur Salem District 636011,SALEM,Metallurgical Engineering,mt,177.5,170.5,176.5,164.0,151.0,162.0,144.5
TNEA2025-02430,2616,"Sapthagiri College of Engineering, NH-7, Krishnagiri Main Road, Palacode Taluk Periyanahalli Village & Post Dharmapuri District-635205.",DHARMAPURI,Artificial Intelligence and Data Science,ad,Not Available,Not Available,Not Available,Not Available,Not Available,Not Available,Not Available
TNEA2025-02431,2616,"Sapthagiri College of Engineering, NH-7, Krishnagiri Main Road, Palacode Taluk Periyanahalli Village & Post Dharmapuri District-635205.",DHARMAPURI,Civil Engineering,ce,Not Available,Not Available,Not Available,Not Available,Not Available,Not Available,Not Available
TNEA2025-02432,2616,"Sapthagiri College of Engineering, NH-7, Krishnagiri Main Road, Palacode Taluk Periyanahalli Village & Post Dharmapuri District-635205.",DHARMAPURI,Computer Science and Engineering,cs,Not Available,Not Available,Not Available,Not Available,Not Available,Not Available,Not Available
TNEA2025-02433,2616,"Sapthagiri College of Engineering, NH-7, Krishnagiri Main Road, Palacode Taluk Periyanahalli Village & Post Dharmapuri District-635205.",DHARMAPURI,Computer Science and Engineering (Cyber Security),sc,Not Available,Not Available,Not Available,Not Available,Not Available,Not Available,Not Available
TNEA2025-02434,2616,"Sapthagiri College of Engineering, NH-7, Krishnagiri Main Road, Palacode Taluk Periyanahalli Village & Post Dharmapuri District-635205.",DHARMAPURI,Electrical and Electronics Engineering,ee,Not Available,Not Available,Not Available,Not Available,Not Available,Not Available,Not Available
TNEA2025-02435,2616,"Sapthagiri College of Engineering, NH-7, Krishnagiri Main Road, Palacode Taluk Periyanahalli Village & Post Dharmapuri District-635205.",DHARMAPURI,Electronics and Communication Engineering,ec,Not Available,Not Available,Not Available,Not Available,Not Available,Not Available,Not Available
TNEA2025-02436,2616,"Sapthagiri College of Engineering, NH-7, Krishnagiri Main Road, Palacode Taluk Periyanahalli Village & Post Dharmapuri District-635205.",DHARMAPURI,Electronics and Instrumentation Engineering,ei,Not Available,Not Available,Not Available,Not Available,Not Available,Not Available,Not Available
TNEA2025-02437,2616,"Sapthagiri College of Engineering, NH-7, Krishnagiri Main Road, Palacode Taluk Periyanahalli Village & Post Dharmapuri District-635205.",DHARMAPURI,Information Technology,it,Not Available,Not Available,Not Available,Not Available,Not Available,Not Available,Not Available
TNEA2025-02438,2616,"Sapthagiri College of Engineering, NH-7, Krishnagiri Main Road, Palacode Taluk Periyanahalli Village & Post Dharmapuri District-635205.",DHARMAPURI,Mechanical Engineering,me,Not Available,Not Available,Not Available,Not Available,Not Available,Not Available,Not Available
TNEA2025-02498,2617,"Sengunthar Engineering College (Autonomous), Kosavampalayam, Kumaramangalam (Post), Tiruchengode (Taluk), Namakkal District-637205.",NAMAKKAL,Artificial Intelligence and Data Science,ad,131.0,94.0,101.5,100.0,100.5,108.5,Not Available
TNEA2025-02499,2617,"Sengunthar Engineering College (Autonomous), Kosavampalayam, Kumaramangalam (Post), Tiruchengode (Taluk), Namakkal District-637205.",NAMAKKAL,Civil Engineering,ce,100.0,94.0,101.5,100.0,100.5,108.5,Not Available
TNEA2025-02500,2617,"Sengunthar Engineering College (Autonomous), Kosavampalayam, Kumaramangalam (Post), Tiruchengode (Taluk), Namakkal District-637205.",NAMAKKAL,Computer Science and Engineering,cs,131.5,90.0,101.5,103.0,99.0,108.5,Not Available
TNEA2025-02501,2617,"Sengunthar Engineering College (Autonomous), Kosavampalayam, Kumaramangalam (Post), Tiruchengode (Taluk), Namakkal District-637205.",NAMAKKAL,Computer Science and Engineering (Cyber Security),sc,114.5,105.0,101.5,89.5,99.0,108.5,Not Available
TNEA2025-02502,2617,"Sengunthar Engineering College (Autonomous), Kosavampalayam, Kumaramangalam (Post), Tiruchengode (Taluk), Namakkal District-637205.",NAMAKKAL,Electrical and Electronics Engineering,ee,101.5,82.0,101.5,89.5,87.0,101.5,Not Available
TNEA2025-02503,2617,"Sengunthar Engineering College (Autonomous), Kosavampalayam, Kumaramangalam (Post), Tiruchengode (Taluk), Namakkal District-637205.",NAMAKKAL,Electronics and Communication Engineering,ec,121.0,102.0,119.0,87.5,106.0,94.5,Not Available
TNEA2025-02504,2617,"Sengunthar Engineering College (Autonomous), Kosavampalayam, Kumaramangalam (Post), Tiruchengode (Taluk), Namakkal District-637205.",NAMAKKAL,Information Technology,it,128.0,97.0,106.0,103.0,115.5,94.5,Not Available
TNEA2025-02505,2617,"Sengunthar Engineering College (Autonomous), Kosavampalayam, Kumaramangalam (Post), Tiruchengode (Taluk), Namakkal District-637205.",NAMAKKAL,Mechanical Engineering,me,88.0,97.0,106.0,103.0,115.5,94.5,Not Available
TNEA2025-02506,2617,"Sengunthar Engineering College (Autonomous), Kosavampalayam, Kumaramangalam (Post), Tiruchengode (Taluk), Namakkal District-637205.",NAMAKKAL,Medical Electronics,md,100.5,84.0,106.0,82.5,91.0,86.5,Not Available
TNEA2025-02507,2617,"Sengunthar Engineering College (Autonomous), Kosavampalayam, Kumaramangalam (Post), Tiruchengode (Taluk), Namakkal District-637205.",NAMAKKAL,Pharmaceutical Technology,ph,118.0,89.5,106.0,88.5,102.0,88.5,Not Available
TNEA2025-02508,2617,"Sengunthar Engineering College (Autonomous), Kosavampalayam, Kumaramangalam (Post), Tiruchengode (Taluk), Namakkal District-637205.",NAMAKKAL,Robotics and Automation,rm,82.5,89.5,106.0,88.5,102.0,88.5,Not Available
TNEA2025-02595,2618,"Sona College of Technology (Autonomous), Sona Nagar, Thiagarajar Polytechnic College Road, Suramangalam (P.O), Salem District-636005.",SALEM,Artificial Intelligence and Data Science,ad,177.5,172.0,172.0,170.0,122.5,117.0,124.0
TNEA2025-02596,2618,"Sona College of Technology (Autonomous), Sona Nagar, Thiagarajar Polytechnic College Road, Suramangalam (P.O), Salem District-636005.",SALEM,Bio Medical Engineering,bm,158.5,147.5,158.0,145.5,131.5,129.5,124.0
TNEA2025-02597,2618,"Sona College of Technology (Autonomous), Sona Nagar, Thiagarajar Polytechnic College Road, Suramangalam (P.O), Salem District-636005.",SALEM,Civil Engineering,ce,149.0,122.0,158.0,133.5,120.0,129.5,124.0
TNEA2025-02598,2618,"Sona College of Technology (Autonomous), Sona Nagar, Thiagarajar Polytechnic College Road, Suramangalam (P.O), Salem District-636005.",SALEM,Computer Science and Design,cd,170.5,167.5,160.0,164.0,118.0,114.0,124.0
TNEA2025-02599,2618,"Sona College of Technology (Autonomous), Sona Nagar, Thiagarajar Polytechnic College Road, Suramangalam (P.O), Salem District-636005.",SALEM,Computer Science and Engineering,cs,181.0,176.0,168.5,173.5,137.5,138.0,145.5
TNEA2025-02600,2618,"Sona College of Technology (Autonomous), Sona Nagar, Thiagarajar Polytechnic College Road, Suramangalam (P.O), Salem District-636005.",SALEM,Computer Science and Engineering (Ai and Machine Learning),am,172.5,169.0,168.0,168.5,131.5,138.0,145.5
TNEA2025-02603,2618,"Sona College of Technology (Autonomous), Sona Nagar, Thiagarajar Polytechnic College Road, Suramangalam (P.O), Salem District-636005.",SALEM,Electrical and Computer Engineering,ef,165.0,154.5,158.5,152.0,86.0,129.0,108.0
TNEA2025-02601,2618,"Sona College of Technology (Autonomous), Sona Nagar, Thiagarajar Polytechnic College Road, Suramangalam (P.O), Salem District-636005.",SALEM,Electrical and Electronics Engineering,ee,165.5,160.5,152.5,159.5,121.0,101.0,145.5
TNEA2025-02602,2618,"Sona College of Technology (Autonomous), Sona Nagar, Thiagarajar Polytechnic College Road, Suramangalam (P.O), Salem District-636005.",SALEM,Electronics and Communication Engineering,ec,175.0,170.0,164.5,167.0,125.0,129.0,108.0
TNEA2025-02604,2618,"Sona College of Technology (Autonomous), Sona Nagar, Thiagarajar Polytechnic College Road, Suramangalam (P.O), Salem District-636005.",SALEM,Electronics and Computer Engineering,ex,165.5,157.5,160.0,157.0,100.5,104.5,110.5
TNEA2025-02605,2618,"Sona College of Technology (Autonomous), Sona Nagar, Thiagarajar Polytechnic College Road, Suramangalam (P.O), Salem District-636005.",SALEM,Fashion Technology,ft,150.0,142.5,138.0,123.0,87.0,104.5,110.5
TNEA2025-02606,2618,"Sona College of Technology (Autonomous), Sona Nagar, Thiagarajar Polytechnic College Road, Suramangalam (P.O), Salem District-636005.",SALEM,Information Technology,it,175.0,171.0,163.5,170.5,126.5,119.0,134.5
TNEA2025-02607,2618,"Sona College of Technology (Autonomous), Sona Nagar, Thiagarajar Polytechnic College Road, Suramangalam (P.O), Salem District-636005.",SALEM,Mechanical Engineering,me,153.5,143.0,125.5,142.0,90.5,106.0,134.5
TNEA2025-02608,2618,"Sona College of Technology (Autonomous), Sona Nagar, Thiagarajar Polytechnic College Road, Suramangalam (P.O), Salem District-636005.",SALEM,Mechatronics Engineering,mz,156.5,150.5,155.5,147.5,110.5,106.0,134.5
TNEA2025-03465,2620,"Vivekanandha College of Engineering for Women (Autonomous), Sathiyanaickenpalayam Village, Elayampalayam, Tiruchengode, Namakkal District-637205.",NAMAKKAL,Agricultural Engineering,ag,128.5,110.0,122.5,119.0,113.5,117.0,134.0
TNEA2025-03466,2620,"Vivekanandha College of Engineering for Women (Autonomous), Sathiyanaickenpalayam Village, Elayampalayam, Tiruchengode, Namakkal District-637205.",NAMAKKAL,Artificial Intelligence and Data Science,ad,171.5,161.0,122.5,142.0,93.5,149.0,134.0
TNEA2025-03467,2620,"Vivekanandha College of Engineering for Women (Autonomous), Sathiyanaickenpalayam Village, Elayampalayam, Tiruchengode, Namakkal District-637205.",NAMAKKAL,Bio Medical Engineering,bm,146.5,131.5,122.5,124.0,134.5,146.0,134.0
TNEA2025-03468,2620,"Vivekanandha College of Engineering for Women (Autonomous), Sathiyanaickenpalayam Village, Elayampalayam, Tiruchengode, Namakkal District-637205.",NAMAKKAL,Bio Technology,bt,144.5,122.5,121.5,126.5,108.5,143.5,134.0
TNEA2025-03469,2620,"Vivekanandha College of Engineering for Women (Autonomous), Sathiyanaickenpalayam Village, Elayampalayam, Tiruchengode, Namakkal District-637205.",NAMAKKAL,Civil Engineering,ce,123.0,109.0,115.5,110.0,109.5,111.0,134.0
TNEA2025-03470,2620,"Vivekanandha College of Engineering for Women (Autonomous), Sathiyanaickenpalayam Village, Elayampalayam, Tiruchengode, Namakkal District-637205.",NAMAKKAL,Computer Science and Engineering,cs,163.5,143.0,136.5,131.0,86.5,103.0,119.0
TNEA2025-03471,2620,"Vivekanandha College of Engineering for Women (Autonomous), Sathiyanaickenpalayam Village, Elayampalayam, Tiruchengode, Namakkal District-637205.",NAMAKKAL,Computer Science and Technology,ts,154.0,141.5,136.5,130.0,106.5,87.5,119.0
TNEA2025-03472,2620,"Vivekanandha College of Engineering for Women (Autonomous), Sathiyanaickenpalayam Village, Elayampalayam, Tiruchengode, Namakkal District-637205.",NAMAKKAL,Electrical and Electronics Engineering,ee,136.0,121.5,136.5,128.0,109.5,116.5,119.5
TNEA2025-03473,2620,"Vivekanandha College of Engineering for Women (Autonomous), Sathiyanaickenpalayam Village, Elayampalayam, Tiruchengode, Namakkal District-637205.",NAMAKKAL,Electronics and Communication Engineering,ec,151.0,137.5,109.5,131.0,110.5,131.0,105.0
TNEA2025-03474,2620,"Vivekanandha College of Engineering for Women (Autonomous), Sathiyanaickenpalayam Village, Elayampalayam, Tiruchengode, Namakkal District-637205.",NAMAKKAL,Information Technology,it,162.0,142.0,143.5,134.0,84.5,105.5,105.0
TNEA2025-00714,2621,"Er. Perumal Manimekalai College of Engineering (Autonomous), 17th Km Hosur - Krishnagiri NH7, Nallaganakothapalli, Near Koneripalli, Hosur Taluk, Krishnagiri District-635117.",KRISHNAGIRI,Aeronautical Engineering,ae,109.0,86.5,97.5,91.5,105.0,137.0,Not Available
TNEA2025-00715,2621,"Er. Perumal Manimekalai College of Engineering (Autonomous), 17th Km Hosur - Krishnagiri NH7, Nallaganakothapalli, Near Koneripalli, Hosur Taluk, Krishnagiri District-635117.",KRISHNAGIRI,Artificial Intelligence and Data Science,ad,149.0,116.0,142.5,129.5,111.5,137.0,Not Available
TNEA2025-00716,2621,"Er. Perumal Manimekalai College of Engineering (Autonomous), 17th Km Hosur - Krishnagiri NH7, Nallaganakothapalli, Near Koneripalli, Hosur Taluk, Krishnagiri District-635117.",KRISHNAGIRI,Chemical Engineering,ch,109.5,84.5,108.5,90.0,104.0,137.0,Not Available
TNEA2025-00717,2621,"Er. Perumal Manimekalai College of Engineering (Autonomous), 17th Km Hosur - Krishnagiri NH7, Nallaganakothapalli, Near Koneripalli, Hosur Taluk, Krishnagiri District-635117.",KRISHNAGIRI,Civil Engineering,ce,93.5,82.0,108.5,84.5,90.0,137.0,Not Available
TNEA2025-00718,2621,"Er. Perumal Manimekalai College of Engineering (Autonomous), 17th Km Hosur - Krishnagiri NH7, Nallaganakothapalli, Near Koneripalli, Hosur Taluk, Krishnagiri District-635117.",KRISHNAGIRI,Computer Science and Bussiness System,cb,127.0,102.5,124.0,121.5,94.0,97.0,Not Available
TNEA2025-00719,2621,"Er. Perumal Manimekalai College of Engineering (Autonomous), 17th Km Hosur - Krishnagiri NH7, Nallaganakothapalli, Near Koneripalli, Hosur Taluk, Krishnagiri District-635117.",KRISHNAGIRI,Computer Science and Engineering,cs,161.0,136.0,148.0,130.0,106.5,97.0,Not Available
TNEA2025-00720,2621,"Er. Perumal Manimekalai College of Engineering (Autonomous), 17th Km Hosur - Krishnagiri NH7, Nallaganakothapalli, Near Koneripalli, Hosur Taluk, Krishnagiri District-635117.",KRISHNAGIRI,Electrical and Electronics Engineering,ee,121.5,99.5,110.0,115.0,88.5,97.0,Not Available
TNEA2025-00721,2621,"Er. Perumal Manimekalai College of Engineering (Autonomous), 17th Km Hosur - Krishnagiri NH7, Nallaganakothapalli, Near Koneripalli, Hosur Taluk, Krishnagiri District-635117.",KRISHNAGIRI,Electronics and Communication Engineering,ec,139.5,118.5,125.0,128.5,91.5,97.0,Not Available
TNEA2025-00722,2621,"Er. Perumal Manimekalai College of Engineering (Autonomous), 17th Km Hosur - Krishnagiri NH7, Nallaganakothapalli, Near Koneripalli, Hosur Taluk, Krishnagiri District-635117.",KRISHNAGIRI,Information Technology,it,141.0,115.0,135.5,128.5,95.0,96.0,Not Available
TNEA2025-00723,2621,"Er. Perumal Manimekalai College of Engineering (Autonomous), 17th Km Hosur - Krishnagiri NH7, Nallaganakothapalli, Near Koneripalli, Hosur Taluk, Krishnagiri District-635117.",KRISHNAGIRI,Mechanical Engineering,me,98.0,86.0,94.5,80.5,80.0,96.0,Not Available
TNEA2025-00724,2621,"Er. Perumal Manimekalai College of Engineering (Autonomous), 17th Km Hosur - Krishnagiri NH7, Nallaganakothapalli, Near Koneripalli, Hosur Taluk, Krishnagiri District-635117.",KRISHNAGIRI,Mechatronics Engineering,mz,116.5,85.5,115.5,107.0,89.5,96.0,Not Available
TNEA2025-03330,2622,"V S B Engineering College (Autonomous), N.H.67, Covai Road, Karudayampalayam (Village & Post), Aravakurichi (TK), Karur-639111.",KARUR,Artificial Intelligence and Data Science,ad,164.0,149.5,147.5,137.5,91.0,132.5,112.0
TNEA2025-03331,2622,"V S B Engineering College (Autonomous), N.H.67, Covai Road, Karudayampalayam (Village & Post), Aravakurichi (TK), Karur-639111.",KARUR,Bio Medical Engineering,bm,153.5,137.5,147.5,126.0,97.0,131.0,112.0
TNEA2025-03332,2622,"V S B Engineering College (Autonomous), N.H.67, Covai Road, Karudayampalayam (Village & Post), Aravakurichi (TK), Karur-639111.",KARUR,Bio Technology,bt,170.0,138.0,119.5,135.5,128.0,131.0,114.0
TNEA2025-03333,2622,"V S B Engineering College (Autonomous), N.H.67, Covai Road, Karudayampalayam (Village & Post), Aravakurichi (TK), Karur-639111.",KARUR,Chemical Engineering,ch,144.5,132.5,125.5,125.0,92.0,119.5,114.0
TNEA2025-03334,2622,"V S B Engineering College (Autonomous), N.H.67, Covai Road, Karudayampalayam (Village & Post), Aravakurichi (TK), Karur-639111.",KARUR,Civil Engineering,ce,158.0,131.5,125.5,122.5,97.0,119.5,114.0
TNEA2025-03336,2622,"V S B Engineering College (Autonomous), N.H.67, Covai Road, Karudayampalayam (Village & Post), Aravakurichi (TK), Karur-639111.",KARUR,Computer Science and Bussiness System,cb,147.5,144.0,135.5,139.0,110.5,104.5,114.0
TNEA2025-03337,2622,"V S B Engineering College (Autonomous), N.H.67, Covai Road, Karudayampalayam (Village & Post), Aravakurichi (TK), Karur-639111.",KARUR,Computer Science and Engineering,cs,173.0,165.0,155.5,148.0,94.0,134.5,136.0
TNEA2025-03338,2622,"V S B Engineering College (Autonomous), N.H.67, Covai Road, Karudayampalayam (Village & Post), Aravakurichi (TK), Karur-639111.",KARUR,Computer Science and Engineering (Ai and Machine Learning),am,154.5,146.0,129.0,136.0,96.0,168.0,136.0
TNEA2025-03335,2622,"V S B Engineering College (Autonomous), N.H.67, Covai Road, Karudayampalayam (Village & Post), Aravakurichi (TK), Karur-639111.",KARUR,Computer and Communication Engineering,co,145.5,142.0,124.0,133.5,106.0,99.0,114.0
TNEA2025-03339,2622,"V S B Engineering College (Autonomous), N.H.67, Covai Road, Karudayampalayam (Village & Post), Aravakurichi (TK), Karur-639111.",KARUR,Electrical and Electronics Engineering,ee,147.5,142.0,161.0,132.0,104.0,117.0,136.0
TNEA2025-03340,2622,"V S B Engineering College (Autonomous), N.H.67, Covai Road, Karudayampalayam (Village & Post), Aravakurichi (TK), Karur-639111.",KARUR,Electronics and Communication Engineering,ec,159.5,149.0,124.5,134.5,94.5,130.5,133.0
TNEA2025-03341,2622,"V S B Engineering College (Autonomous), N.H.67, Covai Road, Karudayampalayam (Village & Post), Aravakurichi (TK), Karur-639111.",KARUR,Information Technology,it,162.5,152.0,130.0,141.0,93.5,133.0,117.0
TNEA2025-03342,2622,"V S B Engineering College (Autonomous), N.H.67, Covai Road, Karudayampalayam (Village & Post), Aravakurichi (TK), Karur-639111.",KARUR,Mechanical Engineering,me,147.5,136.0,126.0,127.0,98.0,121.0,117.0
TNEA2025-01534,2623,"Mahendra College of Engineering, 12th KM Attur Main Road, Minnampalli, Salem-636106.",SALEM,Artificial Intelligence and Data Science,ad,132.5,92.0,106.0,103.0,105.5,107.5,95.0
TNEA2025-01535,2623,"Mahendra College of Engineering, 12th KM Attur Main Road, Minnampalli, Salem-636106.",SALEM,Bio Medical Engineering,bm,110.5,89.0,108.0,99.0,105.0,107.5,95.0
TNEA2025-01536,2623,"Mahendra College of Engineering, 12th KM Attur Main Road, Minnampalli, Salem-636106.",SALEM,Computer Science and Engineering,cs,130.0,93.0,92.0,108.0,92.5,107.5,95.0
TNEA2025-01537,2623,"Mahendra College of Engineering, 12th KM Attur Main Road, Minnampalli, Salem-636106.",SALEM,Electronics and Communication Engineering,ec,138.5,105.5,112.5,127.5,91.0,115.5,95.0
TNEA2025-01538,2623,"Mahendra College of Engineering, 12th KM Attur Main Road, Minnampalli, Salem-636106.",SALEM,Information Technology,it,124.5,80.5,100.0,107.5,89.0,115.5,95.0
TNEA2025-00825,2624,"Gnanamani College of Technology (Autonomous), NH-7, A.K. Samuthiram, Pachal Post, Namakkal District-637018.",NAMAKKAL,Agricultural Engineering,ag,113.0,89.5,121.5,85.0,81.5,113.5,134.5
TNEA2025-00826,2624,"Gnanamani College of Technology (Autonomous), NH-7, A.K. Samuthiram, Pachal Post, Namakkal District-637018.",NAMAKKAL,Artificial Intelligence and Data Science,ad,143.5,116.0,121.5,126.0,116.5,113.5,134.5
TNEA2025-00827,2624,"Gnanamani College of Technology (Autonomous), NH-7, A.K. Samuthiram, Pachal Post, Namakkal District-637018.",NAMAKKAL,Bio Medical Engineering,bm,126.5,85.5,121.5,90.5,107.5,105.5,134.5
TNEA2025-00828,2624,"Gnanamani College of Technology (Autonomous), NH-7, A.K. Samuthiram, Pachal Post, Namakkal District-637018.",NAMAKKAL,Bio Technology,bt,125.5,102.5,121.5,87.5,110.5,116.0,134.5
TNEA2025-00829,2624,"Gnanamani College of Technology (Autonomous), NH-7, A.K. Samuthiram, Pachal Post, Namakkal District-637018.",NAMAKKAL,Chemical Engineering,ch,116.0,99.0,121.5,96.5,82.5,89.5,88.5
TNEA2025-00830,2624,"Gnanamani College of Technology (Autonomous), NH-7, A.K. Samuthiram, Pachal Post, Namakkal District-637018.",NAMAKKAL,Computer Science and Engineering,cs,130.5,83.5,107.5,104.5,101.5,125.5,116.0
TNEA2025-00831,2624,"Gnanamani College of Technology (Autonomous), NH-7, A.K. Samuthiram, Pachal Post, Namakkal District-637018.",NAMAKKAL,Electrical and Electronics Engineering,ee,112.0,90.5,107.5,92.5,82.0,94.5,106.5
TNEA2025-00832,2624,"Gnanamani College of Technology (Autonomous), NH-7, A.K. Samuthiram, Pachal Post, Namakkal District-637018.",NAMAKKAL,Electronics and Communication Engineering,ec,133.0,94.5,87.5,96.0,99.5,114.5,106.5
TNEA2025-00833,2624,"Gnanamani College of Technology (Autonomous), NH-7, A.K. Samuthiram, Pachal Post, Namakkal District-637018.",NAMAKKAL,Food Technology,fd,105.5,84.0,87.5,83.0,85.5,114.5,106.5
TNEA2025-00834,2624,"Gnanamani College of Technology (Autonomous), NH-7, A.K. Samuthiram, Pachal Post, Namakkal District-637018.",NAMAKKAL,Information Technology,it,119.5,90.5,94.0,97.0,95.5,108.5,107.0
TNEA2025-00835,2624,"Gnanamani College of Technology (Autonomous), NH-7, A.K. Samuthiram, Pachal Post, Namakkal District-637018.",NAMAKKAL,Mechanical Engineering,me,98.5,84.5,94.0,91.0,88.5,90.0,92.0
TNEA2025-00836,2624,"Gnanamani College of Technology (Autonomous), NH-7, A.K. Samuthiram, Pachal Post, Namakkal District-637018.",NAMAKKAL,Pharmaceutical Technology,ph,121.5,89.5,94.0,87.0,89.0,83.0,92.0
TNEA2025-03094,2625,"The Kavery Engineering College, M. Kalipatti, Mecheri (Post), Mettur Taluk, Salem District-636453.",SALEM,Agricultural Engineering,ag,103.5,91.0,117.0,89.0,110.0,122.0,92.5
TNEA2025-03095,2625,"The Kavery Engineering College, M. Kalipatti, Mecheri (Post), Mettur Taluk, Salem District-636453.",SALEM,Artificial Intelligence and Data Science,ad,135.0,91.0,117.0,109.0,110.0,122.0,92.5
TNEA2025-03096,2625,"The Kavery Engineering College, M. Kalipatti, Mecheri (Post), Mettur Taluk, Salem District-636453.",SALEM,Bio Medical Engineering,bm,136.5,83.5,117.0,118.0,96.5,104.5,92.5
TNEA2025-03097,2625,"The Kavery Engineering College, M. Kalipatti, Mecheri (Post), Mettur Taluk, Salem District-636453.",SALEM,Chemical Engineering,ch,120.5,83.5,117.0,95.5,96.5,104.5,92.5
TNEA2025-03098,2625,"The Kavery Engineering College, M. Kalipatti, Mecheri (Post), Mettur Taluk, Salem District-636453.",SALEM,Civil Engineering,ce,122.5,92.0,117.0,88.5,96.5,104.5,92.5
TNEA2025-03099,2625,"The Kavery Engineering College, M. Kalipatti, Mecheri (Post), Mettur Taluk, Salem District-636453.",SALEM,Computer Science and Engineering,cs,127.5,93.0,117.0,107.0,88.5,105.5,92.5
TNEA2025-03100,2625,"The Kavery Engineering College, M. Kalipatti, Mecheri (Post), Mettur Taluk, Salem District-636453.",SALEM,Electrical and Electronics Engineering,ee,114.0,88.5,117.0,103.5,88.5,98.0,92.5
TNEA2025-03101,2625,"The Kavery Engineering College, M. Kalipatti, Mecheri (Post), Mettur Taluk, Salem District-636453.",SALEM,Electronics and Communication Engineering,ec,131.5,96.0,117.0,106.0,84.5,98.0,92.5
TNEA2025-03102,2625,"The Kavery Engineering College, M. Kalipatti, Mecheri (Post), Mettur Taluk, Salem District-636453.",SALEM,Information Technology,it,126.5,99.5,117.0,109.0,96.5,108.5,92.5
TNEA2025-03103,2625,"The Kavery Engineering College, M. Kalipatti, Mecheri (Post), Mettur Taluk, Salem District-636453.",SALEM,Mechanical Engineering,me,108.5,105.5,117.0,98.0,108.0,108.5,92.5
TNEA2025-02489,2627,"Selvam College of Technology (Autonomous), Salem Road NH-7, Pappinaickenpatti (Post), Ponnusamy Nagar, Namakkal (Tk & Dt)-637003.",NAMAKKAL,Artificial Intelligence and Data Science,ad,112.0,104.5,115.5,95.0,90.0,85.0,Not Available
TNEA2025-02490,2627,"Selvam College of Technology (Autonomous), Salem Road NH-7, Pappinaickenpatti (Post), Ponnusamy Nagar, Namakkal (Tk & Dt)-637003.",NAMAKKAL,Bio Medical Engineering,bm,84.5,104.5,115.5,95.0,90.0,85.0,Not Available
TNEA2025-02491,2627,"Selvam College of Technology (Autonomous), Salem Road NH-7, Pappinaickenpatti (Post), Ponnusamy Nagar, Namakkal (Tk & Dt)-637003.",NAMAKKAL,Bio Technology,bt,87.5,104.5,115.5,95.0,90.0,85.0,Not Available
TNEA2025-02492,2627,"Selvam College of Technology (Autonomous), Salem Road NH-7, Pappinaickenpatti (Post), Ponnusamy Nagar, Namakkal (Tk & Dt)-637003.",NAMAKKAL,Civil Engineering,ce,127.0,104.5,115.5,95.0,90.0,85.0,Not Available
TNEA2025-02493,2627,"Selvam College of Technology (Autonomous), Salem Road NH-7, Pappinaickenpatti (Post), Ponnusamy Nagar, Namakkal (Tk & Dt)-637003.",NAMAKKAL,Computer Science and Engineering,cs,117.5,90.0,115.5,91.0,88.0,103.0,Not Available
TNEA2025-02494,2627,"Selvam College of Technology (Autonomous), Salem Road NH-7, Pappinaickenpatti (Post), Ponnusamy Nagar, Namakkal (Tk & Dt)-637003.",NAMAKKAL,Electrical and Electronics Engineering,ee,98.5,90.0,115.5,88.5,81.0,85.0,Not Available
TNEA2025-02495,2627,"Selvam College of Technology (Autonomous), Salem Road NH-7, Pappinaickenpatti (Post), Ponnusamy Nagar, Namakkal (Tk & Dt)-637003.",NAMAKKAL,Electronics and Communication Engineering,ec,112.5,87.0,111.0,88.5,84.5,108.5,Not Available
TNEA2025-02496,2627,"Selvam College of Technology (Autonomous), Salem Road NH-7, Pappinaickenpatti (Post), Ponnusamy Nagar, Namakkal (Tk & Dt)-637003.",NAMAKKAL,Information Technology,it,105.5,87.0,111.0,102.5,85.0,108.5,Not Available
TNEA2025-02497,2627,"Selvam College of Technology (Autonomous), Salem Road NH-7, Pappinaickenpatti (Post), Ponnusamy Nagar, Namakkal (Tk & Dt)-637003.",NAMAKKAL,Mechanical Engineering,me,102.0,90.5,111.0,82.5,82.5,99.5,Not Available
TNEA2025-01986,2628,"Paavai College of Engineering, Paavai Nagar, NH-7, Pachal, Namakkal-637018.",NAMAKKAL,Artificial Intelligence and Data Science,ad,155.5,141.0,144.0,141.5,118.0,116.5,102.0
TNEA2025-01985,2628,"Paavai College of Engineering, Paavai Nagar, NH-7, Pachal, Namakkal-637018.",NAMAKKAL,Automobile Engineering,au,102.0,141.0,144.0,141.5,118.0,116.5,102.0
TNEA2025-01987,2628,"Paavai College of Engineering, Paavai Nagar, NH-7, Pachal, Namakkal-637018.",NAMAKKAL,Bio Medical Engineering,bm,117.5,98.5,144.0,88.5,84.5,116.5,102.0
TNEA2025-01988,2628,"Paavai College of Engineering, Paavai Nagar, NH-7, Pachal, Namakkal-637018.",NAMAKKAL,Computer Science and Engineering,cs,135.5,88.0,121.5,123.0,88.5,116.5,102.0
TNEA2025-01989,2628,"Paavai College of Engineering, Paavai Nagar, NH-7, Pachal, Namakkal-637018.",NAMAKKAL,Computer Science and Engineering (Ai and Machine Learning),am,129.0,95.0,101.5,121.5,88.0,116.5,102.0
TNEA2025-01990,2628,"Paavai College of Engineering, Paavai Nagar, NH-7, Pachal, Namakkal-637018.",NAMAKKAL,Computer Science and Engineering (Cyber Security),sc,123.5,90.0,101.5,118.0,94.5,97.0,102.0
TNEA2025-01991,2628,"Paavai College of Engineering, Paavai Nagar, NH-7, Pachal, Namakkal-637018.",NAMAKKAL,Electrical and Electronics Engineering,ee,114.0,108.0,101.5,94.5,94.5,114.0,102.0
TNEA2025-01992,2628,"Paavai College of Engineering, Paavai Nagar, NH-7, Pachal, Namakkal-637018.",NAMAKKAL,Electronics and Communication Engineering,ec,124.5,114.0,101.5,110.5,88.5,114.0,102.0
TNEA2025-01993,2628,"Paavai College of Engineering, Paavai Nagar, NH-7, Pachal, Namakkal-637018.",NAMAKKAL,Mechanical Engineering,me,102.5,89.5,101.5,97.5,88.5,114.0,102.0
TNEA2025-00496,2630,"Chettinad College of Engineering and Technology, NH-67, Karur to Trichy Highways, Puliyur CF, Karur-639114.",KARUR,Artificial Intelligence and Data Science,ad,156.0,128.5,112.5,129.5,102.5,93.5,Not Available
TNEA2025-00497,2630,"Chettinad College of Engineering and Technology, NH-67, Karur to Trichy Highways, Puliyur CF, Karur-639114.",KARUR,Computer Science and Engineering,cs,145.0,140.0,118.5,134.5,104.5,107.0,Not Available
TNEA2025-00498,2630,"Chettinad College of Engineering and Technology, NH-67, Karur to Trichy Highways, Puliyur CF, Karur-639114.",KARUR,Electrical and Electronics Engineering,ee,119.0,100.5,98.0,105.5,84.5,88.0,Not Available
TNEA2025-00499,2630,"Chettinad College of Engineering and Technology, NH-67, Karur to Trichy Highways, Puliyur CF, Karur-639114.",KARUR,Electronics and Communication Engineering,ec,146.5,128.0,97.0,121.0,98.0,140.5,Not Available
TNEA2025-00500,2630,"Chettinad College of Engineering and Technology, NH-67, Karur to Trichy Highways, Puliyur CF, Karur-639114.",KARUR,Information Technology,it,136.0,129.5,108.0,126.5,114.0,126.0,Not Available
TNEA2025-00501,2630,"Chettinad College of Engineering and Technology, NH-67, Karur to Trichy Highways, Puliyur CF, Karur-639114.",KARUR,Mechanical Engineering,me,111.5,85.5,108.0,96.5,114.0,126.0,Not Available
TNEA2025-01554,2632,"Mahendra Institute of Technology (Autonomous), Mahendhirapuri, Mallasamudram West, Vadugapalayam Post, Tiruchengodu Taluk, Namakkal District-637503.",NAMAKKAL,Bio Medical Engineering,bm,124.5,98.0,84.0,109.0,109.0,118.0,91.5
TNEA2025-01555,2632,"Mahendra Institute of Technology (Autonomous), Mahendhirapuri, Mallasamudram West, Vadugapalayam Post, Tiruchengodu Taluk, Namakkal District-637503.",NAMAKKAL,Computer Science and Engineering,cs,132.5,105.5,84.0,116.5,82.0,87.0,91.5
TNEA2025-01556,2632,"Mahendra Institute of Technology (Autonomous), Mahendhirapuri, Mallasamudram West, Vadugapalayam Post, Tiruchengodu Taluk, Namakkal District-637503.",NAMAKKAL,Computer Science and Engineering (Ai and Machine Learning),am,125.5,90.5,84.0,113.5,82.0,87.5,91.5
TNEA2025-01557,2632,"Mahendra Institute of Technology (Autonomous), Mahendhirapuri, Mallasamudram West, Vadugapalayam Post, Tiruchengodu Taluk, Namakkal District-637503.",NAMAKKAL,Electrical and Electronics Engineering,ee,119.0,88.5,84.0,106.5,87.5,87.5,91.5
TNEA2025-01558,2632,"Mahendra Institute of Technology (Autonomous), Mahendhirapuri, Mallasamudram West, Vadugapalayam Post, Tiruchengodu Taluk, Namakkal District-637503.",NAMAKKAL,Electronics and Communication Engineering,ec,145.5,124.0,122.5,122.0,107.5,110.0,94.5
TNEA2025-01559,2632,"Mahendra Institute of Technology (Autonomous), Mahendhirapuri, Mallasamudram West, Vadugapalayam Post, Tiruchengodu Taluk, Namakkal District-637503.",NAMAKKAL,Information Technology,it,131.0,110.0,86.5,121.5,96.5,121.5,94.5
TNEA2025-03446,2633,"Vidyaa Vikas College of Engineering and Technology, Varahoorampatti Village, Tiruchengode Taluk, Namakkal-637214.",NAMAKKAL,Artificial Intelligence and Data Science,ad,117.5,94.0,Not Available,Not Available,96.0,Not Available,Not Available
TNEA2025-03447,2633,"Vidyaa Vikas College of Engineering and Technology, Varahoorampatti Village, Tiruchengode Taluk, Namakkal-637214.",NAMAKKAL,Computer Science and Engineering,cs,83.0,94.0,Not Available,Not Available,96.0,Not Available,Not Available
TNEA2025-03448,2633,"Vidyaa Vikas College of Engineering and Technology, Varahoorampatti Village, Tiruchengode Taluk, Namakkal-637214.",NAMAKKAL,Computer Science and Engineering (Cyber Security),sc,80.0,94.0,Not Available,Not Available,96.0,Not Available,Not Available
TNEA2025-03449,2633,"Vidyaa Vikas College of Engineering and Technology, Varahoorampatti Village, Tiruchengode Taluk, Namakkal-637214.",NAMAKKAL,Electrical and Electronics Engineering,ee,110.0,94.0,Not Available,Not Available,96.0,Not Available,Not Available
TNEA2025-03450,2633,"Vidyaa Vikas College of Engineering and Technology, Varahoorampatti Village, Tiruchengode Taluk, Namakkal-637214.",NAMAKKAL,Electronics and Communication Engineering,ec,84.0,94.0,Not Available,Not Available,96.0,Not Available,Not Available
TNEA2025-03451,2633,"Vidyaa Vikas College of Engineering and Technology, Varahoorampatti Village, Tiruchengode Taluk, Namakkal-637214.",NAMAKKAL,Mechanical Engineering,me,84.0,94.0,Not Available,Not Available,96.0,Not Available,Not Available
TNEA2025-00743,2634,"Excel Engineering College (Autonomous), NH-47 Salem Main Road, Sankari West Post, Tiruchengode Taluk, Pallakapalayam, Namakkal District-637303.",NAMAKKAL,Aeronautical Engineering,ae,143.0,87.0,96.5,113.5,107.0,131.0,122.5
TNEA2025-00744,2634,"Excel Engineering College (Autonomous), NH-47 Salem Main Road, Sankari West Post, Tiruchengode Taluk, Pallakapalayam, Namakkal District-637303.",NAMAKKAL,Agricultural Engineering,ag,133.0,86.5,96.5,87.5,82.0,122.5,122.5
TNEA2025-00745,2634,"Excel Engineering College (Autonomous), NH-47 Salem Main Road, Sankari West Post, Tiruchengode Taluk, Pallakapalayam, Namakkal District-637303.",NAMAKKAL,Artificial Intelligence and Data Science,ad,133.0,94.0,115.5,116.0,87.5,98.5,122.5
TNEA2025-00746,2634,"Excel Engineering College (Autonomous), NH-47 Salem Main Road, Sankari West Post, Tiruchengode Taluk, Pallakapalayam, Namakkal District-637303.",NAMAKKAL,Bio Medical Engineering,bm,132.5,82.0,97.0,87.0,93.0,114.0,122.5
TNEA2025-00747,2634,"Excel Engineering College (Autonomous), NH-47 Salem Main Road, Sankari West Post, Tiruchengode Taluk, Pallakapalayam, Namakkal District-637303.",NAMAKKAL,Civil Engineering,ce,100.0,94.5,97.0,84.5,93.0,114.0,122.5
TNEA2025-00748,2634,"Excel Engineering College (Autonomous), NH-47 Salem Main Road, Sankari West Post, Tiruchengode Taluk, Pallakapalayam, Namakkal District-637303.",NAMAKKAL,Computer Science and Bussiness System,cb,120.5,107.0,97.0,109.5,89.5,109.0,122.5
TNEA2025-00749,2634,"Excel Engineering College (Autonomous), NH-47 Salem Main Road, Sankari West Post, Tiruchengode Taluk, Pallakapalayam, Namakkal District-637303.",NAMAKKAL,Computer Science and Engineering,cs,142.0,98.5,104.0,117.5,84.5,97.0,129.0
TNEA2025-00750,2634,"Excel Engineering College (Autonomous), NH-47 Salem Main Road, Sankari West Post, Tiruchengode Taluk, Pallakapalayam, Namakkal District-637303.",NAMAKKAL,Electrical and Electronics Engineering,ee,115.0,92.5,82.5,87.5,91.0,108.0,129.0
TNEA2025-00751,2634,"Excel Engineering College (Autonomous), NH-47 Salem Main Road, Sankari West Post, Tiruchengode Taluk, Pallakapalayam, Namakkal District-637303.",NAMAKKAL,Electronics and Communication Engineering,ec,142.0,123.0,82.5,130.0,94.0,117.0,129.0
TNEA2025-00752,2634,"Excel Engineering College (Autonomous), NH-47 Salem Main Road, Sankari West Post, Tiruchengode Taluk, Pallakapalayam, Namakkal District-637303.",NAMAKKAL,Food Technology,fd,126.5,100.5,112.0,96.5,93.0,106.0,129.0
TNEA2025-00753,2634,"Excel Engineering College (Autonomous), NH-47 Salem Main Road, Sankari West Post, Tiruchengode Taluk, Pallakapalayam, Namakkal District-637303.",NAMAKKAL,Information Technology,it,136.0,86.0,93.0,115.0,84.0,106.5,129.0
TNEA2025-00754,2634,"Excel Engineering College (Autonomous), NH-47 Salem Main Road, Sankari West Post, Tiruchengode Taluk, Pallakapalayam, Namakkal District-637303.",NAMAKKAL,M.Tech. Computer Science and Engineering (Integrated 5 Years),cj,106.5,101.5,93.0,96.0,101.5,94.0,129.0
TNEA2025-00755,2634,"Excel Engineering College (Autonomous), NH-47 Salem Main Road, Sankari West Post, Tiruchengode Taluk, Pallakapalayam, Namakkal District-637303.",NAMAKKAL,Mechanical Engineering,me,113.0,94.5,101.0,97.5,80.5,82.5,129.0
TNEA2025-00756,2634,"Excel Engineering College (Autonomous), NH-47 Salem Main Road, Sankari West Post, Tiruchengode Taluk, Pallakapalayam, Namakkal District-637303.",NAMAKKAL,Petro Chemical Technology,pc,89.5,84.5,101.0,97.5,85.5,82.5,129.0
TNEA2025-00757,2634,"Excel Engineering College (Autonomous), NH-47 Salem Main Road, Sankari West Post, Tiruchengode Taluk, Pallakapalayam, Namakkal District-637303.",NAMAKKAL,Safety and Fire Engineering,sf,115.5,99.0,101.0,96.5,98.0,82.5,129.0
TNEA2025-00446,2635,"CMS College of Engineering, CMS Nagar, Eranapuram Post, Namakkal-637003.",NAMAKKAL,Artificial Intelligence and Data Science,ad,101.0,Not Available,Not Available,85.5,Not Available,Not Available,Not Available
TNEA2025-00447,2635,"CMS College of Engineering, CMS Nagar, Eranapuram Post, Namakkal-637003.",NAMAKKAL,Bio Medical Engineering,bm,81.5,Not Available,Not Available,85.5,Not Available,Not Available,Not Available
TNEA2025-00448,2635,"CMS College of Engineering, CMS Nagar, Eranapuram Post, Namakkal-637003.",NAMAKKAL,Computer Science and Engineering,cs,96.0,Not Available,Not Available,85.5,Not Available,Not Available,Not Available
TNEA2025-00449,2635,"CMS College of Engineering, CMS Nagar, Eranapuram Post, Namakkal-637003.",NAMAKKAL,Computer Science and Engineering (Cyber Security),sc,80.5,Not Available,Not Available,85.5,Not Available,Not Available,Not Available
TNEA2025-00450,2635,"CMS College of Engineering, CMS Nagar, Eranapuram Post, Namakkal-637003.",NAMAKKAL,Electrical and Electronics Engineering,ee,95.0,Not Available,Not Available,85.5,Not Available,Not Available,Not Available
TNEA2025-00451,2635,"CMS College of Engineering, CMS Nagar, Eranapuram Post, Namakkal-637003.",NAMAKKAL,Electronics and Communication Engineering,ec,104.5,Not Available,Not Available,85.5,Not Available,Not Available,Not Available
TNEA2025-00452,2635,"CMS College of Engineering, CMS Nagar, Eranapuram Post, Namakkal-637003.",NAMAKKAL,Mechanical Engineering,me,90.0,Not Available,Not Available,85.5,Not Available,Not Available,Not Available
TNEA2025-00064,2636,"AVS Engineering College, Military Road, Ammapet, Salem-636003.",SALEM,Artificial Intelligence and Data Science,ad,127.0,84.0,101.0,107.0,79.0,80.0,104.0
TNEA2025-00065,2636,"AVS Engineering College, Military Road, Ammapet, Salem-636003.",SALEM,Bio Medical Engineering,bm,144.0,82.0,126.0,135.0,104.0,137.0,104.0
TNEA2025-00066,2636,"AVS Engineering College, Military Road, Ammapet, Salem-636003.",SALEM,Civil Engineering,ce,109.0,90.0,126.0,101.0,80.5,104.0,104.0
TNEA2025-00067,2636,"AVS Engineering College, Military Road, Ammapet, Salem-636003.",SALEM,Computer Science and Engineering,cs,131.5,84.5,93.0,110.0,84.5,112.0,86.0
TNEA2025-00068,2636,"AVS Engineering College, Military Road, Ammapet, Salem-636003.",SALEM,Electrical and Electronics Engineering,ee,125.0,89.5,99.5,102.5,88.0,100.0,86.0
TNEA2025-00069,2636,"AVS Engineering College, Military Road, Ammapet, Salem-636003.",SALEM,Electronics and Communication Engineering,ec,127.0,95.5,94.0,104.5,92.0,101.0,99.0
TNEA2025-00070,2636,"AVS Engineering College, Military Road, Ammapet, Salem-636003.",SALEM,Information Technology,it,137.5,88.5,94.0,105.5,90.0,109.0,99.0
TNEA2025-00071,2636,"AVS Engineering College, Military Road, Ammapet, Salem-636003.",SALEM,Mechanical Engineering,me,120.0,85.0,95.0,101.5,91.0,102.5,99.0
TNEA2025-01551,2638,"Mahendra Engineering College for Women, Komaramanagalam Post, Tiruchengode Taluk, Namakkal District-637205.",NAMAKKAL,Computer Science and Engineering,cs,109.0,86.5,Not Available,91.0,85.0,Not Available,Not Available
TNEA2025-01552,2638,"Mahendra Engineering College for Women, Komaramanagalam Post, Tiruchengode Taluk, Namakkal District-637205.",NAMAKKAL,Electrical and Electronics Engineering,ee,98.5,86.5,Not Available,91.0,85.0,Not Available,Not Available
TNEA2025-01553,2638,"Mahendra Engineering College for Women, Komaramanagalam Post, Tiruchengode Taluk, Namakkal District-637205.",NAMAKKAL,Information Technology,it,97.5,95.5,Not Available,83.0,86.0,Not Available,Not Available
TNEA2025-02122,2639,"R P Sarathy Institute of Technology, Poosaripatty(PO), Omalur Taluk, Salem-636305.",SALEM,Artificial Intelligence and Data Science,ad,139.5,110.0,119.0,121.0,115.0,85.0,Not Available
TNEA2025-02123,2639,"R P Sarathy Institute of Technology, Poosaripatty(PO), Omalur Taluk, Salem-636305.",SALEM,Computer Science and Engineering,cs,139.0,108.0,95.0,119.5,87.0,85.0,Not Available
TNEA2025-02124,2639,"R P Sarathy Institute of Technology, Poosaripatty(PO), Omalur Taluk, Salem-636305.",SALEM,Computer Science and Engineering (Cyber Security),sc,119.5,90.5,104.0,105.5,87.0,85.0,Not Available
TNEA2025-02125,2639,"R P Sarathy Institute of Technology, Poosaripatty(PO), Omalur Taluk, Salem-636305.",SALEM,Electrical and Electronics Engineering,ee,90.5,90.5,104.0,84.5,87.0,85.0,Not Available
TNEA2025-02126,2639,"R P Sarathy Institute of Technology, Poosaripatty(PO), Omalur Taluk, Salem-636305.",SALEM,Electronics and Communication Engineering,ec,120.0,89.5,104.0,101.0,112.5,85.0,Not Available
TNEA2025-02127,2639,"R P Sarathy Institute of Technology, Poosaripatty(PO), Omalur Taluk, Salem-636305.",SALEM,Information Technology,it,129.0,82.5,104.5,112.5,109.5,85.0,Not Available
TNEA2025-02128,2639,"R P Sarathy Institute of Technology, Poosaripatty(PO), Omalur Taluk, Salem-636305.",SALEM,Mechanical Engineering,me,88.0,82.5,104.5,81.5,109.5,85.0,Not Available
TNEA2025-01103,2640,"Jayalakshmi Institute of Technology, Thoppur, Dharmapuri District-636352.",DHARMAPURI,Agricultural Engineering,ag,102.5,99.0,109.0,91.5,104.5,93.5,93.0
TNEA2025-01104,2640,"Jayalakshmi Institute of Technology, Thoppur, Dharmapuri District-636352.",DHARMAPURI,Artificial Intelligence and Data Science,ad,120.0,99.0,109.0,91.5,104.5,93.5,93.0
TNEA2025-01105,2640,"Jayalakshmi Institute of Technology, Thoppur, Dharmapuri District-636352.",DHARMAPURI,Civil Engineering,ce,89.0,99.0,109.0,91.5,104.5,93.5,93.0
TNEA2025-01106,2640,"Jayalakshmi Institute of Technology, Thoppur, Dharmapuri District-636352.",DHARMAPURI,Computer Science and Engineering,cs,108.0,91.0,109.0,85.5,84.5,93.5,93.0
TNEA2025-01107,2640,"Jayalakshmi Institute of Technology, Thoppur, Dharmapuri District-636352.",DHARMAPURI,Electrical and Electronics Engineering,ee,80.5,91.0,109.0,85.5,84.5,93.5,93.0
TNEA2025-01108,2640,"Jayalakshmi Institute of Technology, Thoppur, Dharmapuri District-636352.",DHARMAPURI,Electronics and Communication Engineering,ec,115.5,115.0,109.0,84.5,92.5,93.5,93.0
TNEA2025-01109,2640,"Jayalakshmi Institute of Technology, Thoppur, Dharmapuri District-636352.",DHARMAPURI,Information Technology,it,129.0,117.5,109.0,86.0,121.5,93.5,93.0
TNEA2025-01110,2640,"Jayalakshmi Institute of Technology, Thoppur, Dharmapuri District-636352.",DHARMAPURI,Mechanical Engineering,me,85.0,117.5,109.0,86.0,121.5,93.5,93.0
TNEA2025-03375,2641,"Varuvan Vadivelan Institute of Technology, NH 7, Krishnagiri Main Road, Gundalapatty, Dharmapuri-636703.",DHARMAPURI,Artificial Intelligence and Data Science,ad,120.0,101.5,Not Available,97.0,Not Available,Not Available,Not Available
TNEA2025-03376,2641,"Varuvan Vadivelan Institute of Technology, NH 7, Krishnagiri Main Road, Gundalapatty, Dharmapuri-636703.",DHARMAPURI,Civil Engineering,ce,96.0,101.5,Not Available,97.0,Not Available,Not Available,Not Available
TNEA2025-03377,2641,"Varuvan Vadivelan Institute of Technology, NH 7, Krishnagiri Main Road, Gundalapatty, Dharmapuri-636703.",DHARMAPURI,Computer Science and Engineering,cs,93.0,101.5,Not Available,83.5,Not Available,Not Available,Not Available
TNEA2025-03378,2641,"Varuvan Vadivelan Institute of Technology, NH 7, Krishnagiri Main Road, Gundalapatty, Dharmapuri-636703.",DHARMAPURI,Electrical and Electronics Engineering,ee,99.0,101.5,Not Available,83.5,Not Available,Not Available,Not Available
TNEA2025-03379,2641,"Varuvan Vadivelan Institute of Technology, NH 7, Krishnagiri Main Road, Gundalapatty, Dharmapuri-636703.",DHARMAPURI,Electronics and Communication Engineering,ec,83.5,101.5,Not Available,83.5,Not Available,Not Available,Not Available
TNEA2025-03380,2641,"Varuvan Vadivelan Institute of Technology, NH 7, Krishnagiri Main Road, Gundalapatty, Dharmapuri-636703.",DHARMAPURI,Information Technology,it,86.0,101.5,Not Available,83.5,Not Available,Not Available,Not Available
TNEA2025-03381,2641,"Varuvan Vadivelan Institute of Technology, NH 7, Krishnagiri Main Road, Gundalapatty, Dharmapuri-636703.",DHARMAPURI,Mechanical Engineering,me,87.0,101.5,Not Available,83.5,Not Available,Not Available,Not Available
TNEA2025-01848,2642,"P.S.V.College of Engineering and Technology, Mittapalli, Balinayanapalli Post, Krishnagiri-635108.",KRISHNAGIRI,Artificial Intelligence and Data Science,ad,159.5,124.5,124.0,146.5,127.0,92.0,Not Available
TNEA2025-01849,2642,"P.S.V.College of Engineering and Technology, Mittapalli, Balinayanapalli Post, Krishnagiri-635108.",KRISHNAGIRI,Bio Medical Engineering,bm,102.5,95.0,124.0,89.0,90.0,92.0,Not Available
TNEA2025-01850,2642,"P.S.V.College of Engineering and Technology, Mittapalli, Balinayanapalli Post, Krishnagiri-635108.",KRISHNAGIRI,Civil Engineering,ce,104.0,101.0,124.0,92.0,81.5,92.0,Not Available
TNEA2025-01851,2642,"P.S.V.College of Engineering and Technology, Mittapalli, Balinayanapalli Post, Krishnagiri-635108.",KRISHNAGIRI,Computer Science and Engineering,cs,139.5,105.5,124.0,117.0,108.5,92.0,Not Available
TNEA2025-01852,2642,"P.S.V.College of Engineering and Technology, Mittapalli, Balinayanapalli Post, Krishnagiri-635108.",KRISHNAGIRI,Computer Science and Engineering (Cyber Security),sc,123.5,101.5,120.0,108.0,99.5,92.0,Not Available
TNEA2025-01853,2642,"P.S.V.College of Engineering and Technology, Mittapalli, Balinayanapalli Post, Krishnagiri-635108.",KRISHNAGIRI,Electrical and Electronics Engineering,ee,109.5,90.0,120.0,83.5,80.0,92.0,Not Available
TNEA2025-01854,2642,"P.S.V.College of Engineering and Technology, Mittapalli, Balinayanapalli Post, Krishnagiri-635108.",KRISHNAGIRI,Electronics and Communication Engineering,ec,135.0,117.5,114.5,109.5,106.0,92.0,Not Available
TNEA2025-01855,2642,"P.S.V.College of Engineering and Technology, Mittapalli, Balinayanapalli Post, Krishnagiri-635108.",KRISHNAGIRI,Information Technology,it,137.0,81.0,128.5,110.0,112.0,92.0,Not Available
TNEA2025-01856,2642,"P.S.V.College of Engineering and Technology, Mittapalli, Balinayanapalli Post, Krishnagiri-635108.",KRISHNAGIRI,Mechanical Engineering,me,97.0,80.5,128.5,80.0,82.5,92.0,Not Available
TNEA2025-00397,2643,"Bharathiyar Institute of Engineering for Women, 43/3, Deviyakurichi, Attur Taluk, Salem District-636112.",SALEM,Artificial Intelligence and Data Science,ad,137.5,87.0,122.5,104.0,86.0,85.0,106.0
TNEA2025-00398,2643,"Bharathiyar Institute of Engineering for Women, 43/3, Deviyakurichi, Attur Taluk, Salem District-636112.",SALEM,Computer Science and Engineering,cs,139.0,114.5,103.0,90.0,80.5,106.0,122.0
TNEA2025-00399,2643,"Bharathiyar Institute of Engineering for Women, 43/3, Deviyakurichi, Attur Taluk, Salem District-636112.",SALEM,Computer Science and Engineering (Cyber Security),sc,108.5,82.0,88.5,98.0,87.5,93.0,122.0
TNEA2025-00400,2643,"Bharathiyar Institute of Engineering for Women, 43/3, Deviyakurichi, Attur Taluk, Salem District-636112.",SALEM,Electrical and Electronics Engineering,ee,89.0,86.0,88.5,83.0,86.0,93.0,122.0
TNEA2025-00401,2643,"Bharathiyar Institute of Engineering for Women, 43/3, Deviyakurichi, Attur Taluk, Salem District-636112.",SALEM,Electronics and Communication Engineering,ec,116.0,88.5,110.0,89.5,91.5,101.0,122.0
TNEA2025-03058,2646,"Tagore Institute of Engineering and Technology, Salem-Chennai Bye Pass Road, Deviyakurichi (Po), Attur (Tk), Salem (Dt)-636112.",SALEM,Artificial Intelligence and Data Science,ad,117.5,84.0,85.5,98.0,95.0,Not Available,Not Available
TNEA2025-03059,2646,"Tagore Institute of Engineering and Technology, Salem-Chennai Bye Pass Road, Deviyakurichi (Po), Attur (Tk), Salem (Dt)-636112.",SALEM,Civil Engineering,ce,117.0,84.0,85.5,98.0,95.0,Not Available,Not Available
TNEA2025-03060,2646,"Tagore Institute of Engineering and Technology, Salem-Chennai Bye Pass Road, Deviyakurichi (Po), Attur (Tk), Salem (Dt)-636112.",SALEM,Computer Science and Engineering,cs,114.0,88.0,94.5,97.5,102.5,Not Available,Not Available
TNEA2025-03061,2646,"Tagore Institute of Engineering and Technology, Salem-Chennai Bye Pass Road, Deviyakurichi (Po), Attur (Tk), Salem (Dt)-636112.",SALEM,Computer Science and Engineering (Ai and Machine Learning),am,101.0,90.5,94.5,86.0,102.5,Not Available,Not Available
TNEA2025-03062,2646,"Tagore Institute of Engineering and Technology, Salem-Chennai Bye Pass Road, Deviyakurichi (Po), Attur (Tk), Salem (Dt)-636112.",SALEM,Electrical and Electronics Engineering,ee,96.0,81.0,94.5,86.0,102.5,Not Available,Not Available
TNEA2025-03063,2646,"Tagore Institute of Engineering and Technology, Salem-Chennai Bye Pass Road, Deviyakurichi (Po), Attur (Tk), Salem (Dt)-636112.",SALEM,Electronics and Communication Engineering,ec,104.0,81.5,91.5,92.5,102.5,Not Available,Not Available
TNEA2025-03064,2646,"Tagore Institute of Engineering and Technology, Salem-Chennai Bye Pass Road, Deviyakurichi (Po), Attur (Tk), Salem (Dt)-636112.",SALEM,Mechanical Engineering,me,83.5,81.5,91.5,92.5,102.5,Not Available,Not Available
TNEA2025-01008,2647,"J.K.K.Nataraja College of Engineering and Technology, Sf No. 147/1, 2, 4 Komarapalayam Amani, Thattankuttai Panchayat, Tiruchengode, Namakkal-638183.",NAMAKKAL,Computer Science and Engineering,cs,122.0,115.0,Not Available,100.5,102.5,121.5,Not Available
TNEA2025-01009,2647,"J.K.K.Nataraja College of Engineering and Technology, Sf No. 147/1, 2, 4 Komarapalayam Amani, Thattankuttai Panchayat, Tiruchengode, Namakkal-638183.",NAMAKKAL,Electrical and Electronics Engineering,ee,87.5,115.0,Not Available,100.5,102.5,121.5,Not Available
TNEA2025-01010,2647,"J.K.K.Nataraja College of Engineering and Technology, Sf No. 147/1, 2, 4 Komarapalayam Amani, Thattankuttai Panchayat, Tiruchengode, Namakkal-638183.",NAMAKKAL,Electronics and Communication Engineering,ec,101.0,86.5,Not Available,84.5,102.5,85.0,Not Available
TNEA2025-01011,2647,"J.K.K.Nataraja College of Engineering and Technology, Sf No. 147/1, 2, 4 Komarapalayam Amani, Thattankuttai Panchayat, Tiruchengode, Namakkal-638183.",NAMAKKAL,Information Technology,it,113.0,83.0,Not Available,103.5,102.5,84.0,Not Available
TNEA2025-01012,2647,"J.K.K.Nataraja College of Engineering and Technology, Sf No. 147/1, 2, 4 Komarapalayam Amani, Thattankuttai Panchayat, Tiruchengode, Namakkal-638183.",NAMAKKAL,Mechanical Engineering,me,80.0,83.0,Not Available,103.5,102.5,84.0,Not Available
TNEA2025-00251,2648,"Annapoorana Engineering College (Autonomous), Sankari Main Road (NH-47), Periyaseeragapadi, Salem-636308.",SALEM,Artificial Intelligence and Data Science,ad,149.0,106.0,101.0,122.5,132.5,135.0,Not Available
TNEA2025-00250,2648,"Annapoorana Engineering College (Autonomous), Sankari Main Road (NH-47), Periyaseeragapadi, Salem-636308.",SALEM,Automobile Engineering,au,83.0,106.0,101.0,77.5,82.5,135.0,Not Available
TNEA2025-00252,2648,"Annapoorana Engineering College (Autonomous), Sankari Main Road (NH-47), Periyaseeragapadi, Salem-636308.",SALEM,Bio Medical Engineering,bm,115.0,80.0,92.0,86.5,99.5,112.5,Not Available
TNEA2025-00253,2648,"Annapoorana Engineering College (Autonomous), Sankari Main Road (NH-47), Periyaseeragapadi, Salem-636308.",SALEM,Civil Engineering,ce,82.5,80.0,92.0,86.5,99.5,112.5,Not Available
TNEA2025-00254,2648,"Annapoorana Engineering College (Autonomous), Sankari Main Road (NH-47), Periyaseeragapadi, Salem-636308.",SALEM,Computer Science and Engineering,cs,143.5,118.0,92.0,123.5,132.5,136.5,Not Available
TNEA2025-00255,2648,"Annapoorana Engineering College (Autonomous), Sankari Main Road (NH-47), Periyaseeragapadi, Salem-636308.",SALEM,Electrical and Electronics Engineering,ee,112.5,82.0,92.0,94.0,84.5,108.0,Not Available
TNEA2025-00256,2648,"Annapoorana Engineering College (Autonomous), Sankari Main Road (NH-47), Periyaseeragapadi, Salem-636308.",SALEM,Electronics and Communication Engineering,ec,125.0,97.0,112.0,104.0,107.0,115.5,Not Available
TNEA2025-00257,2648,"Annapoorana Engineering College (Autonomous), Sankari Main Road (NH-47), Periyaseeragapadi, Salem-636308.",SALEM,Information Technology,it,128.5,80.5,80.5,116.0,111.0,116.0,Not Available
TNEA2025-00258,2648,"Annapoorana Engineering College (Autonomous), Sankari Main Road (NH-47), Periyaseeragapadi, Salem-636308.",SALEM,Mechanical Engineering,me,96.0,93.0,80.5,90.0,90.0,116.0,Not Available
TNEA2025-00502,2650,"Christ The King Engineering College, Cecilia Gardens, Chikkarampalayam Village, Karamadai, Coimbatore-641104.",COIMBATORE,Artificial Intelligence and Data Science,ad,123.5,85.0,95.5,82.5,87.0,102.0,89.0
TNEA2025-00503,2650,"Christ The King Engineering College, Cecilia Gardens, Chikkarampalayam Village, Karamadai, Coimbatore-641104.",COIMBATORE,Computer Science and Engineering,cs,113.5,86.5,95.5,81.5,101.0,102.0,89.0
TNEA2025-00504,2650,"Christ The King Engineering College, Cecilia Gardens, Chikkarampalayam Village, Karamadai, Coimbatore-641104.",COIMBATORE,Electrical and Electronics Engineering,ee,113.5,86.5,95.5,81.5,101.0,102.0,89.0
TNEA2025-00505,2650,"Christ The King Engineering College, Cecilia Gardens, Chikkarampalayam Village, Karamadai, Coimbatore-641104.",COIMBATORE,Electronics and Communication Engineering,ec,98.0,86.5,95.5,81.5,101.0,102.0,80.5
TNEA2025-00506,2650,"Christ The King Engineering College, Cecilia Gardens, Chikkarampalayam Village, Karamadai, Coimbatore-641104.",COIMBATORE,Information Technology,it,116.5,91.0,95.5,95.0,88.0,102.0,80.5
TNEA2025-00507,2650,"Christ The King Engineering College, Cecilia Gardens, Chikkarampalayam Village, Karamadai, Coimbatore-641104.",COIMBATORE,Mechanical Engineering,me,81.0,91.0,95.5,95.0,88.0,102.0,80.5
TNEA2025-01048,2651,"Jai Shriram Engineering College, Dharapuram Road, Tirupur-638660.",TIRUPPUR,Artificial Intelligence and Data Science,ad,146.0,133.5,97.0,94.5,129.0,123.5,Not Available
TNEA2025-01049,2651,"Jai Shriram Engineering College, Dharapuram Road, Tirupur-638660.",TIRUPPUR,Civil Engineering,ce,112.0,86.5,97.0,106.5,129.0,123.5,Not Available
TNEA2025-01050,2651,"Jai Shriram Engineering College, Dharapuram Road, Tirupur-638660.",TIRUPPUR,Computer Science and Engineering,cs,135.0,109.0,97.0,114.5,97.0,123.0,Not Available
TNEA2025-01051,2651,"Jai Shriram Engineering College, Dharapuram Road, Tirupur-638660.",TIRUPPUR,Electrical and Electronics Engineering,ee,106.5,86.0,97.0,97.0,90.5,123.0,Not Available
TNEA2025-01052,2651,"Jai Shriram Engineering College, Dharapuram Road, Tirupur-638660.",TIRUPPUR,Electronics and Communication Engineering,ec,132.0,116.5,97.0,91.0,90.5,101.0,Not Available
TNEA2025-01053,2651,"Jai Shriram Engineering College, Dharapuram Road, Tirupur-638660.",TIRUPPUR,Fashion Technology,ft,113.5,84.0,104.5,88.5,89.0,93.0,Not Available
TNEA2025-01054,2651,"Jai Shriram Engineering College, Dharapuram Road, Tirupur-638660.",TIRUPPUR,Information Technology,it,127.5,114.0,104.5,100.0,83.0,119.5,Not Available
TNEA2025-01055,2651,"Jai Shriram Engineering College, Dharapuram Road, Tirupur-638660.",TIRUPPUR,Mechanical Engineering,me,109.0,93.0,104.5,83.0,83.5,101.5,Not Available
TNEA2025-00050,2652,"AL-Ameen Engineering College (Autonomous), Karundevanpalayam, Nanjai Uthukkuli Post, Erode District-638104.",ERODE,Artificial Intelligence and Data Science,ad,124.5,93.5,123.0,103.0,104.0,104.5,Not Available
TNEA2025-00051,2652,"AL-Ameen Engineering College (Autonomous), Karundevanpalayam, Nanjai Uthukkuli Post, Erode District-638104.",ERODE,Computer Science and Engineering,cs,103.5,93.5,101.0,93.5,104.0,104.5,Not Available
TNEA2025-00052,2652,"AL-Ameen Engineering College (Autonomous), Karundevanpalayam, Nanjai Uthukkuli Post, Erode District-638104.",ERODE,Electrical and Electronics Engineering,ee,91.0,93.5,101.0,93.5,104.0,104.5,Not Available
TNEA2025-00053,2652,"AL-Ameen Engineering College (Autonomous), Karundevanpalayam, Nanjai Uthukkuli Post, Erode District-638104.",ERODE,Electronics and Communication Engineering,ec,103.5,93.5,96.5,93.5,104.0,104.5,Not Available
TNEA2025-00054,2652,"AL-Ameen Engineering College (Autonomous), Karundevanpalayam, Nanjai Uthukkuli Post, Erode District-638104.",ERODE,Information Technology,it,113.5,92.5,107.0,93.5,86.5,108.5,Not Available
TNEA2025-00055,2652,"AL-Ameen Engineering College (Autonomous), Karundevanpalayam, Nanjai Uthukkuli Post, Erode District-638104.",ERODE,Mechanical Engineering,me,100.0,92.5,107.0,93.5,86.5,108.5,Not Available
TNEA2025-01328,2653,"Knowledge Institute of Technology (Autonomous), KIOT Campus, Kakapalayam (PO), Salem-637504.",SALEM,Artificial Intelligence and Data Science,ad,163.5,150.5,143.5,147.0,98.0,102.0,109.5
TNEA2025-01329,2653,"Knowledge Institute of Technology (Autonomous), KIOT Campus, Kakapalayam (PO), Salem-637504.",SALEM,Civil Engineering,ce,134.5,101.5,143.5,130.0,95.0,102.0,109.5
TNEA2025-01330,2653,"Knowledge Institute of Technology (Autonomous), KIOT Campus, Kakapalayam (PO), Salem-637504.",SALEM,Computer Science and Bussiness System,cb,157.5,147.5,142.0,143.0,89.0,102.0,109.5
TNEA2025-01331,2653,"Knowledge Institute of Technology (Autonomous), KIOT Campus, Kakapalayam (PO), Salem-637504.",SALEM,Computer Science and Engineering,cs,170.0,159.0,131.5,154.5,90.0,166.0,165.5
TNEA2025-01332,2653,"Knowledge Institute of Technology (Autonomous), KIOT Campus, Kakapalayam (PO), Salem-637504.",SALEM,Electrical and Electronics Engineering,ee,153.5,146.5,132.0,143.5,96.5,151.5,165.5
TNEA2025-01333,2653,"Knowledge Institute of Technology (Autonomous), KIOT Campus, Kakapalayam (PO), Salem-637504.",SALEM,Electronics and Communication Engineering,ec,163.0,151.0,133.0,150.0,106.0,151.5,94.5
TNEA2025-01334,2653,"Knowledge Institute of Technology (Autonomous), KIOT Campus, Kakapalayam (PO), Salem-637504.",SALEM,Information Technology,it,160.5,149.0,128.5,149.0,86.0,102.0,129.0
TNEA2025-01335,2653,"Knowledge Institute of Technology (Autonomous), KIOT Campus, Kakapalayam (PO), Salem-637504.",SALEM,Mechanical Engineering,me,136.0,112.0,86.5,110.5,104.5,110.0,129.0
TNEA2025-00402,2656,"Builders Engineering College (Autonomous), EBET Knowledge Park, Erode Road Nathakadaiyur, Kangeyam, Tiruppur-638108.",TIRUPPUR,Artificial Intelligence and Data Science,ad,170.5,143.0,104.0,137.5,140.5,126.5,89.5
TNEA2025-00403,2656,"Builders Engineering College (Autonomous), EBET Knowledge Park, Erode Road Nathakadaiyur, Kangeyam, Tiruppur-638108.",TIRUPPUR,Civil Engineering,ce,137.0,111.0,104.0,123.5,107.0,126.5,89.5
TNEA2025-00404,2656,"Builders Engineering College (Autonomous), EBET Knowledge Park, Erode Road Nathakadaiyur, Kangeyam, Tiruppur-638108.",TIRUPPUR,Computer Science and Engineering,cs,174.5,142.0,104.0,142.5,101.5,155.5,89.5
TNEA2025-00405,2656,"Builders Engineering College (Autonomous), EBET Knowledge Park, Erode Road Nathakadaiyur, Kangeyam, Tiruppur-638108.",TIRUPPUR,Computer Science and Engineering (Ai and Machine Learning),am,153.0,135.5,104.0,122.5,95.0,120.0,89.5
TNEA2025-00406,2656,"Builders Engineering College (Autonomous), EBET Knowledge Park, Erode Road Nathakadaiyur, Kangeyam, Tiruppur-638108.",TIRUPPUR,Electrical and Electronics Engineering,ee,144.5,133.0,132.5,128.0,124.5,140.5,89.5
TNEA2025-00407,2656,"Builders Engineering College (Autonomous), EBET Knowledge Park, Erode Road Nathakadaiyur, Kangeyam, Tiruppur-638108.",TIRUPPUR,Electronics and Communication Engineering,ec,161.5,136.5,138.0,141.5,101.0,126.0,89.5
TNEA2025-00408,2656,"Builders Engineering College (Autonomous), EBET Knowledge Park, Erode Road Nathakadaiyur, Kangeyam, Tiruppur-638108.",TIRUPPUR,Mechanical Engineering,me,132.5,113.5,127.0,119.0,104.0,114.5,89.5
TNEA2025-03323,2658,"V S A Group of Institutions, NH-47 Main Road, Uthamasolapuram Post, Salem-636010.",SALEM,Bio Medical Engineering,bm,82.0,Not Available,93.5,96.5,98.0,87.0,Not Available
TNEA2025-03324,2658,"V S A Group of Institutions, NH-47 Main Road, Uthamasolapuram Post, Salem-636010.",SALEM,Civil Engineering,ce,82.0,Not Available,93.5,96.5,98.0,87.0,Not Available
TNEA2025-03325,2658,"V S A Group of Institutions, NH-47 Main Road, Uthamasolapuram Post, Salem-636010.",SALEM,Computer Science and Engineering,cs,90.5,Not Available,93.5,96.5,98.0,87.0,Not Available
TNEA2025-03326,2658,"V S A Group of Institutions, NH-47 Main Road, Uthamasolapuram Post, Salem-636010.",SALEM,Electrical and Electronics Engineering,ee,93.5,Not Available,93.5,96.5,98.0,87.0,Not Available
TNEA2025-03327,2658,"V S A Group of Institutions, NH-47 Main Road, Uthamasolapuram Post, Salem-636010.",SALEM,Electronics and Communication Engineering,ec,83.5,Not Available,93.5,96.5,98.0,87.0,Not Available
TNEA2025-03328,2658,"V S A Group of Institutions, NH-47 Main Road, Uthamasolapuram Post, Salem-636010.",SALEM,Information Technology,it,102.5,Not Available,93.5,96.5,98.0,100.0,Not Available
TNEA2025-03329,2658,"V S A Group of Institutions, NH-47 Main Road, Uthamasolapuram Post, Salem-636010.",SALEM,Mechanical Engineering,me,102.5,Not Available,93.5,96.5,98.0,100.0,Not Available
TNEA2025-02421,2659,"Salem College of Engineering and Technology, NH-68 Salem-Attur Main Road, Mettupatty Perumapalayam, Salem-636111.",SALEM,Artificial Intelligence and Data Science,ad,136.0,94.0,89.0,97.0,124.0,119.0,116.5
TNEA2025-02422,2659,"Salem College of Engineering and Technology, NH-68 Salem-Attur Main Road, Mettupatty Perumapalayam, Salem-636111.",SALEM,Bio Medical Engineering,bm,128.5,94.0,89.0,82.5,96.5,119.0,116.5
TNEA2025-02423,2659,"Salem College of Engineering and Technology, NH-68 Salem-Attur Main Road, Mettupatty Perumapalayam, Salem-636111.",SALEM,Bio Technology,bt,117.5,94.0,89.0,84.0,116.5,100.5,116.5
TNEA2025-02424,2659,"Salem College of Engineering and Technology, NH-68 Salem-Attur Main Road, Mettupatty Perumapalayam, Salem-636111.",SALEM,Civil Engineering,ce,117.5,94.0,89.0,84.0,116.5,100.5,116.5
TNEA2025-02425,2659,"Salem College of Engineering and Technology, NH-68 Salem-Attur Main Road, Mettupatty Perumapalayam, Salem-636111.",SALEM,Computer Science and Engineering,cs,125.5,81.5,98.0,98.5,87.0,112.0,116.5
TNEA2025-02426,2659,"Salem College of Engineering and Technology, NH-68 Salem-Attur Main Road, Mettupatty Perumapalayam, Salem-636111.",SALEM,Electrical and Electronics Engineering,ee,120.0,94.0,98.0,82.0,93.5,112.0,82.0
TNEA2025-02427,2659,"Salem College of Engineering and Technology, NH-68 Salem-Attur Main Road, Mettupatty Perumapalayam, Salem-636111.",SALEM,Electronics and Communication Engineering,ec,114.5,91.5,98.0,90.5,90.0,107.0,82.0
TNEA2025-02428,2659,"Salem College of Engineering and Technology, NH-68 Salem-Attur Main Road, Mettupatty Perumapalayam, Salem-636111.",SALEM,Information Technology,it,109.0,80.0,98.0,85.0,87.0,105.5,82.0
TNEA2025-02429,2659,"Salem College of Engineering and Technology, NH-68 Salem-Attur Main Road, Mettupatty Perumapalayam, Salem-636111.",SALEM,Mechanical Engineering,me,105.5,86.0,98.0,84.5,80.5,104.0,82.0
TNEA2025-02614,2673,"Sree Sakthi Engineering College (Autonomous), 899/1 & 898/2, Bettathapuram, Bilichi Village, Karamadai, Coimbatore-641104.",COIMBATORE,Artificial Intelligence and Data Science,ad,151.0,131.5,90.5,138.5,112.5,104.5,106.5
TNEA2025-02615,2673,"Sree Sakthi Engineering College (Autonomous), 899/1 & 898/2, Bettathapuram, Bilichi Village, Karamadai, Coimbatore-641104.",COIMBATORE,Civil Engineering,ce,120.0,102.0,90.5,115.0,100.0,104.5,106.5
TNEA2025-02616,2673,"Sree Sakthi Engineering College (Autonomous), 899/1 & 898/2, Bettathapuram, Bilichi Village, Karamadai, Coimbatore-641104.",COIMBATORE,Computer Science and Engineering,cs,151.5,144.0,131.5,132.0,112.5,117.5,106.5
TNEA2025-02617,2673,"Sree Sakthi Engineering College (Autonomous), 899/1 & 898/2, Bettathapuram, Bilichi Village, Karamadai, Coimbatore-641104.",COIMBATORE,Computer Science and Engineering (Ai and Machine Learning),am,145.5,133.0,129.5,132.5,125.5,116.0,110.5
TNEA2025-02618,2673,"Sree Sakthi Engineering College (Autonomous), 899/1 & 898/2, Bettathapuram, Bilichi Village, Karamadai, Coimbatore-641104.",COIMBATORE,Computer Science and Engineering (Cyber Security),sc,148.5,129.0,140.5,129.5,123.5,145.0,133.5
TNEA2025-02619,2673,"Sree Sakthi Engineering College (Autonomous), 899/1 & 898/2, Bettathapuram, Bilichi Village, Karamadai, Coimbatore-641104.",COIMBATORE,Electrical and Electronics Engineering,ee,129.5,112.5,140.5,115.5,114.0,115.5,133.5
TNEA2025-02620,2673,"Sree Sakthi Engineering College (Autonomous), 899/1 & 898/2, Bettathapuram, Bilichi Village, Karamadai, Coimbatore-641104.",COIMBATORE,Electronics and Communication Engineering,ec,146.5,120.5,94.0,127.5,111.0,119.0,135.5
TNEA2025-02621,2673,"Sree Sakthi Engineering College (Autonomous), 899/1 & 898/2, Bettathapuram, Bilichi Village, Karamadai, Coimbatore-641104.",COIMBATORE,Information Technology,it,151.0,125.0,130.5,130.0,125.0,126.0,135.5
TNEA2025-02622,2673,"Sree Sakthi Engineering College (Autonomous), 899/1 & 898/2, Bettathapuram, Bilichi Village, Karamadai, Coimbatore-641104.",COIMBATORE,Mechanical Engineering,me,114.5,103.5,130.5,108.5,101.5,99.0,135.5
TNEA2025-02565,2683,"Shreenivasa Engineering College, B.Pallipatti, Bommidi, Pappireddipatti Taluk, Dharmapuri District-635301.",DHARMAPURI,Agricultural Engineering,ag,92.0,102.5,98.5,80.0,103.0,Not Available,91.5
TNEA2025-02566,2683,"Shreenivasa Engineering College, B.Pallipatti, Bommidi, Pappireddipatti Taluk, Dharmapuri District-635301.",DHARMAPURI,Artificial Intelligence and Data Science,ad,102.0,102.5,98.5,80.0,103.0,Not Available,91.5
TNEA2025-02567,2683,"Shreenivasa Engineering College, B.Pallipatti, Bommidi, Pappireddipatti Taluk, Dharmapuri District-635301.",DHARMAPURI,Bio Medical Engineering,bm,91.5,102.5,98.5,80.0,103.0,Not Available,91.5
TNEA2025-02568,2683,"Shreenivasa Engineering College, B.Pallipatti, Bommidi, Pappireddipatti Taluk, Dharmapuri District-635301.",DHARMAPURI,Computer Science and Engineering,cs,104.0,102.5,98.5,85.0,103.0,Not Available,91.5
TNEA2025-02569,2683,"Shreenivasa Engineering College, B.Pallipatti, Bommidi, Pappireddipatti Taluk, Dharmapuri District-635301.",DHARMAPURI,Electrical and Electronics Engineering,ee,99.0,97.0,98.5,88.5,103.0,Not Available,91.5
TNEA2025-02570,2683,"Shreenivasa Engineering College, B.Pallipatti, Bommidi, Pappireddipatti Taluk, Dharmapuri District-635301.",DHARMAPURI,Information Technology,it,98.0,86.0,98.5,85.0,82.5,Not Available,91.5
TNEA2025-02571,2683,"Shreenivasa Engineering College, B.Pallipatti, Bommidi, Pappireddipatti Taluk, Dharmapuri District-635301.",DHARMAPURI,Mechanical Engineering,me,84.0,86.0,98.5,85.0,82.5,Not Available,91.5
TNEA2025-00358,2702,"Bannari Amman Institute of Technology (Autonomous), Sathy-Bhavani Road, (State Highway), Alathukombai Post, Sathyamangalam (Taluk), Erode District-638401.",ERODE,Agricultural Engineering,ag,165.5,160.0,173.0,147.5,111.0,134.0,118.0
TNEA2025-00359,2702,"Bannari Amman Institute of Technology (Autonomous), Sathy-Bhavani Road, (State Highway), Alathukombai Post, Sathyamangalam (Taluk), Erode District-638401.",ERODE,Artificial Intelligence and Data Science,ad,183.5,181.0,173.0,175.5,132.0,134.0,118.0
TNEA2025-00360,2702,"Bannari Amman Institute of Technology (Autonomous), Sathy-Bhavani Road, (State Highway), Alathukombai Post, Sathyamangalam (Taluk), Erode District-638401.",ERODE,Artificial Intelligence and Machine Learning,al,180.5,179.0,174.0,175.0,131.5,127.5,118.0
TNEA2025-00361,2702,"Bannari Amman Institute of Technology (Autonomous), Sathy-Bhavani Road, (State Highway), Alathukombai Post, Sathyamangalam (Taluk), Erode District-638401.",ERODE,Bio Technology,bt,173.0,165.5,155.5,153.0,107.5,121.0,118.0
TNEA2025-00362,2702,"Bannari Amman Institute of Technology (Autonomous), Sathy-Bhavani Road, (State Highway), Alathukombai Post, Sathyamangalam (Taluk), Erode District-638401.",ERODE,Computer Science and Bussiness System,cb,181.0,179.0,155.5,175.5,135.5,132.5,104.0
TNEA2025-00363,2702,"Bannari Amman Institute of Technology (Autonomous), Sathy-Bhavani Road, (State Highway), Alathukombai Post, Sathyamangalam (Taluk), Erode District-638401.",ERODE,Computer Science and Engineering,cs,187.5,184.0,181.5,182.5,142.5,115.0,112.0
TNEA2025-00364,2702,"Bannari Amman Institute of Technology (Autonomous), Sathy-Bhavani Road, (State Highway), Alathukombai Post, Sathyamangalam (Taluk), Erode District-638401.",ERODE,Electrical and Electronics Engineering,ee,179.0,176.5,167.0,167.0,128.0,132.0,125.0
TNEA2025-00365,2702,"Bannari Amman Institute of Technology (Autonomous), Sathy-Bhavani Road, (State Highway), Alathukombai Post, Sathyamangalam (Taluk), Erode District-638401.",ERODE,Electronics and Communication Engineering,ec,184.0,181.5,173.5,176.0,136.0,139.5,119.0
TNEA2025-00366,2702,"Bannari Amman Institute of Technology (Autonomous), Sathy-Bhavani Road, (State Highway), Alathukombai Post, Sathyamangalam (Taluk), Erode District-638401.",ERODE,Electronics and Instrumentation Engineering,ei,175.5,174.0,172.0,166.0,118.0,127.0,119.0
TNEA2025-00367,2702,"Bannari Amman Institute of Technology (Autonomous), Sathy-Bhavani Road, (State Highway), Alathukombai Post, Sathyamangalam (Taluk), Erode District-638401.",ERODE,Information Technology,it,184.0,182.0,174.5,176.0,135.5,111.0,134.0
TNEA2025-00368,2702,"Bannari Amman Institute of Technology (Autonomous), Sathy-Bhavani Road, (State Highway), Alathukombai Post, Sathyamangalam (Taluk), Erode District-638401.",ERODE,Mechanical Engineering,me,171.0,167.5,161.5,160.0,122.0,126.5,134.0
TNEA2025-00369,2702,"Bannari Amman Institute of Technology (Autonomous), Sathy-Bhavani Road, (State Highway), Alathukombai Post, Sathyamangalam (Taluk), Erode District-638401.",ERODE,Mechatronics Engineering,mz,173.0,170.0,146.0,165.0,113.0,126.5,134.0
TNEA2025-00517,2704,"Coimbatore Institute of Engineering and Technology (Autonomous), Vellimalaipattinam, Narasipuram Post, Thondamuthur Via, Coimbatore-641109.",COIMBATORE,Artificial Intelligence and Data Science,ad,171.5,160.5,159.0,156.0,134.0,123.0,Not Available
TNEA2025-00518,2704,"Coimbatore Institute of Engineering and Technology (Autonomous), Vellimalaipattinam, Narasipuram Post, Thondamuthur Via, Coimbatore-641109.",COIMBATORE,Civil Engineering,ce,130.0,94.0,120.0,84.0,107.0,123.0,Not Available
TNEA2025-00519,2704,"Coimbatore Institute of Engineering and Technology (Autonomous), Vellimalaipattinam, Narasipuram Post, Thondamuthur Via, Coimbatore-641109.",COIMBATORE,Computer Science and Engineering,cs,170.0,161.5,154.0,158.0,125.0,151.5,Not Available
TNEA2025-00520,2704,"Coimbatore Institute of Engineering and Technology (Autonomous), Vellimalaipattinam, Narasipuram Post, Thondamuthur Via, Coimbatore-641109.",COIMBATORE,Computer Science and Engineering (Ai and Machine Learning),am,158.0,153.0,154.0,149.0,115.5,138.0,Not Available
TNEA2025-00521,2704,"Coimbatore Institute of Engineering and Technology (Autonomous), Vellimalaipattinam, Narasipuram Post, Thondamuthur Via, Coimbatore-641109.",COIMBATORE,Computer Science and Engineering (Cyber Security),sc,158.0,153.5,140.5,148.5,112.0,122.5,Not Available
TNEA2025-00522,2704,"Coimbatore Institute of Engineering and Technology (Autonomous), Vellimalaipattinam, Narasipuram Post, Thondamuthur Via, Coimbatore-641109.",COIMBATORE,Electrical and Electronics Engineering,ee,155.5,149.0,140.5,147.0,102.0,144.0,Not Available
TNEA2025-00524,2704,"Coimbatore Institute of Engineering and Technology (Autonomous), Vellimalaipattinam, Narasipuram Post, Thondamuthur Via, Coimbatore-641109.",COIMBATORE,Electronics Engineering (Vlsi Design and Technology),ev,142.5,133.0,107.0,117.0,144.0,103.0,Not Available
TNEA2025-00523,2704,"Coimbatore Institute of Engineering and Technology (Autonomous), Vellimalaipattinam, Narasipuram Post, Thondamuthur Via, Coimbatore-641109.",COIMBATORE,Electronics and Communication Engineering,ec,171.5,163.0,148.5,158.5,144.0,103.0,Not Available
TNEA2025-00525,2704,"Coimbatore Institute of Engineering and Technology (Autonomous), Vellimalaipattinam, Narasipuram Post, Thondamuthur Via, Coimbatore-641109.",COIMBATORE,Information Technology,it,169.0,158.0,164.5,162.5,132.0,129.5,Not Available
TNEA2025-00526,2704,"Coimbatore Institute of Engineering and Technology (Autonomous), Vellimalaipattinam, Narasipuram Post, Thondamuthur Via, Coimbatore-641109.",COIMBATORE,Mechanical Engineering,me,135.5,91.0,100.0,113.0,132.0,129.5,Not Available
TNEA2025-00527,2704,"Coimbatore Institute of Engineering and Technology (Autonomous), Vellimalaipattinam, Narasipuram Post, Thondamuthur Via, Coimbatore-641109.",COIMBATORE,Mechatronics Engineering,mz,144.0,121.5,100.0,114.0,107.0,108.0,Not Available
TNEA2025-00453,2705,"CSI College of Engineering, Ketti Valley, The Nilgiris-643215.",NILGIRIS,Artificial Intelligence and Data Science,ad,131.5,99.5,122.0,82.0,98.5,Not Available,Not Available
TNEA2025-00454,2705,"CSI College of Engineering, Ketti Valley, The Nilgiris-643215.",NILGIRIS,Civil Engineering,ce,110.5,99.5,122.0,82.0,98.5,Not Available,Not Available
TNEA2025-00455,2705,"CSI College of Engineering, Ketti Valley, The Nilgiris-643215.",NILGIRIS,Computer Science and Engineering,cs,116.0,87.0,81.0,101.5,88.5,Not Available,Not Available
TNEA2025-00456,2705,"CSI College of Engineering, Ketti Valley, The Nilgiris-643215.",NILGIRIS,Computer Science and Engineering (Ai and Machine Learning),am,93.5,87.0,92.0,101.5,89.0,Not Available,Not Available
TNEA2025-00457,2705,"CSI College of Engineering, Ketti Valley, The Nilgiris-643215.",NILGIRIS,Computer Science and Engineering (Cyber Security),sc,118.0,86.0,89.5,101.5,89.5,Not Available,Not Available
TNEA2025-00458,2705,"CSI College of Engineering, Ketti Valley, The Nilgiris-643215.",NILGIRIS,Electrical and Electronics Engineering,ee,132.5,86.0,89.5,101.5,89.5,Not Available,Not Available
TNEA2025-00459,2705,"CSI College of Engineering, Ketti Valley, The Nilgiris-643215.",NILGIRIS,Electronics and Communication Engineering,ec,92.5,83.5,89.5,101.5,89.5,Not Available,Not Available
TNEA2025-00460,2705,"CSI College of Engineering, Ketti Valley, The Nilgiris-643215.",NILGIRIS,Information Technology,it,105.5,98.5,102.5,98.5,96.5,Not Available,Not Available
TNEA2025-00461,2705,"CSI College of Engineering, Ketti Valley, The Nilgiris-643215.",NILGIRIS,Mechanical Engineering,me,86.0,98.5,102.5,98.5,96.5,Not Available,Not Available
TNEA2025-00634,2706,"Dr Mahalingam College of Engineering and Technology (Autonomous), Mackkinaickenpatti Post, Udumalai Road, Pollachi, Coimbatore-642003.",COIMBATORE,Artificial Intelligence and Data Science,ad,179.0,176.5,168.5,170.0,122.0,126.5,115.0
TNEA2025-00633,2706,"Dr Mahalingam College of Engineering and Technology (Autonomous), Mackkinaickenpatti Post, Udumalai Road, Pollachi, Coimbatore-642003.",COIMBATORE,Automobile Engineering,au,142.5,131.5,133.0,100.5,92.5,126.5,115.0
TNEA2025-00635,2706,"Dr Mahalingam College of Engineering and Technology (Autonomous), Mackkinaickenpatti Post, Udumalai Road, Pollachi, Coimbatore-642003.",COIMBATORE,Civil Engineering,ce,145.0,126.5,109.5,123.5,127.0,109.0,115.0
TNEA2025-00636,2706,"Dr Mahalingam College of Engineering and Technology (Autonomous), Mackkinaickenpatti Post, Udumalai Road, Pollachi, Coimbatore-642003.",COIMBATORE,Computer Science and Engineering,cs,183.5,177.5,168.5,170.0,120.5,130.5,115.0
TNEA2025-00637,2706,"Dr Mahalingam College of Engineering and Technology (Autonomous), Mackkinaickenpatti Post, Udumalai Road, Pollachi, Coimbatore-642003.",COIMBATORE,Computer Science and Engineering (Ai and Machine Learning),am,176.5,175.5,168.5,169.5,127.0,125.5,115.0
TNEA2025-00638,2706,"Dr Mahalingam College of Engineering and Technology (Autonomous), Mackkinaickenpatti Post, Udumalai Road, Pollachi, Coimbatore-642003.",COIMBATORE,Computer Science and Engineering (Cyber Security),sc,176.5,174.5,174.5,167.5,120.5,125.5,115.0
TNEA2025-00639,2706,"Dr Mahalingam College of Engineering and Technology (Autonomous), Mackkinaickenpatti Post, Udumalai Road, Pollachi, Coimbatore-642003.",COIMBATORE,Electrical and Electronics Engineering,ee,171.0,166.5,155.5,157.5,99.0,125.5,115.0
TNEA2025-00641,2706,"Dr Mahalingam College of Engineering and Technology (Autonomous), Mackkinaickenpatti Post, Udumalai Road, Pollachi, Coimbatore-642003.",COIMBATORE,Electronics Engineering (Vlsi Design and Technology),ev,173.0,169.5,166.0,158.5,111.5,126.0,118.0
TNEA2025-00642,2706,"Dr Mahalingam College of Engineering and Technology (Autonomous), Mackkinaickenpatti Post, Udumalai Road, Pollachi, Coimbatore-642003.",COIMBATORE,Electronics and Communication (Advanced Communication Technology),ea,172.0,168.5,152.5,161.5,106.0,126.0,118.0
TNEA2025-00640,2706,"Dr Mahalingam College of Engineering and Technology (Autonomous), Mackkinaickenpatti Post, Udumalai Road, Pollachi, Coimbatore-642003.",COIMBATORE,Electronics and Communication Engineering,ec,179.5,175.5,168.0,170.0,84.0,126.0,118.0
TNEA2025-00643,2706,"Dr Mahalingam College of Engineering and Technology (Autonomous), Mackkinaickenpatti Post, Udumalai Road, Pollachi, Coimbatore-642003.",COIMBATORE,Information Technology,it,180.0,177.0,171.0,169.0,117.5,126.5,118.0
TNEA2025-00644,2706,"Dr Mahalingam College of Engineering and Technology (Autonomous), Mackkinaickenpatti Post, Udumalai Road, Pollachi, Coimbatore-642003.",COIMBATORE,Mechanical Engineering,me,159.0,150.0,132.5,143.5,98.5,154.0,118.0
TNEA2025-00725,2707,"Erode Sengunthar Engineering College (Autonomous), Thudupathi, Perundurai (Tk), Erode District-638057.",ERODE,Agricultural Engineering,ag,117.5,93.5,104.0,96.0,88.5,103.0,Not Available
TNEA2025-00726,2707,"Erode Sengunthar Engineering College (Autonomous), Thudupathi, Perundurai (Tk), Erode District-638057.",ERODE,Artificial Intelligence and Data Science,ad,148.5,134.5,104.0,135.0,86.5,132.5,Not Available
TNEA2025-00727,2707,"Erode Sengunthar Engineering College (Autonomous), Thudupathi, Perundurai (Tk), Erode District-638057.",ERODE,Bio Medical Engineering,bm,115.0,85.0,104.0,93.5,82.5,83.0,Not Available
TNEA2025-00728,2707,"Erode Sengunthar Engineering College (Autonomous), Thudupathi, Perundurai (Tk), Erode District-638057.",ERODE,Bio Technology,bt,122.0,92.5,90.5,84.0,91.5,98.5,Not Available
TNEA2025-00729,2707,"Erode Sengunthar Engineering College (Autonomous), Thudupathi, Perundurai (Tk), Erode District-638057.",ERODE,Chemical Engineering,ch,106.0,96.5,90.5,86.5,100.0,98.5,Not Available
TNEA2025-00730,2707,"Erode Sengunthar Engineering College (Autonomous), Thudupathi, Perundurai (Tk), Erode District-638057.",ERODE,Civil Engineering,ce,108.0,84.0,90.5,85.0,90.5,90.5,Not Available
TNEA2025-00731,2707,"Erode Sengunthar Engineering College (Autonomous), Thudupathi, Perundurai (Tk), Erode District-638057.",ERODE,Computer Science and Design,cd,125.0,117.0,90.5,118.0,90.5,94.0,Not Available
TNEA2025-00732,2707,"Erode Sengunthar Engineering College (Autonomous), Thudupathi, Perundurai (Tk), Erode District-638057.",ERODE,Computer Science and Engineering,cs,143.0,132.0,122.0,125.5,83.5,95.5,Not Available
TNEA2025-00733,2707,"Erode Sengunthar Engineering College (Autonomous), Thudupathi, Perundurai (Tk), Erode District-638057.",ERODE,Computer Science and Engineering (Ai and Machine Learning),am,132.5,125.5,122.0,122.0,90.0,106.0,Not Available
TNEA2025-00734,2707,"Erode Sengunthar Engineering College (Autonomous), Thudupathi, Perundurai (Tk), Erode District-638057.",ERODE,Computer Science and Engineering (Cyber Security),sc,129.5,121.5,115.5,119.0,85.5,106.0,Not Available
TNEA2025-00735,2707,"Erode Sengunthar Engineering College (Autonomous), Thudupathi, Perundurai (Tk), Erode District-638057.",ERODE,Electrical and Electronics Engineering,ee,120.0,104.5,115.5,94.0,84.5,82.0,Not Available
TNEA2025-00736,2707,"Erode Sengunthar Engineering College (Autonomous), Thudupathi, Perundurai (Tk), Erode District-638057.",ERODE,Electronics and Communication Engineering,ec,132.5,117.5,110.5,119.0,84.5,99.5,Not Available
TNEA2025-00737,2707,"Erode Sengunthar Engineering College (Autonomous), Thudupathi, Perundurai (Tk), Erode District-638057.",ERODE,Electronics and Instrumentation Engineering,ei,125.5,99.5,110.5,107.0,97.5,99.5,Not Available
TNEA2025-00738,2707,"Erode Sengunthar Engineering College (Autonomous), Thudupathi, Perundurai (Tk), Erode District-638057.",ERODE,Information Technology,it,139.0,125.0,92.5,123.5,91.5,96.5,Not Available
TNEA2025-00739,2707,"Erode Sengunthar Engineering College (Autonomous), Thudupathi, Perundurai (Tk), Erode District-638057.",ERODE,M.Tech. Computer Science and Engineering (Integrated 5 Years),cj,133.0,109.5,92.5,104.5,95.5,110.0,Not Available
TNEA2025-00740,2707,"Erode Sengunthar Engineering College (Autonomous), Thudupathi, Perundurai (Tk), Erode District-638057.",ERODE,Mechanical Engineering,me,106.5,83.0,92.5,86.5,101.0,88.0,Not Available
TNEA2025-00741,2707,"Erode Sengunthar Engineering College (Autonomous), Thudupathi, Perundurai (Tk), Erode District-638057.",ERODE,Mechanical Engineering (Tamil Medium),xm,82.0,83.0,92.5,86.5,101.0,88.0,Not Available
TNEA2025-00742,2707,"Erode Sengunthar Engineering College (Autonomous), Thudupathi, Perundurai (Tk), Erode District-638057.",ERODE,Robotics and Automation,rm,119.5,93.5,92.5,105.0,101.0,92.5,Not Available
TNEA2025-00914,2708,"Hindusthan College of Engineering and Technology(Autonomous), Othakkalmandapam Village, Coimbatore South Taluk, Coimbatore District-641032.",COIMBATORE,Aeronautical Engineering,ae,167.5,156.0,149.0,142.5,121.0,154.5,118.0
TNEA2025-00915,2708,"Hindusthan College of Engineering and Technology(Autonomous), Othakkalmandapam Village, Coimbatore South Taluk, Coimbatore District-641032.",COIMBATORE,Agricultural Engineering,ag,137.0,102.0,112.0,89.0,108.5,130.0,118.0
TNEA2025-00917,2708,"Hindusthan College of Engineering and Technology(Autonomous), Othakkalmandapam Village, Coimbatore South Taluk, Coimbatore District-641032.",COIMBATORE,Artificial Intelligence and Machine Learning,al,183.0,165.5,153.5,165.0,140.0,125.0,123.0
TNEA2025-00916,2708,"Hindusthan College of Engineering and Technology(Autonomous), Othakkalmandapam Village, Coimbatore South Taluk, Coimbatore District-641032.",COIMBATORE,Automobile Engineering,au,130.0,91.5,83.5,100.5,102.0,124.0,118.0
TNEA2025-00918,2708,"Hindusthan College of Engineering and Technology(Autonomous), Othakkalmandapam Village, Coimbatore South Taluk, Coimbatore District-641032.",COIMBATORE,Bio Medical Engineering,bm,154.5,138.5,143.0,114.5,105.5,105.5,123.0
TNEA2025-00919,2708,"Hindusthan College of Engineering and Technology(Autonomous), Othakkalmandapam Village, Coimbatore South Taluk, Coimbatore District-641032.",COIMBATORE,Chemical Engineering,ch,155.0,136.0,142.0,121.5,117.5,105.5,123.0
TNEA2025-00920,2708,"Hindusthan College of Engineering and Technology(Autonomous), Othakkalmandapam Village, Coimbatore South Taluk, Coimbatore District-641032.",COIMBATORE,Civil Engineering,ce,146.5,107.5,119.5,111.0,110.5,105.5,123.0
TNEA2025-00921,2708,"Hindusthan College of Engineering and Technology(Autonomous), Othakkalmandapam Village, Coimbatore South Taluk, Coimbatore District-641032.",COIMBATORE,Computer Science and Engineering,cs,173.5,165.0,158.5,161.5,134.0,126.5,132.0
TNEA2025-00922,2708,"Hindusthan College of Engineering and Technology(Autonomous), Othakkalmandapam Village, Coimbatore South Taluk, Coimbatore District-641032.",COIMBATORE,Computer Science and Engineering (Cyber Security),sc,168.5,162.75,151.5,158.0,132.5,146.5,132.0
TNEA2025-00923,2708,"Hindusthan College of Engineering and Technology(Autonomous), Othakkalmandapam Village, Coimbatore South Taluk, Coimbatore District-641032.",COIMBATORE,Electrical and Electronics Engineering,ee,157.0,149.0,151.5,145.5,111.0,146.5,132.0
TNEA2025-00924,2708,"Hindusthan College of Engineering and Technology(Autonomous), Othakkalmandapam Village, Coimbatore South Taluk, Coimbatore District-641032.",COIMBATORE,Electronics and Communication Engineering,ec,166.5,158.0,155.5,158.5,131.5,130.5,117.5
TNEA2025-00925,2708,"Hindusthan College of Engineering and Technology(Autonomous), Othakkalmandapam Village, Coimbatore South Taluk, Coimbatore District-641032.",COIMBATORE,Electronics and Instrumentation Engineering,ei,152.0,149.5,155.5,141.5,93.5,130.5,117.5
TNEA2025-00926,2708,"Hindusthan College of Engineering and Technology(Autonomous), Othakkalmandapam Village, Coimbatore South Taluk, Coimbatore District-641032.",COIMBATORE,Food Technology,fd,134.5,81.0,155.5,90.5,125.5,130.5,117.5
TNEA2025-00927,2708,"Hindusthan College of Engineering and Technology(Autonomous), Othakkalmandapam Village, Coimbatore South Taluk, Coimbatore District-641032.",COIMBATORE,Information Technology,it,180.0,164.0,157.5,159.5,125.5,104.5,117.5
TNEA2025-00928,2708,"Hindusthan College of Engineering and Technology(Autonomous), Othakkalmandapam Village, Coimbatore South Taluk, Coimbatore District-641032.",COIMBATORE,Mechanical Engineering,me,142.0,124.5,117.5,105.5,107.5,108.0,117.5
TNEA2025-00929,2708,"Hindusthan College of Engineering and Technology(Autonomous), Othakkalmandapam Village, Coimbatore South Taluk, Coimbatore District-641032.",COIMBATORE,Mechatronics Engineering,mz,145.5,134.0,133.0,115.0,83.5,100.0,117.5
TNEA2025-00892,2709,Government College of Engineering (Formerly Institute of Road and Transport Technology) Vasavi College Post Erode District 638316,ERODE,Automobile Engineering,au,159.0,150.0,146.5,149.0,128.5,120.0,137.5
TNEA2025-00893,2709,Government College of Engineering (Formerly Institute of Road and Transport Technology) Vasavi College Post Erode District 638316,ERODE,Civil Engineering,ce,167.0,158.5,158.0,158.5,151.0,156.0,137.5
TNEA2025-00894,2709,Government College of Engineering (Formerly Institute of Road and Transport Technology) Vasavi College Post Erode District 638316,ERODE,Computer Science and Engineering,cs,188.5,185.0,158.0,184.0,173.5,156.0,154.0
TNEA2025-00895,2709,Government College of Engineering (Formerly Institute of Road and Transport Technology) Vasavi College Post Erode District 638316,ERODE,Electrical and Electronics Engineering,ee,179.5,172.5,177.0,171.5,153.0,148.0,154.0
TNEA2025-00896,2709,Government College of Engineering (Formerly Institute of Road and Transport Technology) Vasavi College Post Erode District 638316,ERODE,Electronics and Communication Engineering,ec,184.0,181.0,180.5,180.0,171.0,170.5,154.0
TNEA2025-00897,2709,Government College of Engineering (Formerly Institute of Road and Transport Technology) Vasavi College Post Erode District 638316,ERODE,Information Technology,it,187.5,181.0,179.0,182.0,176.0,157.5,154.0
TNEA2025-00898,2709,Government College of Engineering (Formerly Institute of Road and Transport Technology) Vasavi College Post Erode District 638316,ERODE,Mechanical Engineering,me,165.5,162.5,163.0,158.0,143.5,129.0,147.0
TNEA2025-01285,2710,"Karpagam College of Engineering (Autonomous), S.F.No.758, 759, 760 Othakkal Mandapam, Coimbatore -641032.",COIMBATORE,Artificial Intelligence and Data Science,ad,190.5,186.0,177.0,186.5,160.5,163.0,158.5
TNEA2025-01286,2710,"Karpagam College of Engineering (Autonomous), S.F.No.758, 759, 760 Othakkal Mandapam, Coimbatore -641032.",COIMBATORE,Civil Engineering,ce,167.0,154.0,147.5,150.5,130.5,156.5,158.5
TNEA2025-01287,2710,"Karpagam College of Engineering (Autonomous), S.F.No.758, 759, 760 Othakkal Mandapam, Coimbatore -641032.",COIMBATORE,Computer Science and Engineering,cs,189.0,185.5,185.0,184.0,160.0,172.0,158.5
TNEA2025-01288,2710,"Karpagam College of Engineering (Autonomous), S.F.No.758, 759, 760 Othakkal Mandapam, Coimbatore -641032.",COIMBATORE,Computer Science and Engineering (Cyber Security),sc,184.0,182.5,179.0,182.0,152.5,172.0,129.0
TNEA2025-01289,2710,"Karpagam College of Engineering (Autonomous), S.F.No.758, 759, 760 Othakkal Mandapam, Coimbatore -641032.",COIMBATORE,Electrical and Electronics Engineering,ee,179.0,172.0,162.5,169.5,137.0,88.0,150.0
TNEA2025-01291,2710,"Karpagam College of Engineering (Autonomous), S.F.No.758, 759, 760 Othakkal Mandapam, Coimbatore -641032.",COIMBATORE,Electronics Engineering (Vlsi Design and Technology),ev,181.5,172.0,166.5,173.0,126.5,137.0,124.5
TNEA2025-01290,2710,"Karpagam College of Engineering (Autonomous), S.F.No.758, 759, 760 Othakkal Mandapam, Coimbatore -641032.",COIMBATORE,Electronics and Communication Engineering,ec,183.0,181.0,178.5,180.0,151.0,137.5,124.5
TNEA2025-01292,2710,"Karpagam College of Engineering (Autonomous), S.F.No.758, 759, 760 Othakkal Mandapam, Coimbatore -641032.",COIMBATORE,Information Technology,it,185.0,182.5,175.0,182.0,144.0,167.0,138.5
TNEA2025-01293,2710,"Karpagam College of Engineering (Autonomous), S.F.No.758, 759, 760 Othakkal Mandapam, Coimbatore -641032.",COIMBATORE,Mechanical Engineering,me,168.5,157.5,143.5,143.0,127.5,109.0,109.5
TNEA2025-01337,2711,"Kongu Engineering College (Autonomous), Perundurai Railway Station Road, Thoppupalayam, Perundurai, Erode-638052.",ERODE,Artificial Intelligence and Data Science,ad,181.5,178.0,173.5,174.0,129.0,117.5,133.5
TNEA2025-01338,2711,"Kongu Engineering College (Autonomous), Perundurai Railway Station Road, Thoppupalayam, Perundurai, Erode-638052.",ERODE,Artificial Intelligence and Machine Learning,al,178.5,177.5,173.5,173.0,125.5,100.5,133.5
TNEA2025-01336,2711,"Kongu Engineering College (Autonomous), Perundurai Railway Station Road, Thoppupalayam, Perundurai, Erode-638052.",ERODE,Automobile Engineering,au,158.0,153.0,173.5,150.0,129.0,117.5,133.5
TNEA2025-01339,2711,"Kongu Engineering College (Autonomous), Perundurai Railway Station Road, Thoppupalayam, Perundurai, Erode-638052.",ERODE,Chemical Engineering,ch,167.5,152.5,154.0,147.0,102.0,100.5,133.5
TNEA2025-01340,2711,"Kongu Engineering College (Autonomous), Perundurai Railway Station Road, Thoppupalayam, Perundurai, Erode-638052.",ERODE,Civil Engineering,ce,168.0,151.5,160.5,147.0,118.5,100.5,133.5
TNEA2025-01341,2711,"Kongu Engineering College (Autonomous), Perundurai Railway Station Road, Thoppupalayam, Perundurai, Erode-638052.",ERODE,Computer Science and Design,cd,177.5,175.5,169.5,169.5,108.5,115.0,133.5
TNEA2025-01342,2711,"Kongu Engineering College (Autonomous), Perundurai Railway Station Road, Thoppupalayam, Perundurai, Erode-638052.",ERODE,Computer Science and Engineering,cs,185.0,180.5,172.5,176.5,135.5,117.5,133.5
TNEA2025-01343,2711,"Kongu Engineering College (Autonomous), Perundurai Railway Station Road, Thoppupalayam, Perundurai, Erode-638052.",ERODE,Electrical and Electronics Engineering,ee,176.5,174.0,160.5,165.5,106.5,149.0,133.5
TNEA2025-01344,2711,"Kongu Engineering College (Autonomous), Perundurai Railway Station Road, Thoppupalayam, Perundurai, Erode-638052.",ERODE,Electronics and Communication Engineering,ec,182.0,179.0,173.0,173.5,128.5,119.5,133.5
TNEA2025-01345,2711,"Kongu Engineering College (Autonomous), Perundurai Railway Station Road, Thoppupalayam, Perundurai, Erode-638052.",ERODE,Electronics and Instrumentation Engineering,ei,172.5,170.0,158.5,162.0,106.0,119.5,133.5
TNEA2025-01346,2711,"Kongu Engineering College (Autonomous), Perundurai Railway Station Road, Thoppupalayam, Perundurai, Erode-638052.",ERODE,Food Technology,fd,165.5,155.0,155.5,139.0,106.0,119.5,133.5
TNEA2025-01347,2711,"Kongu Engineering College (Autonomous), Perundurai Railway Station Road, Thoppupalayam, Perundurai, Erode-638052.",ERODE,Information Technology,it,180.0,178.0,172.5,174.5,130.0,104.5,136.0
TNEA2025-01348,2711,"Kongu Engineering College (Autonomous), Perundurai Railway Station Road, Thoppupalayam, Perundurai, Erode-638052.",ERODE,Mechanical Engineering,me,167.5,161.0,162.5,159.0,109.0,86.5,136.0
TNEA2025-01349,2711,"Kongu Engineering College (Autonomous), Perundurai Railway Station Road, Thoppupalayam, Perundurai, Erode-638052.",ERODE,Mechatronics Engineering,mz,166.5,161.0,142.0,153.5,82.5,135.5,136.0
TNEA2025-01366,2712,"Kumaraguru College of Technology (Autonomous), Chinnavedampatti, Coimbatore-641049.",COIMBATORE,Aeronautical Engineering,ae,186.5,180.0,186.0,173.5,145.5,185.0,143.5
TNEA2025-01368,2712,"Kumaraguru College of Technology (Autonomous), Chinnavedampatti, Coimbatore-641049.",COIMBATORE,Artificial Intelligence and Data Science,ad,192.5,191.5,188.0,189.5,176.5,174.5,143.5
TNEA2025-01367,2712,"Kumaraguru College of Technology (Autonomous), Chinnavedampatti, Coimbatore-641049.",COIMBATORE,Automobile Engineering,au,176.5,173.0,164.5,166.5,133.0,143.0,143.5
TNEA2025-01369,2712,"Kumaraguru College of Technology (Autonomous), Chinnavedampatti, Coimbatore-641049.",COIMBATORE,Bio Technology,bt,186.0,181.5,180.0,176.0,151.0,162.5,143.5
TNEA2025-01370,2712,"Kumaraguru College of Technology (Autonomous), Chinnavedampatti, Coimbatore-641049.",COIMBATORE,Civil Engineering,ce,177.0,174.5,161.5,164.5,141.5,149.0,154.5
TNEA2025-01371,2712,"Kumaraguru College of Technology (Autonomous), Chinnavedampatti, Coimbatore-641049.",COIMBATORE,Computer Science and Engineering,cs,194.0,192.5,192.0,191.0,177.5,176.0,171.0
TNEA2025-01372,2712,"Kumaraguru College of Technology (Autonomous), Chinnavedampatti, Coimbatore-641049.",COIMBATORE,Electrical and Electronics Engineering,ee,190.0,188.0,186.0,185.5,162.0,151.5,144.0
TNEA2025-01373,2712,"Kumaraguru College of Technology (Autonomous), Chinnavedampatti, Coimbatore-641049.",COIMBATORE,Electronics and Communication Engineering,ec,193.0,191.5,190.0,190.0,172.0,167.5,140.0
TNEA2025-01374,2712,"Kumaraguru College of Technology (Autonomous), Chinnavedampatti, Coimbatore-641049.",COIMBATORE,Electronics and Instrumentation Engineering,ei,188.0,184.5,182.0,179.5,160.5,135.0,140.0
TNEA2025-01375,2712,"Kumaraguru College of Technology (Autonomous), Chinnavedampatti, Coimbatore-641049.",COIMBATORE,Fashion Technology,ft,168.0,162.0,145.0,149.0,123.0,95.5,140.0
TNEA2025-01376,2712,"Kumaraguru College of Technology (Autonomous), Chinnavedampatti, Coimbatore-641049.",COIMBATORE,Information Technology,it,192.5,191.5,191.5,189.5,175.0,158.0,168.5
TNEA2025-01377,2712,"Kumaraguru College of Technology (Autonomous), Chinnavedampatti, Coimbatore-641049.",COIMBATORE,Mechanical Engineering,me,181.0,178.0,175.5,174.0,154.0,124.5,134.5
TNEA2025-01378,2712,"Kumaraguru College of Technology (Autonomous), Chinnavedampatti, Coimbatore-641049.",COIMBATORE,Mechatronics Engineering,mz,184.5,179.5,176.0,173.5,145.0,119.0,134.5
TNEA2025-01379,2712,"Kumaraguru College of Technology (Autonomous), Chinnavedampatti, Coimbatore-641049.",COIMBATORE,Textile Technology,tx,168.0,161.0,176.0,151.0,125.0,119.0,134.5
TNEA2025-01469,2713,"M.P.Nachimuthu M.Jaganathan Engineering College, Chennimalai, Erode-638112.",ERODE,Civil Engineering,ce,105.0,86.5,Not Available,86.5,93.0,89.0,108.0
TNEA2025-01470,2713,"M.P.Nachimuthu M.Jaganathan Engineering College, Chennimalai, Erode-638112.",ERODE,Computer Science and Engineering,cs,132.0,86.5,Not Available,86.5,93.0,89.0,108.0
TNEA2025-01471,2713,"M.P.Nachimuthu M.Jaganathan Engineering College, Chennimalai, Erode-638112.",ERODE,Electrical and Electronics Engineering,ee,83.5,86.5,Not Available,86.5,93.0,89.0,108.0
TNEA2025-01472,2713,"M.P.Nachimuthu M.Jaganathan Engineering College, Chennimalai, Erode-638112.",ERODE,Electronics and Communication Engineering,ec,116.5,102.5,Not Available,97.0,85.0,96.5,108.0
TNEA2025-01473,2713,"M.P.Nachimuthu M.Jaganathan Engineering College, Chennimalai, Erode-638112.",ERODE,Information Technology,it,125.5,84.5,Not Available,80.5,90.0,106.0,106.5
TNEA2025-01474,2713,"M.P.Nachimuthu M.Jaganathan Engineering College, Chennimalai, Erode-638112.",ERODE,Mechanical Engineering,me,88.5,84.5,Not Available,80.5,80.0,106.0,106.5
TNEA2025-01725,2715,"Nandha Engineering College (Autonomous), 28, Chennimalaipalayam Road, Pitchandampalayam Post, Erode-638052.",ERODE,Agricultural Engineering,ag,122.5,87.5,105.0,84.5,84.5,101.5,Not Available
TNEA2025-01726,2715,"Nandha Engineering College (Autonomous), 28, Chennimalaipalayam Road, Pitchandampalayam Post, Erode-638052.",ERODE,Artificial Intelligence and Data Science,ad,156.0,141.0,105.0,139.5,89.0,111.5,Not Available
TNEA2025-01727,2715,"Nandha Engineering College (Autonomous), 28, Chennimalaipalayam Road, Pitchandampalayam Post, Erode-638052.",ERODE,Bio Medical Engineering,bm,134.5,86.0,105.0,99.0,110.5,122.0,Not Available
TNEA2025-01728,2715,"Nandha Engineering College (Autonomous), 28, Chennimalaipalayam Road, Pitchandampalayam Post, Erode-638052.",ERODE,Chemical Engineering,ch,127.0,119.0,99.0,114.0,105.0,105.0,Not Available
TNEA2025-01729,2715,"Nandha Engineering College (Autonomous), 28, Chennimalaipalayam Road, Pitchandampalayam Post, Erode-638052.",ERODE,Civil Engineering,ce,127.5,105.0,99.0,91.0,105.0,105.0,Not Available
TNEA2025-01730,2715,"Nandha Engineering College (Autonomous), 28, Chennimalaipalayam Road, Pitchandampalayam Post, Erode-638052.",ERODE,Computer Science and Engineering,cs,156.0,141.0,133.0,136.0,92.0,106.0,Not Available
TNEA2025-01731,2715,"Nandha Engineering College (Autonomous), 28, Chennimalaipalayam Road, Pitchandampalayam Post, Erode-638052.",ERODE,Computer Science and Engineering (Cyber Security),sc,147.0,138.5,133.0,134.5,103.5,111.5,Not Available
TNEA2025-01732,2715,"Nandha Engineering College (Autonomous), 28, Chennimalaipalayam Road, Pitchandampalayam Post, Erode-638052.",ERODE,Computer Science and Engineering (Internet of Things),ci,145.0,131.5,133.0,135.5,103.5,111.5,Not Available
TNEA2025-01733,2715,"Nandha Engineering College (Autonomous), 28, Chennimalaipalayam Road, Pitchandampalayam Post, Erode-638052.",ERODE,Electrical and Electronics Engineering,ee,140.0,127.0,133.0,122.0,100.0,85.0,Not Available
TNEA2025-01734,2715,"Nandha Engineering College (Autonomous), 28, Chennimalaipalayam Road, Pitchandampalayam Post, Erode-638052.",ERODE,Electronics and Communication Engineering,ec,154.0,143.0,119.0,132.0,93.0,122.5,Not Available
TNEA2025-01735,2715,"Nandha Engineering College (Autonomous), 28, Chennimalaipalayam Road, Pitchandampalayam Post, Erode-638052.",ERODE,Information Technology,it,148.5,140.5,114.0,138.0,84.0,134.5,Not Available
TNEA2025-01736,2715,"Nandha Engineering College (Autonomous), 28, Chennimalaipalayam Road, Pitchandampalayam Post, Erode-638052.",ERODE,Mechanical Engineering,me,124.5,111.0,111.5,94.0,90.5,109.5,Not Available
TNEA2025-02043,2716,"Park College of Engineering and Technology, Avinashi Road (NH-47), Kaniyur, Coimbatore-641659.",COIMBATORE,Aeronautical Engineering,ae,111.5,104.5,108.5,96.5,98.0,109.5,102.5
TNEA2025-02044,2716,"Park College of Engineering and Technology, Avinashi Road (NH-47), Kaniyur, Coimbatore-641659.",COIMBATORE,Agricultural Engineering,ag,94.0,104.5,108.5,96.5,98.0,109.5,102.5
TNEA2025-02045,2716,"Park College of Engineering and Technology, Avinashi Road (NH-47), Kaniyur, Coimbatore-641659.",COIMBATORE,Artificial Intelligence and Data Science,ad,133.0,106.5,108.5,98.5,114.0,109.5,102.5
TNEA2025-02046,2716,"Park College of Engineering and Technology, Avinashi Road (NH-47), Kaniyur, Coimbatore-641659.",COIMBATORE,Bio Medical Engineering,bm,113.0,102.0,108.5,104.5,104.0,109.5,102.5
TNEA2025-02047,2716,"Park College of Engineering and Technology, Avinashi Road (NH-47), Kaniyur, Coimbatore-641659.",COIMBATORE,Computer Science and Engineering,cs,138.0,90.0,132.0,87.5,88.5,134.5,102.5
TNEA2025-02048,2716,"Park College of Engineering and Technology, Avinashi Road (NH-47), Kaniyur, Coimbatore-641659.",COIMBATORE,Computer Science and Engineering (Cyber Security),sc,131.5,124.5,132.0,121.0,109.0,134.5,102.5
TNEA2025-02049,2716,"Park College of Engineering and Technology, Avinashi Road (NH-47), Kaniyur, Coimbatore-641659.",COIMBATORE,Electrical and Electronics Engineering,ee,103.0,124.5,132.0,121.0,109.0,134.5,102.5
TNEA2025-02050,2716,"Park College of Engineering and Technology, Avinashi Road (NH-47), Kaniyur, Coimbatore-641659.",COIMBATORE,Electronics and Communication Engineering,ec,136.0,103.5,132.0,123.5,106.5,134.5,102.5
TNEA2025-02051,2716,"Park College of Engineering and Technology, Avinashi Road (NH-47), Kaniyur, Coimbatore-641659.",COIMBATORE,Geo Informatics,gi,86.0,103.5,132.0,123.5,106.5,134.5,102.5
TNEA2025-02052,2716,"Park College of Engineering and Technology, Avinashi Road (NH-47), Kaniyur, Coimbatore-641659.",COIMBATORE,Information Technology,it,126.5,110.0,132.0,102.0,102.5,134.5,102.5
TNEA2025-02053,2716,"Park College of Engineering and Technology, Avinashi Road (NH-47), Kaniyur, Coimbatore-641659.",COIMBATORE,Mechanical Engineering,me,95.0,110.0,132.0,95.0,102.5,134.5,102.5
TNEA2025-02055,2716,"Park College of Engineering and Technology, Avinashi Road (NH-47), Kaniyur, Coimbatore-641659.",COIMBATORE,Mechatronics Engineering,mz,99.0,110.0,132.0,95.0,102.5,134.5,102.5
TNEA2025-02054,2716,"Park College of Engineering and Technology, Avinashi Road (NH-47), Kaniyur, Coimbatore-641659.",COIMBATORE,Medical Electronics,md,104.0,110.0,132.0,95.0,102.5,134.5,102.5
TNEA2025-02056,2716,"Park College of Engineering and Technology, Avinashi Road (NH-47), Kaniyur, Coimbatore-641659.",COIMBATORE,Robotics and Automation,rm,114.5,86.5,132.0,109.5,90.0,134.5,102.5
TNEA2025-02057,2716,"Park College of Engineering and Technology, Avinashi Road (NH-47), Kaniyur, Coimbatore-641659.",COIMBATORE,Textile Technology,tx,93.0,86.5,132.0,109.5,90.0,134.5,102.5
TNEA2025-02461,2717,"Sasurie College of Engineering, Vijayamangalam, Tirupur District-638056.",TIRUPPUR,Artificial Intelligence and Data Science,ad,128.5,94.0,102.0,82.0,81.0,117.0,Not Available
TNEA2025-02462,2717,"Sasurie College of Engineering, Vijayamangalam, Tirupur District-638056.",TIRUPPUR,Civil Engineering,ce,103.5,94.0,102.0,82.0,81.0,117.0,Not Available
TNEA2025-02463,2717,"Sasurie College of Engineering, Vijayamangalam, Tirupur District-638056.",TIRUPPUR,Computer Science and Engineering,cs,114.5,97.0,102.0,81.5,88.5,85.5,Not Available
TNEA2025-02464,2717,"Sasurie College of Engineering, Vijayamangalam, Tirupur District-638056.",TIRUPPUR,Computer Science and Engineering (Cyber Security),sc,105.0,88.0,82.0,80.5,83.0,85.5,Not Available
TNEA2025-02465,2717,"Sasurie College of Engineering, Vijayamangalam, Tirupur District-638056.",TIRUPPUR,Electrical and Electronics Engineering,ee,96.0,88.0,82.0,95.5,83.0,82.5,Not Available
TNEA2025-02466,2717,"Sasurie College of Engineering, Vijayamangalam, Tirupur District-638056.",TIRUPPUR,Electronics and Communication Engineering,ec,89.5,88.0,82.0,95.5,83.0,82.5,Not Available
TNEA2025-02467,2717,"Sasurie College of Engineering, Vijayamangalam, Tirupur District-638056.",TIRUPPUR,Information Technology,it,118.5,94.5,98.0,82.5,84.0,88.0,Not Available
TNEA2025-02468,2717,"Sasurie College of Engineering, Vijayamangalam, Tirupur District-638056.",TIRUPPUR,Mechanical Engineering,me,84.0,94.5,98.0,82.5,84.0,88.0,Not Available
TNEA2025-02667,2718,"Sri Krishna College of Engineering and Technology (Autonomous), Sugunapuram, Kuniamuthur Post, Coimbatore-641008.",COIMBATORE,Artificial Intelligence and Data Science,ad,190.0,188.5,185.5,187.0,167.5,166.0,144.0
TNEA2025-02668,2718,"Sri Krishna College of Engineering and Technology (Autonomous), Sugunapuram, Kuniamuthur Post, Coimbatore-641008.",COIMBATORE,Civil Engineering,ce,172.0,168.5,154.5,164.5,139.0,105.5,144.0
TNEA2025-02669,2718,"Sri Krishna College of Engineering and Technology (Autonomous), Sugunapuram, Kuniamuthur Post, Coimbatore-641008.",COIMBATORE,Computer Science and Bussiness System,cb,187.5,186.0,154.5,183.5,156.5,144.13,144.0
TNEA2025-02670,2718,"Sri Krishna College of Engineering and Technology (Autonomous), Sugunapuram, Kuniamuthur Post, Coimbatore-641008.",COIMBATORE,Computer Science and Design,cd,186.0,185.0,185.0,183.0,152.5,159.5,144.0
TNEA2025-02671,2718,"Sri Krishna College of Engineering and Technology (Autonomous), Sugunapuram, Kuniamuthur Post, Coimbatore-641008.",COIMBATORE,Computer Science and Engineering,cs,192.0,190.0,187.0,188.0,169.5,157.0,160.5
TNEA2025-02672,2718,"Sri Krishna College of Engineering and Technology (Autonomous), Sugunapuram, Kuniamuthur Post, Coimbatore-641008.",COIMBATORE,Computer Science and Engineering (Cyber Security),sc,188.5,187.5,184.5,184.5,160.0,166.0,137.5
TNEA2025-02673,2718,"Sri Krishna College of Engineering and Technology (Autonomous), Sugunapuram, Kuniamuthur Post, Coimbatore-641008.",COIMBATORE,Electrical and Electronics Engineering,ee,187.0,184.5,184.0,181.0,146.5,117.0,137.5
TNEA2025-02674,2718,"Sri Krishna College of Engineering and Technology (Autonomous), Sugunapuram, Kuniamuthur Post, Coimbatore-641008.",COIMBATORE,Electronics and Communication Engineering,ec,190.0,188.5,186.5,186.0,162.5,149.0,149.0
TNEA2025-02675,2718,"Sri Krishna College of Engineering and Technology (Autonomous), Sugunapuram, Kuniamuthur Post, Coimbatore-641008.",COIMBATORE,Information Technology,it,189.5,188.0,185.5,186.0,160.5,151.0,149.5
TNEA2025-02676,2718,"Sri Krishna College of Engineering and Technology (Autonomous), Sugunapuram, Kuniamuthur Post, Coimbatore-641008.",COIMBATORE,M.Tech. Computer Science and Engineering (Integrated 5 Years),cj,185.5,182.5,181.0,179.0,151.5,130.5,114.0
TNEA2025-02677,2718,"Sri Krishna College of Engineering and Technology (Autonomous), Sugunapuram, Kuniamuthur Post, Coimbatore-641008.",COIMBATORE,Mechanical Engineering,me,177.0,172.5,169.0,165.5,133.5,110.0,136.0
TNEA2025-02678,2718,"Sri Krishna College of Engineering and Technology (Autonomous), Sugunapuram, Kuniamuthur Post, Coimbatore-641008.",COIMBATORE,Mechatronics Engineering,mz,177.5,174.0,171.5,166.5,135.5,117.0,119.0
TNEA2025-02732,2719,"Sri Ramakrishna Engineering College (Autonomous), Vattamalaipalayam, NGGO Colony Post, Coimbatore-641022.",COIMBATORE,Aeronautical Engineering,ae,173.5,166.5,177.0,168.0,123.0,119.5,92.0
TNEA2025-02733,2719,"Sri Ramakrishna Engineering College (Autonomous), Vattamalaipalayam, NGGO Colony Post, Coimbatore-641022.",COIMBATORE,Artificial Intelligence and Data Science,ad,183.5,179.0,177.0,174.5,146.5,120.5,92.0
TNEA2025-02734,2719,"Sri Ramakrishna Engineering College (Autonomous), Vattamalaipalayam, NGGO Colony Post, Coimbatore-641022.",COIMBATORE,Bio Medical Engineering,bm,172.0,162.5,157.0,148.0,158.5,162.5,92.0
TNEA2025-02735,2719,"Sri Ramakrishna Engineering College (Autonomous), Vattamalaipalayam, NGGO Colony Post, Coimbatore-641022.",COIMBATORE,Civil Engineering,ce,150.5,144.0,107.5,132.0,119.0,107.5,92.0
TNEA2025-02736,2719,"Sri Ramakrishna Engineering College (Autonomous), Vattamalaipalayam, NGGO Colony Post, Coimbatore-641022.",COIMBATORE,Computer Science and Engineering,cs,184.5,179.5,178.0,177.0,148.5,139.0,117.5
TNEA2025-02737,2719,"Sri Ramakrishna Engineering College (Autonomous), Vattamalaipalayam, NGGO Colony Post, Coimbatore-641022.",COIMBATORE,Electrical and Electronics Engineering,ee,177.0,172.5,170.5,164.5,120.0,139.0,117.5
TNEA2025-02738,2719,"Sri Ramakrishna Engineering College (Autonomous), Vattamalaipalayam, NGGO Colony Post, Coimbatore-641022.",COIMBATORE,Electronics and Communication Engineering,ec,181.0,178.5,174.0,173.0,133.0,103.5,111.5
TNEA2025-02739,2719,"Sri Ramakrishna Engineering College (Autonomous), Vattamalaipalayam, NGGO Colony Post, Coimbatore-641022.",COIMBATORE,Electronics and Instrumentation Engineering,ei,174.0,168.0,172.0,160.0,125.5,112.0,111.5
TNEA2025-02740,2719,"Sri Ramakrishna Engineering College (Autonomous), Vattamalaipalayam, NGGO Colony Post, Coimbatore-641022.",COIMBATORE,Information Technology,it,179.0,178.0,171.0,174.5,146.5,133.5,111.5
TNEA2025-02741,2719,"Sri Ramakrishna Engineering College (Autonomous), Vattamalaipalayam, NGGO Colony Post, Coimbatore-641022.",COIMBATORE,M.Tech. Computer Science and Engineering (Integrated 5 Years),cj,177.5,174.5,170.0,163.5,133.0,137.0,111.5
TNEA2025-02742,2719,"Sri Ramakrishna Engineering College (Autonomous), Vattamalaipalayam, NGGO Colony Post, Coimbatore-641022.",COIMBATORE,Mechanical Engineering,me,165.0,156.5,144.5,148.0,122.0,115.0,111.5
TNEA2025-02743,2719,"Sri Ramakrishna Engineering College (Autonomous), Vattamalaipalayam, NGGO Colony Post, Coimbatore-641022.",COIMBATORE,Robotics and Automation,rm,172.5,166.5,161.5,159.0,129.5,115.0,111.5
TNEA2025-03066,2721,"Tamilnadu College of Engineering, Palanisame Ravi Nagar, Karumathampatti Post, Coimbatore-641659.",COIMBATORE,Artificial Intelligence and Data Science,ad,142.5,125.0,Not Available,111.0,114.0,117.0,Not Available
TNEA2025-03065,2721,"Tamilnadu College of Engineering, Palanisame Ravi Nagar, Karumathampatti Post, Coimbatore-641659.",COIMBATORE,Automobile Engineering,au,106.5,125.0,Not Available,111.0,114.0,117.0,Not Available
TNEA2025-03067,2721,"Tamilnadu College of Engineering, Palanisame Ravi Nagar, Karumathampatti Post, Coimbatore-641659.",COIMBATORE,Civil Engineering,ce,118.5,125.0,Not Available,111.0,114.0,117.0,Not Available
TNEA2025-03068,2721,"Tamilnadu College of Engineering, Palanisame Ravi Nagar, Karumathampatti Post, Coimbatore-641659.",COIMBATORE,Computer Science and Engineering,cs,146.0,116.5,Not Available,107.0,95.5,117.0,Not Available
TNEA2025-03069,2721,"Tamilnadu College of Engineering, Palanisame Ravi Nagar, Karumathampatti Post, Coimbatore-641659.",COIMBATORE,Electrical and Electronics Engineering,ee,118.0,116.5,Not Available,107.0,95.5,117.0,Not Available
TNEA2025-03070,2721,"Tamilnadu College of Engineering, Palanisame Ravi Nagar, Karumathampatti Post, Coimbatore-641659.",COIMBATORE,Electronics and Communication Engineering,ec,138.5,98.5,Not Available,129.0,110.5,91.0,Not Available
TNEA2025-03071,2721,"Tamilnadu College of Engineering, Palanisame Ravi Nagar, Karumathampatti Post, Coimbatore-641659.",COIMBATORE,Information Technology,it,127.5,92.0,Not Available,123.5,95.0,91.0,Not Available
TNEA2025-03072,2721,"Tamilnadu College of Engineering, Palanisame Ravi Nagar, Karumathampatti Post, Coimbatore-641659.",COIMBATORE,Instrumentation and Control Engineering,ic,99.5,92.0,Not Available,89.5,98.0,91.0,Not Available
TNEA2025-03073,2721,"Tamilnadu College of Engineering, Palanisame Ravi Nagar, Karumathampatti Post, Coimbatore-641659.",COIMBATORE,Mechanical Engineering,me,99.5,92.0,Not Available,89.5,98.0,91.0,Not Available
TNEA2025-02684,2722,"Sri Krishna College of Technology (Autonomous), Kovaipudur Post, Coimbatore-641042.",COIMBATORE,Artificial Intelligence and Data Science,ad,184.0,180.0,178.5,177.0,151.5,133.5,153.5
TNEA2025-02685,2722,"Sri Krishna College of Technology (Autonomous), Kovaipudur Post, Coimbatore-641042.",COIMBATORE,Civil Engineering,ce,166.0,159.5,148.5,148.0,127.0,118.0,153.5
TNEA2025-02686,2722,"Sri Krishna College of Technology (Autonomous), Kovaipudur Post, Coimbatore-641042.",COIMBATORE,Computer Science and Engineering,cs,185.0,181.5,180.0,177.0,150.0,144.0,127.0
TNEA2025-02687,2722,"Sri Krishna College of Technology (Autonomous), Kovaipudur Post, Coimbatore-641042.",COIMBATORE,Computer Science and Engineering (Ai and Machine Learning),am,181.5,179.5,176.0,176.5,146.0,160.5,127.0
TNEA2025-02688,2722,"Sri Krishna College of Technology (Autonomous), Kovaipudur Post, Coimbatore-641042.",COIMBATORE,Computer Science and Engineering (Cyber Security),sc,182.0,179.5,181.5,176.0,144.0,156.5,127.0
TNEA2025-02689,2722,"Sri Krishna College of Technology (Autonomous), Kovaipudur Post, Coimbatore-641042.",COIMBATORE,Computer Science and Engineering (Internet of Things),ci,179.0,178.5,176.5,174.5,139.5,125.0,127.0
TNEA2025-02690,2722,"Sri Krishna College of Technology (Autonomous), Kovaipudur Post, Coimbatore-641042.",COIMBATORE,Electrical and Electronics Engineering,ee,178.5,176.0,168.5,169.0,129.5,125.0,112.0
TNEA2025-02691,2722,"Sri Krishna College of Technology (Autonomous), Kovaipudur Post, Coimbatore-641042.",COIMBATORE,Electronics and Communication Engineering,ec,183.0,180.5,182.5,175.5,144.5,127.5,135.0
TNEA2025-02692,2722,"Sri Krishna College of Technology (Autonomous), Kovaipudur Post, Coimbatore-641042.",COIMBATORE,Information Technology,it,181.0,179.0,177.0,177.0,149.5,136.0,126.0
TNEA2025-02693,2722,"Sri Krishna College of Technology (Autonomous), Kovaipudur Post, Coimbatore-641042.",COIMBATORE,Mechanical Engineering,me,170.5,167.0,167.5,161.0,134.5,136.0,126.0
TNEA2025-03404,2723,"Velalar College of Engineering and Technology (Autonomous), Perundurai Road Thindal Post, Erode-638012.",ERODE,Artificial Intelligence and Data Science,ad,163.0,151.0,162.5,143.0,92.0,112.0,93.0
TNEA2025-03405,2723,"Velalar College of Engineering and Technology (Autonomous), Perundurai Road Thindal Post, Erode-638012.",ERODE,Bio Medical Engineering,bm,150.0,132.0,147.0,113.5,89.0,130.0,93.0
TNEA2025-03406,2723,"Velalar College of Engineering and Technology (Autonomous), Perundurai Road Thindal Post, Erode-638012.",ERODE,Civil Engineering,ce,147.5,129.0,147.0,116.5,107.0,130.0,93.0
TNEA2025-03407,2723,"Velalar College of Engineering and Technology (Autonomous), Perundurai Road Thindal Post, Erode-638012.",ERODE,Computer Science and Engineering,cs,168.5,159.5,136.5,144.5,88.5,121.5,101.0
TNEA2025-03408,2723,"Velalar College of Engineering and Technology (Autonomous), Perundurai Road Thindal Post, Erode-638012.",ERODE,Computer Science and Engineering (Ai and Machine Learning),am,157.0,149.0,154.0,134.5,123.5,121.5,101.0
TNEA2025-03409,2723,"Velalar College of Engineering and Technology (Autonomous), Perundurai Road Thindal Post, Erode-638012.",ERODE,Electrical and Electronics Engineering,ee,151.0,142.5,132.5,135.5,84.5,103.0,101.0
TNEA2025-03410,2723,"Velalar College of Engineering and Technology (Autonomous), Perundurai Road Thindal Post, Erode-638012.",ERODE,Electronics and Communication Engineering,ec,158.5,150.5,133.5,132.5,80.0,107.5,101.0
TNEA2025-03411,2723,"Velalar College of Engineering and Technology (Autonomous), Perundurai Road Thindal Post, Erode-638012.",ERODE,Information Technology,it,160.5,154.5,148.0,142.0,96.5,138.5,101.0
TNEA2025-03412,2723,"Velalar College of Engineering and Technology (Autonomous), Perundurai Road Thindal Post, Erode-638012.",ERODE,Mechanical Engineering,me,133.0,114.0,148.0,116.0,110.0,124.0,101.0
TNEA2025-03413,2723,"Velalar College of Engineering and Technology (Autonomous), Perundurai Road Thindal Post, Erode-638012.",ERODE,Medical Electronics,md,137.0,118.5,148.0,116.5,91.5,117.5,101.0
TNEA2025-02744,2725,"Sri Ramakrishna Institute of Technology (Autonomous), Pachapalayam, Perur Chettipalayam, Coimbatore-641010.",COIMBATORE,Computer Science and Engineering,cs,172.5,164.5,161.5,159.0,123.5,97.5,151.5
TNEA2025-02745,2725,"Sri Ramakrishna Institute of Technology (Autonomous), Pachapalayam, Perur Chettipalayam, Coimbatore-641010.",COIMBATORE,Electrical and Electronics Engineering,ee,160.5,156.0,144.0,149.0,105.0,97.5,151.5
TNEA2025-02746,2725,"Sri Ramakrishna Institute of Technology (Autonomous), Pachapalayam, Perur Chettipalayam, Coimbatore-641010.",COIMBATORE,Electronics and Communication Engineering,ec,170.5,164.0,149.5,162.0,113.5,150.0,151.5
TNEA2025-02747,2725,"Sri Ramakrishna Institute of Technology (Autonomous), Pachapalayam, Perur Chettipalayam, Coimbatore-641010.",COIMBATORE,Information Technology,it,171.0,163.0,160.5,161.5,121.5,150.0,151.5
TNEA2025-02748,2725,"Sri Ramakrishna Institute of Technology (Autonomous), Pachapalayam, Perur Chettipalayam, Coimbatore-641010.",COIMBATORE,Mechanical Engineering,me,143.5,137.0,119.0,116.5,96.5,150.0,151.5
TNEA2025-02354,2726,"SNS College of Technology (Autonomous), Sathy Main Road, Vazhiyampalayam, Saravanampatti Post, Coimbatore-641035.",COIMBATORE,Aerospace Engineering,ao,177.31,163.5,151.0,152.0,120.5,110.5,166.5
TNEA2025-02355,2726,"SNS College of Technology (Autonomous), Sathy Main Road, Vazhiyampalayam, Saravanampatti Post, Coimbatore-641035.",COIMBATORE,Agricultural Engineering,ag,115.5,104.5,151.0,104.0,114.0,110.5,166.5
TNEA2025-02357,2726,"SNS College of Technology (Autonomous), Sathy Main Road, Vazhiyampalayam, Saravanampatti Post, Coimbatore-641035.",COIMBATORE,Artificial Intelligence and Machine Learning,al,166.0,159.5,151.0,153.0,104.5,110.5,166.5
TNEA2025-02356,2726,"SNS College of Technology (Autonomous), Sathy Main Road, Vazhiyampalayam, Saravanampatti Post, Coimbatore-641035.",COIMBATORE,Automobile Engineering,au,137.0,100.5,151.0,99.0,114.0,110.5,166.5
TNEA2025-02358,2726,"SNS College of Technology (Autonomous), Sathy Main Road, Vazhiyampalayam, Saravanampatti Post, Coimbatore-641035.",COIMBATORE,Bio Medical Engineering,bm,157.5,142.0,147.0,143.0,103.5,110.5,166.5
TNEA2025-02359,2726,"SNS College of Technology (Autonomous), Sathy Main Road, Vazhiyampalayam, Saravanampatti Post, Coimbatore-641035.",COIMBATORE,Civil Engineering,ce,117.0,95.5,147.0,82.0,105.0,110.5,166.5
TNEA2025-02360,2726,"SNS College of Technology (Autonomous), Sathy Main Road, Vazhiyampalayam, Saravanampatti Post, Coimbatore-641035.",COIMBATORE,Computer Science and Engineering,cs,173.0,164.0,150.0,158.5,114.5,102.5,166.5
TNEA2025-02361,2726,"SNS College of Technology (Autonomous), Sathy Main Road, Vazhiyampalayam, Saravanampatti Post, Coimbatore-641035.",COIMBATORE,Electrical and Electronics Engineering,ee,157.0,150.5,147.5,144.5,107.0,102.5,166.5
TNEA2025-02362,2726,"SNS College of Technology (Autonomous), Sathy Main Road, Vazhiyampalayam, Saravanampatti Post, Coimbatore-641035.",COIMBATORE,Electronics and Communication Engineering,ec,166.5,161.0,147.0,155.0,81.0,115.0,166.5
TNEA2025-02363,2726,"SNS College of Technology (Autonomous), Sathy Main Road, Vazhiyampalayam, Saravanampatti Post, Coimbatore-641035.",COIMBATORE,Food Technology,fd,143.0,116.5,147.0,94.0,130.5,115.0,166.5
TNEA2025-02364,2726,"SNS College of Technology (Autonomous), Sathy Main Road, Vazhiyampalayam, Saravanampatti Post, Coimbatore-641035.",COIMBATORE,Information Technology,it,170.0,163.0,163.5,159.0,113.0,123.5,166.5
TNEA2025-02365,2726,"SNS College of Technology (Autonomous), Sathy Main Road, Vazhiyampalayam, Saravanampatti Post, Coimbatore-641035.",COIMBATORE,Mechanical Engineering,me,142.5,123.0,120.0,114.0,87.0,123.5,166.5
TNEA2025-02366,2726,"SNS College of Technology (Autonomous), Sathy Main Road, Vazhiyampalayam, Saravanampatti Post, Coimbatore-641035.",COIMBATORE,Mechatronics Engineering,mz,148.5,142.5,114.5,122.0,95.5,110.5,166.5
TNEA2025-02804,2727,"Sri Shakthi Institute of Engineering and Technology (Autonomous), Sri Shakthi Nagar, L & T By-pass Road, Chinniyampalayam Post, Coimbatore-641062.",COIMBATORE,Agricultural Engineering,ag,132.0,96.0,130.5,91.0,95.0,133.0,Not Available
TNEA2025-02805,2727,"Sri Shakthi Institute of Engineering and Technology (Autonomous), Sri Shakthi Nagar, L & T By-pass Road, Chinniyampalayam Post, Coimbatore-641062.",COIMBATORE,Artificial Intelligence and Data Science,ad,163.0,155.5,147.5,146.0,95.0,133.0,Not Available
TNEA2025-02806,2727,"Sri Shakthi Institute of Engineering and Technology (Autonomous), Sri Shakthi Nagar, L & T By-pass Road, Chinniyampalayam Post, Coimbatore-641062.",COIMBATORE,Artificial Intelligence and Machine Learning,al,159.0,152.5,144.5,144.5,91.0,133.0,Not Available
TNEA2025-02807,2727,"Sri Shakthi Institute of Engineering and Technology (Autonomous), Sri Shakthi Nagar, L & T By-pass Road, Chinniyampalayam Post, Coimbatore-641062.",COIMBATORE,Bio Medical Engineering,bm,139.5,109.5,119.5,111.0,107.0,103.5,Not Available
TNEA2025-02808,2727,"Sri Shakthi Institute of Engineering and Technology (Autonomous), Sri Shakthi Nagar, L & T By-pass Road, Chinniyampalayam Post, Coimbatore-641062.",COIMBATORE,Bio Technology,bt,148.5,126.5,119.5,126.0,119.5,103.5,Not Available
TNEA2025-02809,2727,"Sri Shakthi Institute of Engineering and Technology (Autonomous), Sri Shakthi Nagar, L & T By-pass Road, Chinniyampalayam Post, Coimbatore-641062.",COIMBATORE,Civil Engineering,ce,130.5,106.5,119.5,108.0,125.5,103.5,Not Available
TNEA2025-02810,2727,"Sri Shakthi Institute of Engineering and Technology (Autonomous), Sri Shakthi Nagar, L & T By-pass Road, Chinniyampalayam Post, Coimbatore-641062.",COIMBATORE,Computer Science and Engineering,cs,170.0,161.5,154.0,155.0,95.0,85.5,Not Available
TNEA2025-02811,2727,"Sri Shakthi Institute of Engineering and Technology (Autonomous), Sri Shakthi Nagar, L & T By-pass Road, Chinniyampalayam Post, Coimbatore-641062.",COIMBATORE,Computer Science and Engineering (Cyber Security),sc,159.5,152.5,143.0,143.0,96.0,105.5,Not Available
TNEA2025-02812,2727,"Sri Shakthi Institute of Engineering and Technology (Autonomous), Sri Shakthi Nagar, L & T By-pass Road, Chinniyampalayam Post, Coimbatore-641062.",COIMBATORE,Electrical and Electronics Engineering,ee,152.5,147.0,124.0,138.5,96.0,105.5,Not Available
TNEA2025-02814,2727,"Sri Shakthi Institute of Engineering and Technology (Autonomous), Sri Shakthi Nagar, L & T By-pass Road, Chinniyampalayam Post, Coimbatore-641062.",COIMBATORE,Electronics Engineering (Vlsi Design and Technology),ev,154.5,142.0,113.5,143.0,89.5,105.5,Not Available
TNEA2025-02813,2727,"Sri Shakthi Institute of Engineering and Technology (Autonomous), Sri Shakthi Nagar, L & T By-pass Road, Chinniyampalayam Post, Coimbatore-641062.",COIMBATORE,Electronics and Communication Engineering,ec,165.0,157.5,154.5,147.5,89.5,105.5,Not Available
TNEA2025-02815,2727,"Sri Shakthi Institute of Engineering and Technology (Autonomous), Sri Shakthi Nagar, L & T By-pass Road, Chinniyampalayam Post, Coimbatore-641062.",COIMBATORE,Food Technology,fd,142.0,98.5,110.0,97.5,89.5,105.5,Not Available
TNEA2025-02816,2727,"Sri Shakthi Institute of Engineering and Technology (Autonomous), Sri Shakthi Nagar, L & T By-pass Road, Chinniyampalayam Post, Coimbatore-641062.",COIMBATORE,Information Technology,it,162.5,156.0,147.5,147.0,103.0,105.5,Not Available
TNEA2025-02817,2727,"Sri Shakthi Institute of Engineering and Technology (Autonomous), Sri Shakthi Nagar, L & T By-pass Road, Chinniyampalayam Post, Coimbatore-641062.",COIMBATORE,Mechanical Engineering,me,145.5,132.5,131.5,116.5,115.0,105.5,Not Available
TNEA2025-01751,2729,"Nehru Institute of Engineering and Technology (Autonomous), Nehru Gardens, Thirumalayampalayam (Post), Coimbatore-641105.",COIMBATORE,Aeronautical Engineering,ae,163.0,147.0,154.0,142.5,133.0,101.5,142.0
TNEA2025-01752,2729,"Nehru Institute of Engineering and Technology (Autonomous), Nehru Gardens, Thirumalayampalayam (Post), Coimbatore-641105.",COIMBATORE,Artificial Intelligence and Data Science,ad,168.0,156.5,161.0,153.5,119.5,120.5,142.0
TNEA2025-01753,2729,"Nehru Institute of Engineering and Technology (Autonomous), Nehru Gardens, Thirumalayampalayam (Post), Coimbatore-641105.",COIMBATORE,Computer Science and Bussiness System,cb,155.0,148.0,151.0,146.5,88.5,123.5,142.0
TNEA2025-01754,2729,"Nehru Institute of Engineering and Technology (Autonomous), Nehru Gardens, Thirumalayampalayam (Post), Coimbatore-641105.",COIMBATORE,Computer Science and Engineering,cs,170.5,161.0,161.0,159.0,147.0,135.5,142.0
TNEA2025-01755,2729,"Nehru Institute of Engineering and Technology (Autonomous), Nehru Gardens, Thirumalayampalayam (Post), Coimbatore-641105.",COIMBATORE,Electrical and Electronics Engineering,ee,145.5,132.0,132.0,132.5,116.5,101.0,142.0
TNEA2025-01756,2729,"Nehru Institute of Engineering and Technology (Autonomous), Nehru Gardens, Thirumalayampalayam (Post), Coimbatore-641105.",COIMBATORE,Electronics and Communication Engineering,ec,161.0,150.5,144.0,150.5,86.5,117.5,142.0
TNEA2025-01757,2729,"Nehru Institute of Engineering and Technology (Autonomous), Nehru Gardens, Thirumalayampalayam (Post), Coimbatore-641105.",COIMBATORE,Information Technology,it,163.5,155.0,162.0,153.5,141.5,100.0,142.0
TNEA2025-01758,2729,"Nehru Institute of Engineering and Technology (Autonomous), Nehru Gardens, Thirumalayampalayam (Post), Coimbatore-641105.",COIMBATORE,Mechanical Engineering,me,141.5,119.0,102.5,102.5,106.0,115.0,142.0
TNEA2025-01759,2729,"Nehru Institute of Engineering and Technology (Autonomous), Nehru Gardens, Thirumalayampalayam (Post), Coimbatore-641105.",COIMBATORE,Mechatronics Engineering,mz,141.0,134.0,137.5,120.5,85.5,113.5,142.0
TNEA2025-02199,2731,"RVS College of Engineering and Technology (Autonomous), Kumaran Kottam Campus, Kannampalayam Post, Coimbatore-641402.",COIMBATORE,Artificial Intelligence and Data Science,ad,180.0,166.5,138.0,150.5,120.5,112.0,123.0
TNEA2025-02200,2731,"RVS College of Engineering and Technology (Autonomous), Kumaran Kottam Campus, Kannampalayam Post, Coimbatore-641402.",COIMBATORE,Bio Medical Engineering,bm,172.0,127.0,138.0,169.0,140.5,112.0,123.0
TNEA2025-02201,2731,"RVS College of Engineering and Technology (Autonomous), Kumaran Kottam Campus, Kannampalayam Post, Coimbatore-641402.",COIMBATORE,Computer Science and Engineering,cs,164.5,150.5,154.0,151.5,113.5,114.5,105.5
TNEA2025-02202,2731,"RVS College of Engineering and Technology (Autonomous), Kumaran Kottam Campus, Kannampalayam Post, Coimbatore-641402.",COIMBATORE,Electrical and Electronics Engineering,ee,141.0,117.5,112.5,126.5,83.5,114.5,105.5
TNEA2025-02203,2731,"RVS College of Engineering and Technology (Autonomous), Kumaran Kottam Campus, Kannampalayam Post, Coimbatore-641402.",COIMBATORE,Electronics and Communication Engineering,ec,187.0,173.5,112.5,151.5,127.0,148.0,105.5
TNEA2025-02204,2731,"RVS College of Engineering and Technology (Autonomous), Kumaran Kottam Campus, Kannampalayam Post, Coimbatore-641402.",COIMBATORE,Information Technology,it,180.0,161.0,136.0,172.5,129.0,175.0,105.5
TNEA2025-02206,2731,"RVS College of Engineering and Technology (Autonomous), Kumaran Kottam Campus, Kannampalayam Post, Coimbatore-641402.",COIMBATORE,Mechanical Engineering,me,128.0,107.0,97.5,86.0,97.5,97.0,105.5
TNEA2025-02205,2731,"RVS College of Engineering and Technology (Autonomous), Kumaran Kottam Campus, Kannampalayam Post, Coimbatore-641402.",COIMBATORE,Mechanical and Automation Engineering,mu,114.0,110.5,136.0,172.5,129.0,175.0,105.5
TNEA2025-02207,2731,"RVS College of Engineering and Technology (Autonomous), Kumaran Kottam Campus, Kannampalayam Post, Coimbatore-641402.",COIMBATORE,Petro Chemical Engineering,pd,120.0,93.0,88.5,116.0,97.5,97.0,105.5
TNEA2025-00993,2732,"Info Institute of Engineering, S F No.194-200, N.H.209, Sathy Road, Sarakarsamakulam, Kovilpalayam, Coimbatore-641107.",COIMBATORE,Artificial Intelligence and Data Science,ad,132.0,100.0,111.5,105.5,98.0,107.5,Not Available
TNEA2025-00994,2732,"Info Institute of Engineering, S F No.194-200, N.H.209, Sathy Road, Sarakarsamakulam, Kovilpalayam, Coimbatore-641107.",COIMBATORE,Computer Science and Engineering,cs,111.0,91.0,89.0,81.5,98.0,106.5,Not Available
TNEA2025-00995,2732,"Info Institute of Engineering, S F No.194-200, N.H.209, Sathy Road, Sarakarsamakulam, Kovilpalayam, Coimbatore-641107.",COIMBATORE,Electrical and Electronics Engineering,ee,100.0,95.5,89.0,81.5,90.5,106.5,Not Available
TNEA2025-00996,2732,"Info Institute of Engineering, S F No.194-200, N.H.209, Sathy Road, Sarakarsamakulam, Kovilpalayam, Coimbatore-641107.",COIMBATORE,Electronics and Communication Engineering,ec,107.5,83.5,89.0,105.0,90.5,101.0,Not Available
TNEA2025-00997,2732,"Info Institute of Engineering, S F No.194-200, N.H.209, Sathy Road, Sarakarsamakulam, Kovilpalayam, Coimbatore-641107.",COIMBATORE,Information Technology,it,114.5,85.5,89.0,93.0,104.0,94.0,Not Available
TNEA2025-00998,2732,"Info Institute of Engineering, S F No.194-200, N.H.209, Sathy Road, Sarakarsamakulam, Kovilpalayam, Coimbatore-641107.",COIMBATORE,Mechanical Engineering,me,100.0,85.5,89.0,93.0,104.0,94.0,Not Available
TNEA2025-00167,2733,"Angel College of Engineering and Technology, PK Palayam PO, Dharapuram Main Road, Ugayanur village, Tiruppur-641665.",TIRUPPUR,Civil Engineering,ce,105.0,Not Available,Not Available,Not Available,Not Available,Not Available,Not Available
TNEA2025-00168,2733,"Angel College of Engineering and Technology, PK Palayam PO, Dharapuram Main Road, Ugayanur village, Tiruppur-641665.",TIRUPPUR,Computer Science and Engineering,cs,105.0,Not Available,Not Available,Not Available,Not Available,Not Available,Not Available
TNEA2025-00169,2733,"Angel College of Engineering and Technology, PK Palayam PO, Dharapuram Main Road, Ugayanur village, Tiruppur-641665.",TIRUPPUR,Electrical and Electronics Engineering,ee,105.0,Not Available,Not Available,Not Available,Not Available,Not Available,Not Available
TNEA2025-00170,2733,"Angel College of Engineering and Technology, PK Palayam PO, Dharapuram Main Road, Ugayanur village, Tiruppur-641665.",TIRUPPUR,Electronics and Communication Engineering,ec,91.0,Not Available,Not Available,Not Available,Not Available,Not Available,Not Available
TNEA2025-00171,2733,"Angel College of Engineering and Technology, PK Palayam PO, Dharapuram Main Road, Ugayanur village, Tiruppur-641665.",TIRUPPUR,Fashion Technology,ft,95.0,Not Available,Not Available,Not Available,Not Available,Not Available,Not Available
TNEA2025-00172,2733,"Angel College of Engineering and Technology, PK Palayam PO, Dharapuram Main Road, Ugayanur village, Tiruppur-641665.",TIRUPPUR,Mechanical Engineering,me,95.0,Not Available,Not Available,Not Available,Not Available,Not Available,Not Available
TNEA2025-02344,2734,"SNS College of Engineering (Autonomous), Sathy Main Road, Kurumbapalayam Post, Coimbatore-641107.",COIMBATORE,Artificial Intelligence and Data Science,ad,166.5,159.5,157.5,155.5,92.0,110.5,157.0
TNEA2025-02345,2734,"SNS College of Engineering (Autonomous), Sathy Main Road, Kurumbapalayam Post, Coimbatore-641107.",COIMBATORE,Computer Science and Design,cd,161.0,151.0,139.5,149.5,118.5,110.5,157.0
TNEA2025-02346,2734,"SNS College of Engineering (Autonomous), Sathy Main Road, Kurumbapalayam Post, Coimbatore-641107.",COIMBATORE,Computer Science and Engineering,cs,171.0,162.0,152.5,155.5,92.0,150.0,157.0
TNEA2025-02347,2734,"SNS College of Engineering (Autonomous), Sathy Main Road, Kurumbapalayam Post, Coimbatore-641107.",COIMBATORE,Computer Science and Engineering (Internet of Things and Cyber Security Including Block Chain Technology),sb,173.5,156.0,139.5,150.5,85.0,104.5,157.0
TNEA2025-02348,2734,"SNS College of Engineering (Autonomous), Sathy Main Road, Kurumbapalayam Post, Coimbatore-641107.",COIMBATORE,Computer Science and Technology,ts,159.5,154.0,142.0,150.0,106.0,104.5,157.0
TNEA2025-02349,2734,"SNS College of Engineering (Autonomous), Sathy Main Road, Kurumbapalayam Post, Coimbatore-641107.",COIMBATORE,Electrical and Electronics Engineering,ee,160.0,151.0,129.0,139.5,109.5,104.5,157.0
TNEA2025-02350,2734,"SNS College of Engineering (Autonomous), Sathy Main Road, Kurumbapalayam Post, Coimbatore-641107.",COIMBATORE,Electronics and Communication Engineering,ec,167.0,159.5,152.5,155.5,93.0,104.5,157.0
TNEA2025-02351,2734,"SNS College of Engineering (Autonomous), Sathy Main Road, Kurumbapalayam Post, Coimbatore-641107.",COIMBATORE,Information Technology,it,162.5,159.0,160.0,154.0,105.0,118.0,157.0
TNEA2025-02352,2734,"SNS College of Engineering (Autonomous), Sathy Main Road, Kurumbapalayam Post, Coimbatore-641107.",COIMBATORE,Mechanical Engineering,me,134.5,113.0,119.5,102.5,105.0,118.0,157.0
TNEA2025-02353,2734,"SNS College of Engineering (Autonomous), Sathy Main Road, Kurumbapalayam Post, Coimbatore-641107.",COIMBATORE,Mechanical and Mechatronics Engineering (Additive Manufacturing),mo,132.0,111.5,120.0,89.0,105.0,118.0,157.0
TNEA2025-01294,2735,"Karpagam Institute of Technology (Autonomous), S.F. NO. 247, 248, L&T Bypass Road, Seerapalayam Village, Bodipalayam Post, Coimbatore-641105.",COIMBATORE,Artificial Intelligence and Data Science,ad,184.0,182.5,174.5,182.5,157.5,158.0,158.0
TNEA2025-01295,2735,"Karpagam Institute of Technology (Autonomous), S.F. NO. 247, 248, L&T Bypass Road, Seerapalayam Village, Bodipalayam Post, Coimbatore-641105.",COIMBATORE,Computer Science and Engineering,cs,182.0,179.5,172.5,177.5,145.0,133.0,158.0
TNEA2025-01296,2735,"Karpagam Institute of Technology (Autonomous), S.F. NO. 247, 248, L&T Bypass Road, Seerapalayam Village, Bodipalayam Post, Coimbatore-641105.",COIMBATORE,Electrical and Electronics Engineering,ee,170.0,166.0,167.5,162.5,134.5,126.5,158.0
TNEA2025-01297,2735,"Karpagam Institute of Technology (Autonomous), S.F. NO. 247, 248, L&T Bypass Road, Seerapalayam Village, Bodipalayam Post, Coimbatore-641105.",COIMBATORE,Electronics and Communication Engineering,ec,176.0,173.0,164.5,170.5,133.0,130.0,100.0
TNEA2025-01298,2735,"Karpagam Institute of Technology (Autonomous), S.F. NO. 247, 248, L&T Bypass Road, Seerapalayam Village, Bodipalayam Post, Coimbatore-641105.",COIMBATORE,Information Technology,it,180.5,178.5,164.5,176.5,142.5,132.5,100.0
TNEA2025-01299,2735,"Karpagam Institute of Technology (Autonomous), S.F. NO. 247, 248, L&T Bypass Road, Seerapalayam Village, Bodipalayam Post, Coimbatore-641105.",COIMBATORE,Mechanical Engineering,me,156.5,150.0,167.0,136.0,117.5,115.0,100.0
TNEA2025-00645,2736,"Dr N.G.P. Institute of Technology (Autonomous), Dr. N.G.P. Nagar, Kalapatti Road, Coimbatore-641048.",COIMBATORE,Artificial Intelligence and Data Science,ad,180.5,173.0,154.0,168.0,128.5,123.5,88.5
TNEA2025-00646,2736,"Dr N.G.P. Institute of Technology (Autonomous), Dr. N.G.P. Nagar, Kalapatti Road, Coimbatore-641048.",COIMBATORE,Bio Medical Engineering,bm,167.0,152.5,133.5,157.0,103.5,123.5,88.5
TNEA2025-00647,2736,"Dr N.G.P. Institute of Technology (Autonomous), Dr. N.G.P. Nagar, Kalapatti Road, Coimbatore-641048.",COIMBATORE,Civil Engineering,ce,154.0,148.5,133.5,120.5,88.5,123.5,88.5
TNEA2025-00648,2736,"Dr N.G.P. Institute of Technology (Autonomous), Dr. N.G.P. Nagar, Kalapatti Road, Coimbatore-641048.",COIMBATORE,Computer Science and Bussiness System,cb,171.0,170.0,161.0,157.5,112.0,123.5,88.5
TNEA2025-00649,2736,"Dr N.G.P. Institute of Technology (Autonomous), Dr. N.G.P. Nagar, Kalapatti Road, Coimbatore-641048.",COIMBATORE,Computer Science and Engineering,cs,180.0,175.5,158.0,168.5,120.5,123.0,88.5
TNEA2025-00650,2736,"Dr N.G.P. Institute of Technology (Autonomous), Dr. N.G.P. Nagar, Kalapatti Road, Coimbatore-641048.",COIMBATORE,Computer Science and Engineering (Cyber Security),sc,175.5,172.0,162.5,164.5,119.5,123.0,88.5
TNEA2025-00651,2736,"Dr N.G.P. Institute of Technology (Autonomous), Dr. N.G.P. Nagar, Kalapatti Road, Coimbatore-641048.",COIMBATORE,Electrical and Electronics Engineering,ee,168.0,165.0,159.5,156.0,97.5,123.0,88.5
TNEA2025-00652,2736,"Dr N.G.P. Institute of Technology (Autonomous), Dr. N.G.P. Nagar, Kalapatti Road, Coimbatore-641048.",COIMBATORE,Electronics and Communication Engineering,ec,175.5,170.5,162.0,159.0,100.5,101.0,130.0
TNEA2025-00653,2736,"Dr N.G.P. Institute of Technology (Autonomous), Dr. N.G.P. Nagar, Kalapatti Road, Coimbatore-641048.",COIMBATORE,Information Technology,it,174.5,172.5,159.0,166.5,97.0,101.0,94.0
TNEA2025-00654,2736,"Dr N.G.P. Institute of Technology (Autonomous), Dr. N.G.P. Nagar, Kalapatti Road, Coimbatore-641048.",COIMBATORE,Mechanical Engineering,me,152.5,138.0,146.5,138.5,127.0,101.0,94.0
TNEA2025-02795,2737,"Sri Sai Ranganathan Engineering College, Viraliyur Post, Thondamuthur(via), Coimbatore-641109.",COIMBATORE,Artificial Intelligence and Data Science,ad,172.5,133.0,119.5,129.0,127.0,147.0,138.0
TNEA2025-02796,2737,"Sri Sai Ranganathan Engineering College, Viraliyur Post, Thondamuthur(via), Coimbatore-641109.",COIMBATORE,Civil Engineering,ce,81.5,133.0,119.5,129.0,127.0,147.0,138.0
TNEA2025-02797,2737,"Sri Sai Ranganathan Engineering College, Viraliyur Post, Thondamuthur(via), Coimbatore-641109.",COIMBATORE,Computer Science and Engineering,cs,157.0,131.0,119.5,105.5,121.5,105.0,138.0
TNEA2025-02798,2737,"Sri Sai Ranganathan Engineering College, Viraliyur Post, Thondamuthur(via), Coimbatore-641109.",COIMBATORE,Computer Science and Engineering (Ai and Machine Learning),am,129.0,113.5,94.0,95.0,118.0,105.0,138.0
TNEA2025-02799,2737,"Sri Sai Ranganathan Engineering College, Viraliyur Post, Thondamuthur(via), Coimbatore-641109.",COIMBATORE,Computer Science and Engineering (Cyber Security),sc,148.0,124.5,94.0,102.0,121.5,105.0,138.0
TNEA2025-02800,2737,"Sri Sai Ranganathan Engineering College, Viraliyur Post, Thondamuthur(via), Coimbatore-641109.",COIMBATORE,Electrical and Electronics Engineering,ee,123.0,100.5,94.0,79.0,100.5,105.0,138.0
TNEA2025-02801,2737,"Sri Sai Ranganathan Engineering College, Viraliyur Post, Thondamuthur(via), Coimbatore-641109.",COIMBATORE,Electronics and Communication Engineering,ec,138.0,106.0,94.0,98.0,124.0,113.0,138.0
TNEA2025-02802,2737,"Sri Sai Ranganathan Engineering College, Viraliyur Post, Thondamuthur(via), Coimbatore-641109.",COIMBATORE,Information Technology,it,158.5,133.0,94.0,83.0,134.0,93.5,138.0
TNEA2025-02803,2737,"Sri Sai Ranganathan Engineering College, Viraliyur Post, Thondamuthur(via), Coimbatore-641109.",COIMBATORE,Mechanical Engineering,me,94.5,133.0,94.0,83.0,83.0,93.5,138.0
TNEA2025-02652,2739,"Sri Eshwar College of Engineering (Autonomous), Kondampatti Post, Vadasithur Via, Coimbatore-641202.",COIMBATORE,Artificial Intelligence and Data Science,ad,187.5,184.0,176.0,179.0,149.0,171.0,130.5
TNEA2025-02654,2739,"Sri Eshwar College of Engineering (Autonomous), Kondampatti Post, Vadasithur Via, Coimbatore-641202.",COIMBATORE,Computer Science and Bussiness System,cb,182.5,180.5,175.5,174.5,144.0,162.0,152.0
TNEA2025-02655,2739,"Sri Eshwar College of Engineering (Autonomous), Kondampatti Post, Vadasithur Via, Coimbatore-641202.",COIMBATORE,Computer Science and Engineering,cs,191.0,188.0,179.0,181.0,156.0,133.5,155.0
TNEA2025-02656,2739,"Sri Eshwar College of Engineering (Autonomous), Kondampatti Post, Vadasithur Via, Coimbatore-641202.",COIMBATORE,Computer Science and Engineering (Ai and Machine Learning),am,185.5,182.0,176.5,175.0,139.0,146.0,146.0
TNEA2025-02657,2739,"Sri Eshwar College of Engineering (Autonomous), Kondampatti Post, Vadasithur Via, Coimbatore-641202.",COIMBATORE,Computer Science and Engineering (Cyber Security),sc,184.0,181.0,180.5,175.5,139.0,139.5,146.0
TNEA2025-02653,2739,"Sri Eshwar College of Engineering (Autonomous), Kondampatti Post, Vadasithur Via, Coimbatore-641202.",COIMBATORE,Computer and Communication Engineering,co,181.0,180.0,176.5,176.5,138.5,142.5,152.0
TNEA2025-02658,2739,"Sri Eshwar College of Engineering (Autonomous), Kondampatti Post, Vadasithur Via, Coimbatore-641202.",COIMBATORE,Electrical and Electronics Engineering,ee,179.0,177.5,178.5,172.5,139.5,140.0,146.0
TNEA2025-02659,2739,"Sri Eshwar College of Engineering (Autonomous), Kondampatti Post, Vadasithur Via, Coimbatore-641202.",COIMBATORE,Electronics and Communication Engineering,ec,187.0,183.5,182.5,177.5,140.5,132.5,155.5
TNEA2025-02660,2739,"Sri Eshwar College of Engineering (Autonomous), Kondampatti Post, Vadasithur Via, Coimbatore-641202.",COIMBATORE,Information Technology,it,188.0,186.5,181.5,179.5,142.5,140.5,155.5
TNEA2025-02661,2739,"Sri Eshwar College of Engineering (Autonomous), Kondampatti Post, Vadasithur Via, Coimbatore-641202.",COIMBATORE,Mechanical Engineering,me,178.5,172.5,174.5,166.0,137.0,138.0,155.5
TNEA2025-00930,2740,"Hindusthan Institute of Technology (Autonomous), Othakkalmandapam Post, Coimbatore-641032.",COIMBATORE,Aeronautical Engineering,ae,151.0,138.5,144.0,137.5,139.0,108.0,126.5
TNEA2025-00931,2740,"Hindusthan Institute of Technology (Autonomous), Othakkalmandapam Post, Coimbatore-641032.",COIMBATORE,Artificial Intelligence and Data Science,ad,179.0,165.5,161.5,159.38,130.0,108.0,126.5
TNEA2025-00932,2740,"Hindusthan Institute of Technology (Autonomous), Othakkalmandapam Post, Coimbatore-641032.",COIMBATORE,Computer Science and Engineering,cs,177.5,161.5,176.0,157.5,120.5,123.5,126.5
TNEA2025-00933,2740,"Hindusthan Institute of Technology (Autonomous), Othakkalmandapam Post, Coimbatore-641032.",COIMBATORE,Electronics and Communication Engineering,ec,163.0,153.5,156.0,148.5,89.5,89.0,135.0
TNEA2025-00934,2740,"Hindusthan Institute of Technology (Autonomous), Othakkalmandapam Post, Coimbatore-641032.",COIMBATORE,Information Technology,it,175.5,158.5,151.5,157.0,122.5,116.0,135.0
TNEA2025-00935,2740,"Hindusthan Institute of Technology (Autonomous), Othakkalmandapam Post, Coimbatore-641032.",COIMBATORE,Mechanical Engineering,me,133.5,118.0,123.0,111.0,84.0,116.0,105.5
TNEA2025-01812,2741,"P A College of Engineering and Technology (Autonomous), Palladam Road, Pollachi, Coimbatore Dt.-642002.",COIMBATORE,Artificial Intelligence and Data Science,ad,145.5,134.0,84.5,117.0,81.5,129.0,Not Available
TNEA2025-01813,2741,"P A College of Engineering and Technology (Autonomous), Palladam Road, Pollachi, Coimbatore Dt.-642002.",COIMBATORE,Civil Engineering,ce,109.0,96.0,84.5,107.5,81.5,82.5,Not Available
TNEA2025-01814,2741,"P A College of Engineering and Technology (Autonomous), Palladam Road, Pollachi, Coimbatore Dt.-642002.",COIMBATORE,Computer Science and Engineering,cs,156.5,145.0,115.0,130.5,90.0,119.5,Not Available
TNEA2025-01815,2741,"P A College of Engineering and Technology (Autonomous), Palladam Road, Pollachi, Coimbatore Dt.-642002.",COIMBATORE,Electrical and Electronics Engineering,ee,123.5,109.5,116.0,91.5,80.5,116.5,Not Available
TNEA2025-01816,2741,"P A College of Engineering and Technology (Autonomous), Palladam Road, Pollachi, Coimbatore Dt.-642002.",COIMBATORE,Electronics and Communication Engineering,ec,135.5,124.5,94.0,109.0,87.0,114.0,Not Available
TNEA2025-01817,2741,"P A College of Engineering and Technology (Autonomous), Palladam Road, Pollachi, Coimbatore Dt.-642002.",COIMBATORE,Information Technology,it,145.0,133.0,119.0,114.5,125.0,144.5,Not Available
TNEA2025-01818,2741,"P A College of Engineering and Technology (Autonomous), Palladam Road, Pollachi, Coimbatore Dt.-642002.",COIMBATORE,Mechanical Engineering,me,107.5,84.5,106.0,86.5,125.0,89.5,Not Available
TNEA2025-00580,2743,"Dhanalakshmi Srinivasan College of Engineering (CBE), NH-47, Palakkad Main Road, Navakkarai Post, Coimbatore-641105.",COIMBATORE,Agricultural Engineering,ag,133.0,101.5,143.0,115.0,130.0,95.5,106.0
TNEA2025-00581,2743,"Dhanalakshmi Srinivasan College of Engineering (CBE), NH-47, Palakkad Main Road, Navakkarai Post, Coimbatore-641105.",COIMBATORE,Artificial Intelligence and Data Science,ad,159.0,144.0,143.0,143.0,98.5,95.5,106.0
TNEA2025-00582,2743,"Dhanalakshmi Srinivasan College of Engineering (CBE), NH-47, Palakkad Main Road, Navakkarai Post, Coimbatore-641105.",COIMBATORE,Bio Medical Engineering,bm,139.0,102.0,132.0,99.5,102.0,84.5,121.0
TNEA2025-00583,2743,"Dhanalakshmi Srinivasan College of Engineering (CBE), NH-47, Palakkad Main Road, Navakkarai Post, Coimbatore-641105.",COIMBATORE,Civil Engineering,ce,125.5,88.0,132.0,82.0,117.5,84.5,121.0
TNEA2025-00584,2743,"Dhanalakshmi Srinivasan College of Engineering (CBE), NH-47, Palakkad Main Road, Navakkarai Post, Coimbatore-641105.",COIMBATORE,Computer Science and Engineering,cs,156.5,144.0,137.0,140.0,106.5,124.5,113.5
TNEA2025-00585,2743,"Dhanalakshmi Srinivasan College of Engineering (CBE), NH-47, Palakkad Main Road, Navakkarai Post, Coimbatore-641105.",COIMBATORE,Computer Science and Engineering (Cyber Security),sc,153.5,143.5,151.5,143.0,112.5,107.0,113.5
TNEA2025-00586,2743,"Dhanalakshmi Srinivasan College of Engineering (CBE), NH-47, Palakkad Main Road, Navakkarai Post, Coimbatore-641105.",COIMBATORE,Electrical and Electronics Engineering,ee,139.0,128.0,120.0,132.0,90.0,133.5,113.5
TNEA2025-00587,2743,"Dhanalakshmi Srinivasan College of Engineering (CBE), NH-47, Palakkad Main Road, Navakkarai Post, Coimbatore-641105.",COIMBATORE,Electronics and Communication Engineering,ec,150.0,142.0,138.0,139.0,110.0,123.5,113.5
TNEA2025-00588,2743,"Dhanalakshmi Srinivasan College of Engineering (CBE), NH-47, Palakkad Main Road, Navakkarai Post, Coimbatore-641105.",COIMBATORE,Food Technology,fd,136.0,114.5,126.0,92.5,104.0,127.5,113.5
TNEA2025-00589,2743,"Dhanalakshmi Srinivasan College of Engineering (CBE), NH-47, Palakkad Main Road, Navakkarai Post, Coimbatore-641105.",COIMBATORE,Mechanical Engineering,me,132.0,96.5,126.0,103.0,107.5,122.0,113.5
TNEA2025-00115,2744,"Adithya Institute of Technology (Autonomous), S.F.No. 348/1, 349/1, Kurumbapalayam, SS Kulam(PO), Coimbatore-641107.",COIMBATORE,Artificial Intelligence and Data Science,ad,158.0,148.0,156.0,144.5,84.0,106.0,84.5
TNEA2025-00116,2744,"Adithya Institute of Technology (Autonomous), S.F.No. 348/1, 349/1, Kurumbapalayam, SS Kulam(PO), Coimbatore-641107.",COIMBATORE,Civil Engineering,ce,112.5,148.0,156.0,99.0,84.0,106.0,84.5
TNEA2025-00117,2744,"Adithya Institute of Technology (Autonomous), S.F.No. 348/1, 349/1, Kurumbapalayam, SS Kulam(PO), Coimbatore-641107.",COIMBATORE,Computer Science and Engineering,cs,159.0,147.5,139.5,142.5,84.0,106.0,84.5
TNEA2025-00118,2744,"Adithya Institute of Technology (Autonomous), S.F.No. 348/1, 349/1, Kurumbapalayam, SS Kulam(PO), Coimbatore-641107.",COIMBATORE,Electrical and Electronics Engineering,ee,144.5,142.0,139.5,125.5,101.0,106.0,84.5
TNEA2025-00119,2744,"Adithya Institute of Technology (Autonomous), S.F.No. 348/1, 349/1, Kurumbapalayam, SS Kulam(PO), Coimbatore-641107.",COIMBATORE,Electronics and Communication Engineering,ec,152.5,146.0,101.0,141.0,101.0,106.0,84.5
TNEA2025-00120,2744,"Adithya Institute of Technology (Autonomous), S.F.No. 348/1, 349/1, Kurumbapalayam, SS Kulam(PO), Coimbatore-641107.",COIMBATORE,Information Technology,it,155.5,149.0,135.5,141.5,101.0,106.0,84.5
TNEA2025-00121,2744,"Adithya Institute of Technology (Autonomous), S.F.No. 348/1, 349/1, Kurumbapalayam, SS Kulam(PO), Coimbatore-641107.",COIMBATORE,Mechanical Engineering,me,110.5,93.0,108.0,91.5,101.0,106.0,84.5
TNEA2025-01300,2745,"Kathir College of Engineering (Autonomous), WISDOM TREE, Avinashi Road, Neelambur, Coimbatore-641062.",COIMBATORE,Artificial Intelligence and Data Science,ad,151.0,141.0,127.5,136.0,138.0,110.0,129.5
TNEA2025-01302,2745,"Kathir College of Engineering (Autonomous), WISDOM TREE, Avinashi Road, Neelambur, Coimbatore-641062.",COIMBATORE,Computer Science and Engineering,cs,152.5,143.5,136.0,142.5,104.5,126.0,129.5
TNEA2025-01303,2745,"Kathir College of Engineering (Autonomous), WISDOM TREE, Avinashi Road, Neelambur, Coimbatore-641062.",COIMBATORE,Computer Science and Engineering (Ai and Machine Learning),am,143.5,137.5,124.5,133.0,116.0,89.5,122.0
TNEA2025-01301,2745,"Kathir College of Engineering (Autonomous), WISDOM TREE, Avinashi Road, Neelambur, Coimbatore-641062.",COIMBATORE,Computer and Communication Engineering,co,136.0,126.5,112.5,131.0,112.5,110.0,129.5
TNEA2025-01304,2745,"Kathir College of Engineering (Autonomous), WISDOM TREE, Avinashi Road, Neelambur, Coimbatore-641062.",COIMBATORE,Electrical and Electronics Engineering,ee,127.5,112.0,93.0,117.0,85.0,102.5,122.0
TNEA2025-01305,2745,"Kathir College of Engineering (Autonomous), WISDOM TREE, Avinashi Road, Neelambur, Coimbatore-641062.",COIMBATORE,Electronics and Communication Engineering,ec,147.5,127.0,128.5,140.5,110.0,120.0,122.0
TNEA2025-01306,2745,"Kathir College of Engineering (Autonomous), WISDOM TREE, Avinashi Road, Neelambur, Coimbatore-641062.",COIMBATORE,Mechanical Engineering,me,117.5,99.5,128.5,102.0,96.5,111.5,122.0
TNEA2025-02553,2747,"Shree Venkateshwara Hi-Tech Engineering College (Autonomous), Erode-Sathy Main Road, Sri Kalaivani Nagar, Othakuthirai, K, Mettupalayam (Po), Gobichettipalayam (Tk), Erode (Dt)-638455.",ERODE,Artificial Intelligence and Data Science,ad,139.0,114.0,92.5,122.0,97.0,126.5,93.0
TNEA2025-02554,2747,"Shree Venkateshwara Hi-Tech Engineering College (Autonomous), Erode-Sathy Main Road, Sri Kalaivani Nagar, Othakuthirai, K, Mettupalayam (Po), Gobichettipalayam (Tk), Erode (Dt)-638455.",ERODE,Bio Medical Engineering,bm,124.5,104.0,108.0,85.0,91.0,126.5,93.0
TNEA2025-02555,2747,"Shree Venkateshwara Hi-Tech Engineering College (Autonomous), Erode-Sathy Main Road, Sri Kalaivani Nagar, Othakuthirai, K, Mettupalayam (Po), Gobichettipalayam (Tk), Erode (Dt)-638455.",ERODE,Bio Technology,bt,109.0,99.0,108.0,85.0,91.0,102.0,93.0
TNEA2025-02556,2747,"Shree Venkateshwara Hi-Tech Engineering College (Autonomous), Erode-Sathy Main Road, Sri Kalaivani Nagar, Othakuthirai, K, Mettupalayam (Po), Gobichettipalayam (Tk), Erode (Dt)-638455.",ERODE,Civil Engineering,ce,89.5,99.0,108.0,85.0,91.0,102.0,93.0
TNEA2025-02557,2747,"Shree Venkateshwara Hi-Tech Engineering College (Autonomous), Erode-Sathy Main Road, Sri Kalaivani Nagar, Othakuthirai, K, Mettupalayam (Po), Gobichettipalayam (Tk), Erode (Dt)-638455.",ERODE,Computer Science and Engineering,cs,120.0,85.0,104.5,97.5,81.0,82.5,93.0
TNEA2025-02558,2747,"Shree Venkateshwara Hi-Tech Engineering College (Autonomous), Erode-Sathy Main Road, Sri Kalaivani Nagar, Othakuthirai, K, Mettupalayam (Po), Gobichettipalayam (Tk), Erode (Dt)-638455.",ERODE,Computer Science and Engineering (Ai and Machine Learning),am,109.0,89.5,104.5,95.0,90.0,92.5,93.0
TNEA2025-02559,2747,"Shree Venkateshwara Hi-Tech Engineering College (Autonomous), Erode-Sathy Main Road, Sri Kalaivani Nagar, Othakuthirai, K, Mettupalayam (Po), Gobichettipalayam (Tk), Erode (Dt)-638455.",ERODE,Computer Science and Engineering (Cyber Security),sc,117.0,87.0,89.5,87.0,108.0,92.5,93.0
TNEA2025-02560,2747,"Shree Venkateshwara Hi-Tech Engineering College (Autonomous), Erode-Sathy Main Road, Sri Kalaivani Nagar, Othakuthirai, K, Mettupalayam (Po), Gobichettipalayam (Tk), Erode (Dt)-638455.",ERODE,Electrical and Electronics Engineering,ee,89.5,87.0,89.5,87.0,108.0,92.5,93.0
TNEA2025-02561,2747,"Shree Venkateshwara Hi-Tech Engineering College (Autonomous), Erode-Sathy Main Road, Sri Kalaivani Nagar, Othakuthirai, K, Mettupalayam (Po), Gobichettipalayam (Tk), Erode (Dt)-638455.",ERODE,Electronics and Communication Engineering,ec,122.0,85.0,89.5,101.0,108.0,116.5,93.0
TNEA2025-02562,2747,"Shree Venkateshwara Hi-Tech Engineering College (Autonomous), Erode-Sathy Main Road, Sri Kalaivani Nagar, Othakuthirai, K, Mettupalayam (Po), Gobichettipalayam (Tk), Erode (Dt)-638455.",ERODE,Information Technology,it,126.0,97.5,89.5,97.5,95.5,90.5,93.0
TNEA2025-02563,2747,"Shree Venkateshwara Hi-Tech Engineering College (Autonomous), Erode-Sathy Main Road, Sri Kalaivani Nagar, Othakuthirai, K, Mettupalayam (Po), Gobichettipalayam (Tk), Erode (Dt)-638455.",ERODE,Mechanical Engineering,me,85.0,97.5,89.5,97.5,95.5,90.5,93.0
TNEA2025-02564,2747,"Shree Venkateshwara Hi-Tech Engineering College (Autonomous), Erode-Sathy Main Road, Sri Kalaivani Nagar, Othakuthirai, K, Mettupalayam (Po), Gobichettipalayam (Tk), Erode (Dt)-638455.",ERODE,Pharmaceutical Technology,ph,120.5,83.5,89.5,92.0,92.5,119.5,83.0
TNEA2025-03001,2748,"Surya Engineering College, Perundurai Road, Manalmedu, Mettukadai, Kathirampatti Post, Erode-638107.",ERODE,Artificial Intelligence and Data Science,ad,133.0,95.0,104.0,128.5,105.5,132.5,101.5
TNEA2025-03002,2748,"Surya Engineering College, Perundurai Road, Manalmedu, Mettukadai, Kathirampatti Post, Erode-638107.",ERODE,Bio Medical Engineering,bm,106.5,80.5,104.0,103.0,98.5,132.5,101.5
TNEA2025-03003,2748,"Surya Engineering College, Perundurai Road, Manalmedu, Mettukadai, Kathirampatti Post, Erode-638107.",ERODE,Civil Engineering,ce,81.25,80.5,104.0,103.0,98.5,132.5,101.5
TNEA2025-03004,2748,"Surya Engineering College, Perundurai Road, Manalmedu, Mettukadai, Kathirampatti Post, Erode-638107.",ERODE,Computer Science and Engineering,cs,115.5,98.5,97.5,80.0,100.0,132.5,101.5
TNEA2025-03005,2748,"Surya Engineering College, Perundurai Road, Manalmedu, Mettukadai, Kathirampatti Post, Erode-638107.",ERODE,Computer Science and Engineering (Ai and Machine Learning),am,96.0,98.5,97.5,85.0,100.0,132.5,101.5
TNEA2025-03006,2748,"Surya Engineering College, Perundurai Road, Manalmedu, Mettukadai, Kathirampatti Post, Erode-638107.",ERODE,Computer Science and Engineering (Cyber Security),sc,108.0,98.5,97.5,102.0,100.0,108.0,101.5
TNEA2025-03007,2748,"Surya Engineering College, Perundurai Road, Manalmedu, Mettukadai, Kathirampatti Post, Erode-638107.",ERODE,Electrical and Electronics Engineering,ee,94.5,98.5,97.5,102.0,100.0,108.0,101.5
TNEA2025-03008,2748,"Surya Engineering College, Perundurai Road, Manalmedu, Mettukadai, Kathirampatti Post, Erode-638107.",ERODE,Electronics and Communication Engineering,ec,83.0,98.5,97.5,102.0,100.0,108.0,101.5
TNEA2025-03009,2748,"Surya Engineering College, Perundurai Road, Manalmedu, Mettukadai, Kathirampatti Post, Erode-638107.",ERODE,Information Technology,it,103.0,87.5,97.5,85.5,93.5,108.0,101.5
TNEA2025-03010,2748,"Surya Engineering College, Perundurai Road, Manalmedu, Mettukadai, Kathirampatti Post, Erode-638107.",ERODE,Mechanical Engineering,me,77.5,87.5,97.5,85.5,93.5,108.0,101.5
TNEA2025-00683,2749,"Easa College of Engineering and Technology, NH-47, Palakkad main Road, Navakkarai Post, Coimbatore-641105.",COIMBATORE,Agricultural Engineering,ag,88.5,85.0,110.0,81.5,89.5,127.5,Not Available
TNEA2025-00684,2749,"Easa College of Engineering and Technology, NH-47, Palakkad main Road, Navakkarai Post, Coimbatore-641105.",COIMBATORE,Artificial Intelligence and Data Science,ad,135.0,85.0,110.0,81.5,89.5,127.5,Not Available
TNEA2025-00685,2749,"Easa College of Engineering and Technology, NH-47, Palakkad main Road, Navakkarai Post, Coimbatore-641105.",COIMBATORE,Bio Medical Engineering,bm,92.0,85.0,110.0,86.5,89.0,127.5,Not Available
TNEA2025-00686,2749,"Easa College of Engineering and Technology, NH-47, Palakkad main Road, Navakkarai Post, Coimbatore-641105.",COIMBATORE,Computer Science and Engineering,cs,127.5,91.0,110.0,90.0,95.5,127.5,Not Available
TNEA2025-00687,2749,"Easa College of Engineering and Technology, NH-47, Palakkad main Road, Navakkarai Post, Coimbatore-641105.",COIMBATORE,Computer Science and Engineering (Ai and Machine Learning),am,104.5,91.0,110.0,88.5,95.5,127.5,Not Available
TNEA2025-00688,2749,"Easa College of Engineering and Technology, NH-47, Palakkad main Road, Navakkarai Post, Coimbatore-641105.",COIMBATORE,Computer Science and Engineering (Cyber Security),sc,118.0,103.5,110.0,90.0,95.0,91.0,Not Available
TNEA2025-00689,2749,"Easa College of Engineering and Technology, NH-47, Palakkad main Road, Navakkarai Post, Coimbatore-641105.",COIMBATORE,Electrical and Electronics Engineering,ee,87.5,103.5,110.0,90.0,95.0,91.0,Not Available
TNEA2025-00690,2749,"Easa College of Engineering and Technology, NH-47, Palakkad main Road, Navakkarai Post, Coimbatore-641105.",COIMBATORE,Electronics and Communication Engineering,ec,122.0,104.0,110.0,94.0,114.5,103.5,Not Available
TNEA2025-00691,2749,"Easa College of Engineering and Technology, NH-47, Palakkad main Road, Navakkarai Post, Coimbatore-641105.",COIMBATORE,Information Technology,it,123.0,94.0,110.0,82.5,87.5,103.5,Not Available
TNEA2025-00692,2749,"Easa College of Engineering and Technology, NH-47, Palakkad main Road, Navakkarai Post, Coimbatore-641105.",COIMBATORE,Mechanical Engineering,me,83.0,94.0,110.0,82.5,87.5,103.5,Not Available
TNEA2025-01229,2750,"KIT - Kalaignarkarunanidhi Institute of Technology (Autonomous), S.F.No. 282, S.F.No. 283 Kannampalayam Post, Coimbatore-641402.",COIMBATORE,Aeronautical Engineering,ae,139.5,126.5,133.0,123.5,109.5,90.5,104.0
TNEA2025-01230,2750,"KIT - Kalaignarkarunanidhi Institute of Technology (Autonomous), S.F.No. 282, S.F.No. 283 Kannampalayam Post, Coimbatore-641402.",COIMBATORE,Agricultural Engineering,ag,148.0,118.0,117.0,106.5,111.5,124.5,104.0
TNEA2025-01231,2750,"KIT - Kalaignarkarunanidhi Institute of Technology (Autonomous), S.F.No. 282, S.F.No. 283 Kannampalayam Post, Coimbatore-641402.",COIMBATORE,Artificial Intelligence and Data Science,ad,165.5,156.5,152.0,154.0,131.5,138.5,107.0
TNEA2025-01232,2750,"KIT - Kalaignarkarunanidhi Institute of Technology (Autonomous), S.F.No. 282, S.F.No. 283 Kannampalayam Post, Coimbatore-641402.",COIMBATORE,Bio Medical Engineering,bm,142.0,132.0,122.0,128.0,106.5,125.5,107.0
TNEA2025-01233,2750,"KIT - Kalaignarkarunanidhi Institute of Technology (Autonomous), S.F.No. 282, S.F.No. 283 Kannampalayam Post, Coimbatore-641402.",COIMBATORE,Bio Technology,bt,148.5,135.5,156.0,120.5,110.5,108.0,107.0
TNEA2025-01234,2750,"KIT - Kalaignarkarunanidhi Institute of Technology (Autonomous), S.F.No. 282, S.F.No. 283 Kannampalayam Post, Coimbatore-641402.",COIMBATORE,Computer Science and Bussiness System,cb,160.5,151.5,140.0,151.0,119.0,111.5,107.0
TNEA2025-01235,2750,"KIT - Kalaignarkarunanidhi Institute of Technology (Autonomous), S.F.No. 282, S.F.No. 283 Kannampalayam Post, Coimbatore-641402.",COIMBATORE,Computer Science and Engineering,cs,170.5,161.5,145.5,154.5,135.0,140.5,116.5
TNEA2025-01236,2750,"KIT - Kalaignarkarunanidhi Institute of Technology (Autonomous), S.F.No. 282, S.F.No. 283 Kannampalayam Post, Coimbatore-641402.",COIMBATORE,Computer Science and Engineering (Ai and Machine Learning),am,163.0,153.0,145.0,152.5,120.0,140.5,116.5
TNEA2025-01237,2750,"KIT - Kalaignarkarunanidhi Institute of Technology (Autonomous), S.F.No. 282, S.F.No. 283 Kannampalayam Post, Coimbatore-641402.",COIMBATORE,Electrical and Electronics Engineering,ee,147.0,142.0,145.0,121.5,104.5,104.0,116.5
TNEA2025-01239,2750,"KIT - Kalaignarkarunanidhi Institute of Technology (Autonomous), S.F.No. 282, S.F.No. 283 Kannampalayam Post, Coimbatore-641402.",COIMBATORE,Electronics Engineering (Vlsi Design and Technology),ev,151.0,145.5,149.0,144.5,112.0,117.5,116.5
TNEA2025-01238,2750,"KIT - Kalaignarkarunanidhi Institute of Technology (Autonomous), S.F.No. 282, S.F.No. 283 Kannampalayam Post, Coimbatore-641402.",COIMBATORE,Electronics and Communication Engineering,ec,164.5,154.0,159.0,151.0,117.0,112.0,116.5
TNEA2025-01240,2750,"KIT - Kalaignarkarunanidhi Institute of Technology (Autonomous), S.F.No. 282, S.F.No. 283 Kannampalayam Post, Coimbatore-641402.",COIMBATORE,Mechanical Engineering,me,132.0,122.5,121.0,106.5,98.5,117.0,116.5
TNEA2025-01221,2751,"KGISL Institute of Technology, 365, KGISL Campus, Thudiyalur Road, Saravanampatti, Coimbatore-641035.",COIMBATORE,Artificial Intelligence and Data Science,ad,181.5,173.0,171.5,166.5,102.5,116.5,122.0
TNEA2025-01222,2751,"KGISL Institute of Technology, 365, KGISL Campus, Thudiyalur Road, Saravanampatti, Coimbatore-641035.",COIMBATORE,Computer Science and Bussiness System,cb,174.5,170.0,154.5,158.0,116.0,110.5,122.0
TNEA2025-01223,2751,"KGISL Institute of Technology, 365, KGISL Campus, Thudiyalur Road, Saravanampatti, Coimbatore-641035.",COIMBATORE,Computer Science and Engineering,cs,180.5,172.5,173.5,165.5,126.0,127.0,122.0
TNEA2025-01224,2751,"KGISL Institute of Technology, 365, KGISL Campus, Thudiyalur Road, Saravanampatti, Coimbatore-641035.",COIMBATORE,Computer Science and Engineering (Ai and Machine Learning),am,177.5,171.5,161.0,161.5,107.5,127.0,122.0
TNEA2025-01225,2751,"KGISL Institute of Technology, 365, KGISL Campus, Thudiyalur Road, Saravanampatti, Coimbatore-641035.",COIMBATORE,Computer Science and Engineering (Cyber Security),sc,176.5,171.0,168.5,160.0,121.5,89.0,122.0
TNEA2025-01226,2751,"KGISL Institute of Technology, 365, KGISL Campus, Thudiyalur Road, Saravanampatti, Coimbatore-641035.",COIMBATORE,Electronics and Communication Engineering,ec,176.5,169.5,164.0,159.0,110.0,151.5,122.0
TNEA2025-01227,2751,"KGISL Institute of Technology, 365, KGISL Campus, Thudiyalur Road, Saravanampatti, Coimbatore-641035.",COIMBATORE,Information Technology,it,180.0,171.5,175.0,163.5,121.0,161.0,122.0
TNEA2025-01228,2751,"KGISL Institute of Technology, 365, KGISL Campus, Thudiyalur Road, Saravanampatti, Coimbatore-641035.",COIMBATORE,Mechanical Engineering,me,161.5,147.0,120.5,129.0,94.0,161.0,122.0
TNEA2025-01721,2752,"Nandha College of Technology, 235, Chennimalaipalayam Road, Pitchandampalayam Post, Veppampalayam Village, Erode-638052.",ERODE,Computer Science and Engineering,cs,138.0,128.5,110.0,121.5,95.0,116.5,Not Available
TNEA2025-01722,2752,"Nandha College of Technology, 235, Chennimalaipalayam Road, Pitchandampalayam Post, Veppampalayam Village, Erode-638052.",ERODE,Electrical and Electronics Engineering,ee,126.0,87.0,110.0,98.0,97.5,116.5,Not Available
TNEA2025-01723,2752,"Nandha College of Technology, 235, Chennimalaipalayam Road, Pitchandampalayam Post, Veppampalayam Village, Erode-638052.",ERODE,Electronics and Communication Engineering,ec,149.5,137.5,110.0,115.0,87.5,104.0,Not Available
TNEA2025-01724,2752,"Nandha College of Technology, 235, Chennimalaipalayam Road, Pitchandampalayam Post, Veppampalayam Village, Erode-638052.",ERODE,Information Technology,it,129.0,119.0,101.0,111.0,114.0,113.0,Not Available
TNEA2025-01904,2753,"PPG Institute of Technology, Rathnagiri Road, Saravanampatti, Coimbatore-641035.",COIMBATORE,Agricultural Engineering,ag,106.5,102.5,106.5,99.5,91.5,125.5,124.5
TNEA2025-01905,2753,"PPG Institute of Technology, Rathnagiri Road, Saravanampatti, Coimbatore-641035.",COIMBATORE,Artificial Intelligence and Data Science,ad,144.5,119.5,106.5,113.0,106.5,125.5,124.5
TNEA2025-01906,2753,"PPG Institute of Technology, Rathnagiri Road, Saravanampatti, Coimbatore-641035.",COIMBATORE,Bio Medical Engineering,bm,111.0,94.5,106.5,104.0,106.5,108.0,124.5
TNEA2025-01907,2753,"PPG Institute of Technology, Rathnagiri Road, Saravanampatti, Coimbatore-641035.",COIMBATORE,Computer Science and Engineering,cs,142.5,115.5,127.5,87.5,88.0,108.0,124.5
TNEA2025-01908,2753,"PPG Institute of Technology, Rathnagiri Road, Saravanampatti, Coimbatore-641035.",COIMBATORE,Computer Science and Engineering (Ai and Machine Learning),am,120.0,89.0,127.5,115.0,88.0,108.0,124.5
TNEA2025-01909,2753,"PPG Institute of Technology, Rathnagiri Road, Saravanampatti, Coimbatore-641035.",COIMBATORE,Electronics and Communication Engineering,ec,139.0,93.0,116.0,112.5,102.5,125.5,124.5
TNEA2025-01910,2753,"PPG Institute of Technology, Rathnagiri Road, Saravanampatti, Coimbatore-641035.",COIMBATORE,Information Technology,it,122.5,93.5,106.0,100.0,90.0,125.5,124.5
TNEA2025-01911,2753,"PPG Institute of Technology, Rathnagiri Road, Saravanampatti, Coimbatore-641035.",COIMBATORE,Mechanical Engineering,me,107.5,96.5,106.0,93.0,87.5,125.5,124.5
TNEA2025-01760,2755,"Nehru Institute of Technology (Autonomous), Jawahar Gardens, Kaliapuram, Thirumalayampalayam, Coimbatore-641105.",COIMBATORE,Aeronautical Engineering,ae,147.0,136.5,130.0,138.0,129.0,121.0,126.5
TNEA2025-01761,2755,"Nehru Institute of Technology (Autonomous), Jawahar Gardens, Kaliapuram, Thirumalayampalayam, Coimbatore-641105.",COIMBATORE,Agricultural Engineering,ag,162.5,130.0,130.0,101.0,122.5,121.0,126.5
TNEA2025-01762,2755,"Nehru Institute of Technology (Autonomous), Jawahar Gardens, Kaliapuram, Thirumalayampalayam, Coimbatore-641105.",COIMBATORE,Civil Engineering,ce,113.5,87.5,130.0,84.5,104.5,121.0,126.5
TNEA2025-01763,2755,"Nehru Institute of Technology (Autonomous), Jawahar Gardens, Kaliapuram, Thirumalayampalayam, Coimbatore-641105.",COIMBATORE,Computer Science and Engineering,cs,157.0,147.5,138.5,147.67,116.5,121.0,126.5
TNEA2025-01764,2755,"Nehru Institute of Technology (Autonomous), Jawahar Gardens, Kaliapuram, Thirumalayampalayam, Coimbatore-641105.",COIMBATORE,Computer Science and Engineering (Ai and Machine Learning),am,157.0,148.5,125.5,145.5,113.5,121.0,126.5
TNEA2025-01765,2755,"Nehru Institute of Technology (Autonomous), Jawahar Gardens, Kaliapuram, Thirumalayampalayam, Coimbatore-641105.",COIMBATORE,Computer Science and Engineering (Cyber Security),sc,157.5,144.5,157.0,144.5,112.5,92.5,126.5
TNEA2025-01766,2755,"Nehru Institute of Technology (Autonomous), Jawahar Gardens, Kaliapuram, Thirumalayampalayam, Coimbatore-641105.",COIMBATORE,Food Technology,fd,134.0,82.5,94.5,97.5,109.0,92.5,126.5
TNEA2025-01767,2755,"Nehru Institute of Technology (Autonomous), Jawahar Gardens, Kaliapuram, Thirumalayampalayam, Coimbatore-641105.",COIMBATORE,Information Technology,it,155.5,146.5,94.5,147.5,124.0,151.5,126.5
TNEA2025-01032,2758,"JKK Munirajah College of Technology (Autonomous), 377/1A, Punjai Thurayampalayam, Thookkanickenpalayam (Post), Thookkanickenpalayam, Gobi (Tk), Erode-638506.",ERODE,Artificial Intelligence and Data Science,ad,95.0,Not Available,Not Available,Not Available,Not Available,Not Available,Not Available
TNEA2025-01031,2758,"JKK Munirajah College of Technology (Autonomous), 377/1A, Punjai Thurayampalayam, Thookkanickenpalayam (Post), Thookkanickenpalayam, Gobi (Tk), Erode-638506.",ERODE,Automobile Engineering,au,98.5,Not Available,Not Available,Not Available,Not Available,Not Available,Not Available
TNEA2025-01033,2758,"JKK Munirajah College of Technology (Autonomous), 377/1A, Punjai Thurayampalayam, Thookkanickenpalayam (Post), Thookkanickenpalayam, Gobi (Tk), Erode-638506.",ERODE,Civil Engineering,ce,126.5,Not Available,Not Available,Not Available,Not Available,Not Available,Not Available
TNEA2025-01034,2758,"JKK Munirajah College of Technology (Autonomous), 377/1A, Punjai Thurayampalayam, Thookkanickenpalayam (Post), Thookkanickenpalayam, Gobi (Tk), Erode-638506.",ERODE,Computer Science and Engineering,cs,82.5,Not Available,Not Available,Not Available,Not Available,Not Available,Not Available
TNEA2025-01035,2758,"JKK Munirajah College of Technology (Autonomous), 377/1A, Punjai Thurayampalayam, Thookkanickenpalayam (Post), Thookkanickenpalayam, Gobi (Tk), Erode-638506.",ERODE,Computer Science and Engineering (Cyber Security),sc,86.0,Not Available,Not Available,Not Available,Not Available,Not Available,Not Available
TNEA2025-01036,2758,"JKK Munirajah College of Technology (Autonomous), 377/1A, Punjai Thurayampalayam, Thookkanickenpalayam (Post), Thookkanickenpalayam, Gobi (Tk), Erode-638506.",ERODE,Electrical and Electronics Engineering,ee,94.0,Not Available,Not Available,Not Available,Not Available,Not Available,Not Available
TNEA2025-01037,2758,"JKK Munirajah College of Technology (Autonomous), 377/1A, Punjai Thurayampalayam, Thookkanickenpalayam (Post), Thookkanickenpalayam, Gobi (Tk), Erode-638506.",ERODE,Electronics and Communication Engineering,ec,86.0,Not Available,Not Available,Not Available,Not Available,Not Available,Not Available
TNEA2025-01038,2758,"JKK Munirajah College of Technology (Autonomous), 377/1A, Punjai Thurayampalayam, Thookkanickenpalayam (Post), Thookkanickenpalayam, Gobi (Tk), Erode-638506.",ERODE,Information Technology,it,96.0,Not Available,Not Available,Not Available,Not Available,Not Available,Not Available
TNEA2025-01039,2758,"JKK Munirajah College of Technology (Autonomous), 377/1A, Punjai Thurayampalayam, Thookkanickenpalayam (Post), Thookkanickenpalayam, Gobi (Tk), Erode-638506.",ERODE,Mechanical Engineering,me,89.0,Not Available,Not Available,Not Available,Not Available,Not Available,Not Available
TNEA2025-03171,2761,"United Institute of Technology (Autonomous), G.Koundampalayam, Periyanaickenpalayam, Coimbatore-641020.",COIMBATORE,Artificial Intelligence and Data Science,ad,142.0,119.0,132.5,118.5,103.0,110.5,114.0
TNEA2025-03172,2761,"United Institute of Technology (Autonomous), G.Koundampalayam, Periyanaickenpalayam, Coimbatore-641020.",COIMBATORE,Computer Science and Engineering,cs,144.5,130.5,132.5,138.5,89.5,110.5,114.0
TNEA2025-03173,2761,"United Institute of Technology (Autonomous), G.Koundampalayam, Periyanaickenpalayam, Coimbatore-641020.",COIMBATORE,Computer Science and Engineering (Cyber Security),sc,130.5,97.5,132.5,117.0,104.5,120.0,114.0
TNEA2025-03174,2761,"United Institute of Technology (Autonomous), G.Koundampalayam, Periyanaickenpalayam, Coimbatore-641020.",COIMBATORE,Electronics and Communication Engineering,ec,134.5,101.5,110.0,102.5,104.5,120.0,114.0
TNEA2025-03175,2761,"United Institute of Technology (Autonomous), G.Koundampalayam, Periyanaickenpalayam, Coimbatore-641020.",COIMBATORE,Information Technology,it,132.5,108.0,125.5,102.5,104.5,120.0,114.0
TNEA2025-03176,2761,"United Institute of Technology (Autonomous), G.Koundampalayam, Periyanaickenpalayam, Coimbatore-641020.",COIMBATORE,Robotics and Automation,rm,114.5,88.5,125.5,87.5,104.5,120.0,114.0
TNEA2025-01068,2762,"Jansons Institute of Technology (Autonomous), SF.NO.443/1, 2, 442/1A & 442/1B Karumathampatty, Coimbatore-641659.",COIMBATORE,Artificial Intelligence and Data Science,ad,142.0,133.5,106.5,129.5,97.5,90.5,Not Available
TNEA2025-01069,2762,"Jansons Institute of Technology (Autonomous), SF.NO.443/1, 2, 442/1A & 442/1B Karumathampatty, Coimbatore-641659.",COIMBATORE,Civil Engineering,ce,89.5,133.5,106.5,129.5,97.5,90.5,Not Available
TNEA2025-01070,2762,"Jansons Institute of Technology (Autonomous), SF.NO.443/1, 2, 442/1A & 442/1B Karumathampatty, Coimbatore-641659.",COIMBATORE,Computer Science and Bussiness System,cb,127.0,103.0,110.5,110.0,97.5,90.5,Not Available
TNEA2025-01071,2762,"Jansons Institute of Technology (Autonomous), SF.NO.443/1, 2, 442/1A & 442/1B Karumathampatty, Coimbatore-641659.",COIMBATORE,Computer Science and Engineering,cs,147.5,137.0,95.0,130.5,97.5,90.5,Not Available
TNEA2025-01072,2762,"Jansons Institute of Technology (Autonomous), SF.NO.443/1, 2, 442/1A & 442/1B Karumathampatty, Coimbatore-641659.",COIMBATORE,Electronics and Communication Engineering,ec,134.5,110.5,99.0,106.0,113.0,90.5,Not Available
TNEA2025-01073,2762,"Jansons Institute of Technology (Autonomous), SF.NO.443/1, 2, 442/1A & 442/1B Karumathampatty, Coimbatore-641659.",COIMBATORE,Mechanical Engineering,me,98.5,89.5,88.5,89.5,84.5,90.5,Not Available
TNEA2025-00138,2763,"Akshaya College of Engineering and Technology, SF No.112/1CPT, 114/1, 115/1, 116/2C, Bagavathipalayam Road, Kinathukadavu, Coimbatore-642109.",COIMBATORE,Artificial Intelligence and Data Science,ad,148.0,138.5,129.0,130.5,85.0,123.5,85.5
TNEA2025-00139,2763,"Akshaya College of Engineering and Technology, SF No.112/1CPT, 114/1, 115/1, 116/2C, Bagavathipalayam Road, Kinathukadavu, Coimbatore-642109.",COIMBATORE,Civil Engineering,ce,82.0,138.5,129.0,130.5,85.0,123.5,85.5
TNEA2025-00140,2763,"Akshaya College of Engineering and Technology, SF No.112/1CPT, 114/1, 115/1, 116/2C, Bagavathipalayam Road, Kinathukadavu, Coimbatore-642109.",COIMBATORE,Computer Science and Bussiness System,cb,133.0,124.5,99.5,121.5,104.5,107.5,85.5
TNEA2025-00141,2763,"Akshaya College of Engineering and Technology, SF No.112/1CPT, 114/1, 115/1, 116/2C, Bagavathipalayam Road, Kinathukadavu, Coimbatore-642109.",COIMBATORE,Computer Science and Engineering,cs,144.5,121.0,136.0,113.5,95.0,131.0,85.5
TNEA2025-00142,2763,"Akshaya College of Engineering and Technology, SF No.112/1CPT, 114/1, 115/1, 116/2C, Bagavathipalayam Road, Kinathukadavu, Coimbatore-642109.",COIMBATORE,Electrical and Electronics Engineering,ee,113.5,92.0,80.0,86.5,84.5,131.0,85.5
TNEA2025-00143,2763,"Akshaya College of Engineering and Technology, SF No.112/1CPT, 114/1, 115/1, 116/2C, Bagavathipalayam Road, Kinathukadavu, Coimbatore-642109.",COIMBATORE,Electronics and Communication Engineering,ec,137.0,110.5,80.0,111.0,92.5,92.5,85.5
TNEA2025-00144,2763,"Akshaya College of Engineering and Technology, SF No.112/1CPT, 114/1, 115/1, 116/2C, Bagavathipalayam Road, Kinathukadavu, Coimbatore-642109.",COIMBATORE,Mechanical Engineering,me,103.0,82.5,90.0,101.5,90.0,92.5,85.5
TNEA2025-00145,2763,"Akshaya College of Engineering and Technology, SF No.112/1CPT, 114/1, 115/1, 116/2C, Bagavathipalayam Road, Kinathukadavu, Coimbatore-642109.",COIMBATORE,Mechatronics Engineering,mz,113.5,104.0,108.0,93.0,82.5,92.5,85.5
TNEA2025-01241,2764,"KPR Institute of Engineering and Technology (Autonomous), SF:204/2 & 204/4, Kollupalayam Village, Arasur Panchayat, Coimbatore-641407.",COIMBATORE,Artificial Intelligence and Data Science,ad,187.0,184.5,182.5,180.5,163.5,143.0,157.0
TNEA2025-01242,2764,"KPR Institute of Engineering and Technology (Autonomous), SF:204/2 & 204/4, Kollupalayam Village, Arasur Panchayat, Coimbatore-641407.",COIMBATORE,Bio Medical Engineering,bm,179.0,170.5,175.5,164.0,136.0,143.0,149.5
TNEA2025-01243,2764,"KPR Institute of Engineering and Technology (Autonomous), SF:204/2 & 204/4, Kollupalayam Village, Arasur Panchayat, Coimbatore-641407.",COIMBATORE,Chemical Engineering,ch,174.0,164.5,175.5,157.5,130.0,143.0,149.5
TNEA2025-01244,2764,"KPR Institute of Engineering and Technology (Autonomous), SF:204/2 & 204/4, Kollupalayam Village, Arasur Panchayat, Coimbatore-641407.",COIMBATORE,Civil Engineering,ce,173.0,165.5,156.5,154.5,132.5,128.0,149.5
TNEA2025-01245,2764,"KPR Institute of Engineering and Technology (Autonomous), SF:204/2 & 204/4, Kollupalayam Village, Arasur Panchayat, Coimbatore-641407.",COIMBATORE,Computer Science and Bussiness System,cb,183.0,181.5,181.0,178.0,152.5,147.0,149.5
TNEA2025-01246,2764,"KPR Institute of Engineering and Technology (Autonomous), SF:204/2 & 204/4, Kollupalayam Village, Arasur Panchayat, Coimbatore-641407.",COIMBATORE,Computer Science and Engineering,cs,190.0,186.5,182.0,183.0,163.0,162.0,148.0
TNEA2025-01247,2764,"KPR Institute of Engineering and Technology (Autonomous), SF:204/2 & 204/4, Kollupalayam Village, Arasur Panchayat, Coimbatore-641407.",COIMBATORE,Computer Science and Engineering (Ai and Machine Learning),am,187.5,185.5,186.0,180.0,155.5,149.5,158.0
TNEA2025-01248,2764,"KPR Institute of Engineering and Technology (Autonomous), SF:204/2 & 204/4, Kollupalayam Village, Arasur Panchayat, Coimbatore-641407.",COIMBATORE,Electrical and Electronics Engineering,ee,182.0,181.0,176.5,177.0,147.5,140.0,158.0
TNEA2025-01249,2764,"KPR Institute of Engineering and Technology (Autonomous), SF:204/2 & 204/4, Kollupalayam Village, Arasur Panchayat, Coimbatore-641407.",COIMBATORE,Electronics and Communication Engineering,ec,186.5,184.5,176.5,179.0,158.0,154.0,158.0
TNEA2025-01250,2764,"KPR Institute of Engineering and Technology (Autonomous), SF:204/2 & 204/4, Kollupalayam Village, Arasur Panchayat, Coimbatore-641407.",COIMBATORE,Information Technology,it,186.0,184.0,180.5,179.0,155.5,143.0,178.5
TNEA2025-01251,2764,"KPR Institute of Engineering and Technology (Autonomous), SF:204/2 & 204/4, Kollupalayam Village, Arasur Panchayat, Coimbatore-641407.",COIMBATORE,Mechanical Engineering,me,174.0,169.5,168.0,162.5,130.5,114.5,141.5
TNEA2025-01252,2764,"KPR Institute of Engineering and Technology (Autonomous), SF:204/2 & 204/4, Kollupalayam Village, Arasur Panchayat, Coimbatore-641407.",COIMBATORE,Mechatronics Engineering,mz,177.5,172.5,166.0,165.0,136.0,117.0,141.5
TNEA2025-02367,2767,"SRG Engineering College, SH-95, Mohanur Road, Aniyapuram, Namakkal-637017.",NAMAKKAL,Artificial Intelligence and Data Science,ad,95.0,91.0,Not Available,Not Available,Not Available,Not Available,Not Available
TNEA2025-02368,2767,"SRG Engineering College, SH-95, Mohanur Road, Aniyapuram, Namakkal-637017.",NAMAKKAL,Bio Medical Engineering,bm,92.0,91.0,Not Available,Not Available,Not Available,Not Available,Not Available
TNEA2025-02369,2767,"SRG Engineering College, SH-95, Mohanur Road, Aniyapuram, Namakkal-637017.",NAMAKKAL,Civil Engineering,ce,92.0,91.0,Not Available,Not Available,Not Available,Not Available,Not Available
TNEA2025-02370,2767,"SRG Engineering College, SH-95, Mohanur Road, Aniyapuram, Namakkal-637017.",NAMAKKAL,Computer Science and Engineering,cs,82.0,91.0,Not Available,Not Available,Not Available,Not Available,Not Available
TNEA2025-02371,2767,"SRG Engineering College, SH-95, Mohanur Road, Aniyapuram, Namakkal-637017.",NAMAKKAL,Computer Science and Engineering (Cyber Security),sc,88.5,91.0,Not Available,Not Available,Not Available,Not Available,Not Available
TNEA2025-02372,2767,"SRG Engineering College, SH-95, Mohanur Road, Aniyapuram, Namakkal-637017.",NAMAKKAL,Electrical and Electronics Engineering,ee,88.5,91.0,Not Available,Not Available,Not Available,Not Available,Not Available
TNEA2025-02373,2767,"SRG Engineering College, SH-95, Mohanur Road, Aniyapuram, Namakkal-637017.",NAMAKKAL,Information Technology,it,81.5,91.0,Not Available,Not Available,Not Available,Not Available,Not Available
TNEA2025-02374,2767,"SRG Engineering College, SH-95, Mohanur Road, Aniyapuram, Namakkal-637017.",NAMAKKAL,Mechanical Engineering,me,81.5,91.0,Not Available,Not Available,Not Available,Not Available,Not Available
TNEA2025-02058,2768,"Park College of Technology, Prema Ravi Nagar, Karumathampatty, Coimbatore-641659.",COIMBATORE,Aerospace Engineering,ao,138.0,96.5,Not Available,Not Available,Not Available,Not Available,Not Available
TNEA2025-02059,2768,"Park College of Technology, Prema Ravi Nagar, Karumathampatty, Coimbatore-641659.",COIMBATORE,Artificial Intelligence and Data Science,ad,104.5,96.5,Not Available,Not Available,Not Available,Not Available,Not Available
TNEA2025-02060,2768,"Park College of Technology, Prema Ravi Nagar, Karumathampatty, Coimbatore-641659.",COIMBATORE,Civil Engineering,ce,87.5,96.5,Not Available,Not Available,Not Available,Not Available,Not Available
TNEA2025-02061,2768,"Park College of Technology, Prema Ravi Nagar, Karumathampatty, Coimbatore-641659.",COIMBATORE,Computer Science and Engineering,cs,80.0,96.5,Not Available,Not Available,Not Available,Not Available,Not Available
TNEA2025-02062,2768,"Park College of Technology, Prema Ravi Nagar, Karumathampatty, Coimbatore-641659.",COIMBATORE,Computer Science and Engineering (Ai and Machine Learning),am,105.0,96.5,Not Available,Not Available,Not Available,Not Available,Not Available
TNEA2025-02063,2768,"Park College of Technology, Prema Ravi Nagar, Karumathampatty, Coimbatore-641659.",COIMBATORE,Electronics and Communication Engineering,ec,96.0,96.5,Not Available,Not Available,Not Available,Not Available,Not Available
TNEA2025-02064,2768,"Park College of Technology, Prema Ravi Nagar, Karumathampatty, Coimbatore-641659.",COIMBATORE,Environmental Engineering,en,101.5,96.5,Not Available,Not Available,Not Available,Not Available,Not Available
TNEA2025-02065,2768,"Park College of Technology, Prema Ravi Nagar, Karumathampatty, Coimbatore-641659.",COIMBATORE,Mechanical Engineering,me,101.5,96.5,Not Available,Not Available,Not Available,Not Available,Not Available
TNEA2025-01020,2769,"JCT College of Engineering and Technology (Autonomous), Pichanur, Coimbatore South Taluk, Coimbatore-641105.",COIMBATORE,Artificial Intelligence and Data Science,ad,142.0,114.5,122.5,121.5,90.5,100.5,127.5
TNEA2025-01021,2769,"JCT College of Engineering and Technology (Autonomous), Pichanur, Coimbatore South Taluk, Coimbatore-641105.",COIMBATORE,Bio Technology and Bio Chemical Engineering,bc,131.0,99.5,101.5,103.0,98.5,100.5,127.5
TNEA2025-01022,2769,"JCT College of Engineering and Technology (Autonomous), Pichanur, Coimbatore South Taluk, Coimbatore-641105.",COIMBATORE,Civil Engineering,ce,112.5,92.5,101.5,90.5,91.0,100.5,127.5
TNEA2025-01023,2769,"JCT College of Engineering and Technology (Autonomous), Pichanur, Coimbatore South Taluk, Coimbatore-641105.",COIMBATORE,Computer Science and Bussiness System,cb,128.5,106.0,128.5,103.0,106.0,105.5,127.5
TNEA2025-01024,2769,"JCT College of Engineering and Technology (Autonomous), Pichanur, Coimbatore South Taluk, Coimbatore-641105.",COIMBATORE,Computer Science and Engineering,cs,138.0,113.5,122.0,110.5,87.5,106.5,127.5
TNEA2025-01025,2769,"JCT College of Engineering and Technology (Autonomous), Pichanur, Coimbatore South Taluk, Coimbatore-641105.",COIMBATORE,Electrical and Electronics Engineering,ee,127.0,114.0,99.0,102.0,116.5,106.5,127.5
TNEA2025-01026,2769,"JCT College of Engineering and Technology (Autonomous), Pichanur, Coimbatore South Taluk, Coimbatore-641105.",COIMBATORE,Electronics and Communication Engineering,ec,140.0,118.0,132.5,121.0,96.0,106.5,127.5
TNEA2025-01027,2769,"JCT College of Engineering and Technology (Autonomous), Pichanur, Coimbatore South Taluk, Coimbatore-641105.",COIMBATORE,Food Technology,fd,140.5,101.0,133.0,95.5,82.0,101.0,127.5
TNEA2025-01028,2769,"JCT College of Engineering and Technology (Autonomous), Pichanur, Coimbatore South Taluk, Coimbatore-641105.",COIMBATORE,Mechanical Engineering,me,123.5,100.5,123.0,100.5,97.0,101.0,127.5
TNEA2025-01029,2769,"JCT College of Engineering and Technology (Autonomous), Pichanur, Coimbatore South Taluk, Coimbatore-641105.",COIMBATORE,Petro Chemical Technology,pc,136.5,121.5,122.5,117.0,127.5,124.5,127.5
TNEA2025-01030,2769,"JCT College of Engineering and Technology (Autonomous), Pichanur, Coimbatore South Taluk, Coimbatore-641105.",COIMBATORE,Petroleum Engineering,pe,154.5,117.0,122.5,110.5,136.0,124.5,127.5
TNEA2025-02966,2770,"Studyworld College of Engineering, Alagu Nachiamman Koil Road, Palathurai Post, Coimbatore-641105.",COIMBATORE,Artificial Intelligence and Data Science,ad,122.5,102.0,109.0,101.0,101.5,83.0,Not Available
TNEA2025-02967,2770,"Studyworld College of Engineering, Alagu Nachiamman Koil Road, Palathurai Post, Coimbatore-641105.",COIMBATORE,Computer Science and Engineering,cs,115.5,91.5,100.0,98.0,92.5,83.0,Not Available
TNEA2025-02968,2770,"Studyworld College of Engineering, Alagu Nachiamman Koil Road, Palathurai Post, Coimbatore-641105.",COIMBATORE,Computer Science and Engineering (Ai and Machine Learning),am,106.5,98.5,100.0,98.0,98.0,83.0,Not Available
TNEA2025-02969,2770,"Studyworld College of Engineering, Alagu Nachiamman Koil Road, Palathurai Post, Coimbatore-641105.",COIMBATORE,Computer Science and Engineering (Cyber Security),sc,130.5,93.0,112.0,110.0,105.0,83.0,Not Available
TNEA2025-02970,2770,"Studyworld College of Engineering, Alagu Nachiamman Koil Road, Palathurai Post, Coimbatore-641105.",COIMBATORE,Electrical and Electronics Engineering,ee,102.5,102.0,112.0,110.0,88.0,83.0,Not Available
TNEA2025-02971,2770,"Studyworld College of Engineering, Alagu Nachiamman Koil Road, Palathurai Post, Coimbatore-641105.",COIMBATORE,Electronics and Communication Engineering,ec,105.5,89.5,112.0,98.0,87.0,83.0,Not Available
TNEA2025-02972,2770,"Studyworld College of Engineering, Alagu Nachiamman Koil Road, Palathurai Post, Coimbatore-641105.",COIMBATORE,Information Technology,it,142.0,119.5,112.0,113.5,126.0,83.0,Not Available
TNEA2025-02973,2770,"Studyworld College of Engineering, Alagu Nachiamman Koil Road, Palathurai Post, Coimbatore-641105.",COIMBATORE,Mechanical Engineering,me,122.0,119.5,112.0,113.5,126.0,83.0,Not Available
TNEA2025-00409,2772,"C M S College of Engineering and Technology, Appachigoundapathy, Kumittipathy Post, Coimbatore-641032.",COIMBATORE,Artificial Intelligence and Data Science,ad,115.0,98.0,111.5,92.5,105.0,Not Available,Not Available
TNEA2025-00410,2772,"C M S College of Engineering and Technology, Appachigoundapathy, Kumittipathy Post, Coimbatore-641032.",COIMBATORE,Computer Science and Engineering,cs,113.0,80.0,111.5,94.5,105.0,Not Available,Not Available
TNEA2025-00411,2772,"C M S College of Engineering and Technology, Appachigoundapathy, Kumittipathy Post, Coimbatore-641032.",COIMBATORE,Computer Science and Engineering (Ai and Machine Learning),am,109.0,107.5,111.5,88.0,105.0,Not Available,Not Available
TNEA2025-00412,2772,"C M S College of Engineering and Technology, Appachigoundapathy, Kumittipathy Post, Coimbatore-641032.",COIMBATORE,Computer Science and Engineering (Cyber Security),sc,127.5,81.0,111.5,88.0,104.5,Not Available,Not Available
TNEA2025-00413,2772,"C M S College of Engineering and Technology, Appachigoundapathy, Kumittipathy Post, Coimbatore-641032.",COIMBATORE,Electronics and Communication Engineering,ec,116.0,88.0,112.0,102.0,97.5,Not Available,Not Available
TNEA2025-00414,2772,"C M S College of Engineering and Technology, Appachigoundapathy, Kumittipathy Post, Coimbatore-641032.",COIMBATORE,Information Technology,it,124.5,94.5,112.0,109.0,97.5,Not Available,Not Available
TNEA2025-00415,2772,"C M S College of Engineering and Technology, Appachigoundapathy, Kumittipathy Post, Coimbatore-641032.",COIMBATORE,Mechanical Engineering,me,83.0,94.5,112.0,109.0,97.5,Not Available,Not Available
TNEA2025-02138,2776,"R V S Technical Campus Coimbatore, Kumaran Kottam Campus, Kannampalayam, Sulur, Coimbatore-641402.",COIMBATORE,Agricultural Engineering,ag,116.0,89.0,82.0,81.0,95.5,125.0,118.0
TNEA2025-02140,2776,"R V S Technical Campus Coimbatore, Kumaran Kottam Campus, Kannampalayam, Sulur, Coimbatore-641402.",COIMBATORE,Artificial Intelligence and Data Science,ad,157.0,139.5,135.5,137.0,110.0,125.0,118.0
TNEA2025-02139,2776,"R V S Technical Campus Coimbatore, Kumaran Kottam Campus, Kannampalayam, Sulur, Coimbatore-641402.",COIMBATORE,Automobile Engineering,au,100.5,87.5,82.0,81.0,95.5,125.0,118.0
TNEA2025-02141,2776,"R V S Technical Campus Coimbatore, Kumaran Kottam Campus, Kannampalayam, Sulur, Coimbatore-641402.",COIMBATORE,Civil Engineering,ce,108.0,98.0,135.5,88.0,110.0,125.0,118.0
TNEA2025-02142,2776,"R V S Technical Campus Coimbatore, Kumaran Kottam Campus, Kannampalayam, Sulur, Coimbatore-641402.",COIMBATORE,Computer Science and Engineering,cs,155.5,146.0,130.5,138.0,116.5,130.0,118.0
TNEA2025-02143,2776,"R V S Technical Campus Coimbatore, Kumaran Kottam Campus, Kannampalayam, Sulur, Coimbatore-641402.",COIMBATORE,Computer Science and Engineering (Ai and Machine Learning),am,143.5,132.5,130.5,137.0,108.5,130.0,118.0
TNEA2025-02144,2776,"R V S Technical Campus Coimbatore, Kumaran Kottam Campus, Kannampalayam, Sulur, Coimbatore-641402.",COIMBATORE,Computer Science and Engineering (Cyber Security),sc,144.5,130.0,125.0,140.5,107.5,129.0,118.0
TNEA2025-02145,2776,"R V S Technical Campus Coimbatore, Kumaran Kottam Campus, Kannampalayam, Sulur, Coimbatore-641402.",COIMBATORE,Mechanical Engineering,me,107.5,87.0,125.0,96.5,83.0,129.0,118.0
TNEA2025-02146,2776,"R V S Technical Campus Coimbatore, Kumaran Kottam Campus, Kannampalayam, Sulur, Coimbatore-641402.",COIMBATORE,Mechatronics Engineering,mz,126.5,110.0,125.0,120.5,83.0,129.0,118.0
TNEA2025-02488,3,School of Architecture and Planning Anna University Chennai 600025,CHENNAI,B.Plan,bp,187.0,179.0,178.0,179.0,167.0,165.38,Not Available
TNEA2025-03248,3011,University College of Engineering Tiruchirappalli (Bharathidasan Institute of Technology) Tiruchirappalli District 620024,TIRUCHIRAPPALLI,Bio Technology,bt,168.0,153.0,150.5,142.5,151.5,121.0,122.0
TNEA2025-03249,3011,University College of Engineering Tiruchirappalli (Bharathidasan Institute of Technology) Tiruchirappalli District 620024,TIRUCHIRAPPALLI,Civil Engineering,ce,160.0,136.5,117.0,138.0,120.5,111.0,125.0
TNEA2025-03254,3011,University College of Engineering Tiruchirappalli (Bharathidasan Institute of Technology) Tiruchirappalli District 620024,TIRUCHIRAPPALLI,Civil Engineering (Environmental Engineering),ck,129.0,85.5,162.0,119.0,97.0,129.5,133.0
TNEA2025-03250,3011,University College of Engineering Tiruchirappalli (Bharathidasan Institute of Technology) Tiruchirappalli District 620024,TIRUCHIRAPPALLI,Civil Engineering (Tamil Medium),xc,150.0,83.5,117.0,105.5,101.0,141.5,116.0
TNEA2025-03251,3011,University College of Engineering Tiruchirappalli (Bharathidasan Institute of Technology) Tiruchirappalli District 620024,TIRUCHIRAPPALLI,Computer Science and Engineering,cs,184.5,178.0,174.0,180.0,174.0,155.0,133.0
TNEA2025-03252,3011,University College of Engineering Tiruchirappalli (Bharathidasan Institute of Technology) Tiruchirappalli District 620024,TIRUCHIRAPPALLI,Computer Science and Engineering (Ai and Machine Learning),am,176.0,169.0,162.5,169.5,162.5,155.5,133.0
TNEA2025-03253,3011,University College of Engineering Tiruchirappalli (Bharathidasan Institute of Technology) Tiruchirappalli District 620024,TIRUCHIRAPPALLI,Computer Science and Engineering (Data Science),cf,175.0,168.0,162.0,170.5,155.0,129.5,133.0
TNEA2025-03257,3011,University College of Engineering Tiruchirappalli (Bharathidasan Institute of Technology) Tiruchirappalli District 620024,TIRUCHIRAPPALLI,Electrical and Computer Engineering,ef,160.5,146.5,157.5,147.0,126.5,109.0,112.5
TNEA2025-03255,3011,University College of Engineering Tiruchirappalli (Bharathidasan Institute of Technology) Tiruchirappalli District 620024,TIRUCHIRAPPALLI,Electrical and Electronics Engineering,ee,168.0,157.0,142.5,155.0,144.5,115.0,122.5
TNEA2025-03258,3011,University College of Engineering Tiruchirappalli (Bharathidasan Institute of Technology) Tiruchirappalli District 620024,TIRUCHIRAPPALLI,Electronics Engineering (Vlsi Design and Technology),ev,163.5,156.5,148.0,151.0,137.0,108.5,112.5
TNEA2025-03256,3011,University College of Engineering Tiruchirappalli (Bharathidasan Institute of Technology) Tiruchirappalli District 620024,TIRUCHIRAPPALLI,Electronics and Communication Engineering,ec,178.5,171.5,163.0,172.5,164.5,159.0,112.5
TNEA2025-03259,3011,University College of Engineering Tiruchirappalli (Bharathidasan Institute of Technology) Tiruchirappalli District 620024,TIRUCHIRAPPALLI,Information Technology,it,181.5,172.5,176.5,173.5,167.5,148.0,140.5
TNEA2025-03260,3011,University College of Engineering Tiruchirappalli (Bharathidasan Institute of Technology) Tiruchirappalli District 620024,TIRUCHIRAPPALLI,Mechanical Engineering,me,157.0,142.5,96.0,132.5,140.5,113.0,140.5
TNEA2025-03262,3011,University College of Engineering Tiruchirappalli (Bharathidasan Institute of Technology) Tiruchirappalli District 620024,TIRUCHIRAPPALLI,Mechanical Engineering (Automobile),mb,138.5,118.0,120.0,102.0,98.0,85.5,140.5
TNEA2025-03261,3011,University College of Engineering Tiruchirappalli (Bharathidasan Institute of Technology) Tiruchirappalli District 620024,TIRUCHIRAPPALLI,Mechanical Engineering (Tamil Medium),xm,101.0,142.5,96.0,132.5,140.5,85.5,140.5
TNEA2025-03263,3011,University College of Engineering Tiruchirappalli (Bharathidasan Institute of Technology) Tiruchirappalli District 620024,TIRUCHIRAPPALLI,Mechanical and Smart Manufacturing,mj,128.5,92.0,120.5,92.5,107.0,85.5,140.5
TNEA2025-03264,3011,University College of Engineering Tiruchirappalli (Bharathidasan Institute of Technology) Tiruchirappalli District 620024,TIRUCHIRAPPALLI,Petro Chemical Technology,pc,153.0,131.5,92.5,130.5,97.5,134.5,129.0
TNEA2025-03265,3011,University College of Engineering Tiruchirappalli (Bharathidasan Institute of Technology) Tiruchirappalli District 620024,TIRUCHIRAPPALLI,Pharmaceutical Technology,ph,159.5,142.0,154.5,123.5,108.0,134.5,129.0
TNEA2025-03184,3016,University College of Engineering Ariyalur Kathankudikadu Village Thelur Post Ariyalur District 621704,ARIYALUR,Civil Engineering,ce,83.0,143.0,113.0,142.0,136.0,142.5,Not Available
TNEA2025-03185,3016,University College of Engineering Ariyalur Kathankudikadu Village Thelur Post Ariyalur District 621704,ARIYALUR,Civil Engineering (Tamil Medium),xc,109.0,143.0,113.0,142.0,136.0,142.5,Not Available
TNEA2025-03186,3016,University College of Engineering Ariyalur Kathankudikadu Village Thelur Post Ariyalur District 621704,ARIYALUR,Computer Science and Engineering,cs,158.5,143.0,113.0,142.0,136.0,142.5,Not Available
TNEA2025-03187,3016,University College of Engineering Ariyalur Kathankudikadu Village Thelur Post Ariyalur District 621704,ARIYALUR,Electrical and Electronics Engineering,ee,123.0,100.5,113.0,91.0,80.0,142.5,Not Available
TNEA2025-03188,3016,University College of Engineering Ariyalur Kathankudikadu Village Thelur Post Ariyalur District 621704,ARIYALUR,Electronics and Communication Engineering,ec,143.0,120.0,104.5,112.5,116.5,100.5,Not Available
TNEA2025-03189,3016,University College of Engineering Ariyalur Kathankudikadu Village Thelur Post Ariyalur District 621704,ARIYALUR,Mechanical Engineering,me,93.0,120.0,104.5,112.5,116.5,100.5,Not Available
TNEA2025-03190,3016,University College of Engineering Ariyalur Kathankudikadu Village Thelur Post Ariyalur District 621704,ARIYALUR,Mechanical Engineering (Tamil Medium),xm,93.0,120.0,104.5,112.5,116.5,100.5,Not Available
TNEA2025-03236,3018,University College of Engineering Thirukkuvalai Nagappattinam District 610204,NAGAPATTINAM,Civil Engineering,ce,96.0,139.5,120.0,98.0,85.5,88.5,107.0
TNEA2025-03237,3018,University College of Engineering Thirukkuvalai Nagappattinam District 610204,NAGAPATTINAM,Civil Engineering (Tamil Medium),xc,98.5,139.5,120.0,98.0,85.5,88.5,107.0
TNEA2025-03238,3018,University College of Engineering Thirukkuvalai Nagappattinam District 610204,NAGAPATTINAM,Computer Science and Engineering,cs,151.5,139.5,120.0,130.5,127.0,88.5,107.0
TNEA2025-03239,3018,University College of Engineering Thirukkuvalai Nagappattinam District 610204,NAGAPATTINAM,Electrical and Electronics Engineering,ee,112.5,94.0,120.0,87.5,92.0,88.5,107.0
TNEA2025-03240,3018,University College of Engineering Thirukkuvalai Nagappattinam District 610204,NAGAPATTINAM,Electronics and Communication Engineering,ec,143.5,129.0,114.5,123.0,116.5,88.5,107.0
TNEA2025-03241,3018,University College of Engineering Thirukkuvalai Nagappattinam District 610204,NAGAPATTINAM,Mechanical Engineering,me,92.5,90.5,114.5,123.0,116.5,88.5,107.0
TNEA2025-03242,3018,University College of Engineering Thirukkuvalai Nagappattinam District 610204,NAGAPATTINAM,Mechanical Engineering (Tamil Medium),xm,84.0,90.5,114.5,123.0,116.5,88.5,107.0
TNEA2025-03215,3019,University College of Engineering Panruti Chennai-Kumbakonam Highway Panikkankuppam Panruti Cuddalore District 607106,CUDDALORE,Civil Engineering,ce,110.0,87.0,128.5,86.5,97.5,107.0,Not Available
TNEA2025-03216,3019,University College of Engineering Panruti Chennai-Kumbakonam Highway Panikkankuppam Panruti Cuddalore District 607106,CUDDALORE,Civil Engineering (Tamil Medium),xc,102.0,87.0,128.5,96.5,88.0,107.0,Not Available
TNEA2025-03217,3019,University College of Engineering Panruti Chennai-Kumbakonam Highway Panikkankuppam Panruti Cuddalore District 607106,CUDDALORE,Computer Science and Engineering,cs,162.5,145.5,128.5,154.5,130.5,107.0,Not Available
TNEA2025-03218,3019,University College of Engineering Panruti Chennai-Kumbakonam Highway Panikkankuppam Panruti Cuddalore District 607106,CUDDALORE,Electrical and Electronics Engineering,ee,133.5,108.0,128.5,115.5,102.5,107.0,Not Available
TNEA2025-03219,3019,University College of Engineering Panruti Chennai-Kumbakonam Highway Panikkankuppam Panruti Cuddalore District 607106,CUDDALORE,Electronics and Communication Engineering,ec,151.5,133.0,128.5,143.5,118.0,107.0,Not Available
TNEA2025-03220,3019,University College of Engineering Panruti Chennai-Kumbakonam Highway Panikkankuppam Panruti Cuddalore District 607106,CUDDALORE,Mechanical Engineering,me,122.0,95.0,128.5,106.5,88.5,107.0,Not Available
TNEA2025-03221,3019,University College of Engineering Panruti Chennai-Kumbakonam Highway Panikkankuppam Panruti Cuddalore District 607106,CUDDALORE,Mechanical Engineering (Tamil Medium),xm,80.0,95.0,128.5,106.5,88.5,107.0,Not Available
TNEA2025-03222,3021,University College of Engineering Pattukkottai ECR Road Rajamadam Pattukkottai Taluk Thanjavur District 614701,THANJAVUR,Civil Engineering,ce,107.0,94.5,152.5,103.0,133.0,91.5,113.0
TNEA2025-03223,3021,University College of Engineering Pattukkottai ECR Road Rajamadam Pattukkottai Taluk Thanjavur District 614701,THANJAVUR,Civil Engineering (Tamil Medium),xc,112.0,94.5,152.5,103.0,133.0,91.5,113.0
TNEA2025-03224,3021,University College of Engineering Pattukkottai ECR Road Rajamadam Pattukkottai Taluk Thanjavur District 614701,THANJAVUR,Computer Science and Engineering,cs,164.5,149.0,152.5,148.0,133.0,91.5,113.0
TNEA2025-03225,3021,University College of Engineering Pattukkottai ECR Road Rajamadam Pattukkottai Taluk Thanjavur District 614701,THANJAVUR,Electrical and Electronics Engineering,ee,134.5,88.5,130.5,114.5,105.5,91.5,113.0
TNEA2025-03226,3021,University College of Engineering Pattukkottai ECR Road Rajamadam Pattukkottai Taluk Thanjavur District 614701,THANJAVUR,Electronics and Communication Engineering,ec,144.5,129.0,137.5,123.99,112.5,142.5,113.0
TNEA2025-03227,3021,University College of Engineering Pattukkottai ECR Road Rajamadam Pattukkottai Taluk Thanjavur District 614701,THANJAVUR,Mechanical Engineering,me,121.0,90.5,137.5,115.5,112.5,142.5,113.0
TNEA2025-03228,3021,University College of Engineering Pattukkottai ECR Road Rajamadam Pattukkottai Taluk Thanjavur District 614701,THANJAVUR,Mechanical Engineering (Tamil Medium),xm,86.0,90.5,137.5,115.5,112.5,142.5,113.0
TNEA2025-01359,3410,"Krishnasamy College of Engineering and Technology, Nellikuppam Main Road, S.Kumarapuram, Cuddalore-607109.",CUDDALORE,Artificial Intelligence and Data Science,ad,134.5,105.0,166.5,123.0,118.5,Not Available,132.0
TNEA2025-01360,3410,"Krishnasamy College of Engineering and Technology, Nellikuppam Main Road, S.Kumarapuram, Cuddalore-607109.",CUDDALORE,Civil Engineering,ce,96.0,105.0,166.5,123.0,118.5,Not Available,132.0
TNEA2025-01361,3410,"Krishnasamy College of Engineering and Technology, Nellikuppam Main Road, S.Kumarapuram, Cuddalore-607109.",CUDDALORE,Computer Science and Engineering,cs,149.0,127.5,166.5,128.0,125.0,Not Available,132.0
TNEA2025-01362,3410,"Krishnasamy College of Engineering and Technology, Nellikuppam Main Road, S.Kumarapuram, Cuddalore-607109.",CUDDALORE,Electrical and Electronics Engineering,ee,112.0,95.0,166.5,92.5,93.0,Not Available,132.0
TNEA2025-01363,3410,"Krishnasamy College of Engineering and Technology, Nellikuppam Main Road, S.Kumarapuram, Cuddalore-607109.",CUDDALORE,Electronics and Communication Engineering,ec,135.5,93.0,98.5,124.0,111.5,Not Available,132.0
TNEA2025-01364,3410,"Krishnasamy College of Engineering and Technology, Nellikuppam Main Road, S.Kumarapuram, Cuddalore-607109.",CUDDALORE,Information Technology,it,151.0,122.0,112.5,130.0,111.5,Not Available,132.0
TNEA2025-01365,3410,"Krishnasamy College of Engineering and Technology, Nellikuppam Main Road, S.Kumarapuram, Cuddalore-607109.",CUDDALORE,Mechanical Engineering,me,100.0,86.5,112.5,83.0,90.0,Not Available,132.0
TNEA2025-00423,3425,"C.K. College of Engineering & Technology, Jayaram Nagar, Chellangkuppam, Cuddalore-607003.",CUDDALORE,Artificial Intelligence and Data Science,ad,163.0,125.5,155.0,149.0,116.5,106.5,Not Available
TNEA2025-00424,3425,"C.K. College of Engineering & Technology, Jayaram Nagar, Chellangkuppam, Cuddalore-607003.",CUDDALORE,Bio Medical Engineering,bm,121.5,108.5,155.0,91.5,92.5,106.5,Not Available
TNEA2025-00425,3425,"C.K. College of Engineering & Technology, Jayaram Nagar, Chellangkuppam, Cuddalore-607003.",CUDDALORE,Civil Engineering,ce,119.0,83.0,109.5,89.5,108.0,84.0,Not Available
TNEA2025-00426,3425,"C.K. College of Engineering & Technology, Jayaram Nagar, Chellangkuppam, Cuddalore-607003.",CUDDALORE,Computer Science and Engineering,cs,168.5,134.0,152.5,155.5,124.5,104.5,Not Available
TNEA2025-00427,3425,"C.K. College of Engineering & Technology, Jayaram Nagar, Chellangkuppam, Cuddalore-607003.",CUDDALORE,Electrical and Electronics Engineering,ee,126.5,105.5,94.0,101.0,86.0,104.5,Not Available
TNEA2025-00428,3425,"C.K. College of Engineering & Technology, Jayaram Nagar, Chellangkuppam, Cuddalore-607003.",CUDDALORE,Electronics and Communication Engineering,ec,142.5,106.0,134.5,138.0,105.5,104.5,Not Available
TNEA2025-00429,3425,"C.K. College of Engineering & Technology, Jayaram Nagar, Chellangkuppam, Cuddalore-607003.",CUDDALORE,Information Technology,it,164.0,110.5,145.0,145.0,127.0,89.5,Not Available
TNEA2025-00430,3425,"C.K. College of Engineering & Technology, Jayaram Nagar, Chellangkuppam, Cuddalore-607003.",CUDDALORE,Mechanical Engineering,me,116.5,110.5,91.5,103.0,96.0,89.5,Not Available
TNEA2025-00431,3425,"C.K. College of Engineering & Technology, Jayaram Nagar, Chellangkuppam, Cuddalore-607003.",CUDDALORE,Robotics and Automation,rm,121.0,116.5,95.0,99.0,101.0,89.5,Not Available
TNEA2025-02725,3454,"Sri Ramakrishna College of Engineering, Sri Saradha Nagar, NH - 45, Perambalur-621113.",PERAMBALUR,Agricultural Engineering,ag,127.5,100.5,116.0,80.5,108.0,105.0,Not Available
TNEA2025-02726,3454,"Sri Ramakrishna College of Engineering, Sri Saradha Nagar, NH - 45, Perambalur-621113.",PERAMBALUR,Artificial Intelligence and Data Science,ad,144.5,100.5,116.0,105.5,113.0,105.0,Not Available
TNEA2025-02727,3454,"Sri Ramakrishna College of Engineering, Sri Saradha Nagar, NH - 45, Perambalur-621113.",PERAMBALUR,Bio Medical Engineering,bm,132.5,116.0,116.0,125.5,124.0,105.0,Not Available
TNEA2025-02728,3454,"Sri Ramakrishna College of Engineering, Sri Saradha Nagar, NH - 45, Perambalur-621113.",PERAMBALUR,Civil Engineering,ce,107.0,116.0,116.0,125.5,124.0,105.0,Not Available
TNEA2025-02729,3454,"Sri Ramakrishna College of Engineering, Sri Saradha Nagar, NH - 45, Perambalur-621113.",PERAMBALUR,Computer Science and Engineering,cs,135.5,102.0,115.5,104.5,103.5,105.0,Not Available
TNEA2025-02730,3454,"Sri Ramakrishna College of Engineering, Sri Saradha Nagar, NH - 45, Perambalur-621113.",PERAMBALUR,Computer Science and Engineering (Cyber Security),sc,120.0,102.0,115.5,101.0,103.5,105.0,Not Available
TNEA2025-02731,3454,"Sri Ramakrishna College of Engineering, Sri Saradha Nagar, NH - 45, Perambalur-621113.",PERAMBALUR,Mechanical Engineering,me,117.5,102.0,115.5,95.5,103.5,105.0,Not Available
TNEA2025-01253,3456,"KSK College of Engineering and Technology, Thanjavur Main Road, Ammapet (Village), Dharasuram Post, Kumbakonam Taluk, Thanjavur District-612702.",THANJAVUR,Agricultural Engineering,ag,92.5,89.5,90.0,94.0,93.5,Not Available,Not Available
TNEA2025-01254,3456,"KSK College of Engineering and Technology, Thanjavur Main Road, Ammapet (Village), Dharasuram Post, Kumbakonam Taluk, Thanjavur District-612702.",THANJAVUR,Artificial Intelligence and Data Science,ad,102.0,89.5,90.0,94.0,93.5,Not Available,Not Available
TNEA2025-01255,3456,"KSK College of Engineering and Technology, Thanjavur Main Road, Ammapet (Village), Dharasuram Post, Kumbakonam Taluk, Thanjavur District-612702.",THANJAVUR,Bio Medical Engineering,bm,96.0,85.0,90.0,94.0,85.5,Not Available,Not Available
TNEA2025-01256,3456,"KSK College of Engineering and Technology, Thanjavur Main Road, Ammapet (Village), Dharasuram Post, Kumbakonam Taluk, Thanjavur District-612702.",THANJAVUR,Computer Science and Engineering,cs,100.5,82.5,90.0,89.0,85.5,Not Available,Not Available
TNEA2025-01257,3456,"KSK College of Engineering and Technology, Thanjavur Main Road, Ammapet (Village), Dharasuram Post, Kumbakonam Taluk, Thanjavur District-612702.",THANJAVUR,Computer Science and Engineering (Ai and Machine Learning),am,84.0,82.5,90.0,89.0,85.5,Not Available,Not Available
TNEA2025-01258,3456,"KSK College of Engineering and Technology, Thanjavur Main Road, Ammapet (Village), Dharasuram Post, Kumbakonam Taluk, Thanjavur District-612702.",THANJAVUR,Electrical and Electronics Engineering,ee,98.5,82.5,90.0,89.0,85.5,Not Available,Not Available
TNEA2025-01259,3456,"KSK College of Engineering and Technology, Thanjavur Main Road, Ammapet (Village), Dharasuram Post, Kumbakonam Taluk, Thanjavur District-612702.",THANJAVUR,Electronics and Communication Engineering,ec,92.0,82.5,90.0,89.0,85.5,Not Available,Not Available
TNEA2025-01260,3456,"KSK College of Engineering and Technology, Thanjavur Main Road, Ammapet (Village), Dharasuram Post, Kumbakonam Taluk, Thanjavur District-612702.",THANJAVUR,Mechanical Engineering,me,86.0,82.5,90.0,89.0,85.5,Not Available,Not Available
TNEA2025-02997,3460,"Surya College of Engineering, Somu Nagar, Konalai, Tiruchirappalli-621132.",TIRUCHIRAPPALLI,Civil Engineering,ce,93.0,Not Available,Not Available,Not Available,Not Available,Not Available,Not Available
TNEA2025-02998,3460,"Surya College of Engineering, Somu Nagar, Konalai, Tiruchirappalli-621132.",TIRUCHIRAPPALLI,Computer Science and Engineering,cs,93.0,Not Available,Not Available,Not Available,Not Available,Not Available,Not Available
TNEA2025-02999,3460,"Surya College of Engineering, Somu Nagar, Konalai, Tiruchirappalli-621132.",TIRUCHIRAPPALLI,Electrical and Electronics Engineering,ee,88.0,Not Available,Not Available,Not Available,Not Available,Not Available,Not Available
TNEA2025-03000,3460,"Surya College of Engineering, Somu Nagar, Konalai, Tiruchirappalli-621132.",TIRUCHIRAPPALLI,Mechanical Engineering,me,85.0,Not Available,Not Available,Not Available,Not Available,Not Available,Not Available
TNEA2025-00274,3461,"Arifa Institute of Technology, Esanoor, Keelaiyur Post, Tirukkuvalai Taluk, Nagapattinam District-611103.",NAGAPATTINAM,Artificial Intelligence and Data Science,ad,118.0,99.5,111.0,91.0,86.5,Not Available,Not Available
TNEA2025-00275,3461,"Arifa Institute of Technology, Esanoor, Keelaiyur Post, Tirukkuvalai Taluk, Nagapattinam District-611103.",NAGAPATTINAM,Computer Science and Engineering,cs,105.0,104.0,104.0,98.5,82.0,Not Available,Not Available
TNEA2025-00276,3461,"Arifa Institute of Technology, Esanoor, Keelaiyur Post, Tirukkuvalai Taluk, Nagapattinam District-611103.",NAGAPATTINAM,Computer Science and Engineering (Cyber Security),sc,81.5,104.0,104.0,98.5,82.0,Not Available,Not Available
TNEA2025-00277,3461,"Arifa Institute of Technology, Esanoor, Keelaiyur Post, Tirukkuvalai Taluk, Nagapattinam District-611103.",NAGAPATTINAM,Electrical and Electronics Engineering,ee,90.5,104.0,104.0,98.5,82.0,Not Available,Not Available
TNEA2025-00278,3461,"Arifa Institute of Technology, Esanoor, Keelaiyur Post, Tirukkuvalai Taluk, Nagapattinam District-611103.",NAGAPATTINAM,Electronics and Communication Engineering,ec,99.0,104.0,104.0,98.5,82.0,Not Available,Not Available
TNEA2025-00279,3461,"Arifa Institute of Technology, Esanoor, Keelaiyur Post, Tirukkuvalai Taluk, Nagapattinam District-611103.",NAGAPATTINAM,Information Technology,it,121.0,91.5,104.0,118.0,100.0,Not Available,Not Available
TNEA2025-00280,3461,"Arifa Institute of Technology, Esanoor, Keelaiyur Post, Tirukkuvalai Taluk, Nagapattinam District-611103.",NAGAPATTINAM,Mechanical Engineering,me,83.5,91.5,104.0,118.0,100.0,Not Available,Not Available
TNEA2025-00862,3464,Government College of Engineering Gandarvakottai Road Sengipatti Thanjavur District 613402,THANJAVUR,Civil Engineering,ce,146.0,125.0,141.5,129.0,132.0,157.5,152.5
TNEA2025-00863,3464,Government College of Engineering Gandarvakottai Road Sengipatti Thanjavur District 613402,THANJAVUR,Computer Science and Engineering,cs,178.5,172.5,173.5,170.5,160.5,157.5,152.5
TNEA2025-00864,3464,Government College of Engineering Gandarvakottai Road Sengipatti Thanjavur District 613402,THANJAVUR,Electrical and Electronics Engineering,ee,161.0,155.0,157.5,152.0,143.0,106.5,122.5
TNEA2025-00865,3464,Government College of Engineering Gandarvakottai Road Sengipatti Thanjavur District 613402,THANJAVUR,Electronics and Communication Engineering,ec,172.5,167.0,168.0,165.5,151.0,106.5,134.5
TNEA2025-00866,3464,Government College of Engineering Gandarvakottai Road Sengipatti Thanjavur District 613402,THANJAVUR,Mechanical Engineering,me,150.5,131.5,138.5,130.5,133.5,119.5,134.5
TNEA2025-00872,3465,Government College of Engineering Srirangam Sethurappatti Tiruchirappalli District 620012,TIRUCHIRAPPALLI,Civil Engineering,ce,161.5,137.5,119.5,139.0,143.0,119.5,142.5
TNEA2025-00873,3465,Government College of Engineering Srirangam Sethurappatti Tiruchirappalli District 620012,TIRUCHIRAPPALLI,Computer Science and Engineering,cs,185.0,177.5,177.5,178.5,164.5,146.5,142.5
TNEA2025-00874,3465,Government College of Engineering Srirangam Sethurappatti Tiruchirappalli District 620012,TIRUCHIRAPPALLI,Electrical and Electronics Engineering,ee,171.5,164.5,162.5,160.0,145.5,149.0,128.0
TNEA2025-00875,3465,Government College of Engineering Srirangam Sethurappatti Tiruchirappalli District 620012,TIRUCHIRAPPALLI,Electronics and Communication Engineering,ec,178.0,174.0,174.5,172.0,156.5,156.5,139.5
TNEA2025-00876,3465,Government College of Engineering Srirangam Sethurappatti Tiruchirappalli District 620012,TIRUCHIRAPPALLI,Mechanical Engineering,me,159.5,146.5,159.5,144.0,138.5,116.0,139.5
TNEA2025-01775,3466,"Nelliandavar Institute of Technology, Nerunjikorai Village, Pudhupalayam, Ariyalur Taluk & District-621704.",ARIYALUR,Artificial Intelligence and Data Science,ad,107.0,91.0,Not Available,84.5,88.0,Not Available,Not Available
TNEA2025-01776,3466,"Nelliandavar Institute of Technology, Nerunjikorai Village, Pudhupalayam, Ariyalur Taluk & District-621704.",ARIYALUR,Computer Science and Engineering,cs,128.5,87.0,Not Available,103.0,88.0,Not Available,Not Available
TNEA2025-01777,3466,"Nelliandavar Institute of Technology, Nerunjikorai Village, Pudhupalayam, Ariyalur Taluk & District-621704.",ARIYALUR,Electrical and Electronics Engineering,ee,88.5,87.0,Not Available,103.0,88.0,Not Available,Not Available
TNEA2025-01778,3466,"Nelliandavar Institute of Technology, Nerunjikorai Village, Pudhupalayam, Ariyalur Taluk & District-621704.",ARIYALUR,Electronics and Communication Engineering,ec,81.5,87.0,Not Available,103.0,88.0,Not Available,Not Available
TNEA2025-01779,3466,"Nelliandavar Institute of Technology, Nerunjikorai Village, Pudhupalayam, Ariyalur Taluk & District-621704.",ARIYALUR,Mechanical Engineering,me,87.0,87.0,Not Available,103.0,88.0,Not Available,Not Available
TNEA2025-01158,3701,"K Ramakrishnan College of Technology (Autonomous), Kariyamanickam Road, Mannachanallur Taluk, Tiruchirappalli-621112.",TIRUCHIRAPPALLI,Artificial Intelligence and Data Science,ad,159.5,150.5,153.0,141.5,110.5,151.5,Not Available
TNEA2025-01159,3701,"K Ramakrishnan College of Technology (Autonomous), Kariyamanickam Road, Mannachanallur Taluk, Tiruchirappalli-621112.",TIRUCHIRAPPALLI,Civil Engineering,ce,124.0,90.5,115.5,106.5,103.0,151.5,Not Available
TNEA2025-01160,3701,"K Ramakrishnan College of Technology (Autonomous), Kariyamanickam Road, Mannachanallur Taluk, Tiruchirappalli-621112.",TIRUCHIRAPPALLI,Computer Science and Engineering,cs,164.5,155.5,150.0,146.0,121.0,151.5,Not Available
TNEA2025-01161,3701,"K Ramakrishnan College of Technology (Autonomous), Kariyamanickam Road, Mannachanallur Taluk, Tiruchirappalli-621112.",TIRUCHIRAPPALLI,Computer Science and Engineering (Ai and Machine Learning),am,157.5,149.0,154.5,142.5,106.0,151.5,Not Available
TNEA2025-01162,3701,"K Ramakrishnan College of Technology (Autonomous), Kariyamanickam Road, Mannachanallur Taluk, Tiruchirappalli-621112.",TIRUCHIRAPPALLI,Electrical and Electronics Engineering,ee,145.5,142.5,146.0,126.5,92.0,151.5,Not Available
TNEA2025-01163,3701,"K Ramakrishnan College of Technology (Autonomous), Kariyamanickam Road, Mannachanallur Taluk, Tiruchirappalli-621112.",TIRUCHIRAPPALLI,Electronics and Communication Engineering,ec,158.5,150.0,155.0,140.5,113.0,106.0,Not Available
TNEA2025-01164,3701,"K Ramakrishnan College of Technology (Autonomous), Kariyamanickam Road, Mannachanallur Taluk, Tiruchirappalli-621112.",TIRUCHIRAPPALLI,Information Technology,it,161.5,151.0,155.0,142.5,111.0,106.0,Not Available
TNEA2025-01165,3701,"K Ramakrishnan College of Technology (Autonomous), Kariyamanickam Road, Mannachanallur Taluk, Tiruchirappalli-621112.",TIRUCHIRAPPALLI,Mechanical Engineering,me,132.0,114.0,119.5,89.5,107.5,106.0,Not Available
TNEA2025-02576,3760,"Sir Issac Newton College of Engineering and Technology, Andhanapeetai Post, Pappakoil, Nagapattinam-611102.",NAGAPATTINAM,Agricultural Engineering,ag,109.0,86.5,126.5,101.0,85.5,Not Available,Not Available
TNEA2025-02577,3760,"Sir Issac Newton College of Engineering and Technology, Andhanapeetai Post, Pappakoil, Nagapattinam-611102.",NAGAPATTINAM,Artificial Intelligence and Data Science,ad,128.0,93.0,126.5,101.0,84.5,Not Available,Not Available
TNEA2025-02578,3760,"Sir Issac Newton College of Engineering and Technology, Andhanapeetai Post, Pappakoil, Nagapattinam-611102.",NAGAPATTINAM,Computer Science and Engineering,cs,120.0,92.5,106.0,104.5,97.0,Not Available,Not Available
TNEA2025-02579,3760,"Sir Issac Newton College of Engineering and Technology, Andhanapeetai Post, Pappakoil, Nagapattinam-611102.",NAGAPATTINAM,Electronics and Communication Engineering,ec,104.5,85.5,102.5,80.5,85.0,Not Available,Not Available
TNEA2025-02580,3760,"Sir Issac Newton College of Engineering and Technology, Andhanapeetai Post, Pappakoil, Nagapattinam-611102.",NAGAPATTINAM,Information Technology,it,119.0,90.5,112.5,99.0,113.0,Not Available,Not Available
TNEA2025-02581,3760,"Sir Issac Newton College of Engineering and Technology, Andhanapeetai Post, Pappakoil, Nagapattinam-611102.",NAGAPATTINAM,Mechanical Engineering,me,94.5,80.0,112.5,94.0,82.0,Not Available,Not Available
TNEA2025-02953,3766,"Star Lion College of Engineering and Technology, Main Road, Manankorai, Thanjavur-614206.",THANJAVUR,Artificial Intelligence and Data Science,ad,112.0,Not Available,Not Available,Not Available,Not Available,Not Available,Not Available
TNEA2025-02954,3766,"Star Lion College of Engineering and Technology, Main Road, Manankorai, Thanjavur-614206.",THANJAVUR,Civil Engineering,ce,112.0,Not Available,Not Available,Not Available,Not Available,Not Available,Not Available
TNEA2025-02955,3766,"Star Lion College of Engineering and Technology, Main Road, Manankorai, Thanjavur-614206.",THANJAVUR,Computer Science and Engineering,cs,112.0,Not Available,Not Available,Not Available,Not Available,Not Available,Not Available
TNEA2025-02956,3766,"Star Lion College of Engineering and Technology, Main Road, Manankorai, Thanjavur-614206.",THANJAVUR,Computer Science and Engineering (Ai and Machine Learning),am,112.0,Not Available,Not Available,Not Available,Not Available,Not Available,Not Available
TNEA2025-02957,3766,"Star Lion College of Engineering and Technology, Main Road, Manankorai, Thanjavur-614206.",THANJAVUR,Electrical and Electronics Engineering,ee,87.0,Not Available,Not Available,Not Available,Not Available,Not Available,Not Available
TNEA2025-02958,3766,"Star Lion College of Engineering and Technology, Main Road, Manankorai, Thanjavur-614206.",THANJAVUR,Electronics and Communication Engineering,ec,87.0,Not Available,Not Available,Not Available,Not Available,Not Available,Not Available
TNEA2025-02959,3766,"Star Lion College of Engineering and Technology, Main Road, Manankorai, Thanjavur-614206.",THANJAVUR,Mechanical Engineering,me,83.0,Not Available,Not Available,Not Available,Not Available,Not Available,Not Available
TNEA2025-01794,3782,"OASYS Institute of Technology, Tiruchirappalli-Thuraiyur Mani Road, Pulivalam P.O Musiri Taluk, Tiruchirappalli-621006.",TIRUCHIRAPPALLI,Artificial Intelligence and Data Science,ad,124.5,100.0,105.0,96.0,103.0,86.0,113.5
TNEA2025-01795,3782,"OASYS Institute of Technology, Tiruchirappalli-Thuraiyur Mani Road, Pulivalam P.O Musiri Taluk, Tiruchirappalli-621006.",TIRUCHIRAPPALLI,Computer Science and Bussiness System,cb,80.5,100.0,105.0,96.0,103.0,86.0,113.5
TNEA2025-01796,3782,"OASYS Institute of Technology, Tiruchirappalli-Thuraiyur Mani Road, Pulivalam P.O Musiri Taluk, Tiruchirappalli-621006.",TIRUCHIRAPPALLI,Computer Science and Engineering,cs,116.0,100.0,105.0,87.0,97.0,81.0,113.5
TNEA2025-01797,3782,"OASYS Institute of Technology, Tiruchirappalli-Thuraiyur Mani Road, Pulivalam P.O Musiri Taluk, Tiruchirappalli-621006.",TIRUCHIRAPPALLI,Computer Science and Engineering (Ai and Machine Learning),am,83.0,100.0,105.0,87.0,97.0,81.0,113.5
TNEA2025-01798,3782,"OASYS Institute of Technology, Tiruchirappalli-Thuraiyur Mani Road, Pulivalam P.O Musiri Taluk, Tiruchirappalli-621006.",TIRUCHIRAPPALLI,Electrical and Electronics Engineering,ee,100.5,91.0,105.0,82.5,97.0,81.0,113.5
TNEA2025-01799,3782,"OASYS Institute of Technology, Tiruchirappalli-Thuraiyur Mani Road, Pulivalam P.O Musiri Taluk, Tiruchirappalli-621006.",TIRUCHIRAPPALLI,Electronics and Communication Engineering,ec,108.5,91.0,105.0,91.0,87.0,81.0,113.5
TNEA2025-01800,3782,"OASYS Institute of Technology, Tiruchirappalli-Thuraiyur Mani Road, Pulivalam P.O Musiri Taluk, Tiruchirappalli-621006.",TIRUCHIRAPPALLI,Information Technology,it,125.5,97.0,105.0,95.5,104.5,91.5,113.5
TNEA2025-01436,3786,"M.A.M. School of Engineering (Autonomous), Trichy-Chennai Trunk Road, Siruganur, Tiruchirappalli-621105.",TIRUCHIRAPPALLI,Aeronautical Engineering,ae,96.5,102.0,96.0,87.0,117.0,141.5,Not Available
TNEA2025-01437,3786,"M.A.M. School of Engineering (Autonomous), Trichy-Chennai Trunk Road, Siruganur, Tiruchirappalli-621105.",TIRUCHIRAPPALLI,Artificial Intelligence and Data Science,ad,152.0,102.0,96.0,127.0,117.0,141.5,Not Available
TNEA2025-01438,3786,"M.A.M. School of Engineering (Autonomous), Trichy-Chennai Trunk Road, Siruganur, Tiruchirappalli-621105.",TIRUCHIRAPPALLI,Bio Medical Engineering,bm,135.5,96.0,96.0,117.0,109.0,100.5,Not Available
TNEA2025-01439,3786,"M.A.M. School of Engineering (Autonomous), Trichy-Chennai Trunk Road, Siruganur, Tiruchirappalli-621105.",TIRUCHIRAPPALLI,Computer Science and Engineering,cs,144.5,116.5,137.0,118.0,124.0,100.5,Not Available
TNEA2025-01440,3786,"M.A.M. School of Engineering (Autonomous), Trichy-Chennai Trunk Road, Siruganur, Tiruchirappalli-621105.",TIRUCHIRAPPALLI,Electrical and Electronics Engineering,ee,96.0,116.5,137.0,118.0,124.0,100.5,Not Available
TNEA2025-01441,3786,"M.A.M. School of Engineering (Autonomous), Trichy-Chennai Trunk Road, Siruganur, Tiruchirappalli-621105.",TIRUCHIRAPPALLI,Electronics and Communication Engineering,ec,125.0,110.0,122.5,106.5,104.0,100.5,Not Available
TNEA2025-01442,3786,"M.A.M. School of Engineering (Autonomous), Trichy-Chennai Trunk Road, Siruganur, Tiruchirappalli-621105.",TIRUCHIRAPPALLI,Information Technology,it,154.5,118.5,122.5,118.5,88.0,126.5,Not Available
TNEA2025-01443,3786,"M.A.M. School of Engineering (Autonomous), Trichy-Chennai Trunk Road, Siruganur, Tiruchirappalli-621105.",TIRUCHIRAPPALLI,Mechanical Engineering,me,96.0,90.0,122.5,118.5,88.0,126.5,Not Available
TNEA2025-01444,3786,"M.A.M. School of Engineering (Autonomous), Trichy-Chennai Trunk Road, Siruganur, Tiruchirappalli-621105.",TIRUCHIRAPPALLI,Mechatronics Engineering,mz,88.0,90.0,122.5,118.5,88.0,126.5,Not Available
TNEA2025-02384,3795,SRM TRP Engineering College Irungalur Manachanallur Taluk Tiruchirappalli District 621105,TIRUCHIRAPPALLI,Artificial Intelligence and Data Science,ad,163.5,152.5,150.5,142.5,114.0,113.0,95.0
TNEA2025-02385,3795,SRM TRP Engineering College Irungalur Manachanallur Taluk Tiruchirappalli District 621105,TIRUCHIRAPPALLI,Civil Engineering,ce,119.0,81.5,150.5,104.0,114.0,113.0,95.0
TNEA2025-02386,3795,SRM TRP Engineering College Irungalur Manachanallur Taluk Tiruchirappalli District 621105,TIRUCHIRAPPALLI,Computer Science and Engineering,cs,168.0,157.0,158.5,144.0,112.0,126.0,95.0
TNEA2025-02387,3795,SRM TRP Engineering College Irungalur Manachanallur Taluk Tiruchirappalli District 621105,TIRUCHIRAPPALLI,Electrical and Electronics Engineering,ee,146.5,135.0,142.0,119.5,110.0,126.0,95.0
TNEA2025-02388,3795,SRM TRP Engineering College Irungalur Manachanallur Taluk Tiruchirappalli District 621105,TIRUCHIRAPPALLI,Electronics and Communication Engineering,ec,158.0,151.0,152.0,143.5,97.5,126.0,95.0
TNEA2025-02389,3795,SRM TRP Engineering College Irungalur Manachanallur Taluk Tiruchirappalli District 621105,TIRUCHIRAPPALLI,Mechanical Engineering,me,122.0,94.5,102.0,101.0,99.0,126.0,95.0
TNEA2025-00034,3801,"A.V.C. College of Engineering, Mannampandal, Mayiladuthurai, Nagapattinam-609305.",MAYILADUTHURAI,Artificial Intelligence and Data Science,ad,168.5,134.5,167.5,138.5,101.0,101.5,Not Available
TNEA2025-00035,3801,"A.V.C. College of Engineering, Mannampandal, Mayiladuthurai, Nagapattinam-609305.",MAYILADUTHURAI,Civil Engineering,ce,117.0,134.5,167.5,96.5,95.5,101.5,Not Available
TNEA2025-00036,3801,"A.V.C. College of Engineering, Mannampandal, Mayiladuthurai, Nagapattinam-609305.",MAYILADUTHURAI,Computer Science and Engineering,cs,165.0,125.0,152.5,145.5,105.0,101.5,Not Available
TNEA2025-00037,3801,"A.V.C. College of Engineering, Mannampandal, Mayiladuthurai, Nagapattinam-609305.",MAYILADUTHURAI,Electrical and Electronics Engineering,ee,129.5,102.5,152.5,121.0,103.0,101.5,Not Available
TNEA2025-00038,3801,"A.V.C. College of Engineering, Mannampandal, Mayiladuthurai, Nagapattinam-609305.",MAYILADUTHURAI,Electronics and Communication Engineering,ec,147.5,98.5,143.5,136.5,106.0,101.5,Not Available
TNEA2025-00039,3801,"A.V.C. College of Engineering, Mannampandal, Mayiladuthurai, Nagapattinam-609305.",MAYILADUTHURAI,Information Technology,it,163.0,125.5,150.0,143.5,83.0,101.5,Not Available
TNEA2025-00040,3801,"A.V.C. College of Engineering, Mannampandal, Mayiladuthurai, Nagapattinam-609305.",MAYILADUTHURAI,Instrumentation and Control Engineering,ic,119.0,125.5,150.0,105.0,83.0,101.5,Not Available
TNEA2025-00041,3801,"A.V.C. College of Engineering, Mannampandal, Mayiladuthurai, Nagapattinam-609305.",MAYILADUTHURAI,Mechanical Engineering,me,114.5,125.5,150.0,106.5,109.5,101.5,Not Available
TNEA2025-02572,3802,"Shri Angalamman College of Engineering and Technology, Ramanan Nagar, Siruganoor, Tiruchirappalli-621105.",TIRUCHIRAPPALLI,Civil Engineering,ce,Not Available,Not Available,Not Available,Not Available,Not Available,Not Available,Not Available
TNEA2025-02573,3802,"Shri Angalamman College of Engineering and Technology, Ramanan Nagar, Siruganoor, Tiruchirappalli-621105.",TIRUCHIRAPPALLI,Computer Science and Engineering,cs,Not Available,Not Available,Not Available,Not Available,Not Available,Not Available,Not Available
TNEA2025-02574,3802,"Shri Angalamman College of Engineering and Technology, Ramanan Nagar, Siruganoor, Tiruchirappalli-621105.",TIRUCHIRAPPALLI,Electrical and Electronics Engineering,ee,Not Available,Not Available,Not Available,Not Available,Not Available,Not Available,Not Available
TNEA2025-02575,3802,"Shri Angalamman College of Engineering and Technology, Ramanan Nagar, Siruganoor, Tiruchirappalli-621105.",TIRUCHIRAPPALLI,Mechanical Engineering,me,Not Available,Not Available,Not Available,Not Available,Not Available,Not Available,Not Available
TNEA2025-00173,3803,"Anjalai Ammal Mahalingam Engineering College, Kovilvenni, Thiruvarur-614403.",TIRUVARUR,Chemical Engineering,ch,97.5,86.5,126.5,97.5,116.5,Not Available,Not Available
TNEA2025-00174,3803,"Anjalai Ammal Mahalingam Engineering College, Kovilvenni, Thiruvarur-614403.",TIRUVARUR,Civil Engineering,ce,127.0,86.5,126.5,97.5,116.5,Not Available,Not Available
TNEA2025-00175,3803,"Anjalai Ammal Mahalingam Engineering College, Kovilvenni, Thiruvarur-614403.",TIRUVARUR,Computer Science and Engineering,cs,172.5,164.5,161.5,152.5,146.5,Not Available,Not Available
TNEA2025-00176,3803,"Anjalai Ammal Mahalingam Engineering College, Kovilvenni, Thiruvarur-614403.",TIRUVARUR,Electrical and Electronics Engineering,ee,145.0,104.0,133.5,112.0,88.0,Not Available,Not Available
TNEA2025-00177,3803,"Anjalai Ammal Mahalingam Engineering College, Kovilvenni, Thiruvarur-614403.",TIRUVARUR,Electronics and Communication Engineering,ec,159.5,153.0,152.5,143.0,108.0,Not Available,Not Available
TNEA2025-00178,3803,"Anjalai Ammal Mahalingam Engineering College, Kovilvenni, Thiruvarur-614403.",TIRUVARUR,Information Technology,it,163.5,155.5,161.0,144.0,124.5,Not Available,Not Available
TNEA2025-00179,3803,"Anjalai Ammal Mahalingam Engineering College, Kovilvenni, Thiruvarur-614403.",TIRUVARUR,Mechanical Engineering,me,129.0,117.0,115.5,115.5,102.5,Not Available,Not Available
TNEA2025-00267,3804,"Arasu Engineering College, Chennai Main Road, Thiruvisanallur - Village, Thiruvidaimaruthur - Taluk, Kumbakonam, Thanjavur-612501.",THANJAVUR,Artificial Intelligence and Data Science,ad,153.5,94.0,105.0,134.0,101.5,Not Available,Not Available
TNEA2025-00268,3804,"Arasu Engineering College, Chennai Main Road, Thiruvisanallur - Village, Thiruvidaimaruthur - Taluk, Kumbakonam, Thanjavur-612501.",THANJAVUR,Bio Medical Engineering,bm,93.0,94.0,105.0,134.0,101.5,Not Available,Not Available
TNEA2025-00269,3804,"Arasu Engineering College, Chennai Main Road, Thiruvisanallur - Village, Thiruvidaimaruthur - Taluk, Kumbakonam, Thanjavur-612501.",THANJAVUR,Computer Science and Engineering,cs,141.0,100.0,104.5,87.0,85.0,Not Available,Not Available
TNEA2025-00270,3804,"Arasu Engineering College, Chennai Main Road, Thiruvisanallur - Village, Thiruvidaimaruthur - Taluk, Kumbakonam, Thanjavur-612501.",THANJAVUR,Electrical and Electronics Engineering,ee,91.0,100.0,104.5,87.0,85.0,Not Available,Not Available
TNEA2025-00271,3804,"Arasu Engineering College, Chennai Main Road, Thiruvisanallur - Village, Thiruvidaimaruthur - Taluk, Kumbakonam, Thanjavur-612501.",THANJAVUR,Electronics and Communication Engineering,ec,108.5,93.5,104.5,94.5,93.5,Not Available,Not Available
TNEA2025-00272,3804,"Arasu Engineering College, Chennai Main Road, Thiruvisanallur - Village, Thiruvidaimaruthur - Taluk, Kumbakonam, Thanjavur-612501.",THANJAVUR,Information Technology,it,132.5,95.5,124.5,81.5,83.5,Not Available,Not Available
TNEA2025-00273,3804,"Arasu Engineering College, Chennai Main Road, Thiruvisanallur - Village, Thiruvidaimaruthur - Taluk, Kumbakonam, Thanjavur-612501.",THANJAVUR,Mechanical Engineering,me,83.5,95.5,124.5,81.5,83.5,Not Available,Not Available
TNEA2025-00603,3805,"Dhanalakshmi Srinivasan Engineering College (Autonomous), Thuraiyur Road, Perambalur-621212.",PERAMBALUR,Aeronautical Engineering,ae,120.0,104.5,107.5,110.0,98.5,119.0,116.5
TNEA2025-00604,3805,"Dhanalakshmi Srinivasan Engineering College (Autonomous), Thuraiyur Road, Perambalur-621212.",PERAMBALUR,Agricultural Engineering,ag,93.5,104.5,107.5,110.0,98.5,119.0,116.5
TNEA2025-00605,3805,"Dhanalakshmi Srinivasan Engineering College (Autonomous), Thuraiyur Road, Perambalur-621212.",PERAMBALUR,Artificial Intelligence and Data Science,ad,148.5,133.5,133.5,132.0,98.5,119.0,116.5
TNEA2025-00606,3805,"Dhanalakshmi Srinivasan Engineering College (Autonomous), Thuraiyur Road, Perambalur-621212.",PERAMBALUR,Bio Medical Engineering,bm,114.0,99.5,97.5,107.0,85.5,119.0,116.5
TNEA2025-00607,3805,"Dhanalakshmi Srinivasan Engineering College (Autonomous), Thuraiyur Road, Perambalur-621212.",PERAMBALUR,Bio Technology,bt,111.5,99.5,97.5,107.0,107.0,119.0,116.5
TNEA2025-00608,3805,"Dhanalakshmi Srinivasan Engineering College (Autonomous), Thuraiyur Road, Perambalur-621212.",PERAMBALUR,Chemical Engineering,ch,119.5,103.0,111.0,87.5,111.0,119.0,116.5
TNEA2025-00609,3805,"Dhanalakshmi Srinivasan Engineering College (Autonomous), Thuraiyur Road, Perambalur-621212.",PERAMBALUR,Civil Engineering,ce,111.0,107.0,94.5,85.0,111.0,119.0,116.5
TNEA2025-00610,3805,"Dhanalakshmi Srinivasan Engineering College (Autonomous), Thuraiyur Road, Perambalur-621212.",PERAMBALUR,Computer Science and Engineering,cs,153.0,136.5,138.5,140.5,104.5,97.5,116.5
TNEA2025-00611,3805,"Dhanalakshmi Srinivasan Engineering College (Autonomous), Thuraiyur Road, Perambalur-621212.",PERAMBALUR,Computer Science and Engineering (Cyber Security),sc,142.0,128.0,128.0,129.5,89.0,97.5,116.5
TNEA2025-00612,3805,"Dhanalakshmi Srinivasan Engineering College (Autonomous), Thuraiyur Road, Perambalur-621212.",PERAMBALUR,Electrical and Electronics Engineering,ee,126.5,97.5,82.0,112.5,104.0,97.5,116.5
TNEA2025-00613,3805,"Dhanalakshmi Srinivasan Engineering College (Autonomous), Thuraiyur Road, Perambalur-621212.",PERAMBALUR,Electronics and Communication Engineering,ec,140.0,113.0,124.0,123.0,91.0,97.0,116.5
TNEA2025-00614,3805,"Dhanalakshmi Srinivasan Engineering College (Autonomous), Thuraiyur Road, Perambalur-621212.",PERAMBALUR,Food Technology,fd,122.0,92.5,124.0,95.0,91.5,97.0,116.5
TNEA2025-00615,3805,"Dhanalakshmi Srinivasan Engineering College (Autonomous), Thuraiyur Road, Perambalur-621212.",PERAMBALUR,Information Technology,it,144.0,130.0,120.5,132.5,83.5,126.0,116.5
TNEA2025-00616,3805,"Dhanalakshmi Srinivasan Engineering College (Autonomous), Thuraiyur Road, Perambalur-621212.",PERAMBALUR,Mechanical Engineering,me,113.0,101.5,120.5,103.0,83.5,126.0,116.5
TNEA2025-00617,3805,"Dhanalakshmi Srinivasan Engineering College (Autonomous), Thuraiyur Road, Perambalur-621212.",PERAMBALUR,Pharmaceutical Technology,ph,87.5,101.5,120.5,103.0,83.5,126.0,116.5
TNEA2025-00618,3805,"Dhanalakshmi Srinivasan Engineering College (Autonomous), Thuraiyur Road, Perambalur-621212.",PERAMBALUR,Robotics and Automation,rm,116.0,86.5,97.0,90.5,83.5,126.0,116.5
TNEA2025-00670,3806,"E.G.S. Pillay Engineering College (Autonomous), Old Nagore Road, Nagore Post, Nagapattinam District-611002.",NAGAPATTINAM,Artificial Intelligence and Data Science,ad,153.5,117.0,145.5,129.0,99.5,92.5,Not Available
TNEA2025-00671,3806,"E.G.S. Pillay Engineering College (Autonomous), Old Nagore Road, Nagore Post, Nagapattinam District-611002.",NAGAPATTINAM,Bio Medical Engineering,bm,145.0,105.5,137.0,117.0,98.5,92.5,Not Available
TNEA2025-00672,3806,"E.G.S. Pillay Engineering College (Autonomous), Old Nagore Road, Nagore Post, Nagapattinam District-611002.",NAGAPATTINAM,Civil Engineering,ce,109.5,91.0,137.0,97.5,88.5,92.5,Not Available
TNEA2025-00673,3806,"E.G.S. Pillay Engineering College (Autonomous), Old Nagore Road, Nagore Post, Nagapattinam District-611002.",NAGAPATTINAM,Computer Science and Bussiness System,cb,136.5,105.0,121.5,121.5,98.5,92.5,Not Available
TNEA2025-00674,3806,"E.G.S. Pillay Engineering College (Autonomous), Old Nagore Road, Nagore Post, Nagapattinam District-611002.",NAGAPATTINAM,Computer Science and Engineering,cs,151.0,130.0,132.0,129.5,112.5,109.5,Not Available
TNEA2025-00675,3806,"E.G.S. Pillay Engineering College (Autonomous), Old Nagore Road, Nagore Post, Nagapattinam District-611002.",NAGAPATTINAM,Electrical and Electronics Engineering,ee,120.0,82.5,119.5,104.5,93.0,109.5,Not Available
TNEA2025-00676,3806,"E.G.S. Pillay Engineering College (Autonomous), Old Nagore Road, Nagore Post, Nagapattinam District-611002.",NAGAPATTINAM,Electronics and Communication Engineering,ec,140.0,117.0,129.0,121.5,102.0,90.5,Not Available
TNEA2025-00677,3806,"E.G.S. Pillay Engineering College (Autonomous), Old Nagore Road, Nagore Post, Nagapattinam District-611002.",NAGAPATTINAM,Information Technology,it,154.5,117.0,141.5,140.0,115.5,110.0,Not Available
TNEA2025-00678,3806,"E.G.S. Pillay Engineering College (Autonomous), Old Nagore Road, Nagore Post, Nagapattinam District-611002.",NAGAPATTINAM,Mechanical Engineering,me,118.5,92.5,109.0,102.0,89.0,110.0,Not Available
TNEA2025-00999,3807,"J.J. College of Engineering and Technology, Ammapettai, Poolankulathupatti Post, Tiruchirappalli-620009.",TIRUCHIRAPPALLI,Aeronautical Engineering,ae,110.5,127.0,121.5,101.5,100.5,107.5,Not Available
TNEA2025-01000,3807,"J.J. College of Engineering and Technology, Ammapettai, Poolankulathupatti Post, Tiruchirappalli-620009.",TIRUCHIRAPPALLI,Artificial Intelligence and Data Science,ad,142.5,127.0,121.5,96.5,100.5,107.5,Not Available
TNEA2025-01001,3807,"J.J. College of Engineering and Technology, Ammapettai, Poolankulathupatti Post, Tiruchirappalli-620009.",TIRUCHIRAPPALLI,Civil Engineering,ce,106.5,94.5,121.5,83.0,91.5,107.5,Not Available
TNEA2025-01002,3807,"J.J. College of Engineering and Technology, Ammapettai, Poolankulathupatti Post, Tiruchirappalli-620009.",TIRUCHIRAPPALLI,Computer Science and Engineering,cs,148.0,134.5,138.5,106.0,103.5,107.5,Not Available
TNEA2025-01003,3807,"J.J. College of Engineering and Technology, Ammapettai, Poolankulathupatti Post, Tiruchirappalli-620009.",TIRUCHIRAPPALLI,Computer Science and Engineering (Cyber Security),sc,140.0,123.0,136.0,115.0,103.5,107.5,Not Available
TNEA2025-01004,3807,"J.J. College of Engineering and Technology, Ammapettai, Poolankulathupatti Post, Tiruchirappalli-620009.",TIRUCHIRAPPALLI,Electrical and Electronics Engineering,ee,129.5,92.0,124.0,92.0,112.0,107.5,Not Available
TNEA2025-01005,3807,"J.J. College of Engineering and Technology, Ammapettai, Poolankulathupatti Post, Tiruchirappalli-620009.",TIRUCHIRAPPALLI,Electronics and Communication Engineering,ec,154.5,127.5,139.0,123.5,112.5,110.5,Not Available
TNEA2025-01006,3807,"J.J. College of Engineering and Technology, Ammapettai, Poolankulathupatti Post, Tiruchirappalli-620009.",TIRUCHIRAPPALLI,Information Technology,it,144.5,126.5,123.0,88.5,91.0,110.5,Not Available
TNEA2025-01007,3807,"J.J. College of Engineering and Technology, Ammapettai, Poolankulathupatti Post, Tiruchirappalli-620009.",TIRUCHIRAPPALLI,Mechanical Engineering,me,116.5,90.5,89.5,89.0,98.0,110.5,Not Available
TNEA2025-01122,3808,"Jayaram College of Engineering and Technology, Karattampatty, Pagalavadi, Thuraiyur Taluk, Tiruchirappalli-621014.",TIRUCHIRAPPALLI,Civil Engineering,ce,Not Available,Not Available,Not Available,Not Available,Not Available,Not Available,Not Available
TNEA2025-01123,3808,"Jayaram College of Engineering and Technology, Karattampatty, Pagalavadi, Thuraiyur Taluk, Tiruchirappalli-621014.",TIRUCHIRAPPALLI,Computer Science and Engineering,cs,Not Available,Not Available,Not Available,Not Available,Not Available,Not Available,Not Available
TNEA2025-01124,3808,"Jayaram College of Engineering and Technology, Karattampatty, Pagalavadi, Thuraiyur Taluk, Tiruchirappalli-621014.",TIRUCHIRAPPALLI,Electrical and Electronics Engineering,ee,Not Available,Not Available,Not Available,Not Available,Not Available,Not Available,Not Available
TNEA2025-01125,3808,"Jayaram College of Engineering and Technology, Karattampatty, Pagalavadi, Thuraiyur Taluk, Tiruchirappalli-621014.",TIRUCHIRAPPALLI,Electronics and Communication Engineering,ec,Not Available,Not Available,Not Available,Not Available,Not Available,Not Available,Not Available
TNEA2025-01126,3808,"Jayaram College of Engineering and Technology, Karattampatty, Pagalavadi, Thuraiyur Taluk, Tiruchirappalli-621014.",TIRUCHIRAPPALLI,Information Technology,it,Not Available,Not Available,Not Available,Not Available,Not Available,Not Available,Not Available
TNEA2025-01127,3808,"Jayaram College of Engineering and Technology, Karattampatty, Pagalavadi, Thuraiyur Taluk, Tiruchirappalli-621014.",TIRUCHIRAPPALLI,Mechanical Engineering,me,Not Available,Not Available,Not Available,Not Available,Not Available,Not Available,Not Available
TNEA2025-01415,3810,"M A M College of Engineering, Trichy-Chennai Trunk Road, Siruganur, Tiruchirappalli-621105.",TIRUCHIRAPPALLI,Agricultural Engineering,ag,84.0,115.5,173.0,137.0,134.5,101.0,Not Available
TNEA2025-01416,3810,"M A M College of Engineering, Trichy-Chennai Trunk Road, Siruganur, Tiruchirappalli-621105.",TIRUCHIRAPPALLI,Artificial Intelligence and Data Science,ad,155.0,115.5,173.0,137.0,134.5,101.0,Not Available
TNEA2025-01417,3810,"M A M College of Engineering, Trichy-Chennai Trunk Road, Siruganur, Tiruchirappalli-621105.",TIRUCHIRAPPALLI,Bio Medical Engineering,bm,124.5,89.0,173.0,99.0,95.0,101.0,Not Available
TNEA2025-01418,3810,"M A M College of Engineering, Trichy-Chennai Trunk Road, Siruganur, Tiruchirappalli-621105.",TIRUCHIRAPPALLI,Bio Technology,bt,99.5,89.0,173.0,99.0,95.0,101.0,Not Available
TNEA2025-01419,3810,"M A M College of Engineering, Trichy-Chennai Trunk Road, Siruganur, Tiruchirappalli-621105.",TIRUCHIRAPPALLI,Civil Engineering,ce,96.0,89.0,173.0,99.0,94.0,101.0,Not Available
TNEA2025-01420,3810,"M A M College of Engineering, Trichy-Chennai Trunk Road, Siruganur, Tiruchirappalli-621105.",TIRUCHIRAPPALLI,Computer Science and Engineering,cs,125.0,91.0,103.5,115.0,88.0,121.0,Not Available
TNEA2025-01421,3810,"M A M College of Engineering, Trichy-Chennai Trunk Road, Siruganur, Tiruchirappalli-621105.",TIRUCHIRAPPALLI,Computer Science and Engineering (Ai and Machine Learning),am,115.5,100.5,113.0,95.0,102.5,121.0,Not Available
TNEA2025-01422,3810,"M A M College of Engineering, Trichy-Chennai Trunk Road, Siruganur, Tiruchirappalli-621105.",TIRUCHIRAPPALLI,Computer Science and Engineering (Cyber Security),sc,111.5,101.0,113.0,102.5,107.5,121.0,Not Available
TNEA2025-01423,3810,"M A M College of Engineering, Trichy-Chennai Trunk Road, Siruganur, Tiruchirappalli-621105.",TIRUCHIRAPPALLI,Electrical and Electronics Engineering,ee,95.0,85.5,113.0,90.0,107.5,121.0,Not Available
TNEA2025-01424,3810,"M A M College of Engineering, Trichy-Chennai Trunk Road, Siruganur, Tiruchirappalli-621105.",TIRUCHIRAPPALLI,Electronics and Communication Engineering,ec,121.0,94.5,89.0,97.5,87.0,121.0,Not Available
TNEA2025-01425,3810,"M A M College of Engineering, Trichy-Chennai Trunk Road, Siruganur, Tiruchirappalli-621105.",TIRUCHIRAPPALLI,Electronics and Instrumentation Engineering,ei,98.5,94.5,89.0,93.0,87.0,121.0,Not Available
TNEA2025-01426,3810,"M A M College of Engineering, Trichy-Chennai Trunk Road, Siruganur, Tiruchirappalli-621105.",TIRUCHIRAPPALLI,Food Technology,fd,90.0,94.5,89.0,93.0,87.0,121.0,Not Available
TNEA2025-01427,3810,"M A M College of Engineering, Trichy-Chennai Trunk Road, Siruganur, Tiruchirappalli-621105.",TIRUCHIRAPPALLI,Information Technology,it,127.5,97.5,113.5,110.0,95.5,121.0,Not Available
TNEA2025-01428,3810,"M A M College of Engineering, Trichy-Chennai Trunk Road, Siruganur, Tiruchirappalli-621105.",TIRUCHIRAPPALLI,Mechanical Engineering,me,111.0,82.5,113.5,87.0,85.0,87.0,Not Available
TNEA2025-01451,3811,"M.I.E.T. Engineering College (Autonomous), Trichy - Pudukkottai Road, Gundur, Tiruchirappalli-620007.",TIRUCHIRAPPALLI,Artificial Intelligence and Data Science,ad,146.5,112.0,145.0,110.0,100.0,111.0,113.5
TNEA2025-01452,3811,"M.I.E.T. Engineering College (Autonomous), Trichy - Pudukkottai Road, Gundur, Tiruchirappalli-620007.",TIRUCHIRAPPALLI,Bio Medical Engineering,bm,97.5,112.0,145.0,110.0,100.0,111.0,113.5
TNEA2025-01453,3811,"M.I.E.T. Engineering College (Autonomous), Trichy - Pudukkottai Road, Gundur, Tiruchirappalli-620007.",TIRUCHIRAPPALLI,Civil Engineering,ce,87.5,112.0,145.0,110.0,100.0,111.0,113.5
TNEA2025-01454,3811,"M.I.E.T. Engineering College (Autonomous), Trichy - Pudukkottai Road, Gundur, Tiruchirappalli-620007.",TIRUCHIRAPPALLI,Computer Science and Engineering,cs,125.5,89.0,95.0,99.5,84.5,111.0,113.5
TNEA2025-01455,3811,"M.I.E.T. Engineering College (Autonomous), Trichy - Pudukkottai Road, Gundur, Tiruchirappalli-620007.",TIRUCHIRAPPALLI,Electrical and Electronics Engineering,ee,86.5,89.0,95.0,99.5,84.5,111.0,113.5
TNEA2025-01456,3811,"M.I.E.T. Engineering College (Autonomous), Trichy - Pudukkottai Road, Gundur, Tiruchirappalli-620007.",TIRUCHIRAPPALLI,Electronics and Communication Engineering,ec,117.5,96.5,117.0,103.0,84.5,111.0,113.5
TNEA2025-01457,3811,"M.I.E.T. Engineering College (Autonomous), Trichy - Pudukkottai Road, Gundur, Tiruchirappalli-620007.",TIRUCHIRAPPALLI,Information Technology,it,122.5,88.5,94.5,95.5,89.5,111.0,113.5
TNEA2025-01458,3811,"M.I.E.T. Engineering College (Autonomous), Trichy - Pudukkottai Road, Gundur, Tiruchirappalli-620007.",TIRUCHIRAPPALLI,Mechanical Engineering,me,87.0,88.5,94.5,95.5,89.5,111.0,113.5
TNEA2025-01661,3812,"Mookambigai College of Engineering, Srinivasa Nagar, Kalamavur (PO), Keeranur, Pudukkottai-622502.",PUDUKKOTTAI,Artificial Intelligence and Data Science,ad,102.5,80.0,Not Available,80.0,88.5,91.0,Not Available
TNEA2025-01662,3812,"Mookambigai College of Engineering, Srinivasa Nagar, Kalamavur (PO), Keeranur, Pudukkottai-622502.",PUDUKKOTTAI,Civil Engineering,ce,87.0,80.0,Not Available,80.0,88.5,91.0,Not Available
TNEA2025-01663,3812,"Mookambigai College of Engineering, Srinivasa Nagar, Kalamavur (PO), Keeranur, Pudukkottai-622502.",PUDUKKOTTAI,Computer Science and Engineering,cs,106.5,87.0,Not Available,102.5,88.5,91.0,Not Available
TNEA2025-01664,3812,"Mookambigai College of Engineering, Srinivasa Nagar, Kalamavur (PO), Keeranur, Pudukkottai-622502.",PUDUKKOTTAI,Computer Science and Engineering (Ai and Machine Learning),am,92.0,87.0,Not Available,102.5,88.5,91.0,Not Available
TNEA2025-01665,3812,"Mookambigai College of Engineering, Srinivasa Nagar, Kalamavur (PO), Keeranur, Pudukkottai-622502.",PUDUKKOTTAI,Electrical and Electronics Engineering,ee,106.5,87.0,Not Available,102.5,88.5,91.0,Not Available
TNEA2025-01666,3812,"Mookambigai College of Engineering, Srinivasa Nagar, Kalamavur (PO), Keeranur, Pudukkottai-622502.",PUDUKKOTTAI,Electronics and Communication Engineering,ec,94.0,87.0,Not Available,83.5,89.5,91.0,Not Available
TNEA2025-01667,3812,"Mookambigai College of Engineering, Srinivasa Nagar, Kalamavur (PO), Keeranur, Pudukkottai-622502.",PUDUKKOTTAI,Electronics and Instrumentation Engineering,ei,95.0,87.0,Not Available,83.5,89.5,91.0,Not Available
TNEA2025-01668,3812,"Mookambigai College of Engineering, Srinivasa Nagar, Kalamavur (PO), Keeranur, Pudukkottai-622502.",PUDUKKOTTAI,Information Technology,it,85.0,87.0,Not Available,83.5,89.5,91.0,Not Available
TNEA2025-01669,3812,"Mookambigai College of Engineering, Srinivasa Nagar, Kalamavur (PO), Keeranur, Pudukkottai-622502.",PUDUKKOTTAI,Mechanical Engineering,me,97.5,87.0,Not Available,83.5,89.5,91.0,Not Available
TNEA2025-01806,3813,"Oxford Engineering College, Pirattiyur, Tiruchirappalli-620009.",TIRUCHIRAPPALLI,Civil Engineering,ce,91.5,Not Available,Not Available,Not Available,Not Available,Not Available,Not Available
TNEA2025-01807,3813,"Oxford Engineering College, Pirattiyur, Tiruchirappalli-620009.",TIRUCHIRAPPALLI,Computer Science and Engineering,cs,97.0,Not Available,Not Available,Not Available,Not Available,Not Available,Not Available
TNEA2025-01808,3813,"Oxford Engineering College, Pirattiyur, Tiruchirappalli-620009.",TIRUCHIRAPPALLI,Electrical and Electronics Engineering,ee,97.0,Not Available,Not Available,Not Available,Not Available,Not Available,Not Available
TNEA2025-01809,3813,"Oxford Engineering College, Pirattiyur, Tiruchirappalli-620009.",TIRUCHIRAPPALLI,Electronics and Communication Engineering,ec,97.0,Not Available,Not Available,Not Available,Not Available,Not Available,Not Available
TNEA2025-01810,3813,"Oxford Engineering College, Pirattiyur, Tiruchirappalli-620009.",TIRUCHIRAPPALLI,Information Technology,it,111.0,Not Available,Not Available,Not Available,Not Available,Not Available,Not Available
TNEA2025-01811,3813,"Oxford Engineering College, Pirattiyur, Tiruchirappalli-620009.",TIRUCHIRAPPALLI,Mechanical Engineering,me,111.0,Not Available,Not Available,Not Available,Not Available,Not Available,Not Available
TNEA2025-01829,3814,"P.R. Engineering College, Thanjavur-Trichy High ways, Vallam, Thanjavur-613403.",THANJAVUR,Artificial Intelligence and Data Science,ad,88.5,Not Available,Not Available,Not Available,Not Available,Not Available,Not Available
TNEA2025-01830,3814,"P.R. Engineering College, Thanjavur-Trichy High ways, Vallam, Thanjavur-613403.",THANJAVUR,Civil Engineering,ce,109.5,Not Available,Not Available,Not Available,Not Available,Not Available,Not Available
TNEA2025-01831,3814,"P.R. Engineering College, Thanjavur-Trichy High ways, Vallam, Thanjavur-613403.",THANJAVUR,Computer Science and Engineering,cs,96.0,Not Available,Not Available,Not Available,Not Available,Not Available,Not Available
TNEA2025-01832,3814,"P.R. Engineering College, Thanjavur-Trichy High ways, Vallam, Thanjavur-613403.",THANJAVUR,Electrical and Electronics Engineering,ee,96.0,Not Available,Not Available,Not Available,Not Available,Not Available,Not Available
TNEA2025-01833,3814,"P.R. Engineering College, Thanjavur-Trichy High ways, Vallam, Thanjavur-613403.",THANJAVUR,Electronics and Communication Engineering,ec,118.5,Not Available,Not Available,Not Available,Not Available,Not Available,Not Available
TNEA2025-01834,3814,"P.R. Engineering College, Thanjavur-Trichy High ways, Vallam, Thanjavur-613403.",THANJAVUR,Mechanical Engineering,me,118.5,Not Available,Not Available,Not Available,Not Available,Not Available,Not Available
TNEA2025-02066,3815,"Pavendar Bharathidasan College of Engineering and Technology, Thanjai Natarajan Nagar, Opp. to Bharathidasan University, Pudukkottai Main Raod, Mathur, Kulathur, Pudukkottai-622515.",PUDUKKOTTAI,Artificial Intelligence and Data Science,ad,139.0,138.0,106.0,131.0,110.5,Not Available,118.0
TNEA2025-02067,3815,"Pavendar Bharathidasan College of Engineering and Technology, Thanjai Natarajan Nagar, Opp. to Bharathidasan University, Pudukkottai Main Raod, Mathur, Kulathur, Pudukkottai-622515.",PUDUKKOTTAI,Bio Medical Engineering,bm,131.5,106.5,106.0,131.0,116.5,Not Available,118.0
TNEA2025-02068,3815,"Pavendar Bharathidasan College of Engineering and Technology, Thanjai Natarajan Nagar, Opp. to Bharathidasan University, Pudukkottai Main Raod, Mathur, Kulathur, Pudukkottai-622515.",PUDUKKOTTAI,Bio Technology,bt,108.5,101.5,106.0,86.0,107.0,Not Available,118.0
TNEA2025-02069,3815,"Pavendar Bharathidasan College of Engineering and Technology, Thanjai Natarajan Nagar, Opp. to Bharathidasan University, Pudukkottai Main Raod, Mathur, Kulathur, Pudukkottai-622515.",PUDUKKOTTAI,Computer Science and Engineering,cs,118.5,103.0,106.0,86.0,110.0,Not Available,118.0
TNEA2025-02070,3815,"Pavendar Bharathidasan College of Engineering and Technology, Thanjai Natarajan Nagar, Opp. to Bharathidasan University, Pudukkottai Main Raod, Mathur, Kulathur, Pudukkottai-622515.",PUDUKKOTTAI,Electrical and Electronics Engineering,ee,118.5,103.0,106.0,86.0,110.0,Not Available,118.0
TNEA2025-02071,3815,"Pavendar Bharathidasan College of Engineering and Technology, Thanjai Natarajan Nagar, Opp. to Bharathidasan University, Pudukkottai Main Raod, Mathur, Kulathur, Pudukkottai-622515.",PUDUKKOTTAI,Electronics and Communication Engineering,ec,88.0,87.0,106.0,86.0,110.0,Not Available,118.0
TNEA2025-02072,3815,"Pavendar Bharathidasan College of Engineering and Technology, Thanjai Natarajan Nagar, Opp. to Bharathidasan University, Pudukkottai Main Raod, Mathur, Kulathur, Pudukkottai-622515.",PUDUKKOTTAI,Information Technology,it,129.0,86.5,106.0,91.5,91.0,Not Available,118.0
TNEA2025-02073,3815,"Pavendar Bharathidasan College of Engineering and Technology, Thanjai Natarajan Nagar, Opp. to Bharathidasan University, Pudukkottai Main Raod, Mathur, Kulathur, Pudukkottai-622515.",PUDUKKOTTAI,Mechanical Engineering,me,108.0,86.5,106.0,91.5,91.0,Not Available,118.0
TNEA2025-02074,3815,"Pavendar Bharathidasan College of Engineering and Technology, Thanjai Natarajan Nagar, Opp. to Bharathidasan University, Pudukkottai Main Raod, Mathur, Kulathur, Pudukkottai-622515.",PUDUKKOTTAI,Textile Technology,tx,108.0,86.5,106.0,91.5,91.0,Not Available,118.0
TNEA2025-02259,3817,"Roever Engineering College, Elambalur (Post), Perambalur-621212.",PERAMBALUR,Bio Technology,bt,121.0,111.5,124.5,109.5,103.0,102.0,99.5
TNEA2025-02260,3817,"Roever Engineering College, Elambalur (Post), Perambalur-621212.",PERAMBALUR,Civil Engineering,ce,102.0,111.5,124.5,109.5,103.0,102.0,99.5
TNEA2025-02261,3817,"Roever Engineering College, Elambalur (Post), Perambalur-621212.",PERAMBALUR,Computer Science and Engineering,cs,140.0,111.0,124.5,115.0,91.0,102.0,99.5
TNEA2025-02262,3817,"Roever Engineering College, Elambalur (Post), Perambalur-621212.",PERAMBALUR,Electrical and Electronics Engineering,ee,104.5,111.0,124.5,89.0,91.0,102.0,99.5
TNEA2025-02263,3817,"Roever Engineering College, Elambalur (Post), Perambalur-621212.",PERAMBALUR,Electronics and Communication Engineering,ec,133.5,92.0,90.5,104.5,98.5,102.0,99.5
TNEA2025-02264,3817,"Roever Engineering College, Elambalur (Post), Perambalur-621212.",PERAMBALUR,Mechanical Engineering,me,90.5,92.0,90.5,104.5,98.5,102.0,99.5
TNEA2025-02439,3819,"Saranathan College of Engineering (Autonomous), Venkateswara Nagar, Edamalaipattipudur Post, Panjappur Village, Srirangam Taluk, Tiruchirappalli-620012.",TIRUCHIRAPPALLI,Artificial Intelligence and Data Science,ad,175.0,164.5,163.5,153.0,132.0,139.0,142.5
TNEA2025-02440,3819,"Saranathan College of Engineering (Autonomous), Venkateswara Nagar, Edamalaipattipudur Post, Panjappur Village, Srirangam Taluk, Tiruchirappalli-620012.",TIRUCHIRAPPALLI,Civil Engineering,ce,147.0,117.5,134.5,109.5,88.5,139.0,142.5
TNEA2025-02441,3819,"Saranathan College of Engineering (Autonomous), Venkateswara Nagar, Edamalaipattipudur Post, Panjappur Village, Srirangam Taluk, Tiruchirappalli-620012.",TIRUCHIRAPPALLI,Computer Science and Bussiness System,cb,164.5,158.0,160.0,151.0,126.0,139.0,142.5
TNEA2025-02442,3819,"Saranathan College of Engineering (Autonomous), Venkateswara Nagar, Edamalaipattipudur Post, Panjappur Village, Srirangam Taluk, Tiruchirappalli-620012.",TIRUCHIRAPPALLI,Computer Science and Engineering,cs,181.5,176.5,192.5,169.0,144.0,124.5,142.5
TNEA2025-02443,3819,"Saranathan College of Engineering (Autonomous), Venkateswara Nagar, Edamalaipattipudur Post, Panjappur Village, Srirangam Taluk, Tiruchirappalli-620012.",TIRUCHIRAPPALLI,Computer Science and Engineering (Ai and Machine Learning),am,169.0,163.5,163.0,159.5,135.5,124.5,142.5
TNEA2025-02444,3819,"Saranathan College of Engineering (Autonomous), Venkateswara Nagar, Edamalaipattipudur Post, Panjappur Village, Srirangam Taluk, Tiruchirappalli-620012.",TIRUCHIRAPPALLI,Electrical and Electronics Engineering,ee,156.0,151.5,146.5,141.0,122.5,124.5,142.5
TNEA2025-02445,3819,"Saranathan College of Engineering (Autonomous), Venkateswara Nagar, Edamalaipattipudur Post, Panjappur Village, Srirangam Taluk, Tiruchirappalli-620012.",TIRUCHIRAPPALLI,Electronics and Communication Engineering,ec,172.0,165.5,165.0,156.5,132.5,117.0,142.5
TNEA2025-02446,3819,"Saranathan College of Engineering (Autonomous), Venkateswara Nagar, Edamalaipattipudur Post, Panjappur Village, Srirangam Taluk, Tiruchirappalli-620012.",TIRUCHIRAPPALLI,Information Technology,it,172.0,166.5,170.5,160.0,142.5,117.0,142.5
TNEA2025-02447,3819,"Saranathan College of Engineering (Autonomous), Venkateswara Nagar, Edamalaipattipudur Post, Panjappur Village, Srirangam Taluk, Tiruchirappalli-620012.",TIRUCHIRAPPALLI,Instrumentation and Control Engineering,ic,156.0,144.5,137.0,136.5,117.0,117.0,142.5
TNEA2025-02448,3819,"Saranathan College of Engineering (Autonomous), Venkateswara Nagar, Edamalaipattipudur Post, Panjappur Village, Srirangam Taluk, Tiruchirappalli-620012.",TIRUCHIRAPPALLI,Mechanical Engineering,me,147.5,131.0,138.5,120.5,122.5,117.0,142.5
TNEA2025-03145,3820,"Trichy Engineering College, somu Nagr, Konalai, Tiruchirappalli-621132.",TIRUCHIRAPPALLI,Artificial Intelligence and Data Science,ad,130.5,95.5,Not Available,94.5,99.5,90.0,Not Available
TNEA2025-03146,3820,"Trichy Engineering College, somu Nagr, Konalai, Tiruchirappalli-621132.",TIRUCHIRAPPALLI,Civil Engineering,ce,158.5,95.5,Not Available,94.5,99.5,90.0,Not Available
TNEA2025-03147,3820,"Trichy Engineering College, somu Nagr, Konalai, Tiruchirappalli-621132.",TIRUCHIRAPPALLI,Computer Science and Engineering,cs,117.5,95.0,Not Available,96.0,83.0,90.0,Not Available
TNEA2025-03148,3820,"Trichy Engineering College, somu Nagr, Konalai, Tiruchirappalli-621132.",TIRUCHIRAPPALLI,Computer Science and Engineering (Ai and Machine Learning),am,129.5,95.0,Not Available,96.0,83.0,90.0,Not Available
TNEA2025-03149,3820,"Trichy Engineering College, somu Nagr, Konalai, Tiruchirappalli-621132.",TIRUCHIRAPPALLI,Electrical and Electronics Engineering,ee,112.0,95.0,Not Available,96.0,83.0,90.0,Not Available
TNEA2025-03150,3820,"Trichy Engineering College, somu Nagr, Konalai, Tiruchirappalli-621132.",TIRUCHIRAPPALLI,Electronics and Communication Engineering,ec,109.0,95.0,Not Available,96.0,83.0,90.0,Not Available
TNEA2025-03151,3820,"Trichy Engineering College, somu Nagr, Konalai, Tiruchirappalli-621132.",TIRUCHIRAPPALLI,Mechanical Engineering,me,109.0,95.0,Not Available,96.0,83.0,90.0,Not Available
TNEA2025-03152,3820,"Trichy Engineering College, somu Nagr, Konalai, Tiruchirappalli-621132.",TIRUCHIRAPPALLI,Mechatronics Engineering,mz,134.0,95.0,Not Available,96.0,83.0,90.0,Not Available
TNEA2025-00026,3821,"A.R.J College of Engineering and Technology, Thirumakkottai Main Road, Edayarnatham Village, Sundarakkottai (PO), Mannargudi Taluk, Thiruvarur-614001.",TIRUVARUR,Agricultural Engineering,ag,134.5,96.5,98.0,83.5,Not Available,Not Available,Not Available
TNEA2025-00027,3821,"A.R.J College of Engineering and Technology, Thirumakkottai Main Road, Edayarnatham Village, Sundarakkottai (PO), Mannargudi Taluk, Thiruvarur-614001.",TIRUVARUR,Artificial Intelligence and Data Science,ad,108.0,96.5,98.0,83.5,Not Available,Not Available,Not Available
TNEA2025-00028,3821,"A.R.J College of Engineering and Technology, Thirumakkottai Main Road, Edayarnatham Village, Sundarakkottai (PO), Mannargudi Taluk, Thiruvarur-614001.",TIRUVARUR,Bio Medical Engineering,bm,89.5,96.5,98.0,83.5,Not Available,Not Available,Not Available
TNEA2025-00029,3821,"A.R.J College of Engineering and Technology, Thirumakkottai Main Road, Edayarnatham Village, Sundarakkottai (PO), Mannargudi Taluk, Thiruvarur-614001.",TIRUVARUR,Civil Engineering,ce,89.5,96.5,98.0,83.5,Not Available,Not Available,Not Available
TNEA2025-00030,3821,"A.R.J College of Engineering and Technology, Thirumakkottai Main Road, Edayarnatham Village, Sundarakkottai (PO), Mannargudi Taluk, Thiruvarur-614001.",TIRUVARUR,Computer Science and Engineering,cs,86.5,96.5,98.0,83.5,Not Available,Not Available,Not Available
TNEA2025-00031,3821,"A.R.J College of Engineering and Technology, Thirumakkottai Main Road, Edayarnatham Village, Sundarakkottai (PO), Mannargudi Taluk, Thiruvarur-614001.",TIRUVARUR,Electrical and Electronics Engineering,ee,113.5,96.5,98.0,83.5,Not Available,Not Available,Not Available
TNEA2025-00032,3821,"A.R.J College of Engineering and Technology, Thirumakkottai Main Road, Edayarnatham Village, Sundarakkottai (PO), Mannargudi Taluk, Thiruvarur-614001.",TIRUVARUR,Electronics and Communication Engineering,ec,90.5,82.5,87.0,83.5,Not Available,Not Available,Not Available
TNEA2025-00033,3821,"A.R.J College of Engineering and Technology, Thirumakkottai Main Road, Edayarnatham Village, Sundarakkottai (PO), Mannargudi Taluk, Thiruvarur-614001.",TIRUVARUR,Mechanical Engineering,me,105.0,82.5,87.0,83.5,Not Available,Not Available,Not Available
TNEA2025-00662,3822,"Dr.Navalar Nedunchezhiyan College of Engineering, Raja Nagar, Vaithiyanathapuram, Tholudur, Cuddalore-606303.",CUDDALORE,Artificial Intelligence and Data Science,ad,87.5,Not Available,Not Available,Not Available,Not Available,Not Available,Not Available
TNEA2025-00663,3822,"Dr.Navalar Nedunchezhiyan College of Engineering, Raja Nagar, Vaithiyanathapuram, Tholudur, Cuddalore-606303.",CUDDALORE,Bio Medical Engineering,bm,89.0,Not Available,Not Available,Not Available,Not Available,Not Available,Not Available
TNEA2025-00664,3822,"Dr.Navalar Nedunchezhiyan College of Engineering, Raja Nagar, Vaithiyanathapuram, Tholudur, Cuddalore-606303.",CUDDALORE,Civil Engineering,ce,89.0,Not Available,Not Available,Not Available,Not Available,Not Available,Not Available
TNEA2025-00665,3822,"Dr.Navalar Nedunchezhiyan College of Engineering, Raja Nagar, Vaithiyanathapuram, Tholudur, Cuddalore-606303.",CUDDALORE,Computer Science and Engineering,cs,87.0,Not Available,Not Available,Not Available,Not Available,Not Available,Not Available
TNEA2025-00666,3822,"Dr.Navalar Nedunchezhiyan College of Engineering, Raja Nagar, Vaithiyanathapuram, Tholudur, Cuddalore-606303.",CUDDALORE,Electrical and Electronics Engineering,ee,117.0,Not Available,Not Available,Not Available,Not Available,Not Available,Not Available
TNEA2025-00667,3822,"Dr.Navalar Nedunchezhiyan College of Engineering, Raja Nagar, Vaithiyanathapuram, Tholudur, Cuddalore-606303.",CUDDALORE,Electronics and Communication Engineering,ec,108.5,Not Available,Not Available,Not Available,Not Available,Not Available,Not Available
TNEA2025-00668,3822,"Dr.Navalar Nedunchezhiyan College of Engineering, Raja Nagar, Vaithiyanathapuram, Tholudur, Cuddalore-606303.",CUDDALORE,Information Technology,it,86.5,Not Available,Not Available,Not Available,Not Available,Not Available,Not Available
TNEA2025-00669,3822,"Dr.Navalar Nedunchezhiyan College of Engineering, Raja Nagar, Vaithiyanathapuram, Tholudur, Cuddalore-606303.",CUDDALORE,Mechanical Engineering,me,102.0,Not Available,Not Available,Not Available,Not Available,Not Available,Not Available
TNEA2025-02906,3825,"St. Joseph's College of Engineering and Technology, A.S.Nagar, Ellupatti, Rawasapatti Post, Inathukanpatti Village, Thanjavur-613403.",THANJAVUR,Artificial Intelligence and Data Science,ad,141.0,123.5,129.0,85.5,107.5,Not Available,Not Available
TNEA2025-02907,3825,"St. Joseph's College of Engineering and Technology, A.S.Nagar, Ellupatti, Rawasapatti Post, Inathukanpatti Village, Thanjavur-613403.",THANJAVUR,Computer Science and Engineering,cs,125.5,104.5,109.5,99.5,89.5,Not Available,Not Available
TNEA2025-02908,3825,"St. Joseph's College of Engineering and Technology, A.S.Nagar, Ellupatti, Rawasapatti Post, Inathukanpatti Village, Thanjavur-613403.",THANJAVUR,Electrical and Electronics Engineering,ee,106.5,81.5,109.5,99.5,90.0,Not Available,Not Available
TNEA2025-02909,3825,"St. Joseph's College of Engineering and Technology, A.S.Nagar, Ellupatti, Rawasapatti Post, Inathukanpatti Village, Thanjavur-613403.",THANJAVUR,Electronics and Communication Engineering,ec,112.0,89.99,86.0,91.5,86.5,Not Available,Not Available
TNEA2025-02910,3825,"St. Joseph's College of Engineering and Technology, A.S.Nagar, Ellupatti, Rawasapatti Post, Inathukanpatti Village, Thanjavur-613403.",THANJAVUR,Information Technology,it,128.5,110.5,87.5,92.5,108.5,Not Available,Not Available
TNEA2025-02911,3825,"St. Joseph's College of Engineering and Technology, A.S.Nagar, Ellupatti, Rawasapatti Post, Inathukanpatti Village, Thanjavur-613403.",THANJAVUR,Mechanical Engineering,me,98.5,85.0,87.5,80.5,88.5,Not Available,Not Available
TNEA2025-01350,3826,"Kongunadu College of Engineering and Technology (Autonomous), Tholurpatti, Thottiam, Tiruchirappalli-621215.",TIRUCHIRAPPALLI,Agricultural Engineering,ag,137.5,111.5,114.0,112.5,113.0,133.5,113.5
TNEA2025-01351,3826,"Kongunadu College of Engineering and Technology (Autonomous), Tholurpatti, Thottiam, Tiruchirappalli-621215.",TIRUCHIRAPPALLI,Artificial Intelligence and Data Science,ad,165.0,150.0,149.0,150.0,128.5,130.5,181.0
TNEA2025-01352,3826,"Kongunadu College of Engineering and Technology (Autonomous), Tholurpatti, Thottiam, Tiruchirappalli-621215.",TIRUCHIRAPPALLI,Bio Medical Engineering,bm,144.0,124.0,136.0,134.0,114.5,108.5,181.0
TNEA2025-01353,3826,"Kongunadu College of Engineering and Technology (Autonomous), Tholurpatti, Thottiam, Tiruchirappalli-621215.",TIRUCHIRAPPALLI,Civil Engineering,ce,135.0,111.0,136.0,111.5,100.5,129.5,181.0
TNEA2025-01354,3826,"Kongunadu College of Engineering and Technology (Autonomous), Tholurpatti, Thottiam, Tiruchirappalli-621215.",TIRUCHIRAPPALLI,Computer Science and Engineering,cs,163.5,152.5,142.0,150.0,114.5,121.0,126.0
TNEA2025-01355,3826,"Kongunadu College of Engineering and Technology (Autonomous), Tholurpatti, Thottiam, Tiruchirappalli-621215.",TIRUCHIRAPPALLI,Electrical and Electronics Engineering,ee,149.0,142.0,124.5,141.5,108.5,121.0,126.0
TNEA2025-01356,3826,"Kongunadu College of Engineering and Technology (Autonomous), Tholurpatti, Thottiam, Tiruchirappalli-621215.",TIRUCHIRAPPALLI,Electronics and Communication Engineering,ec,160.5,150.0,138.5,146.5,116.5,118.5,121.5
TNEA2025-01357,3826,"Kongunadu College of Engineering and Technology (Autonomous), Tholurpatti, Thottiam, Tiruchirappalli-621215.",TIRUCHIRAPPALLI,Information Technology,it,162.0,151.5,142.5,147.5,134.0,125.5,121.5
TNEA2025-01358,3826,"Kongunadu College of Engineering and Technology (Autonomous), Tholurpatti, Thottiam, Tiruchirappalli-621215.",TIRUCHIRAPPALLI,Mechanical Engineering,me,135.0,116.5,114.0,122.5,119.0,126.0,89.5
TNEA2025-01429,3829,"M.A.M. College of Engineering and Technology, Trichy-Chennai Trunk Road, Siruganur, Manachanallur Taluk, Tiruchirappalli-621105.",TIRUCHIRAPPALLI,Artificial Intelligence and Data Science,ad,158.0,138.0,142.5,120.5,125.5,116.5,Not Available
TNEA2025-01430,3829,"M.A.M. College of Engineering and Technology, Trichy-Chennai Trunk Road, Siruganur, Manachanallur Taluk, Tiruchirappalli-621105.",TIRUCHIRAPPALLI,Civil Engineering,ce,155.0,85.5,142.5,95.5,96.0,116.5,Not Available
TNEA2025-01431,3829,"M.A.M. College of Engineering and Technology, Trichy-Chennai Trunk Road, Siruganur, Manachanallur Taluk, Tiruchirappalli-621105.",TIRUCHIRAPPALLI,Computer Science and Engineering,cs,137.5,116.5,132.0,111.5,100.0,116.5,Not Available
TNEA2025-01432,3829,"M.A.M. College of Engineering and Technology, Trichy-Chennai Trunk Road, Siruganur, Manachanallur Taluk, Tiruchirappalli-621105.",TIRUCHIRAPPALLI,Electrical and Electronics Engineering,ee,122.0,80.0,132.0,107.0,89.0,116.5,Not Available
TNEA2025-01433,3829,"M.A.M. College of Engineering and Technology, Trichy-Chennai Trunk Road, Siruganur, Manachanallur Taluk, Tiruchirappalli-621105.",TIRUCHIRAPPALLI,Electronics and Communication Engineering,ec,144.0,113.0,86.0,103.5,104.0,116.5,Not Available
TNEA2025-01434,3829,"M.A.M. College of Engineering and Technology, Trichy-Chennai Trunk Road, Siruganur, Manachanallur Taluk, Tiruchirappalli-621105.",TIRUCHIRAPPALLI,Information Technology,it,145.5,116.0,129.5,92.0,93.5,140.0,Not Available
TNEA2025-01435,3829,"M.A.M. College of Engineering and Technology, Trichy-Chennai Trunk Road, Siruganur, Manachanallur Taluk, Tiruchirappalli-621105.",TIRUCHIRAPPALLI,Mechanical Engineering,me,107.0,92.0,129.5,100.0,82.5,140.0,Not Available
TNEA2025-01192,3830,"K. Ramakrishnan College of Engineering (Autonomous), Kariyamanickam Road, Samayapuram, Tiruchirappalli-621112.",TIRUCHIRAPPALLI,Artificial Intelligence and Data Science,ad,167.5,162.0,159.5,149.5,121.0,115.0,116.0
TNEA2025-01193,3830,"K. Ramakrishnan College of Engineering (Autonomous), Kariyamanickam Road, Samayapuram, Tiruchirappalli-621112.",TIRUCHIRAPPALLI,Computer Science and Bussiness System,cb,160.0,152.0,157.5,139.0,90.0,115.0,116.0
TNEA2025-01194,3830,"K. Ramakrishnan College of Engineering (Autonomous), Kariyamanickam Road, Samayapuram, Tiruchirappalli-621112.",TIRUCHIRAPPALLI,Computer Science and Engineering,cs,179.0,169.5,170.0,160.0,144.5,121.5,116.0
TNEA2025-01195,3830,"K. Ramakrishnan College of Engineering (Autonomous), Kariyamanickam Road, Samayapuram, Tiruchirappalli-621112.",TIRUCHIRAPPALLI,Computer Science and Engineering (Ai and Machine Learning),am,164.0,156.5,158.5,146.0,132.0,121.5,116.0
TNEA2025-01196,3830,"K. Ramakrishnan College of Engineering (Autonomous), Kariyamanickam Road, Samayapuram, Tiruchirappalli-621112.",TIRUCHIRAPPALLI,Electrical and Electronics Engineering,ee,151.5,145.5,143.5,129.0,102.0,121.5,116.0
TNEA2025-01197,3830,"K. Ramakrishnan College of Engineering (Autonomous), Kariyamanickam Road, Samayapuram, Tiruchirappalli-621112.",TIRUCHIRAPPALLI,Electronics and Communication Engineering,ec,166.5,159.0,158.5,145.0,130.0,151.5,116.0
TNEA2025-01198,3830,"K. Ramakrishnan College of Engineering (Autonomous), Kariyamanickam Road, Samayapuram, Tiruchirappalli-621112.",TIRUCHIRAPPALLI,Information Technology,it,169.5,159.5,151.5,149.5,116.5,151.5,116.0
TNEA2025-01199,3830,"K. Ramakrishnan College of Engineering (Autonomous), Kariyamanickam Road, Samayapuram, Tiruchirappalli-621112.",TIRUCHIRAPPALLI,Mechanical Engineering,me,136.0,122.0,132.5,119.0,111.5,151.5,116.0
TNEA2025-00980,3831,"Indra Ganesan College of Engineering, Madurai Main Road, Manikandam, Tiruchirappalli-620012.",TIRUCHIRAPPALLI,Agricultural Engineering,ag,96.5,103.5,114.0,97.0,101.0,Not Available,Not Available
TNEA2025-00981,3831,"Indra Ganesan College of Engineering, Madurai Main Road, Manikandam, Tiruchirappalli-620012.",TIRUCHIRAPPALLI,Artificial Intelligence and Data Science,ad,129.5,103.5,114.0,97.0,101.0,Not Available,Not Available
TNEA2025-00982,3831,"Indra Ganesan College of Engineering, Madurai Main Road, Manikandam, Tiruchirappalli-620012.",TIRUCHIRAPPALLI,Bio Medical Engineering,bm,97.0,103.5,114.0,97.0,101.0,Not Available,Not Available
TNEA2025-00983,3831,"Indra Ganesan College of Engineering, Madurai Main Road, Manikandam, Tiruchirappalli-620012.",TIRUCHIRAPPALLI,Computer Science and Engineering,cs,109.0,89.0,103.5,83.5,81.0,Not Available,Not Available
TNEA2025-00984,3831,"Indra Ganesan College of Engineering, Madurai Main Road, Manikandam, Tiruchirappalli-620012.",TIRUCHIRAPPALLI,Electrical and Electronics Engineering,ee,109.0,89.0,103.5,83.5,81.0,Not Available,Not Available
TNEA2025-00985,3831,"Indra Ganesan College of Engineering, Madurai Main Road, Manikandam, Tiruchirappalli-620012.",TIRUCHIRAPPALLI,Electronics and Communication Engineering,ec,89.0,89.0,103.5,83.5,81.0,Not Available,Not Available
TNEA2025-00986,3831,"Indra Ganesan College of Engineering, Madurai Main Road, Manikandam, Tiruchirappalli-620012.",TIRUCHIRAPPALLI,Information Technology,it,81.5,89.0,103.5,83.5,81.0,Not Available,Not Available
TNEA2025-00987,3831,"Indra Ganesan College of Engineering, Madurai Main Road, Manikandam, Tiruchirappalli-620012.",TIRUCHIRAPPALLI,Mechanical Engineering,me,100.0,89.0,103.5,83.5,81.0,Not Available,Not Available
TNEA2025-02036,3833,"Parisutham Institute of Technology and Science (Autonomous), NH 67 Ring Road, Nanjikottai, Thanjavur-613006.",THANJAVUR,Aeronautical Engineering,ae,102.0,90.0,108.5,83.0,98.0,86.0,Not Available
TNEA2025-02037,3833,"Parisutham Institute of Technology and Science (Autonomous), NH 67 Ring Road, Nanjikottai, Thanjavur-613006.",THANJAVUR,Civil Engineering,ce,102.0,90.0,108.5,83.0,98.0,86.0,Not Available
TNEA2025-02038,3833,"Parisutham Institute of Technology and Science (Autonomous), NH 67 Ring Road, Nanjikottai, Thanjavur-613006.",THANJAVUR,Computer Science and Engineering,cs,125.5,90.0,108.5,83.0,98.0,86.0,Not Available
TNEA2025-02039,3833,"Parisutham Institute of Technology and Science (Autonomous), NH 67 Ring Road, Nanjikottai, Thanjavur-613006.",THANJAVUR,Electrical and Electronics Engineering,ee,100.0,90.0,108.5,83.0,98.0,86.0,Not Available
TNEA2025-02040,3833,"Parisutham Institute of Technology and Science (Autonomous), NH 67 Ring Road, Nanjikottai, Thanjavur-613006.",THANJAVUR,Electronics and Communication Engineering,ec,89.0,90.0,108.5,83.0,98.0,86.0,Not Available
TNEA2025-02041,3833,"Parisutham Institute of Technology and Science (Autonomous), NH 67 Ring Road, Nanjikottai, Thanjavur-613006.",THANJAVUR,Information Technology,it,115.5,89.5,108.5,106.5,98.0,86.0,Not Available
TNEA2025-02042,3833,"Parisutham Institute of Technology and Science (Autonomous), NH 67 Ring Road, Nanjikottai, Thanjavur-613006.",THANJAVUR,Mechanical Engineering,me,95.0,89.5,108.5,106.5,98.0,86.0,Not Available
TNEA2025-00440,3841,"CARE College of Engineering (Autonomous), No.27, Thayanoor village, Kuttapatti, Tiruchirappalli-620009.",TIRUCHIRAPPALLI,Artificial Intelligence and Data Science,ad,154.5,143.5,151.0,141.0,94.5,112.5,Not Available
TNEA2025-00441,3841,"CARE College of Engineering (Autonomous), No.27, Thayanoor village, Kuttapatti, Tiruchirappalli-620009.",TIRUCHIRAPPALLI,Bachelor of Design,da,154.5,143.5,151.0,141.0,94.5,112.5,Not Available
TNEA2025-00442,3841,"CARE College of Engineering (Autonomous), No.27, Thayanoor village, Kuttapatti, Tiruchirappalli-620009.",TIRUCHIRAPPALLI,Civil Engineering,ce,110.0,101.0,151.0,141.0,107.5,112.5,Not Available
TNEA2025-00443,3841,"CARE College of Engineering (Autonomous), No.27, Thayanoor village, Kuttapatti, Tiruchirappalli-620009.",TIRUCHIRAPPALLI,Computer Science and Engineering,cs,157.0,142.0,149.0,137.5,108.0,111.5,Not Available
TNEA2025-00444,3841,"CARE College of Engineering (Autonomous), No.27, Thayanoor village, Kuttapatti, Tiruchirappalli-620009.",TIRUCHIRAPPALLI,Electronics and Communication Engineering,ec,146.5,139.0,139.5,138.0,111.0,103.5,Not Available
TNEA2025-00445,3841,"CARE College of Engineering (Autonomous), No.27, Thayanoor village, Kuttapatti, Tiruchirappalli-620009.",TIRUCHIRAPPALLI,Mechanical Engineering,me,120.5,80.0,139.5,101.0,106.5,103.5,Not Available
TNEA2025-01482,3843,"MRK Institute of Technology, Nattarmangalam Post, Kattumannarkoil, Cuddalore-608301.",CUDDALORE,Artificial Intelligence and Data Science,ad,155.0,109.5,135.0,124.5,134.0,Not Available,Not Available
TNEA2025-01483,3843,"MRK Institute of Technology, Nattarmangalam Post, Kattumannarkoil, Cuddalore-608301.",CUDDALORE,Civil Engineering,ce,114.0,109.5,135.0,87.5,134.0,Not Available,Not Available
TNEA2025-01484,3843,"MRK Institute of Technology, Nattarmangalam Post, Kattumannarkoil, Cuddalore-608301.",CUDDALORE,Computer Science and Engineering,cs,142.0,114.0,135.0,127.5,108.5,Not Available,Not Available
TNEA2025-01485,3843,"MRK Institute of Technology, Nattarmangalam Post, Kattumannarkoil, Cuddalore-608301.",CUDDALORE,Computer Science and Engineering (Ai and Machine Learning),am,128.5,102.5,135.0,119.0,108.5,Not Available,Not Available
TNEA2025-01486,3843,"MRK Institute of Technology, Nattarmangalam Post, Kattumannarkoil, Cuddalore-608301.",CUDDALORE,Electrical and Electronics Engineering,ee,133.5,86.5,135.0,92.5,95.0,Not Available,Not Available
TNEA2025-01487,3843,"MRK Institute of Technology, Nattarmangalam Post, Kattumannarkoil, Cuddalore-608301.",CUDDALORE,Electronics and Communication Engineering,ec,124.5,97.5,101.0,102.0,106.5,Not Available,Not Available
TNEA2025-01488,3843,"MRK Institute of Technology, Nattarmangalam Post, Kattumannarkoil, Cuddalore-608301.",CUDDALORE,Information Technology,it,151.5,105.5,141.0,132.0,132.5,Not Available,Not Available
TNEA2025-01489,3843,"MRK Institute of Technology, Nattarmangalam Post, Kattumannarkoil, Cuddalore-608301.",CUDDALORE,Mechanical Engineering,me,112.0,108.5,108.5,95.0,91.0,Not Available,Not Available
TNEA2025-02538,3844,"Shivani Engineering College, Poolangulathupatti (Post), Srirangam (Taluk), Tiruchirappalli-620009.",TIRUCHIRAPPALLI,Artificial Intelligence and Data Science,ad,112.0,82.5,Not Available,98.5,97.5,98.0,Not Available
TNEA2025-02539,3844,"Shivani Engineering College, Poolangulathupatti (Post), Srirangam (Taluk), Tiruchirappalli-620009.",TIRUCHIRAPPALLI,Bio Medical Engineering,bm,105.0,93.0,Not Available,85.5,86.0,98.0,Not Available
TNEA2025-02540,3844,"Shivani Engineering College, Poolangulathupatti (Post), Srirangam (Taluk), Tiruchirappalli-620009.",TIRUCHIRAPPALLI,Computer Science and Engineering,cs,117.0,103.0,Not Available,107.0,96.0,98.0,Not Available
TNEA2025-02541,3844,"Shivani Engineering College, Poolangulathupatti (Post), Srirangam (Taluk), Tiruchirappalli-620009.",TIRUCHIRAPPALLI,Computer Science and Engineering (Cyber Security),sc,99.5,93.0,Not Available,97.5,91.0,98.0,Not Available
TNEA2025-02542,3844,"Shivani Engineering College, Poolangulathupatti (Post), Srirangam (Taluk), Tiruchirappalli-620009.",TIRUCHIRAPPALLI,Electrical and Electronics Engineering,ee,93.5,93.0,Not Available,97.5,91.0,98.0,Not Available
TNEA2025-02543,3844,"Shivani Engineering College, Poolangulathupatti (Post), Srirangam (Taluk), Tiruchirappalli-620009.",TIRUCHIRAPPALLI,Electronics and Communication Engineering,ec,121.0,114.5,Not Available,93.0,91.0,98.0,Not Available
TNEA2025-02544,3844,"Shivani Engineering College, Poolangulathupatti (Post), Srirangam (Taluk), Tiruchirappalli-620009.",TIRUCHIRAPPALLI,Information Technology,it,93.5,114.5,Not Available,90.0,91.0,98.0,Not Available
TNEA2025-02545,3844,"Shivani Engineering College, Poolangulathupatti (Post), Srirangam (Taluk), Tiruchirappalli-620009.",TIRUCHIRAPPALLI,Mechanical Engineering,me,89.0,114.5,Not Available,90.0,91.0,98.0,Not Available
TNEA2025-00955,3845,"Imayam College of Engineering, Kannanur Post, Thuraiyur Taluk, Tiruchirappalli-621206.",TIRUCHIRAPPALLI,Artificial Intelligence and Data Science,ad,114.0,91.5,109.0,106.5,91.5,103.0,Not Available
TNEA2025-00956,3845,"Imayam College of Engineering, Kannanur Post, Thuraiyur Taluk, Tiruchirappalli-621206.",TIRUCHIRAPPALLI,Computer Science and Engineering,cs,117.5,95.5,109.0,104.5,91.5,97.5,Not Available
TNEA2025-00957,3845,"Imayam College of Engineering, Kannanur Post, Thuraiyur Taluk, Tiruchirappalli-621206.",TIRUCHIRAPPALLI,Computer Science and Engineering (Ai and Machine Learning),am,92.5,95.5,87.5,86.0,91.5,97.5,Not Available
TNEA2025-00958,3845,"Imayam College of Engineering, Kannanur Post, Thuraiyur Taluk, Tiruchirappalli-621206.",TIRUCHIRAPPALLI,Computer Science and Engineering (Cyber Security),sc,101.0,82.0,87.5,86.0,91.5,97.5,Not Available
TNEA2025-00959,3845,"Imayam College of Engineering, Kannanur Post, Thuraiyur Taluk, Tiruchirappalli-621206.",TIRUCHIRAPPALLI,Electrical and Electronics Engineering,ee,84.0,82.0,87.5,86.0,91.5,97.5,Not Available
TNEA2025-00960,3845,"Imayam College of Engineering, Kannanur Post, Thuraiyur Taluk, Tiruchirappalli-621206.",TIRUCHIRAPPALLI,Electronics and Communication Engineering,ec,83.0,82.0,87.5,86.0,91.5,97.5,Not Available
TNEA2025-00961,3845,"Imayam College of Engineering, Kannanur Post, Thuraiyur Taluk, Tiruchirappalli-621206.",TIRUCHIRAPPALLI,Mechanical Engineering,me,80.0,82.0,87.5,86.0,91.5,97.5,Not Available
TNEA2025-01670,3846,"Mother Terasa College of Engineering and Technology, Mettusalai, Illuppur (Post & Taluk), Pudukkottai District-622102.",PUDUKKOTTAI,Artificial Intelligence and Data Science,ad,130.0,104.0,Not Available,105.0,91.5,101.0,Not Available
TNEA2025-01671,3846,"Mother Terasa College of Engineering and Technology, Mettusalai, Illuppur (Post & Taluk), Pudukkottai District-622102.",PUDUKKOTTAI,Civil Engineering,ce,93.5,104.0,Not Available,105.0,91.5,101.0,Not Available
TNEA2025-01672,3846,"Mother Terasa College of Engineering and Technology, Mettusalai, Illuppur (Post & Taluk), Pudukkottai District-622102.",PUDUKKOTTAI,Computer Science and Bussiness System,cb,88.0,104.0,Not Available,87.0,80.5,101.0,Not Available
TNEA2025-01673,3846,"Mother Terasa College of Engineering and Technology, Mettusalai, Illuppur (Post & Taluk), Pudukkottai District-622102.",PUDUKKOTTAI,Computer Science and Engineering,cs,109.0,82.5,Not Available,88.0,100.0,101.0,Not Available
TNEA2025-01674,3846,"Mother Terasa College of Engineering and Technology, Mettusalai, Illuppur (Post & Taluk), Pudukkottai District-622102.",PUDUKKOTTAI,Electrical and Electronics Engineering,ee,114.5,82.5,Not Available,88.0,100.0,101.0,Not Available
TNEA2025-01675,3846,"Mother Terasa College of Engineering and Technology, Mettusalai, Illuppur (Post & Taluk), Pudukkottai District-622102.",PUDUKKOTTAI,Electronics and Communication Engineering,ec,98.0,82.5,Not Available,88.0,100.0,101.0,Not Available
TNEA2025-01676,3846,"Mother Terasa College of Engineering and Technology, Mettusalai, Illuppur (Post & Taluk), Pudukkottai District-622102.",PUDUKKOTTAI,Mechanical Engineering,me,86.0,82.5,Not Available,88.0,100.0,101.0,Not Available
TNEA2025-03368,3848,"Vandayar Engineering College, Pulavarnatham (Post), Mariammankovil (via), Nagai Main Road, Thanjavur-613501.",THANJAVUR,Artificial Intelligence and Data Science,ad,120.0,Not Available,Not Available,Not Available,Not Available,Not Available,Not Available
TNEA2025-03369,3848,"Vandayar Engineering College, Pulavarnatham (Post), Mariammankovil (via), Nagai Main Road, Thanjavur-613501.",THANJAVUR,Civil Engineering,ce,120.0,Not Available,Not Available,Not Available,Not Available,Not Available,Not Available
TNEA2025-03370,3848,"Vandayar Engineering College, Pulavarnatham (Post), Mariammankovil (via), Nagai Main Road, Thanjavur-613501.",THANJAVUR,Computer Science and Engineering,cs,95.0,Not Available,Not Available,Not Available,Not Available,Not Available,Not Available
TNEA2025-03371,3848,"Vandayar Engineering College, Pulavarnatham (Post), Mariammankovil (via), Nagai Main Road, Thanjavur-613501.",THANJAVUR,Electrical and Electronics Engineering,ee,95.0,Not Available,Not Available,Not Available,Not Available,Not Available,Not Available
TNEA2025-03372,3848,"Vandayar Engineering College, Pulavarnatham (Post), Mariammankovil (via), Nagai Main Road, Thanjavur-613501.",THANJAVUR,Electronics and Communication Engineering,ec,101.5,Not Available,Not Available,Not Available,Not Available,Not Available,Not Available
TNEA2025-03373,3848,"Vandayar Engineering College, Pulavarnatham (Post), Mariammankovil (via), Nagai Main Road, Thanjavur-613501.",THANJAVUR,Information Technology,it,96.0,Not Available,Not Available,Not Available,Not Available,Not Available,Not Available
TNEA2025-03374,3848,"Vandayar Engineering College, Pulavarnatham (Post), Mariammankovil (via), Nagai Main Road, Thanjavur-613501.",THANJAVUR,Mechanical Engineering,me,96.0,Not Available,Not Available,Not Available,Not Available,Not Available,Not Available
TNEA2025-00196,3849,"Annai College of Engineering and Technology, Anakudi Road, Kovilacheri, Kumbakonam, Thanjavur District-612503.",THANJAVUR,Artificial Intelligence and Data Science,ad,96.0,97.0,85.0,92.5,94.5,Not Available,Not Available
TNEA2025-00197,3849,"Annai College of Engineering and Technology, Anakudi Road, Kovilacheri, Kumbakonam, Thanjavur District-612503.",THANJAVUR,Civil Engineering,ce,96.0,97.0,85.0,92.5,94.5,Not Available,Not Available
TNEA2025-00198,3849,"Annai College of Engineering and Technology, Anakudi Road, Kovilacheri, Kumbakonam, Thanjavur District-612503.",THANJAVUR,Computer Science and Engineering,cs,97.5,97.0,85.0,85.0,91.5,Not Available,Not Available
TNEA2025-00199,3849,"Annai College of Engineering and Technology, Anakudi Road, Kovilacheri, Kumbakonam, Thanjavur District-612503.",THANJAVUR,Electrical and Electronics Engineering,ee,87.0,97.0,85.0,85.0,91.5,Not Available,Not Available
TNEA2025-00200,3849,"Annai College of Engineering and Technology, Anakudi Road, Kovilacheri, Kumbakonam, Thanjavur District-612503.",THANJAVUR,Electronics and Communication Engineering,ec,91.5,97.0,85.0,85.0,91.5,Not Available,Not Available
TNEA2025-00201,3849,"Annai College of Engineering and Technology, Anakudi Road, Kovilacheri, Kumbakonam, Thanjavur District-612503.",THANJAVUR,Information Technology,it,106.5,81.0,100.0,99.0,94.0,Not Available,Not Available
TNEA2025-00202,3849,"Annai College of Engineering and Technology, Anakudi Road, Kovilacheri, Kumbakonam, Thanjavur District-612503.",THANJAVUR,Mechanical Engineering,me,94.5,81.0,100.0,99.0,94.0,Not Available,Not Available
TNEA2025-03440,3850,"Vetri Vinayaha College of Engineering and Technology, Tholurpatti, Thottiam, Tiruchirappalli-621215.",TIRUCHIRAPPALLI,Artificial Intelligence and Data Science,ad,96.5,Not Available,Not Available,89.5,Not Available,Not Available,Not Available
TNEA2025-03441,3850,"Vetri Vinayaha College of Engineering and Technology, Tholurpatti, Thottiam, Tiruchirappalli-621215.",TIRUCHIRAPPALLI,Computer Science and Engineering,cs,96.5,Not Available,Not Available,89.5,Not Available,Not Available,Not Available
TNEA2025-03442,3850,"Vetri Vinayaha College of Engineering and Technology, Tholurpatti, Thottiam, Tiruchirappalli-621215.",TIRUCHIRAPPALLI,Electrical and Electronics Engineering,ee,96.5,Not Available,Not Available,89.5,Not Available,Not Available,Not Available
TNEA2025-03443,3850,"Vetri Vinayaha College of Engineering and Technology, Tholurpatti, Thottiam, Tiruchirappalli-621215.",TIRUCHIRAPPALLI,Electronics and Communication Engineering,ec,96.5,Not Available,Not Available,89.5,Not Available,Not Available,Not Available
TNEA2025-03444,3850,"Vetri Vinayaha College of Engineering and Technology, Tholurpatti, Thottiam, Tiruchirappalli-621215.",TIRUCHIRAPPALLI,Information Technology,it,96.5,Not Available,Not Available,89.5,Not Available,Not Available,Not Available
TNEA2025-03445,3850,"Vetri Vinayaha College of Engineering and Technology, Tholurpatti, Thottiam, Tiruchirappalli-621215.",TIRUCHIRAPPALLI,Mechanical Engineering,me,96.5,Not Available,Not Available,89.5,Not Available,Not Available,Not Available
TNEA2025-02647,3852,"Sri Bharathi Engineering College for Women, Aranthangi Road, Kaikurichi, Alangudi Taluk, Pudukkottai-622303.",PUDUKKOTTAI,Civil Engineering,ce,105.5,86.5,106.0,101.5,91.0,Not Available,Not Available
TNEA2025-02648,3852,"Sri Bharathi Engineering College for Women, Aranthangi Road, Kaikurichi, Alangudi Taluk, Pudukkottai-622303.",PUDUKKOTTAI,Computer Science and Engineering,cs,123.5,86.5,106.0,101.5,91.0,Not Available,Not Available
TNEA2025-02649,3852,"Sri Bharathi Engineering College for Women, Aranthangi Road, Kaikurichi, Alangudi Taluk, Pudukkottai-622303.",PUDUKKOTTAI,Electrical and Electronics Engineering,ee,108.0,86.5,106.0,101.5,91.0,Not Available,Not Available
TNEA2025-02650,3852,"Sri Bharathi Engineering College for Women, Aranthangi Road, Kaikurichi, Alangudi Taluk, Pudukkottai-622303.",PUDUKKOTTAI,Electronics and Communication Engineering,ec,92.5,86.5,106.0,101.5,91.0,Not Available,Not Available
TNEA2025-02651,3852,"Sri Bharathi Engineering College for Women, Aranthangi Road, Kaikurichi, Alangudi Taluk, Pudukkottai-622303.",PUDUKKOTTAI,Information Technology,it,121.5,94.0,106.0,83.5,91.0,Not Available,Not Available
TNEA2025-01526,3854,"Mahath Amma Institute of Engineering and Technology, Ariyur, Mathiyanaloor-Post, Annavasal Road, Illupur Taluk, Pudukkottai-622101.",PUDUKKOTTAI,Agricultural Engineering,ag,87.5,88.5,Not Available,Not Available,Not Available,Not Available,Not Available
TNEA2025-01527,3854,"Mahath Amma Institute of Engineering and Technology, Ariyur, Mathiyanaloor-Post, Annavasal Road, Illupur Taluk, Pudukkottai-622101.",PUDUKKOTTAI,Artificial Intelligence and Data Science,ad,101.0,88.5,Not Available,Not Available,Not Available,Not Available,Not Available
TNEA2025-01528,3854,"Mahath Amma Institute of Engineering and Technology, Ariyur, Mathiyanaloor-Post, Annavasal Road, Illupur Taluk, Pudukkottai-622101.",PUDUKKOTTAI,Civil Engineering,ce,101.0,88.5,Not Available,Not Available,Not Available,Not Available,Not Available
TNEA2025-01529,3854,"Mahath Amma Institute of Engineering and Technology, Ariyur, Mathiyanaloor-Post, Annavasal Road, Illupur Taluk, Pudukkottai-622101.",PUDUKKOTTAI,Computer Science and Engineering,cs,80.0,88.5,Not Available,Not Available,Not Available,Not Available,Not Available
TNEA2025-01530,3854,"Mahath Amma Institute of Engineering and Technology, Ariyur, Mathiyanaloor-Post, Annavasal Road, Illupur Taluk, Pudukkottai-622101.",PUDUKKOTTAI,Computer Science and Engineering (Cyber Security),sc,93.5,88.5,Not Available,Not Available,Not Available,Not Available,Not Available
TNEA2025-01531,3854,"Mahath Amma Institute of Engineering and Technology, Ariyur, Mathiyanaloor-Post, Annavasal Road, Illupur Taluk, Pudukkottai-622101.",PUDUKKOTTAI,Electrical and Electronics Engineering,ee,97.0,88.5,Not Available,Not Available,Not Available,Not Available,Not Available
TNEA2025-01532,3854,"Mahath Amma Institute of Engineering and Technology, Ariyur, Mathiyanaloor-Post, Annavasal Road, Illupur Taluk, Pudukkottai-622101.",PUDUKKOTTAI,Information Technology,it,89.0,88.5,Not Available,Not Available,Not Available,Not Available,Not Available
TNEA2025-01533,3854,"Mahath Amma Institute of Engineering and Technology, Ariyur, Mathiyanaloor-Post, Annavasal Road, Illupur Taluk, Pudukkottai-622101.",PUDUKKOTTAI,Mechanical Engineering,me,90.5,88.5,Not Available,Not Available,Not Available,Not Available,Not Available
TNEA2025-00336,3855,"As-Salam College of Engineering and Technology, Thirumangalakudi-Aduthurai, Thiruvidaimaruthur, Thanjavur-612102.",THANJAVUR,Artificial Intelligence and Data Science,ad,87.5,Not Available,Not Available,Not Available,Not Available,Not Available,Not Available
TNEA2025-00337,3855,"As-Salam College of Engineering and Technology, Thirumangalakudi-Aduthurai, Thiruvidaimaruthur, Thanjavur-612102.",THANJAVUR,Civil Engineering,ce,87.5,Not Available,Not Available,Not Available,Not Available,Not Available,Not Available
TNEA2025-00338,3855,"As-Salam College of Engineering and Technology, Thirumangalakudi-Aduthurai, Thiruvidaimaruthur, Thanjavur-612102.",THANJAVUR,Computer Science and Engineering,cs,111.5,Not Available,Not Available,Not Available,Not Available,Not Available,Not Available
TNEA2025-00339,3855,"As-Salam College of Engineering and Technology, Thirumangalakudi-Aduthurai, Thiruvidaimaruthur, Thanjavur-612102.",THANJAVUR,Computer Science and Engineering (Cyber Security),sc,90.5,Not Available,Not Available,Not Available,Not Available,Not Available,Not Available
TNEA2025-00340,3855,"As-Salam College of Engineering and Technology, Thirumangalakudi-Aduthurai, Thiruvidaimaruthur, Thanjavur-612102.",THANJAVUR,Electrical and Electronics Engineering,ee,123.0,Not Available,Not Available,Not Available,Not Available,Not Available,Not Available
TNEA2025-00341,3855,"As-Salam College of Engineering and Technology, Thirumangalakudi-Aduthurai, Thiruvidaimaruthur, Thanjavur-612102.",THANJAVUR,Electronics and Communication Engineering,ec,123.0,Not Available,Not Available,Not Available,Not Available,Not Available,Not Available
TNEA2025-00342,3855,"As-Salam College of Engineering and Technology, Thirumangalakudi-Aduthurai, Thiruvidaimaruthur, Thanjavur-612102.",THANJAVUR,Information Technology,it,87.5,Not Available,Not Available,Not Available,Not Available,Not Available,Not Available
TNEA2025-00343,3855,"As-Salam College of Engineering and Technology, Thirumangalakudi-Aduthurai, Thiruvidaimaruthur, Thanjavur-612102.",THANJAVUR,Mechanical Engineering,me,87.5,Not Available,Not Available,Not Available,Not Available,Not Available,Not Available
TNEA2025-01602,3857,"Meenakshi Ramaswamy Engineering College, M.R.Kalvi Nagar, Thathanur Post, Udayarpalayam Taluk, Ariyalur District-621804.",ARIYALUR,Agricultural Engineering,ag,86.5,99.5,Not Available,88.0,95.0,Not Available,Not Available
TNEA2025-01603,3857,"Meenakshi Ramaswamy Engineering College, M.R.Kalvi Nagar, Thathanur Post, Udayarpalayam Taluk, Ariyalur District-621804.",ARIYALUR,Bio Medical Engineering,bm,115.5,99.5,Not Available,88.0,95.0,Not Available,Not Available
TNEA2025-01604,3857,"Meenakshi Ramaswamy Engineering College, M.R.Kalvi Nagar, Thathanur Post, Udayarpalayam Taluk, Ariyalur District-621804.",ARIYALUR,Civil Engineering,ce,115.5,99.5,Not Available,88.0,95.0,Not Available,Not Available
TNEA2025-01605,3857,"Meenakshi Ramaswamy Engineering College, M.R.Kalvi Nagar, Thathanur Post, Udayarpalayam Taluk, Ariyalur District-621804.",ARIYALUR,Computer Science and Engineering,cs,122.5,86.5,Not Available,87.0,83.0,Not Available,Not Available
TNEA2025-01606,3857,"Meenakshi Ramaswamy Engineering College, M.R.Kalvi Nagar, Thathanur Post, Udayarpalayam Taluk, Ariyalur District-621804.",ARIYALUR,Computer Science and Engineering (Ai and Machine Learning),am,98.5,84.5,Not Available,87.0,83.0,Not Available,Not Available
TNEA2025-01607,3857,"Meenakshi Ramaswamy Engineering College, M.R.Kalvi Nagar, Thathanur Post, Udayarpalayam Taluk, Ariyalur District-621804.",ARIYALUR,Electrical and Electronics Engineering,ee,88.0,84.5,Not Available,87.0,83.0,Not Available,Not Available
TNEA2025-01608,3857,"Meenakshi Ramaswamy Engineering College, M.R.Kalvi Nagar, Thathanur Post, Udayarpalayam Taluk, Ariyalur District-621804.",ARIYALUR,Electronics and Communication Engineering,ec,111.0,84.5,Not Available,87.0,96.5,Not Available,Not Available
TNEA2025-01609,3857,"Meenakshi Ramaswamy Engineering College, M.R.Kalvi Nagar, Thathanur Post, Udayarpalayam Taluk, Ariyalur District-621804.",ARIYALUR,Mechanical Engineering,me,91.0,84.5,Not Available,87.0,96.5,Not Available,Not Available
TNEA2025-02948,3860,"St.Anne's College of Engineering and Technology, Anguchettypalayam, Siruvathur Post, Panruti Taluk, Cuddalore District-607110.",CUDDALORE,Computer Science and Engineering,cs,96.5,82.0,Not Available,88.5,84.5,Not Available,Not Available
TNEA2025-02949,3860,"St.Anne's College of Engineering and Technology, Anguchettypalayam, Siruvathur Post, Panruti Taluk, Cuddalore District-607110.",CUDDALORE,Computer Science and Engineering (Ai and Machine Learning),am,87.5,82.0,Not Available,83.5,84.5,Not Available,Not Available
TNEA2025-02950,3860,"St.Anne's College of Engineering and Technology, Anguchettypalayam, Siruvathur Post, Panruti Taluk, Cuddalore District-607110.",CUDDALORE,Electrical and Electronics Engineering,ee,84.0,82.0,Not Available,83.5,84.5,Not Available,Not Available
TNEA2025-02951,3860,"St.Anne's College of Engineering and Technology, Anguchettypalayam, Siruvathur Post, Panruti Taluk, Cuddalore District-607110.",CUDDALORE,Electronics and Communication Engineering,ec,83.5,82.0,Not Available,83.5,84.5,Not Available,Not Available
TNEA2025-02952,3860,"St.Anne's College of Engineering and Technology, Anguchettypalayam, Siruvathur Post, Panruti Taluk, Cuddalore District-607110.",CUDDALORE,Mechanical Engineering,me,82.0,82.0,Not Available,83.5,84.5,Not Available,Not Available
TNEA2025-01307,3905,"Kings College of Engineering (Autonomous), Punalkulam Village, Gandarvakkottai Taluk, Pudukkottai District-613303.",PUDUKKOTTAI,Artificial Intelligence and Data Science,ad,145.5,130.0,122.5,117.0,89.0,86.0,Not Available
TNEA2025-01308,3905,"Kings College of Engineering (Autonomous), Punalkulam Village, Gandarvakkottai Taluk, Pudukkottai District-613303.",PUDUKKOTTAI,Civil Engineering,ce,92.5,85.0,122.5,117.0,91.5,86.0,Not Available
TNEA2025-01309,3905,"Kings College of Engineering (Autonomous), Punalkulam Village, Gandarvakkottai Taluk, Pudukkottai District-613303.",PUDUKKOTTAI,Computer Science and Engineering,cs,143.0,125.0,127.5,110.0,96.0,86.0,Not Available
TNEA2025-01310,3905,"Kings College of Engineering (Autonomous), Punalkulam Village, Gandarvakkottai Taluk, Pudukkottai District-613303.",PUDUKKOTTAI,Electrical and Electronics Engineering,ee,92.0,90.5,127.5,110.0,90.0,86.0,Not Available
TNEA2025-01311,3905,"Kings College of Engineering (Autonomous), Punalkulam Village, Gandarvakkottai Taluk, Pudukkottai District-613303.",PUDUKKOTTAI,Electronics and Communication Engineering,ec,116.0,81.5,107.5,86.5,90.0,86.0,Not Available
TNEA2025-01312,3905,"Kings College of Engineering (Autonomous), Punalkulam Village, Gandarvakkottai Taluk, Pudukkottai District-613303.",PUDUKKOTTAI,Information Technology,it,137.5,118.0,107.5,106.0,105.0,86.0,Not Available
TNEA2025-01313,3905,"Kings College of Engineering (Autonomous), Punalkulam Village, Gandarvakkottai Taluk, Pudukkottai District-613303.",PUDUKKOTTAI,Mechanical Engineering,me,92.5,83.0,107.5,106.0,80.0,86.0,Not Available
TNEA2025-01677,3908,"Mount Zion College of Engineering and Technology, Lena vilakku, Pilivalam Post, Pudukkottai-622507.",PUDUKKOTTAI,Artificial Intelligence and Data Science,ad,147.0,139.0,145.0,123.5,96.5,102.0,Not Available
TNEA2025-01678,3908,"Mount Zion College of Engineering and Technology, Lena vilakku, Pilivalam Post, Pudukkottai-622507.",PUDUKKOTTAI,Civil Engineering,ce,125.0,103.5,145.0,94.5,96.5,102.0,Not Available
TNEA2025-01679,3908,"Mount Zion College of Engineering and Technology, Lena vilakku, Pilivalam Post, Pudukkottai-622507.",PUDUKKOTTAI,Computer Science and Engineering,cs,158.0,140.0,143.5,129.5,104.5,134.5,Not Available
TNEA2025-01680,3908,"Mount Zion College of Engineering and Technology, Lena vilakku, Pilivalam Post, Pudukkottai-622507.",PUDUKKOTTAI,Electrical and Electronics Engineering,ee,115.0,92.5,143.5,100.0,106.5,134.5,Not Available
TNEA2025-01681,3908,"Mount Zion College of Engineering and Technology, Lena vilakku, Pilivalam Post, Pudukkottai-622507.",PUDUKKOTTAI,Electronics and Communication Engineering,ec,140.0,132.0,98.5,103.0,86.5,134.5,Not Available
TNEA2025-01682,3908,"Mount Zion College of Engineering and Technology, Lena vilakku, Pilivalam Post, Pudukkottai-622507.",PUDUKKOTTAI,Information Technology,it,145.0,135.0,98.5,117.5,87.5,134.5,Not Available
TNEA2025-01683,3908,"Mount Zion College of Engineering and Technology, Lena vilakku, Pilivalam Post, Pudukkottai-622507.",PUDUKKOTTAI,Mechanical Engineering,me,123.0,96.0,98.5,81.0,87.5,134.5,Not Available
TNEA2025-02525,3918,"Shanmuganathan Engineering College, Arasampatti, Pilivalam Post, Thirumayam Taluk, Pudukkottai District-622507.",PUDUKKOTTAI,Civil Engineering,ce,95.5,118.0,124.5,111.0,85.0,Not Available,Not Available
TNEA2025-02526,3918,"Shanmuganathan Engineering College, Arasampatti, Pilivalam Post, Thirumayam Taluk, Pudukkottai District-622507.",PUDUKKOTTAI,Computer Science and Engineering,cs,134.5,118.0,124.5,111.0,85.0,Not Available,Not Available
TNEA2025-02527,3918,"Shanmuganathan Engineering College, Arasampatti, Pilivalam Post, Thirumayam Taluk, Pudukkottai District-622507.",PUDUKKOTTAI,Computer Science and Engineering (Ai and Machine Learning),am,123.0,108.5,112.0,96.0,96.5,Not Available,Not Available
TNEA2025-02528,3918,"Shanmuganathan Engineering College, Arasampatti, Pilivalam Post, Thirumayam Taluk, Pudukkottai District-622507.",PUDUKKOTTAI,Computer Science and Engineering (Cyber Security),sc,115.0,98.0,112.0,98.0,86.5,Not Available,Not Available
TNEA2025-02529,3918,"Shanmuganathan Engineering College, Arasampatti, Pilivalam Post, Thirumayam Taluk, Pudukkottai District-622507.",PUDUKKOTTAI,Electrical and Electronics Engineering,ee,88.5,98.0,112.0,98.0,86.5,Not Available,Not Available
TNEA2025-02530,3918,"Shanmuganathan Engineering College, Arasampatti, Pilivalam Post, Thirumayam Taluk, Pudukkottai District-622507.",PUDUKKOTTAI,Electronics and Communication Engineering,ec,104.5,87.5,94.5,95.5,86.5,Not Available,Not Available
TNEA2025-02531,3918,"Shanmuganathan Engineering College, Arasampatti, Pilivalam Post, Thirumayam Taluk, Pudukkottai District-622507.",PUDUKKOTTAI,Mechanical Engineering,me,86.0,87.5,94.5,81.5,86.5,Not Available,Not Available
TNEA2025-02974,3920,"Sudharsan Engineering College, Sathiyamangalam, Kulathur Taluk, Pudukkottai District-622501.",PUDUKKOTTAI,Artificial Intelligence and Data Science,ad,118.5,80.0,85.0,104.0,82.0,Not Available,Not Available
TNEA2025-02975,3920,"Sudharsan Engineering College, Sathiyamangalam, Kulathur Taluk, Pudukkottai District-622501.",PUDUKKOTTAI,Civil Engineering,ce,100.0,80.0,85.0,104.0,82.0,Not Available,Not Available
TNEA2025-02976,3920,"Sudharsan Engineering College, Sathiyamangalam, Kulathur Taluk, Pudukkottai District-622501.",PUDUKKOTTAI,Computer Science and Engineering,cs,123.0,82.5,85.0,98.5,80.5,Not Available,Not Available
TNEA2025-02977,3920,"Sudharsan Engineering College, Sathiyamangalam, Kulathur Taluk, Pudukkottai District-622501.",PUDUKKOTTAI,Computer Science and Engineering (Ai and Machine Learning),am,94.5,82.5,85.0,98.5,80.5,Not Available,Not Available
TNEA2025-02978,3920,"Sudharsan Engineering College, Sathiyamangalam, Kulathur Taluk, Pudukkottai District-622501.",PUDUKKOTTAI,Electrical and Electronics Engineering,ee,84.0,82.5,85.0,98.5,80.5,Not Available,Not Available
TNEA2025-02979,3920,"Sudharsan Engineering College, Sathiyamangalam, Kulathur Taluk, Pudukkottai District-622501.",PUDUKKOTTAI,Electronics and Communication Engineering,ec,118.0,82.5,85.0,98.5,80.5,Not Available,Not Available
TNEA2025-02980,3920,"Sudharsan Engineering College, Sathiyamangalam, Kulathur Taluk, Pudukkottai District-622501.",PUDUKKOTTAI,Mechanical Engineering,me,118.0,82.5,85.0,98.5,80.5,Not Available,Not Available
TNEA2025-01475,3923,"MNSK College of Engineering, Dhakshinapuram Village, Vallathirakottai (Post), Alangudi Taluk, Pudukkottai-622305.",PUDUKKOTTAI,Agricultural Engineering,ag,96.5,Not Available,Not Available,Not Available,Not Available,Not Available,Not Available
TNEA2025-01476,3923,"MNSK College of Engineering, Dhakshinapuram Village, Vallathirakottai (Post), Alangudi Taluk, Pudukkottai-622305.",PUDUKKOTTAI,Artificial Intelligence and Data Science,ad,85.0,Not Available,Not Available,Not Available,Not Available,Not Available,Not Available
TNEA2025-01477,3923,"MNSK College of Engineering, Dhakshinapuram Village, Vallathirakottai (Post), Alangudi Taluk, Pudukkottai-622305.",PUDUKKOTTAI,Civil Engineering,ce,85.0,Not Available,Not Available,Not Available,Not Available,Not Available,Not Available
TNEA2025-01478,3923,"MNSK College of Engineering, Dhakshinapuram Village, Vallathirakottai (Post), Alangudi Taluk, Pudukkottai-622305.",PUDUKKOTTAI,Computer Science and Engineering,cs,99.5,Not Available,Not Available,Not Available,Not Available,Not Available,Not Available
TNEA2025-01479,3923,"MNSK College of Engineering, Dhakshinapuram Village, Vallathirakottai (Post), Alangudi Taluk, Pudukkottai-622305.",PUDUKKOTTAI,Electrical and Electronics Engineering,ee,99.5,Not Available,Not Available,Not Available,Not Available,Not Available,Not Available
TNEA2025-01480,3923,"MNSK College of Engineering, Dhakshinapuram Village, Vallathirakottai (Post), Alangudi Taluk, Pudukkottai-622305.",PUDUKKOTTAI,Electronics and Communication Engineering,ec,99.5,Not Available,Not Available,Not Available,Not Available,Not Available,Not Available
TNEA2025-01481,3923,"MNSK College of Engineering, Dhakshinapuram Village, Vallathirakottai (Post), Alangudi Taluk, Pudukkottai-622305.",PUDUKKOTTAI,Mechanical Engineering,me,99.5,Not Available,Not Available,Not Available,Not Available,Not Available,Not Available
TNEA2025-00472,3926,"Chendhuran College of Engineering and Technology, Madurai Main Road, Lena Vilakku, Pilivalam Post, Thirumayam Taluk, Pudukkottai District-622507.",PUDUKKOTTAI,Artificial Intelligence and Data Science,ad,123.5,88.0,90.5,110.0,101.5,Not Available,Not Available
TNEA2025-00473,3926,"Chendhuran College of Engineering and Technology, Madurai Main Road, Lena Vilakku, Pilivalam Post, Thirumayam Taluk, Pudukkottai District-622507.",PUDUKKOTTAI,Civil Engineering,ce,125.5,88.0,90.5,110.0,101.5,Not Available,Not Available
TNEA2025-00474,3926,"Chendhuran College of Engineering and Technology, Madurai Main Road, Lena Vilakku, Pilivalam Post, Thirumayam Taluk, Pudukkottai District-622507.",PUDUKKOTTAI,Computer Science and Engineering,cs,122.0,80.5,90.5,89.5,87.0,Not Available,Not Available
TNEA2025-00475,3926,"Chendhuran College of Engineering and Technology, Madurai Main Road, Lena Vilakku, Pilivalam Post, Thirumayam Taluk, Pudukkottai District-622507.",PUDUKKOTTAI,Electrical and Electronics Engineering,ee,85.5,80.5,90.5,89.5,87.0,Not Available,Not Available
TNEA2025-00476,3926,"Chendhuran College of Engineering and Technology, Madurai Main Road, Lena Vilakku, Pilivalam Post, Thirumayam Taluk, Pudukkottai District-622507.",PUDUKKOTTAI,Electronics and Communication Engineering,ec,85.0,80.5,90.5,89.5,87.0,Not Available,Not Available
TNEA2025-00477,3926,"Chendhuran College of Engineering and Technology, Madurai Main Road, Lena Vilakku, Pilivalam Post, Thirumayam Taluk, Pudukkottai District-622507.",PUDUKKOTTAI,Mechanical Engineering,me,82.0,80.5,90.5,89.5,87.0,Not Available,Not Available
TNEA2025-03300,4,University Departments of Anna University Chennai - MIT Campus Chrompet Tambaram Taluk Chengalpattu District 600 044,CHENGALPATTU,Aeronautical Engineering,ae,196.0,193.5,190.5,194.0,191.5,175.5,168.0
TNEA2025-03301,4,University Departments of Anna University Chennai - MIT Campus Chrompet Tambaram Taluk Chengalpattu District 600 044,CHENGALPATTU,Artificial Intelligence and Data Science (Ss),at,198.0,197.5,196.0,197.0,193.5,188.0,168.0
TNEA2025-03302,4,University Departments of Anna University Chennai - MIT Campus Chrompet Tambaram Taluk Chengalpattu District 600 044,CHENGALPATTU,Automobile Engineering,au,191.5,189.0,189.0,187.5,179.5,164.0,168.0
TNEA2025-03303,4,University Departments of Anna University Chennai - MIT Campus Chrompet Tambaram Taluk Chengalpattu District 600 044,CHENGALPATTU,Computer Science and Engineering,cs,199.0,198.5,198.0,197.5,195.5,190.0,194.0
TNEA2025-03304,4,University Departments of Anna University Chennai - MIT Campus Chrompet Tambaram Taluk Chengalpattu District 600 044,CHENGALPATTU,Computer Science and Engineering (Ss),cm,198.0,197.5,197.0,197.0,193.0,190.5,186.5
TNEA2025-03305,4,University Departments of Anna University Chennai - MIT Campus Chrompet Tambaram Taluk Chengalpattu District 600 044,CHENGALPATTU,Electronics and Communication Engineering,ec,198.0,197.5,197.0,197.0,193.5,191.0,193.5
TNEA2025-03306,4,University Departments of Anna University Chennai - MIT Campus Chrompet Tambaram Taluk Chengalpattu District 600 044,CHENGALPATTU,Electronics and Communication Engineering (Ss),em,197.5,197.0,196.5,196.5,192.0,190.0,182.5
TNEA2025-03307,4,University Departments of Anna University Chennai - MIT Campus Chrompet Tambaram Taluk Chengalpattu District 600 044,CHENGALPATTU,Electronics and Instrumentation Engineering,ei,196.0,195.0,194.5,194.5,187.5,190.0,163.0
TNEA2025-03308,4,University Departments of Anna University Chennai - MIT Campus Chrompet Tambaram Taluk Chengalpattu District 600 044,CHENGALPATTU,Information Technology (Ss),im,197.25,196.5,197.0,196.5,191.5,185.5,188.5
TNEA2025-03309,4,University Departments of Anna University Chennai - MIT Campus Chrompet Tambaram Taluk Chengalpattu District 600 044,CHENGALPATTU,Production Engineering,pr,188.5,183.5,186.0,183.0,178.5,167.0,188.5
TNEA2025-03310,4,University Departments of Anna University Chennai - MIT Campus Chrompet Tambaram Taluk Chengalpattu District 600 044,CHENGALPATTU,Robotics and Automation (Ss),ra,195.5,194.5,195.5,193.5,187.0,183.0,188.5
TNEA2025-03311,4,University Departments of Anna University Chennai - MIT Campus Chrompet Tambaram Taluk Chengalpattu District 600 044,CHENGALPATTU,Rubber and Plastic Technology,rp,181.33,173.5,172.5,171.5,165.0,146.0,188.5
TNEA2025-00191,4020,Anna University Regional Campus - Tirunelveli Trivandrum Road Palayamkottai Tirunelveli District 627007,TIRUNELVELI,Artificial Intelligence and Data Science,ad,182.5,172.5,179.5,177.0,171.5,150.5,132.0
TNEA2025-00192,4020,Anna University Regional Campus - Tirunelveli Trivandrum Road Palayamkottai Tirunelveli District 627007,TIRUNELVELI,Computer Science and Engineering,cs,180.0,171.5,179.5,166.5,161.5,128.5,132.0
TNEA2025-00193,4020,Anna University Regional Campus - Tirunelveli Trivandrum Road Palayamkottai Tirunelveli District 627007,TIRUNELVELI,Electronics and Communication Engineering,ec,175.5,167.5,170.5,161.5,149.5,123.0,132.0
TNEA2025-00194,4020,Anna University Regional Campus - Tirunelveli Trivandrum Road Palayamkottai Tirunelveli District 627007,TIRUNELVELI,Geo Informatics,gi,154.0,132.0,142.0,119.0,118.0,116.5,132.0
TNEA2025-00195,4020,Anna University Regional Campus - Tirunelveli Trivandrum Road Palayamkottai Tirunelveli District 627007,TIRUNELVELI,Mechanical Engineering,me,155.5,135.0,152.5,114.5,126.0,118.0,101.0
TNEA2025-03207,4023,University College of Engineering Nagercoil Nagercoil Industrial Estate Konam Kanyakumari District 629004,KANNIYAKUMARI,Civil Engineering,ce,130.5,83.5,124.5,98.0,90.5,103.5,146.0
TNEA2025-03208,4023,University College of Engineering Nagercoil Nagercoil Industrial Estate Konam Kanyakumari District 629004,KANNIYAKUMARI,Civil Engineering (Tamil Medium),xc,92.5,83.5,124.5,98.0,90.5,103.5,146.0
TNEA2025-03209,4023,University College of Engineering Nagercoil Nagercoil Industrial Estate Konam Kanyakumari District 629004,KANNIYAKUMARI,Computer Science and Engineering,cs,172.57,164.5,162.5,142.5,145.0,103.5,146.0
TNEA2025-03210,4023,University College of Engineering Nagercoil Nagercoil Industrial Estate Konam Kanyakumari District 629004,KANNIYAKUMARI,Electrical and Electronics Engineering,ee,150.0,138.0,138.5,117.5,96.0,103.5,146.0
TNEA2025-03211,4023,University College of Engineering Nagercoil Nagercoil Industrial Estate Konam Kanyakumari District 629004,KANNIYAKUMARI,Electronics and Communication Engineering,ec,168.5,160.5,164.0,127.0,123.0,103.5,146.0
TNEA2025-03212,4023,University College of Engineering Nagercoil Nagercoil Industrial Estate Konam Kanyakumari District 629004,KANNIYAKUMARI,Information Technology,it,167.0,159.0,151.0,134.5,128.5,103.5,146.0
TNEA2025-03213,4023,University College of Engineering Nagercoil Nagercoil Industrial Estate Konam Kanyakumari District 629004,KANNIYAKUMARI,Mechanical Engineering,me,134.5,113.5,113.0,86.5,100.5,103.5,146.0
TNEA2025-03214,4023,University College of Engineering Nagercoil Nagercoil Industrial Estate Konam Kanyakumari District 629004,KANNIYAKUMARI,Mechanical Engineering (Tamil Medium),xm,89.5,113.5,113.0,86.5,100.5,103.5,146.0
TNEA2025-03312,4024,University V.O.C. College of Engineering Thoothukudi Near V.O.C. College Millerpuram Thoothukudi District 628008,THOOTHUKUDI,Civil Engineering,ce,115.5,97.5,158.0,98.5,97.5,102.5,Not Available
TNEA2025-03313,4024,University V.O.C. College of Engineering Thoothukudi Near V.O.C. College Millerpuram Thoothukudi District 628008,THOOTHUKUDI,Civil Engineering (Tamil Medium),xc,108.0,97.5,158.0,98.5,97.5,102.5,Not Available
TNEA2025-03314,4024,University V.O.C. College of Engineering Thoothukudi Near V.O.C. College Millerpuram Thoothukudi District 628008,THOOTHUKUDI,Electrical and Electronics Engineering,ee,144.0,112.5,158.0,127.5,103.0,102.5,Not Available
TNEA2025-03315,4024,University V.O.C. College of Engineering Thoothukudi Near V.O.C. College Millerpuram Thoothukudi District 628008,THOOTHUKUDI,Electronics and Communication Engineering,ec,163.0,151.5,154.5,133.0,120.0,133.0,Not Available
TNEA2025-03316,4024,University V.O.C. College of Engineering Thoothukudi Near V.O.C. College Millerpuram Thoothukudi District 628008,THOOTHUKUDI,Mechanical Engineering,me,95.0,151.5,154.5,133.0,120.0,133.0,Not Available
TNEA2025-03317,4024,University V.O.C. College of Engineering Thoothukudi Near V.O.C. College Millerpuram Thoothukudi District 628008,THOOTHUKUDI,Mechanical Engineering (Tamil Medium),xm,104.5,151.5,154.5,133.0,120.0,133.0,Not Available
TNEA2025-03074,4669,"Thamirabharani Engineering College, Ward - 1, Thatchanallur, Chattiram Puthukullam Village, Vepakullam - Chidhabra Nagar Road, Tirunelveli-627358.",TIRUNELVELI,Artificial Intelligence and Data Science,ad,82.0,85.5,Not Available,96.0,113.0,Not Available,Not Available
TNEA2025-03075,4669,"Thamirabharani Engineering College, Ward - 1, Thatchanallur, Chattiram Puthukullam Village, Vepakullam - Chidhabra Nagar Road, Tirunelveli-627358.",TIRUNELVELI,Civil Engineering,ce,107.0,85.5,Not Available,96.0,113.0,Not Available,Not Available
TNEA2025-03076,4669,"Thamirabharani Engineering College, Ward - 1, Thatchanallur, Chattiram Puthukullam Village, Vepakullam - Chidhabra Nagar Road, Tirunelveli-627358.",TIRUNELVELI,Computer Science and Engineering,cs,107.5,85.5,Not Available,96.0,113.0,Not Available,Not Available
TNEA2025-03077,4669,"Thamirabharani Engineering College, Ward - 1, Thatchanallur, Chattiram Puthukullam Village, Vepakullam - Chidhabra Nagar Road, Tirunelveli-627358.",TIRUNELVELI,Computer Science and Engineering (Cyber Security),sc,94.5,85.5,Not Available,96.0,113.0,Not Available,Not Available
TNEA2025-03078,4669,"Thamirabharani Engineering College, Ward - 1, Thatchanallur, Chattiram Puthukullam Village, Vepakullam - Chidhabra Nagar Road, Tirunelveli-627358.",TIRUNELVELI,Electrical and Electronics Engineering,ee,93.0,85.5,Not Available,96.0,113.0,Not Available,Not Available
TNEA2025-03079,4669,"Thamirabharani Engineering College, Ward - 1, Thatchanallur, Chattiram Puthukullam Village, Vepakullam - Chidhabra Nagar Road, Tirunelveli-627358.",TIRUNELVELI,Electronics and Communication Engineering,ec,114.0,86.5,Not Available,91.0,113.0,Not Available,Not Available
TNEA2025-03080,4669,"Thamirabharani Engineering College, Ward - 1, Thatchanallur, Chattiram Puthukullam Village, Vepakullam - Chidhabra Nagar Road, Tirunelveli-627358.",TIRUNELVELI,Mechanical Engineering,me,82.0,86.5,Not Available,91.0,113.0,Not Available,Not Available
TNEA2025-02265,4670,"Rohini College of Engineering and Technology (Autonomous), Palkumlam, Variyoor Post, Kanyakumari-629401.",KANNIYAKUMARI,Agricultural Engineering,ag,124.5,83.5,147.0,87.0,105.5,Not Available,Not Available
TNEA2025-02266,4670,"Rohini College of Engineering and Technology (Autonomous), Palkumlam, Variyoor Post, Kanyakumari-629401.",KANNIYAKUMARI,Artificial Intelligence and Data Science,ad,163.5,154.5,147.0,109.5,105.5,Not Available,Not Available
TNEA2025-02267,4670,"Rohini College of Engineering and Technology (Autonomous), Palkumlam, Variyoor Post, Kanyakumari-629401.",KANNIYAKUMARI,Bio Medical Engineering,bm,142.0,117.5,108.0,104.5,105.5,Not Available,Not Available
TNEA2025-02268,4670,"Rohini College of Engineering and Technology (Autonomous), Palkumlam, Variyoor Post, Kanyakumari-629401.",KANNIYAKUMARI,Civil Engineering,ce,114.0,91.0,104.5,104.5,105.5,Not Available,Not Available
TNEA2025-02269,4670,"Rohini College of Engineering and Technology (Autonomous), Palkumlam, Variyoor Post, Kanyakumari-629401.",KANNIYAKUMARI,Computer Science and Engineering,cs,155.0,143.5,151.0,89.0,117.0,Not Available,Not Available
TNEA2025-02270,4670,"Rohini College of Engineering and Technology (Autonomous), Palkumlam, Variyoor Post, Kanyakumari-629401.",KANNIYAKUMARI,Computer Science and Engineering (Ai and Machine Learning),am,150.0,142.0,135.0,105.0,105.5,Not Available,Not Available
TNEA2025-02271,4670,"Rohini College of Engineering and Technology (Autonomous), Palkumlam, Variyoor Post, Kanyakumari-629401.",KANNIYAKUMARI,Electrical and Electronics Engineering,ee,137.0,120.5,135.0,110.0,105.5,Not Available,Not Available
TNEA2025-02272,4670,"Rohini College of Engineering and Technology (Autonomous), Palkumlam, Variyoor Post, Kanyakumari-629401.",KANNIYAKUMARI,Electronics and Communication Engineering,ec,155.0,144.0,148.0,113.5,105.5,Not Available,Not Available
TNEA2025-02273,4670,"Rohini College of Engineering and Technology (Autonomous), Palkumlam, Variyoor Post, Kanyakumari-629401.",KANNIYAKUMARI,Mechanical Engineering,me,142.0,102.5,96.5,105.5,82.5,Not Available,Not Available
TNEA2025-02960,4672,"Stella Mary's College of Engineering, Arunthenkanvilai, Azhikal, Kanyakumari-629202.",KANNIYAKUMARI,Artificial Intelligence and Data Science,ad,139.0,102.0,113.0,93.0,125.5,Not Available,Not Available
TNEA2025-02961,4672,"Stella Mary's College of Engineering, Arunthenkanvilai, Azhikal, Kanyakumari-629202.",KANNIYAKUMARI,Civil Engineering,ce,97.5,102.0,113.0,93.0,125.5,Not Available,Not Available
TNEA2025-02962,4672,"Stella Mary's College of Engineering, Arunthenkanvilai, Azhikal, Kanyakumari-629202.",KANNIYAKUMARI,Computer Science and Engineering,cs,138.5,113.0,133.0,92.5,101.5,Not Available,Not Available
TNEA2025-02963,4672,"Stella Mary's College of Engineering, Arunthenkanvilai, Azhikal, Kanyakumari-629202.",KANNIYAKUMARI,Electrical and Electronics Engineering,ee,99.0,84.0,91.0,93.0,101.5,Not Available,Not Available
TNEA2025-02964,4672,"Stella Mary's College of Engineering, Arunthenkanvilai, Azhikal, Kanyakumari-629202.",KANNIYAKUMARI,Electronics and Communication Engineering,ec,130.5,103.5,91.0,83.5,120.5,Not Available,Not Available
TNEA2025-02965,4672,"Stella Mary's College of Engineering, Arunthenkanvilai, Azhikal, Kanyakumari-629202.",KANNIYAKUMARI,Mechanical Engineering,me,111.5,97.0,91.0,100.5,120.5,Not Available,Not Available
TNEA2025-03177,4675,"Universal College of Engineering and Technology, Anbagam Campus, Kadambankulam, Villakku, Radhapuram Road, Vallioor, Tirunelveli-627117.",TIRUNELVELI,Artificial Intelligence and Data Science,ad,96.5,83.0,Not Available,Not Available,Not Available,Not Available,Not Available
TNEA2025-03178,4675,"Universal College of Engineering and Technology, Anbagam Campus, Kadambankulam, Villakku, Radhapuram Road, Vallioor, Tirunelveli-627117.",TIRUNELVELI,Civil Engineering,ce,90.5,83.0,Not Available,Not Available,Not Available,Not Available,Not Available
TNEA2025-03179,4675,"Universal College of Engineering and Technology, Anbagam Campus, Kadambankulam, Villakku, Radhapuram Road, Vallioor, Tirunelveli-627117.",TIRUNELVELI,Computer Science and Bussiness System,cb,96.5,83.0,Not Available,Not Available,Not Available,Not Available,Not Available
TNEA2025-03180,4675,"Universal College of Engineering and Technology, Anbagam Campus, Kadambankulam, Villakku, Radhapuram Road, Vallioor, Tirunelveli-627117.",TIRUNELVELI,Computer Science and Engineering,cs,116.5,83.0,Not Available,Not Available,Not Available,Not Available,Not Available
TNEA2025-03181,4675,"Universal College of Engineering and Technology, Anbagam Campus, Kadambankulam, Villakku, Radhapuram Road, Vallioor, Tirunelveli-627117.",TIRUNELVELI,Electrical and Electronics Engineering,ee,86.0,83.0,Not Available,Not Available,Not Available,Not Available,Not Available
TNEA2025-03182,4675,"Universal College of Engineering and Technology, Anbagam Campus, Kadambankulam, Villakku, Radhapuram Road, Vallioor, Tirunelveli-627117.",TIRUNELVELI,Electronics and Communication Engineering,ec,105.0,85.0,Not Available,Not Available,Not Available,Not Available,Not Available
TNEA2025-03183,4675,"Universal College of Engineering and Technology, Anbagam Campus, Kadambankulam, Villakku, Radhapuram Road, Vallioor, Tirunelveli-627117.",TIRUNELVELI,Mechanical Engineering,me,89.5,85.0,Not Available,Not Available,Not Available,Not Available,Not Available
TNEA2025-02254,4676,"Renganayagi Varatharaj College of Engineering, Salvarpatti Village & Post, Thayilpatti Via, Sivakasi Taluk, Virudhunagar-626128.",VIRUDHUNAGAR,Artificial Intelligence and Data Science,ad,148.0,117.0,110.5,118.0,129.5,119.0,Not Available
TNEA2025-02255,4676,"Renganayagi Varatharaj College of Engineering, Salvarpatti Village & Post, Thayilpatti Via, Sivakasi Taluk, Virudhunagar-626128.",VIRUDHUNAGAR,Computer Science and Engineering,cs,147.0,85.5,82.0,120.5,118.5,119.0,Not Available
TNEA2025-02256,4676,"Renganayagi Varatharaj College of Engineering, Salvarpatti Village & Post, Thayilpatti Via, Sivakasi Taluk, Virudhunagar-626128.",VIRUDHUNAGAR,Electrical and Electronics Engineering,ee,106.5,85.5,82.0,100.5,118.5,119.0,Not Available
TNEA2025-02257,4676,"Renganayagi Varatharaj College of Engineering, Salvarpatti Village & Post, Thayilpatti Via, Sivakasi Taluk, Virudhunagar-626128.",VIRUDHUNAGAR,Electronics and Communication Engineering,ec,132.0,102.0,82.0,113.5,90.0,100.5,Not Available
TNEA2025-02258,4676,"Renganayagi Varatharaj College of Engineering, Salvarpatti Village & Post, Thayilpatti Via, Sivakasi Taluk, Virudhunagar-626128.",VIRUDHUNAGAR,Mechanical Engineering,me,116.0,106.5,82.0,85.0,90.0,100.5,Not Available
TNEA2025-00319,4677,"Arunachala Hitech Engineering College (formerly Lourdes Mount College of Engineering and Technology), Marthandam-Karungal Road, Chundavilai Mullanganavilai, Nattalam Post, Nattalam, Kanyakumari -629195.",KANNIYAKUMARI,Artificial Intelligence and Data Science,ad,138.5,109.0,109.0,126.5,91.0,Not Available,Not Available
TNEA2025-00320,4677,"Arunachala Hitech Engineering College (formerly Lourdes Mount College of Engineering and Technology), Marthandam-Karungal Road, Chundavilai Mullanganavilai, Nattalam Post, Nattalam, Kanyakumari -629195.",KANNIYAKUMARI,Computer Science and Engineering,cs,129.5,113.0,109.0,103.5,91.0,Not Available,Not Available
TNEA2025-00321,4677,"Arunachala Hitech Engineering College (formerly Lourdes Mount College of Engineering and Technology), Marthandam-Karungal Road, Chundavilai Mullanganavilai, Nattalam Post, Nattalam, Kanyakumari -629195.",KANNIYAKUMARI,Electrical and Electronics Engineering,ee,100.5,87.0,109.0,103.5,91.0,Not Available,Not Available
TNEA2025-00322,4677,"Arunachala Hitech Engineering College (formerly Lourdes Mount College of Engineering and Technology), Marthandam-Karungal Road, Chundavilai Mullanganavilai, Nattalam Post, Nattalam, Kanyakumari -629195.",KANNIYAKUMARI,Electronics and Communication Engineering,ec,116.5,93.5,95.5,91.0,91.0,Not Available,Not Available
TNEA2025-00323,4677,"Arunachala Hitech Engineering College (formerly Lourdes Mount College of Engineering and Technology), Marthandam-Karungal Road, Chundavilai Mullanganavilai, Nattalam Post, Nattalam, Kanyakumari -629195.",KANNIYAKUMARI,Information Technology,it,115.5,101.5,95.5,92.0,91.0,Not Available,Not Available
TNEA2025-02186,4678,"RAMCO Institute of Technology, North Venganallur Village, Krishnapuram Panchayat, Rajapalayam, Virudhunagar-626117.",VIRUDHUNAGAR,Artificial Intelligence and Data Science,ad,165.0,151.0,143.0,144.5,119.0,119.0,Not Available
TNEA2025-02187,4678,"RAMCO Institute of Technology, North Venganallur Village, Krishnapuram Panchayat, Rajapalayam, Virudhunagar-626117.",VIRUDHUNAGAR,Civil Engineering,ce,133.0,92.5,117.5,109.0,108.0,119.0,Not Available
TNEA2025-02188,4678,"RAMCO Institute of Technology, North Venganallur Village, Krishnapuram Panchayat, Rajapalayam, Virudhunagar-626117.",VIRUDHUNAGAR,Computer Science and Bussiness System,cb,154.0,143.5,127.0,135.5,130.0,119.0,Not Available
TNEA2025-02189,4678,"RAMCO Institute of Technology, North Venganallur Village, Krishnapuram Panchayat, Rajapalayam, Virudhunagar-626117.",VIRUDHUNAGAR,Computer Science and Engineering,cs,171.5,161.0,140.5,144.5,99.0,119.0,Not Available
TNEA2025-02190,4678,"RAMCO Institute of Technology, North Venganallur Village, Krishnapuram Panchayat, Rajapalayam, Virudhunagar-626117.",VIRUDHUNAGAR,Electrical and Electronics Engineering,ee,144.5,128.5,140.0,126.0,107.5,119.0,Not Available
TNEA2025-02191,4678,"RAMCO Institute of Technology, North Venganallur Village, Krishnapuram Panchayat, Rajapalayam, Virudhunagar-626117.",VIRUDHUNAGAR,Electronics and Communication Engineering,ec,161.5,154.5,140.5,139.5,106.5,119.0,Not Available
TNEA2025-02192,4678,"RAMCO Institute of Technology, North Venganallur Village, Krishnapuram Panchayat, Rajapalayam, Virudhunagar-626117.",VIRUDHUNAGAR,Information Technology,it,165.0,153.5,132.5,147.0,108.0,119.0,Not Available
TNEA2025-02193,4678,"RAMCO Institute of Technology, North Venganallur Village, Krishnapuram Panchayat, Rajapalayam, Virudhunagar-626117.",VIRUDHUNAGAR,Mechanical Engineering,me,134.0,114.0,132.5,108.5,105.5,119.0,Not Available
TNEA2025-00042,4680,"AAA College of Engineering and Technology, Amathur Village, Sivakasi, Virudhunagar-626123.",VIRUDHUNAGAR,Artificial Intelligence and Data Science,ad,162.5,135.0,115.0,144.0,101.0,95.0,Not Available
TNEA2025-00043,4680,"AAA College of Engineering and Technology, Amathur Village, Sivakasi, Virudhunagar-626123.",VIRUDHUNAGAR,Civil Engineering,ce,124.0,102.5,115.0,144.0,98.0,95.0,Not Available
TNEA2025-00044,4680,"AAA College of Engineering and Technology, Amathur Village, Sivakasi, Virudhunagar-626123.",VIRUDHUNAGAR,Computer Science and Engineering,cs,154.5,140.5,136.5,120.5,115.0,122.5,Not Available
TNEA2025-00045,4680,"AAA College of Engineering and Technology, Amathur Village, Sivakasi, Virudhunagar-626123.",VIRUDHUNAGAR,Computer Science and Engineering (Cyber Security),sc,144.0,136.0,136.5,119.5,114.5,96.5,Not Available
TNEA2025-00046,4680,"AAA College of Engineering and Technology, Amathur Village, Sivakasi, Virudhunagar-626123.",VIRUDHUNAGAR,Electrical and Electronics Engineering,ee,138.0,108.0,134.5,104.5,99.5,116.5,Not Available
TNEA2025-00047,4680,"AAA College of Engineering and Technology, Amathur Village, Sivakasi, Virudhunagar-626123.",VIRUDHUNAGAR,Electronics and Communication Engineering,ec,163.5,142.5,134.5,120.0,122.0,123.0,Not Available
TNEA2025-00048,4680,"AAA College of Engineering and Technology, Amathur Village, Sivakasi, Virudhunagar-626123.",VIRUDHUNAGAR,Information Technology,it,144.0,134.0,123.0,113.5,108.0,84.5,Not Available
TNEA2025-00049,4680,"AAA College of Engineering and Technology, Amathur Village, Sivakasi, Virudhunagar-626123.",VIRUDHUNAGAR,Mechanical Engineering,me,118.0,84.5,123.0,94.0,92.0,118.0,Not Available
TNEA2025-00851,4686,"Good Shepherd College of Engineering and Technology, Maruthamparai, Kaliyal Village, Kaliyal, Kanyakumari-629151.",KANNIYAKUMARI,Artificial Intelligence and Data Science,ad,102.0,96.5,Not Available,Not Available,106.5,Not Available,Not Available
TNEA2025-00852,4686,"Good Shepherd College of Engineering and Technology, Maruthamparai, Kaliyal Village, Kaliyal, Kanyakumari-629151.",KANNIYAKUMARI,Civil Engineering,ce,102.0,96.5,Not Available,Not Available,106.5,Not Available,Not Available
TNEA2025-00853,4686,"Good Shepherd College of Engineering and Technology, Maruthamparai, Kaliyal Village, Kaliyal, Kanyakumari-629151.",KANNIYAKUMARI,Computer Science and Engineering,cs,119.5,96.5,Not Available,Not Available,106.5,Not Available,Not Available
TNEA2025-00854,4686,"Good Shepherd College of Engineering and Technology, Maruthamparai, Kaliyal Village, Kaliyal, Kanyakumari-629151.",KANNIYAKUMARI,Electronics and Communication Engineering,ec,88.0,96.5,Not Available,Not Available,106.5,Not Available,Not Available
TNEA2025-00855,4686,"Good Shepherd College of Engineering and Technology, Maruthamparai, Kaliyal Village, Kaliyal, Kanyakumari-629151.",KANNIYAKUMARI,Information Technology,it,113.0,96.5,Not Available,Not Available,106.5,Not Available,Not Available
TNEA2025-00856,4686,"Good Shepherd College of Engineering and Technology, Maruthamparai, Kaliyal Village, Kaliyal, Kanyakumari-629151.",KANNIYAKUMARI,Mechanical Engineering,me,95.5,96.5,Not Available,Not Available,106.5,Not Available,Not Available
TNEA2025-03343,4864,"V V College of Engineering, V.V. Nagar, Arasur Village, Idaichivilai Post, Sathankulam Taluk, Tuticorin District, Tirunelveli-628656.",THOOTHUKUDI,Artificial Intelligence and Data Science,ad,126.5,102.0,113.0,104.5,118.5,Not Available,Not Available
TNEA2025-03344,4864,"V V College of Engineering, V.V. Nagar, Arasur Village, Idaichivilai Post, Sathankulam Taluk, Tuticorin District, Tirunelveli-628656.",THOOTHUKUDI,Civil Engineering,ce,80.0,102.0,113.0,104.5,118.5,Not Available,Not Available
TNEA2025-03345,4864,"V V College of Engineering, V.V. Nagar, Arasur Village, Idaichivilai Post, Sathankulam Taluk, Tuticorin District, Tirunelveli-628656.",THOOTHUKUDI,Computer Science and Engineering,cs,144.0,129.5,114.5,104.5,104.0,Not Available,Not Available
TNEA2025-03346,4864,"V V College of Engineering, V.V. Nagar, Arasur Village, Idaichivilai Post, Sathankulam Taluk, Tuticorin District, Tirunelveli-628656.",THOOTHUKUDI,Electrical and Electronics Engineering,ee,90.5,86.0,114.5,104.5,104.0,Not Available,Not Available
TNEA2025-03347,4864,"V V College of Engineering, V.V. Nagar, Arasur Village, Idaichivilai Post, Sathankulam Taluk, Tuticorin District, Tirunelveli-628656.",THOOTHUKUDI,Electronics and Communication Engineering,ec,144.0,120.0,114.5,124.0,104.0,Not Available,Not Available
TNEA2025-03348,4864,"V V College of Engineering, V.V. Nagar, Arasur Village, Idaichivilai Post, Sathankulam Taluk, Tuticorin District, Tirunelveli-628656.",THOOTHUKUDI,Mechanical Engineering,me,80.5,120.0,114.5,124.0,104.0,Not Available,Not Available
TNEA2025-02509,4917,"Sethu Institute of Technology (Autonomous), Pulloor, Kariapatti, Virudhunagar-626115.",VIRUDHUNAGAR,Agricultural Engineering,ag,82.0,142.5,154.0,128.5,112.5,145.5,Not Available
TNEA2025-02510,4917,"Sethu Institute of Technology (Autonomous), Pulloor, Kariapatti, Virudhunagar-626115.",VIRUDHUNAGAR,Artificial Intelligence and Data Science,ad,154.5,142.5,154.0,128.5,112.5,145.5,Not Available
TNEA2025-02511,4917,"Sethu Institute of Technology (Autonomous), Pulloor, Kariapatti, Virudhunagar-626115.",VIRUDHUNAGAR,Bio Medical Engineering,bm,120.5,100.5,154.0,120.0,118.0,145.5,Not Available
TNEA2025-02512,4917,"Sethu Institute of Technology (Autonomous), Pulloor, Kariapatti, Virudhunagar-626115.",VIRUDHUNAGAR,Bio Technology,bt,114.0,108.0,154.0,103.0,118.0,145.5,Not Available
TNEA2025-02513,4917,"Sethu Institute of Technology (Autonomous), Pulloor, Kariapatti, Virudhunagar-626115.",VIRUDHUNAGAR,Chemical Engineering,ch,115.5,108.0,154.0,103.0,118.0,145.5,Not Available
TNEA2025-02514,4917,"Sethu Institute of Technology (Autonomous), Pulloor, Kariapatti, Virudhunagar-626115.",VIRUDHUNAGAR,Civil Engineering,ce,127.0,116.5,154.0,102.5,94.0,145.5,Not Available
TNEA2025-02515,4917,"Sethu Institute of Technology (Autonomous), Pulloor, Kariapatti, Virudhunagar-626115.",VIRUDHUNAGAR,Computer Science and Bussiness System,cb,145.5,132.0,144.5,114.5,117.5,145.5,Not Available
TNEA2025-02516,4917,"Sethu Institute of Technology (Autonomous), Pulloor, Kariapatti, Virudhunagar-626115.",VIRUDHUNAGAR,Computer Science and Design,cd,142.0,130.0,140.0,115.0,117.5,145.5,Not Available
TNEA2025-02517,4917,"Sethu Institute of Technology (Autonomous), Pulloor, Kariapatti, Virudhunagar-626115.",VIRUDHUNAGAR,Computer Science and Engineering,cs,158.5,146.5,147.5,129.0,98.5,106.0,Not Available
TNEA2025-02518,4917,"Sethu Institute of Technology (Autonomous), Pulloor, Kariapatti, Virudhunagar-626115.",VIRUDHUNAGAR,Computer Science and Engineering (Ai and Machine Learning),am,150.5,137.0,147.5,128.0,98.5,106.0,Not Available
TNEA2025-02519,4917,"Sethu Institute of Technology (Autonomous), Pulloor, Kariapatti, Virudhunagar-626115.",VIRUDHUNAGAR,Computer Science and Engineering (Cyber Security),sc,147.5,133.5,144.0,122.0,111.5,106.0,Not Available
TNEA2025-02520,4917,"Sethu Institute of Technology (Autonomous), Pulloor, Kariapatti, Virudhunagar-626115.",VIRUDHUNAGAR,Computer Science and Engineering (Internet of Things),ci,141.0,130.0,139.5,99.0,111.5,106.0,Not Available
TNEA2025-02521,4917,"Sethu Institute of Technology (Autonomous), Pulloor, Kariapatti, Virudhunagar-626115.",VIRUDHUNAGAR,Electrical and Electronics Engineering,ee,130.5,122.0,128.5,96.0,91.5,106.0,Not Available
TNEA2025-02522,4917,"Sethu Institute of Technology (Autonomous), Pulloor, Kariapatti, Virudhunagar-626115.",VIRUDHUNAGAR,Electronics and Communication Engineering,ec,148.0,134.5,143.5,115.5,94.5,106.0,Not Available
TNEA2025-02523,4917,"Sethu Institute of Technology (Autonomous), Pulloor, Kariapatti, Virudhunagar-626115.",VIRUDHUNAGAR,Information Technology,it,151.0,140.5,146.5,126.5,110.0,95.5,Not Available
TNEA2025-02524,4917,"Sethu Institute of Technology (Autonomous), Pulloor, Kariapatti, Virudhunagar-626115.",VIRUDHUNAGAR,Mechanical Engineering,me,119.0,104.5,113.5,102.5,110.0,95.5,Not Available
TNEA2025-02989,4925,"Sun College of Engineering and Technology, Udaya Nagar, Ammandivilai & Post, Kadiyapattanam, Kanyakumari-629204.",KANNIYAKUMARI,Artificial Intelligence and Data Science,ad,100.5,Not Available,Not Available,Not Available,Not Available,Not Available,Not Available
TNEA2025-02988,4925,"Sun College of Engineering and Technology, Udaya Nagar, Ammandivilai & Post, Kadiyapattanam, Kanyakumari-629204.",KANNIYAKUMARI,Automobile Engineering,au,100.5,Not Available,Not Available,Not Available,Not Available,Not Available,Not Available
TNEA2025-02990,4925,"Sun College of Engineering and Technology, Udaya Nagar, Ammandivilai & Post, Kadiyapattanam, Kanyakumari-629204.",KANNIYAKUMARI,Chemical Engineering,ch,84.0,Not Available,Not Available,Not Available,Not Available,Not Available,Not Available
TNEA2025-02991,4925,"Sun College of Engineering and Technology, Udaya Nagar, Ammandivilai & Post, Kadiyapattanam, Kanyakumari-629204.",KANNIYAKUMARI,Computer Science and Engineering,cs,125.0,Not Available,Not Available,Not Available,Not Available,Not Available,Not Available
TNEA2025-02992,4925,"Sun College of Engineering and Technology, Udaya Nagar, Ammandivilai & Post, Kadiyapattanam, Kanyakumari-629204.",KANNIYAKUMARI,Food Technology,fd,85.0,Not Available,Not Available,Not Available,Not Available,Not Available,Not Available
TNEA2025-02993,4925,"Sun College of Engineering and Technology, Udaya Nagar, Ammandivilai & Post, Kadiyapattanam, Kanyakumari-629204.",KANNIYAKUMARI,Information Technology,it,129.0,Not Available,Not Available,Not Available,Not Available,Not Available,Not Available
TNEA2025-02994,4925,"Sun College of Engineering and Technology, Udaya Nagar, Ammandivilai & Post, Kadiyapattanam, Kanyakumari-629204.",KANNIYAKUMARI,Medical Electronics,md,129.0,Not Available,Not Available,Not Available,Not Available,Not Available,Not Available
TNEA2025-02995,4925,"Sun College of Engineering and Technology, Udaya Nagar, Ammandivilai & Post, Kadiyapattanam, Kanyakumari-629204.",KANNIYAKUMARI,Petro Chemical Technology,pc,123.5,Not Available,Not Available,Not Available,Not Available,Not Available,Not Available
TNEA2025-02996,4925,"Sun College of Engineering and Technology, Udaya Nagar, Ammandivilai & Post, Kadiyapattanam, Kanyakumari-629204.",KANNIYAKUMARI,Pharmaceutical Technology,ph,93.0,Not Available,Not Available,Not Available,Not Available,Not Available,Not Available
TNEA2025-01580,4927,"Maria College of Engineering and Technology, Attoor Puliyamoodu Junction, Thiruvattar P.O, Attoor, Kanyakumari-629177.",KANNIYAKUMARI,Automobile Engineering,au,113.5,86.5,86.0,Not Available,Not Available,Not Available,Not Available
TNEA2025-01581,4927,"Maria College of Engineering and Technology, Attoor Puliyamoodu Junction, Thiruvattar P.O, Attoor, Kanyakumari-629177.",KANNIYAKUMARI,Civil Engineering,ce,113.5,86.5,86.0,Not Available,Not Available,Not Available,Not Available
TNEA2025-01582,4927,"Maria College of Engineering and Technology, Attoor Puliyamoodu Junction, Thiruvattar P.O, Attoor, Kanyakumari-629177.",KANNIYAKUMARI,Computer Science and Engineering,cs,113.5,86.5,86.0,Not Available,Not Available,Not Available,Not Available
TNEA2025-01583,4927,"Maria College of Engineering and Technology, Attoor Puliyamoodu Junction, Thiruvattar P.O, Attoor, Kanyakumari-629177.",KANNIYAKUMARI,Electrical and Electronics Engineering,ee,101.0,86.5,86.0,Not Available,Not Available,Not Available,Not Available
TNEA2025-01584,4927,"Maria College of Engineering and Technology, Attoor Puliyamoodu Junction, Thiruvattar P.O, Attoor, Kanyakumari-629177.",KANNIYAKUMARI,Electronics and Communication Engineering,ec,101.0,86.5,86.0,Not Available,Not Available,Not Available,Not Available
TNEA2025-01585,4927,"Maria College of Engineering and Technology, Attoor Puliyamoodu Junction, Thiruvattar P.O, Attoor, Kanyakumari-629177.",KANNIYAKUMARI,Mechanical Engineering,me,95.5,86.5,86.0,Not Available,Not Available,Not Available,Not Available
TNEA2025-01574,4928,"Mar Ephraem College of Engineering and Technology, Malankara Hills, Elavuvillai, Kanyakumari-629171.",KANNIYAKUMARI,Artificial Intelligence and Data Science,ad,134.5,105.0,Not Available,89.0,121.5,Not Available,Not Available
TNEA2025-01575,4928,"Mar Ephraem College of Engineering and Technology, Malankara Hills, Elavuvillai, Kanyakumari-629171.",KANNIYAKUMARI,Civil Engineering,ce,92.5,105.0,Not Available,89.0,121.5,Not Available,Not Available
TNEA2025-01576,4928,"Mar Ephraem College of Engineering and Technology, Malankara Hills, Elavuvillai, Kanyakumari-629171.",KANNIYAKUMARI,Computer Science and Engineering,cs,137.0,108.0,Not Available,97.5,121.5,Not Available,Not Available
TNEA2025-01577,4928,"Mar Ephraem College of Engineering and Technology, Malankara Hills, Elavuvillai, Kanyakumari-629171.",KANNIYAKUMARI,Electrical and Electronics Engineering,ee,91.5,108.0,Not Available,97.5,121.5,Not Available,Not Available
TNEA2025-01578,4928,"Mar Ephraem College of Engineering and Technology, Malankara Hills, Elavuvillai, Kanyakumari-629171.",KANNIYAKUMARI,Electronics and Communication Engineering,ec,105.0,94.0,Not Available,96.0,121.5,Not Available,Not Available
TNEA2025-01579,4928,"Mar Ephraem College of Engineering and Technology, Malankara Hills, Elavuvillai, Kanyakumari-629171.",KANNIYAKUMARI,Mechanical Engineering,me,105.5,85.0,Not Available,96.0,121.5,Not Available,Not Available
TNEA2025-01445,4929,"M.E.T. Engineering College, No.13/142A9/9, Mogals Garden, Chenbagaramanputhur, Thovalai Taluk, Kanyakumari district, Nagercoil-629304.",KANNIYAKUMARI,Artificial Intelligence and Data Science,ad,86.0,Not Available,Not Available,Not Available,Not Available,Not Available,Not Available
TNEA2025-01446,4929,"M.E.T. Engineering College, No.13/142A9/9, Mogals Garden, Chenbagaramanputhur, Thovalai Taluk, Kanyakumari district, Nagercoil-629304.",KANNIYAKUMARI,Civil Engineering,ce,86.0,Not Available,Not Available,Not Available,Not Available,Not Available,Not Available
TNEA2025-01447,4929,"M.E.T. Engineering College, No.13/142A9/9, Mogals Garden, Chenbagaramanputhur, Thovalai Taluk, Kanyakumari district, Nagercoil-629304.",KANNIYAKUMARI,Computer Science and Engineering,cs,89.5,Not Available,Not Available,Not Available,Not Available,Not Available,Not Available
TNEA2025-01448,4929,"M.E.T. Engineering College, No.13/142A9/9, Mogals Garden, Chenbagaramanputhur, Thovalai Taluk, Kanyakumari district, Nagercoil-629304.",KANNIYAKUMARI,Electrical and Electronics Engineering,ee,89.5,Not Available,Not Available,Not Available,Not Available,Not Available,Not Available
TNEA2025-01449,4929,"M.E.T. Engineering College, No.13/142A9/9, Mogals Garden, Chenbagaramanputhur, Thovalai Taluk, Kanyakumari district, Nagercoil-629304.",KANNIYAKUMARI,Electronics and Communication Engineering,ec,104.0,Not Available,Not Available,Not Available,Not Available,Not Available,Not Available
TNEA2025-01450,4929,"M.E.T. Engineering College, No.13/142A9/9, Mogals Garden, Chenbagaramanputhur, Thovalai Taluk, Kanyakumari district, Nagercoil-629304.",KANNIYAKUMARI,Mechanical Engineering,me,104.0,Not Available,Not Available,Not Available,Not Available,Not Available,Not Available
TNEA2025-00908,4931,"Grace College of Engineering, Chandy Nagar, Mullakkadu, Thoothukudi -628005.",THOOTHUKUDI,Artificial Intelligence and Data Science,ad,141.5,96.5,96.0,87.5,114.5,Not Available,112.5
TNEA2025-00909,4931,"Grace College of Engineering, Chandy Nagar, Mullakkadu, Thoothukudi -628005.",THOOTHUKUDI,Civil Engineering,ce,93.0,96.5,96.0,87.5,114.5,Not Available,112.5
TNEA2025-00910,4931,"Grace College of Engineering, Chandy Nagar, Mullakkadu, Thoothukudi -628005.",THOOTHUKUDI,Computer Science and Engineering,cs,145.5,103.0,138.0,98.5,125.0,Not Available,112.5
TNEA2025-00911,4931,"Grace College of Engineering, Chandy Nagar, Mullakkadu, Thoothukudi -628005.",THOOTHUKUDI,Electrical and Electronics Engineering,ee,96.0,103.0,138.0,98.5,125.0,Not Available,112.5
TNEA2025-00912,4931,"Grace College of Engineering, Chandy Nagar, Mullakkadu, Thoothukudi -628005.",THOOTHUKUDI,Electronics and Communication Engineering,ec,126.0,101.5,138.0,89.0,100.5,Not Available,112.5
TNEA2025-00913,4931,"Grace College of Engineering, Chandy Nagar, Mullakkadu, Thoothukudi -628005.",THOOTHUKUDI,Mechanical Engineering,me,96.5,101.5,138.0,89.0,100.5,Not Available,112.5
TNEA2025-00962,4932,"Immanuel Arasar JJ College of Engineering, Edavilagam, Nattalam, Marthandam, Kanyakumari-629195.",KANNIYAKUMARI,Aeronautical Engineering,ae,181.5,Not Available,Not Available,Not Available,Not Available,Not Available,Not Available
TNEA2025-00963,4932,"Immanuel Arasar JJ College of Engineering, Edavilagam, Nattalam, Marthandam, Kanyakumari-629195.",KANNIYAKUMARI,Agricultural Engineering,ag,181.5,Not Available,Not Available,Not Available,Not Available,Not Available,Not Available
TNEA2025-00964,4932,"Immanuel Arasar JJ College of Engineering, Edavilagam, Nattalam, Marthandam, Kanyakumari-629195.",KANNIYAKUMARI,Artificial Intelligence and Data Science,ad,181.5,Not Available,Not Available,Not Available,Not Available,Not Available,Not Available
TNEA2025-00965,4932,"Immanuel Arasar JJ College of Engineering, Edavilagam, Nattalam, Marthandam, Kanyakumari-629195.",KANNIYAKUMARI,Bio Medical Engineering,bm,181.5,Not Available,Not Available,Not Available,Not Available,Not Available,Not Available
TNEA2025-00966,4932,"Immanuel Arasar JJ College of Engineering, Edavilagam, Nattalam, Marthandam, Kanyakumari-629195.",KANNIYAKUMARI,Civil Engineering,ce,181.5,Not Available,Not Available,Not Available,Not Available,Not Available,Not Available
TNEA2025-00967,4932,"Immanuel Arasar JJ College of Engineering, Edavilagam, Nattalam, Marthandam, Kanyakumari-629195.",KANNIYAKUMARI,Computer Science and Engineering,cs,93.0,Not Available,Not Available,Not Available,Not Available,Not Available,Not Available
TNEA2025-00968,4932,"Immanuel Arasar JJ College of Engineering, Edavilagam, Nattalam, Marthandam, Kanyakumari-629195.",KANNIYAKUMARI,Electrical and Electronics Engineering,ee,93.0,Not Available,Not Available,Not Available,Not Available,Not Available,Not Available
TNEA2025-00969,4932,"Immanuel Arasar JJ College of Engineering, Edavilagam, Nattalam, Marthandam, Kanyakumari-629195.",KANNIYAKUMARI,Electronics and Communication Engineering,ec,93.0,Not Available,Not Available,Not Available,Not Available,Not Available,Not Available
TNEA2025-00970,4932,"Immanuel Arasar JJ College of Engineering, Edavilagam, Nattalam, Marthandam, Kanyakumari-629195.",KANNIYAKUMARI,Information Technology,it,109.5,Not Available,Not Available,Not Available,Not Available,Not Available,Not Available
TNEA2025-00971,4932,"Immanuel Arasar JJ College of Engineering, Edavilagam, Nattalam, Marthandam, Kanyakumari-629195.",KANNIYAKUMARI,Mechanical Engineering,me,109.5,Not Available,Not Available,Not Available,Not Available,Not Available,Not Available
TNEA2025-00972,4932,"Immanuel Arasar JJ College of Engineering, Edavilagam, Nattalam, Marthandam, Kanyakumari-629195.",KANNIYAKUMARI,Robotics and Automation,rm,109.5,Not Available,Not Available,Not Available,Not Available,Not Available,Not Available
TNEA2025-02927,4933,"St. Mother Theresa Engineering College, Vagaikulam, Mudivaithanendal Post, Tuticorin District-628102.",THOOTHUKUDI,Artificial Intelligence and Data Science,ad,122.0,98.5,95.5,88.0,115.0,92.0,Not Available
TNEA2025-02928,4933,"St. Mother Theresa Engineering College, Vagaikulam, Mudivaithanendal Post, Tuticorin District-628102.",THOOTHUKUDI,Computer Science and Engineering,cs,118.5,87.0,95.5,80.5,87.5,94.5,Not Available
TNEA2025-02929,4933,"St. Mother Theresa Engineering College, Vagaikulam, Mudivaithanendal Post, Tuticorin District-628102.",THOOTHUKUDI,Electrical and Electronics Engineering,ee,105.5,87.0,95.5,99.0,103.5,94.5,Not Available
TNEA2025-02930,4933,"St. Mother Theresa Engineering College, Vagaikulam, Mudivaithanendal Post, Tuticorin District-628102.",THOOTHUKUDI,Electronics and Communication Engineering,ec,124.0,108.0,118.5,114.5,98.0,94.5,Not Available
TNEA2025-02931,4933,"St. Mother Theresa Engineering College, Vagaikulam, Mudivaithanendal Post, Tuticorin District-628102.",THOOTHUKUDI,Mechanical Engineering,me,106.5,89.0,118.5,114.5,92.0,94.5,Not Available
TNEA2025-00936,4934,"Holy Cross Engineering College, 7/131, Vagaikulam Srivaikuntam Express Road, Sri Mulakarai, Thannoothu Village, Srivaikuntam Taluk, Thoothukudi-628851.",THOOTHUKUDI,Artificial Intelligence and Data Science,ad,145.0,85.5,134.0,101.0,83.0,119.0,Not Available
TNEA2025-00937,4934,"Holy Cross Engineering College, 7/131, Vagaikulam Srivaikuntam Express Road, Sri Mulakarai, Thannoothu Village, Srivaikuntam Taluk, Thoothukudi-628851.",THOOTHUKUDI,Bio Medical Engineering,bm,131.0,81.5,96.0,93.0,117.0,119.0,Not Available
TNEA2025-00938,4934,"Holy Cross Engineering College, 7/131, Vagaikulam Srivaikuntam Express Road, Sri Mulakarai, Thannoothu Village, Srivaikuntam Taluk, Thoothukudi-628851.",THOOTHUKUDI,Computer Science and Engineering,cs,128.0,82.5,84.5,107.5,104.5,119.0,Not Available
TNEA2025-00939,4934,"Holy Cross Engineering College, 7/131, Vagaikulam Srivaikuntam Express Road, Sri Mulakarai, Thannoothu Village, Srivaikuntam Taluk, Thoothukudi-628851.",THOOTHUKUDI,Electrical and Electronics Engineering,ee,84.5,82.5,84.5,107.5,104.5,119.0,Not Available
TNEA2025-00940,4934,"Holy Cross Engineering College, 7/131, Vagaikulam Srivaikuntam Express Road, Sri Mulakarai, Thannoothu Village, Srivaikuntam Taluk, Thoothukudi-628851.",THOOTHUKUDI,Electronics and Communication Engineering,ec,122.0,93.0,103.5,83.0,104.5,94.0,Not Available
TNEA2025-00941,4934,"Holy Cross Engineering College, 7/131, Vagaikulam Srivaikuntam Express Road, Sri Mulakarai, Thannoothu Village, Srivaikuntam Taluk, Thoothukudi-628851.",THOOTHUKUDI,Information Technology,it,105.5,88.0,103.5,83.0,96.0,94.0,Not Available
TNEA2025-00942,4934,"Holy Cross Engineering College, 7/131, Vagaikulam Srivaikuntam Express Road, Sri Mulakarai, Thannoothu Village, Srivaikuntam Taluk, Thoothukudi-628851.",THOOTHUKUDI,Mechanical Engineering,me,86.5,82.0,103.5,83.0,96.0,94.0,Not Available
TNEA2025-00015,4937,"A.R College of Engineering and Technology, Kadayam - Alangulam Road, Near Railway Station, Kadayam, Therkkumadathur, Tirunelveli-627423.",TIRUNELVELI,Civil Engineering,ce,Not Available,Not Available,Not Available,Not Available,Not Available,Not Available,Not Available
TNEA2025-00016,4937,"A.R College of Engineering and Technology, Kadayam - Alangulam Road, Near Railway Station, Kadayam, Therkkumadathur, Tirunelveli-627423.",TIRUNELVELI,Computer Science and Engineering,cs,Not Available,Not Available,Not Available,Not Available,Not Available,Not Available,Not Available
TNEA2025-00017,4937,"A.R College of Engineering and Technology, Kadayam - Alangulam Road, Near Railway Station, Kadayam, Therkkumadathur, Tirunelveli-627423.",TIRUNELVELI,Electrical and Electronics Engineering,ee,Not Available,Not Available,Not Available,Not Available,Not Available,Not Available,Not Available
TNEA2025-00018,4937,"A.R College of Engineering and Technology, Kadayam - Alangulam Road, Near Railway Station, Kadayam, Therkkumadathur, Tirunelveli-627423.",TIRUNELVELI,Electronics and Communication Engineering,ec,Not Available,Not Available,Not Available,Not Available,Not Available,Not Available,Not Available
TNEA2025-00019,4937,"A.R College of Engineering and Technology, Kadayam - Alangulam Road, Near Railway Station, Kadayam, Therkkumadathur, Tirunelveli-627423.",TIRUNELVELI,Mechanical Engineering,me,Not Available,Not Available,Not Available,Not Available,Not Available,Not Available,Not Available
TNEA2025-02582,4938,"Sivaji College of Engineering and Technology, Manivilai Post, Kanyakumari -629171.",KANNIYAKUMARI,Agricultural Engineering,ag,103.5,87.0,Not Available,88.0,Not Available,Not Available,Not Available
TNEA2025-02583,4938,"Sivaji College of Engineering and Technology, Manivilai Post, Kanyakumari -629171.",KANNIYAKUMARI,Artificial Intelligence and Data Science,ad,96.0,87.0,Not Available,88.0,Not Available,Not Available,Not Available
TNEA2025-02584,4938,"Sivaji College of Engineering and Technology, Manivilai Post, Kanyakumari -629171.",KANNIYAKUMARI,Civil Engineering,ce,96.0,87.0,Not Available,88.0,Not Available,Not Available,Not Available
TNEA2025-02585,4938,"Sivaji College of Engineering and Technology, Manivilai Post, Kanyakumari -629171.",KANNIYAKUMARI,Computer Science and Engineering,cs,89.5,87.0,Not Available,88.0,Not Available,Not Available,Not Available
TNEA2025-02586,4938,"Sivaji College of Engineering and Technology, Manivilai Post, Kanyakumari -629171.",KANNIYAKUMARI,Electrical and Electronics Engineering,ee,89.5,87.0,Not Available,88.0,Not Available,Not Available,Not Available
TNEA2025-02587,4938,"Sivaji College of Engineering and Technology, Manivilai Post, Kanyakumari -629171.",KANNIYAKUMARI,Mechanical Engineering,me,89.5,87.0,Not Available,88.0,Not Available,Not Available,Not Available
TNEA2025-03318,4941,"Unnamalai Institute of Technology, Suba Nagar, Ayyaneri Post, Kovilpatti, Thoothukudi District-628502.",THOOTHUKUDI,Artificial Intelligence and Data Science,ad,82.0,80.0,Not Available,90.5,99.0,Not Available,Not Available
TNEA2025-03319,4941,"Unnamalai Institute of Technology, Suba Nagar, Ayyaneri Post, Kovilpatti, Thoothukudi District-628502.",THOOTHUKUDI,Computer Science and Engineering,cs,118.0,80.0,Not Available,90.5,99.0,Not Available,Not Available
TNEA2025-03320,4941,"Unnamalai Institute of Technology, Suba Nagar, Ayyaneri Post, Kovilpatti, Thoothukudi District-628502.",THOOTHUKUDI,Computer Science and Engineering (Cyber Security),sc,83.5,80.0,Not Available,90.5,99.0,Not Available,Not Available
TNEA2025-03321,4941,"Unnamalai Institute of Technology, Suba Nagar, Ayyaneri Post, Kovilpatti, Thoothukudi District-628502.",THOOTHUKUDI,Electrical and Electronics Engineering,ee,82.0,80.0,Not Available,90.5,99.0,Not Available,Not Available
TNEA2025-03322,4941,"Unnamalai Institute of Technology, Suba Nagar, Ayyaneri Post, Kovilpatti, Thoothukudi District-628502.",THOOTHUKUDI,Electronics and Communication Engineering,ec,88.5,80.0,Not Available,90.5,99.0,Not Available,Not Available
TNEA2025-02469,4943,"Satyam College of Engineering and Technology, Satyam Nagar, Kannappannalur, Aralvoimozhi, Kanyakumari District-629301.",KANNIYAKUMARI,Aeronautical Engineering,ae,126.0,91.5,Not Available,Not Available,Not Available,Not Available,Not Available
TNEA2025-02470,4943,"Satyam College of Engineering and Technology, Satyam Nagar, Kannappannalur, Aralvoimozhi, Kanyakumari District-629301.",KANNIYAKUMARI,Civil Engineering,ce,126.0,91.5,Not Available,Not Available,Not Available,Not Available,Not Available
TNEA2025-02471,4943,"Satyam College of Engineering and Technology, Satyam Nagar, Kannappannalur, Aralvoimozhi, Kanyakumari District-629301.",KANNIYAKUMARI,Computer Science and Engineering,cs,96.0,91.5,Not Available,Not Available,Not Available,Not Available,Not Available
TNEA2025-02472,4943,"Satyam College of Engineering and Technology, Satyam Nagar, Kannappannalur, Aralvoimozhi, Kanyakumari District-629301.",KANNIYAKUMARI,Electrical and Electronics Engineering,ee,127.5,91.5,Not Available,Not Available,Not Available,Not Available,Not Available
TNEA2025-02473,4943,"Satyam College of Engineering and Technology, Satyam Nagar, Kannappannalur, Aralvoimozhi, Kanyakumari District-629301.",KANNIYAKUMARI,Electronics and Communication Engineering,ec,93.0,91.5,Not Available,Not Available,Not Available,Not Available,Not Available
TNEA2025-02474,4943,"Satyam College of Engineering and Technology, Satyam Nagar, Kannappannalur, Aralvoimozhi, Kanyakumari District-629301.",KANNIYAKUMARI,Mechanical Engineering,me,91.0,91.5,Not Available,Not Available,Not Available,Not Available,Not Available
TNEA2025-00313,4944,"Arunachala College of Engineering for Women, Thanka Gardens, Manavilai, Vellichanthai, Nagercoil, Kanyakumari District-629203.",KANNIYAKUMARI,Artificial Intelligence and Data Science,ad,149.5,125.5,130.0,101.5,91.5,119.0,Not Available
TNEA2025-00314,4944,"Arunachala College of Engineering for Women, Thanka Gardens, Manavilai, Vellichanthai, Nagercoil, Kanyakumari District-629203.",KANNIYAKUMARI,Civil Engineering,ce,98.5,88.5,130.0,101.5,91.5,119.0,Not Available
TNEA2025-00315,4944,"Arunachala College of Engineering for Women, Thanka Gardens, Manavilai, Vellichanthai, Nagercoil, Kanyakumari District-629203.",KANNIYAKUMARI,Computer Science and Engineering,cs,157.0,138.5,134.0,96.5,87.5,119.0,Not Available
TNEA2025-00316,4944,"Arunachala College of Engineering for Women, Thanka Gardens, Manavilai, Vellichanthai, Nagercoil, Kanyakumari District-629203.",KANNIYAKUMARI,Electrical and Electronics Engineering,ee,138.0,112.0,100.5,96.5,121.0,119.0,Not Available
TNEA2025-00317,4944,"Arunachala College of Engineering for Women, Thanka Gardens, Manavilai, Vellichanthai, Nagercoil, Kanyakumari District-629203.",KANNIYAKUMARI,Electronics and Communication Engineering,ec,144.0,122.5,110.0,106.0,121.0,119.0,Not Available
TNEA2025-00318,4944,"Arunachala College of Engineering for Women, Thanka Gardens, Manavilai, Vellichanthai, Nagercoil, Kanyakumari District-629203.",KANNIYAKUMARI,Information Technology,it,134.0,116.0,112.0,97.0,121.0,119.0,Not Available
TNEA2025-00550,4946,"DMI Engineering College, Kumarapuram Road, Aralvaimozhi, Kanyakumari District-629301.",KANNIYAKUMARI,Artificial Intelligence and Data Science,ad,125.0,90.0,116.5,107.5,88.5,Not Available,Not Available
TNEA2025-00551,4946,"DMI Engineering College, Kumarapuram Road, Aralvaimozhi, Kanyakumari District-629301.",KANNIYAKUMARI,Computer Science and Engineering,cs,128.5,87.5,95.0,97.5,119.5,Not Available,Not Available
TNEA2025-00552,4946,"DMI Engineering College, Kumarapuram Road, Aralvaimozhi, Kanyakumari District-629301.",KANNIYAKUMARI,Electrical and Electronics Engineering,ee,90.5,87.5,95.0,97.5,119.5,Not Available,Not Available
TNEA2025-00553,4946,"DMI Engineering College, Kumarapuram Road, Aralvaimozhi, Kanyakumari District-629301.",KANNIYAKUMARI,Electronics and Communication Engineering,ec,95.0,87.5,95.0,97.5,119.5,Not Available,Not Available
TNEA2025-00554,4946,"DMI Engineering College, Kumarapuram Road, Aralvaimozhi, Kanyakumari District-629301.",KANNIYAKUMARI,Information Technology,it,95.0,84.5,93.5,97.5,92.0,Not Available,Not Available
TNEA2025-00555,4946,"DMI Engineering College, Kumarapuram Road, Aralvaimozhi, Kanyakumari District-629301.",KANNIYAKUMARI,Mechanical Engineering,me,84.0,80.0,93.5,97.5,92.0,Not Available,Not Available
TNEA2025-01964,4949,"PSN Institute of Technology and Science, Melathediyoor, Palayamkottai Taluk, Tirunelveli-627152.",TIRUNELVELI,Artificial Intelligence and Data Science,ad,86.0,Not Available,Not Available,89.5,86.5,Not Available,Not Available
TNEA2025-01965,4949,"PSN Institute of Technology and Science, Melathediyoor, Palayamkottai Taluk, Tirunelveli-627152.",TIRUNELVELI,Civil Engineering,ce,89.5,Not Available,Not Available,89.5,86.5,Not Available,Not Available
TNEA2025-01966,4949,"PSN Institute of Technology and Science, Melathediyoor, Palayamkottai Taluk, Tirunelveli-627152.",TIRUNELVELI,Computer Science and Engineering,cs,98.5,Not Available,Not Available,89.5,86.5,Not Available,Not Available
TNEA2025-01967,4949,"PSN Institute of Technology and Science, Melathediyoor, Palayamkottai Taluk, Tirunelveli-627152.",TIRUNELVELI,Electrical and Electronics Engineering,ee,92.0,Not Available,Not Available,89.5,86.5,Not Available,Not Available
TNEA2025-01968,4949,"PSN Institute of Technology and Science, Melathediyoor, Palayamkottai Taluk, Tirunelveli-627152.",TIRUNELVELI,Electronics and Communication Engineering,ec,85.0,Not Available,Not Available,89.5,86.5,Not Available,Not Available
TNEA2025-01969,4949,"PSN Institute of Technology and Science, Melathediyoor, Palayamkottai Taluk, Tirunelveli-627152.",TIRUNELVELI,Industrial Engineering and Management,in,82.0,Not Available,Not Available,89.5,86.5,Not Available,Not Available
TNEA2025-01970,4949,"PSN Institute of Technology and Science, Melathediyoor, Palayamkottai Taluk, Tirunelveli-627152.",TIRUNELVELI,Information Technology,it,85.0,Not Available,Not Available,89.5,86.5,Not Available,Not Available
TNEA2025-01971,4949,"PSN Institute of Technology and Science, Melathediyoor, Palayamkottai Taluk, Tirunelveli-627152.",TIRUNELVELI,Mechanical Engineering,me,85.0,Not Available,Not Available,89.5,86.5,Not Available,Not Available
TNEA2025-01972,4949,"PSN Institute of Technology and Science, Melathediyoor, Palayamkottai Taluk, Tirunelveli-627152.",TIRUNELVELI,Mechatronics Engineering,mz,136.5,Not Available,Not Available,89.5,86.5,Not Available,Not Available
TNEA2025-00432,4952,"C.S.I. Institute of Technology, Thovalai & PO, Kanyakumari District, Nagercoil-629302.",KANNIYAKUMARI,Artificial Intelligence and Data Science,ad,89.5,85.5,Not Available,83.5,82.5,Not Available,Not Available
TNEA2025-00433,4952,"C.S.I. Institute of Technology, Thovalai & PO, Kanyakumari District, Nagercoil-629302.",KANNIYAKUMARI,Civil Engineering,ce,94.5,85.5,Not Available,83.5,82.5,Not Available,Not Available
TNEA2025-00434,4952,"C.S.I. Institute of Technology, Thovalai & PO, Kanyakumari District, Nagercoil-629302.",KANNIYAKUMARI,Computer Science and Engineering,cs,81.5,85.5,Not Available,83.5,82.5,Not Available,Not Available
TNEA2025-00435,4952,"C.S.I. Institute of Technology, Thovalai & PO, Kanyakumari District, Nagercoil-629302.",KANNIYAKUMARI,Computer Science and Engineering (Ai and Machine Learning),am,108.0,85.5,Not Available,83.5,82.5,Not Available,Not Available
TNEA2025-00436,4952,"C.S.I. Institute of Technology, Thovalai & PO, Kanyakumari District, Nagercoil-629302.",KANNIYAKUMARI,Electrical and Electronics Engineering,ee,85.5,85.5,Not Available,83.5,82.5,Not Available,Not Available
TNEA2025-00437,4952,"C.S.I. Institute of Technology, Thovalai & PO, Kanyakumari District, Nagercoil-629302.",KANNIYAKUMARI,Electronics and Communication Engineering,ec,132.0,85.5,Not Available,83.5,82.5,Not Available,Not Available
TNEA2025-00438,4952,"C.S.I. Institute of Technology, Thovalai & PO, Kanyakumari District, Nagercoil-629302.",KANNIYAKUMARI,Information Technology,it,85.5,85.5,Not Available,83.5,82.5,Not Available,Not Available
TNEA2025-00439,4952,"C.S.I. Institute of Technology, Thovalai & PO, Kanyakumari District, Nagercoil-629302.",KANNIYAKUMARI,Mechanical Engineering,me,90.5,85.5,Not Available,83.5,82.5,Not Available,Not Available
TNEA2025-00462,4953,"Cape Institute of Technology, Rajakrishnapuram Post, Radhapuram Taluk, Levengipuram, Tirunelvei-627114.",TIRUNELVELI,Civil Engineering,ce,99.0,80.0,Not Available,87.0,83.5,Not Available,Not Available
TNEA2025-00463,4953,"Cape Institute of Technology, Rajakrishnapuram Post, Radhapuram Taluk, Levengipuram, Tirunelvei-627114.",TIRUNELVELI,Computer Science and Engineering,cs,99.0,80.0,Not Available,87.0,83.5,Not Available,Not Available
TNEA2025-00464,4953,"Cape Institute of Technology, Rajakrishnapuram Post, Radhapuram Taluk, Levengipuram, Tirunelvei-627114.",TIRUNELVELI,Computer Science and Engineering (Ai and Machine Learning),am,119.0,107.0,Not Available,87.0,114.0,Not Available,Not Available
TNEA2025-00465,4953,"Cape Institute of Technology, Rajakrishnapuram Post, Radhapuram Taluk, Levengipuram, Tirunelvei-627114.",TIRUNELVELI,Electrical and Electronics Engineering,ee,86.5,107.0,Not Available,87.0,114.0,Not Available,Not Available
TNEA2025-00466,4953,"Cape Institute of Technology, Rajakrishnapuram Post, Radhapuram Taluk, Levengipuram, Tirunelvei-627114.",TIRUNELVELI,Electronics and Communication Engineering,ec,94.5,107.0,Not Available,87.0,114.0,Not Available,Not Available
TNEA2025-00467,4953,"Cape Institute of Technology, Rajakrishnapuram Post, Radhapuram Taluk, Levengipuram, Tirunelvei-627114.",TIRUNELVELI,Information Technology,it,81.5,107.0,Not Available,87.0,114.0,Not Available,Not Available
TNEA2025-00468,4953,"Cape Institute of Technology, Rajakrishnapuram Post, Radhapuram Taluk, Levengipuram, Tirunelvei-627114.",TIRUNELVELI,Mechanical Engineering,me,83.0,107.0,Not Available,87.0,114.0,Not Available,Not Available
TNEA2025-00655,4954,"Dr Sivanthi aditanar College of Engineering, Tirunelveli Road, Tiruchendur, Thoothukudi-628215.",THOOTHUKUDI,Artificial Intelligence and Data Science,ad,158.5,146.5,158.0,145.5,150.5,113.5,Not Available
TNEA2025-00656,4954,"Dr Sivanthi aditanar College of Engineering, Tirunelveli Road, Tiruchendur, Thoothukudi-628215.",THOOTHUKUDI,Civil Engineering,ce,92.0,146.5,158.0,145.5,150.5,113.5,Not Available
TNEA2025-00657,4954,"Dr Sivanthi aditanar College of Engineering, Tirunelveli Road, Tiruchendur, Thoothukudi-628215.",THOOTHUKUDI,Computer Science and Engineering,cs,170.5,142.5,165.5,116.0,144.5,113.5,Not Available
TNEA2025-00658,4954,"Dr Sivanthi aditanar College of Engineering, Tirunelveli Road, Tiruchendur, Thoothukudi-628215.",THOOTHUKUDI,Electrical and Electronics Engineering,ee,125.5,119.5,165.5,116.0,97.0,113.5,Not Available
TNEA2025-00659,4954,"Dr Sivanthi aditanar College of Engineering, Tirunelveli Road, Tiruchendur, Thoothukudi-628215.",THOOTHUKUDI,Electronics and Communication Engineering,ec,160.5,152.5,146.0,111.0,97.0,113.5,Not Available
TNEA2025-00660,4954,"Dr Sivanthi aditanar College of Engineering, Tirunelveli Road, Tiruchendur, Thoothukudi-628215.",THOOTHUKUDI,Information Technology,it,153.0,134.0,146.5,108.0,97.0,113.5,Not Available
TNEA2025-00661,4954,"Dr Sivanthi aditanar College of Engineering, Tirunelveli Road, Tiruchendur, Thoothukudi-628215.",THOOTHUKUDI,Mechanical Engineering,me,101.0,134.0,146.5,108.0,97.0,113.5,Not Available
TNEA2025-00766,4955,"Francis Xavier Engineering College (Autonomous), 103 G2, By Pass Road, Vannarpettai, Tirunelveli-627003.",TIRUNELVELI,Artificial Intelligence and Data Science,ad,171.5,157.0,168.5,151.0,139.0,148.5,Not Available
TNEA2025-00767,4955,"Francis Xavier Engineering College (Autonomous), 103 G2, By Pass Road, Vannarpettai, Tirunelveli-627003.",TIRUNELVELI,Civil Engineering,ce,134.5,115.5,168.5,121.0,105.5,148.5,Not Available
TNEA2025-00768,4955,"Francis Xavier Engineering College (Autonomous), 103 G2, By Pass Road, Vannarpettai, Tirunelveli-627003.",TIRUNELVELI,Computer Science and Bussiness System,cb,156.0,148.5,152.0,132.5,118.0,148.5,Not Available
TNEA2025-00769,4955,"Francis Xavier Engineering College (Autonomous), 103 G2, By Pass Road, Vannarpettai, Tirunelveli-627003.",TIRUNELVELI,Computer Science and Engineering,cs,171.5,155.0,168.5,138.0,126.0,134.0,Not Available
TNEA2025-00770,4955,"Francis Xavier Engineering College (Autonomous), 103 G2, By Pass Road, Vannarpettai, Tirunelveli-627003.",TIRUNELVELI,Computer Science and Engineering (Ai and Machine Learning),am,157.0,150.5,143.0,139.5,114.5,134.0,Not Available
TNEA2025-00771,4955,"Francis Xavier Engineering College (Autonomous), 103 G2, By Pass Road, Vannarpettai, Tirunelveli-627003.",TIRUNELVELI,Electrical and Electronics Engineering,ee,152.0,141.0,151.0,119.5,105.0,134.0,Not Available
TNEA2025-00772,4955,"Francis Xavier Engineering College (Autonomous), 103 G2, By Pass Road, Vannarpettai, Tirunelveli-627003.",TIRUNELVELI,Electronics and Communication Engineering,ec,170.0,155.0,167.5,132.0,128.0,134.0,Not Available
TNEA2025-00773,4955,"Francis Xavier Engineering College (Autonomous), 103 G2, By Pass Road, Vannarpettai, Tirunelveli-627003.",TIRUNELVELI,Information Technology,it,164.0,152.5,161.0,133.0,117.0,134.0,Not Available
TNEA2025-00774,4955,"Francis Xavier Engineering College (Autonomous), 103 G2, By Pass Road, Vannarpettai, Tirunelveli-627003.",TIRUNELVELI,Mechanical Engineering,me,139.0,126.0,138.5,103.0,92.0,134.0,Not Available
TNEA2025-01111,4956,"Jayamatha Engineering College, Thirurajapuram Muppandal, Aralvaimozhi, Kanyakumari-629301.",KANNIYAKUMARI,Civil Engineering,ce,113.5,Not Available,Not Available,Not Available,Not Available,Not Available,Not Available
TNEA2025-01112,4956,"Jayamatha Engineering College, Thirurajapuram Muppandal, Aralvaimozhi, Kanyakumari-629301.",KANNIYAKUMARI,Computer Science and Engineering,cs,113.5,Not Available,Not Available,Not Available,Not Available,Not Available,Not Available
TNEA2025-01113,4956,"Jayamatha Engineering College, Thirurajapuram Muppandal, Aralvaimozhi, Kanyakumari-629301.",KANNIYAKUMARI,Electrical and Electronics Engineering,ee,113.5,Not Available,Not Available,Not Available,Not Available,Not Available,Not Available
TNEA2025-01114,4956,"Jayamatha Engineering College, Thirurajapuram Muppandal, Aralvaimozhi, Kanyakumari-629301.",KANNIYAKUMARI,Electronics and Communication Engineering,ec,113.5,Not Available,Not Available,Not Available,Not Available,Not Available,Not Available
TNEA2025-01115,4956,"Jayamatha Engineering College, Thirurajapuram Muppandal, Aralvaimozhi, Kanyakumari-629301.",KANNIYAKUMARI,Instrumentation and Control Engineering,ic,111.0,Not Available,Not Available,Not Available,Not Available,Not Available,Not Available
TNEA2025-01116,4956,"Jayamatha Engineering College, Thirurajapuram Muppandal, Aralvaimozhi, Kanyakumari-629301.",KANNIYAKUMARI,Mechanical Engineering,me,111.0,Not Available,Not Available,Not Available,Not Available,Not Available,Not Available
TNEA2025-01117,4957,"Jayaraj Annapackiam CSI College of Engineering, Margoschis Nagar, Nazareth, Thoothukudi District-628617.",THOOTHUKUDI,Artificial Intelligence and Data Science,ad,130.0,103.5,116.0,93.5,83.5,127.5,Not Available
TNEA2025-01118,4957,"Jayaraj Annapackiam CSI College of Engineering, Margoschis Nagar, Nazareth, Thoothukudi District-628617.",THOOTHUKUDI,Computer Science and Engineering,cs,142.5,124.0,116.0,93.5,116.5,127.5,Not Available
TNEA2025-01119,4957,"Jayaraj Annapackiam CSI College of Engineering, Margoschis Nagar, Nazareth, Thoothukudi District-628617.",THOOTHUKUDI,Electronics and Communication Engineering,ec,113.5,97.5,116.0,99.5,116.5,127.5,Not Available
TNEA2025-01120,4957,"Jayaraj Annapackiam CSI College of Engineering, Margoschis Nagar, Nazareth, Thoothukudi District-628617.",THOOTHUKUDI,Information Technology,it,127.0,104.5,116.0,107.0,93.0,127.5,Not Available
TNEA2025-01121,4957,"Jayaraj Annapackiam CSI College of Engineering, Margoschis Nagar, Nazareth, Thoothukudi District-628617.",THOOTHUKUDI,Mechanical Engineering,me,89.5,104.5,116.0,107.0,83.0,127.5,Not Available
TNEA2025-01261,4959,"Kamaraj College of Engineering and Technology (Autonomous), S.P.G.C.Nagar Post Box12, K.Vellakulam, Virudhunagar-626001.",MADURAI,Artificial Intelligence and Data Science,ad,160.0,151.0,151.5,136.0,112.0,101.0,Not Available
TNEA2025-01262,4959,"Kamaraj College of Engineering and Technology (Autonomous), S.P.G.C.Nagar Post Box12, K.Vellakulam, Virudhunagar-626001.",MADURAI,Bio Technology,bt,157.5,139.5,139.0,102.0,151.5,101.0,Not Available
TNEA2025-01263,4959,"Kamaraj College of Engineering and Technology (Autonomous), S.P.G.C.Nagar Post Box12, K.Vellakulam, Virudhunagar-626001.",MADURAI,Civil Engineering,ce,132.5,107.0,139.0,112.5,151.5,101.0,Not Available
TNEA2025-01264,4959,"Kamaraj College of Engineering and Technology (Autonomous), S.P.G.C.Nagar Post Box12, K.Vellakulam, Virudhunagar-626001.",MADURAI,Computer Science and Engineering,cs,169.0,157.5,145.5,140.0,91.0,109.5,Not Available
TNEA2025-01265,4959,"Kamaraj College of Engineering and Technology (Autonomous), S.P.G.C.Nagar Post Box12, K.Vellakulam, Virudhunagar-626001.",MADURAI,Electrical and Electronics Engineering,ee,145.5,143.0,139.0,120.0,133.5,109.5,Not Available
TNEA2025-01266,4959,"Kamaraj College of Engineering and Technology (Autonomous), S.P.G.C.Nagar Post Box12, K.Vellakulam, Virudhunagar-626001.",MADURAI,Electronics and Communication Engineering,ec,161.5,151.0,152.5,135.0,133.5,122.5,Not Available
TNEA2025-01267,4959,"Kamaraj College of Engineering and Technology (Autonomous), S.P.G.C.Nagar Post Box12, K.Vellakulam, Virudhunagar-626001.",MADURAI,Information Technology,it,162.0,151.0,93.5,133.5,89.5,122.5,Not Available
TNEA2025-01268,4959,"Kamaraj College of Engineering and Technology (Autonomous), S.P.G.C.Nagar Post Box12, K.Vellakulam, Virudhunagar-626001.",MADURAI,Mechanical Engineering,me,135.5,125.5,93.5,101.0,131.0,122.5,Not Available
TNEA2025-01269,4959,"Kamaraj College of Engineering and Technology (Autonomous), S.P.G.C.Nagar Post Box12, K.Vellakulam, Virudhunagar-626001.",MADURAI,Mechatronics Engineering,mz,138.5,123.5,125.0,111.0,131.0,122.5,Not Available
TNEA2025-01617,4960,"Mepco Schlenk Engineering College (Autonomous), Sivakasi, Mepco Engineering College Post, Virudhunagar District-626005.",VIRUDHUNAGAR,Artificial Intelligence and Data Science,ad,177.0,172.5,169.5,161.0,118.5,114.0,126.0
TNEA2025-01618,4960,"Mepco Schlenk Engineering College (Autonomous), Sivakasi, Mepco Engineering College Post, Virudhunagar District-626005.",VIRUDHUNAGAR,Bio Medical Engineering,bm,160.5,142.5,152.0,133.0,118.5,114.0,126.0
TNEA2025-01619,4960,"Mepco Schlenk Engineering College (Autonomous), Sivakasi, Mepco Engineering College Post, Virudhunagar District-626005.",VIRUDHUNAGAR,Bio Technology,bt,162.5,147.5,152.0,136.0,89.5,121.5,126.0
TNEA2025-01620,4960,"Mepco Schlenk Engineering College (Autonomous), Sivakasi, Mepco Engineering College Post, Virudhunagar District-626005.",VIRUDHUNAGAR,Civil Engineering,ce,149.0,130.5,121.5,108.5,111.5,121.5,126.0
TNEA2025-01621,4960,"Mepco Schlenk Engineering College (Autonomous), Sivakasi, Mepco Engineering College Post, Virudhunagar District-626005.",VIRUDHUNAGAR,Computer Science and Engineering,cs,186.07,178.0,177.0,171.5,131.0,148.0,126.0
TNEA2025-01622,4960,"Mepco Schlenk Engineering College (Autonomous), Sivakasi, Mepco Engineering College Post, Virudhunagar District-626005.",VIRUDHUNAGAR,Electrical and Electronics Engineering,ee,169.0,161.5,160.5,153.5,109.0,90.5,126.0
TNEA2025-01623,4960,"Mepco Schlenk Engineering College (Autonomous), Sivakasi, Mepco Engineering College Post, Virudhunagar District-626005.",VIRUDHUNAGAR,Electronics and Communication Engineering,ec,179.5,175.5,167.0,161.0,128.5,90.5,126.0
TNEA2025-01624,4960,"Mepco Schlenk Engineering College (Autonomous), Sivakasi, Mepco Engineering College Post, Virudhunagar District-626005.",VIRUDHUNAGAR,Information Technology,it,177.0,174.0,166.5,163.5,130.0,90.5,126.0
TNEA2025-01625,4960,"Mepco Schlenk Engineering College (Autonomous), Sivakasi, Mepco Engineering College Post, Virudhunagar District-626005.",VIRUDHUNAGAR,Mechanical Engineering,me,156.0,141.5,142.5,129.5,90.0,90.5,126.0
TNEA2025-01768,4961,"Nellai College of Engineering, Maruthakulam P.O, Nanguneri Taluk, Tirunelveli-627151.",TIRUNELVELI,Artificial Intelligence and Data Science,ad,128.0,Not Available,Not Available,Not Available,Not Available,Not Available,Not Available
TNEA2025-01769,4961,"Nellai College of Engineering, Maruthakulam P.O, Nanguneri Taluk, Tirunelveli-627151.",TIRUNELVELI,Civil Engineering,ce,111.5,Not Available,Not Available,Not Available,Not Available,Not Available,Not Available
TNEA2025-01770,4961,"Nellai College of Engineering, Maruthakulam P.O, Nanguneri Taluk, Tirunelveli-627151.",TIRUNELVELI,Computer Science and Engineering,cs,80.0,Not Available,Not Available,Not Available,Not Available,Not Available,Not Available
TNEA2025-01771,4961,"Nellai College of Engineering, Maruthakulam P.O, Nanguneri Taluk, Tirunelveli-627151.",TIRUNELVELI,Computer Science and Engineering (Cyber Security),sc,86.0,Not Available,Not Available,Not Available,Not Available,Not Available,Not Available
TNEA2025-01772,4961,"Nellai College of Engineering, Maruthakulam P.O, Nanguneri Taluk, Tirunelveli-627151.",TIRUNELVELI,Electrical and Electronics Engineering,ee,85.5,Not Available,Not Available,Not Available,Not Available,Not Available,Not Available
TNEA2025-01773,4961,"Nellai College of Engineering, Maruthakulam P.O, Nanguneri Taluk, Tirunelveli-627151.",TIRUNELVELI,Electronics and Communication Engineering,ec,92.0,Not Available,Not Available,Not Available,Not Available,Not Available,Not Available
TNEA2025-01774,4961,"Nellai College of Engineering, Maruthakulam P.O, Nanguneri Taluk, Tirunelveli-627151.",TIRUNELVELI,Mechanical Engineering,me,88.0,Not Available,Not Available,Not Available,Not Available,Not Available,Not Available
TNEA2025-01744,4962,"National Engineering College (Autonomous), K.R. Nagar, Nalattinputhur, Kovilpatti, Tuticorin District-628503.",THOOTHUKUDI,Artificial Intelligence and Data Science,ad,180.5,176.0,177.0,168.0,138.0,Not Available,Not Available
TNEA2025-01745,4962,"National Engineering College (Autonomous), K.R. Nagar, Nalattinputhur, Kovilpatti, Tuticorin District-628503.",THOOTHUKUDI,Civil Engineering,ce,156.5,142.5,126.0,133.0,115.5,Not Available,Not Available
TNEA2025-01746,4962,"National Engineering College (Autonomous), K.R. Nagar, Nalattinputhur, Kovilpatti, Tuticorin District-628503.",THOOTHUKUDI,Computer Science and Engineering,cs,184.0,180.0,179.5,168.5,144.0,Not Available,Not Available
TNEA2025-01747,4962,"National Engineering College (Autonomous), K.R. Nagar, Nalattinputhur, Kovilpatti, Tuticorin District-628503.",THOOTHUKUDI,Electrical and Electronics Engineering,ee,173.0,165.5,168.0,166.0,118.0,Not Available,Not Available
TNEA2025-01748,4962,"National Engineering College (Autonomous), K.R. Nagar, Nalattinputhur, Kovilpatti, Tuticorin District-628503.",THOOTHUKUDI,Electronics and Communication Engineering,ec,181.5,177.0,180.0,168.0,137.0,Not Available,Not Available
TNEA2025-01749,4962,"National Engineering College (Autonomous), K.R. Nagar, Nalattinputhur, Kovilpatti, Tuticorin District-628503.",THOOTHUKUDI,Information Technology,it,179.5,177.0,176.0,170.0,126.5,Not Available,Not Available
TNEA2025-01750,4962,"National Engineering College (Autonomous), K.R. Nagar, Nalattinputhur, Kovilpatti, Tuticorin District-628503.",THOOTHUKUDI,Mechanical Engineering,me,158.0,145.0,176.0,142.0,127.5,Not Available,Not Available
TNEA2025-01944,4964,PSN College of Engineering and Technology (Autonomous) Melathediyoor Tirunelveli-627 152,TIRUNELVELI,Aeronautical Engineering,ae,88.0,100.0,99.5,103.5,103.5,96.0,Not Available
TNEA2025-01945,4964,PSN College of Engineering and Technology (Autonomous) Melathediyoor Tirunelveli-627 152,TIRUNELVELI,Artificial Intelligence and Data Science,ad,125.5,100.0,99.5,103.5,103.5,96.0,Not Available
TNEA2025-01946,4964,PSN College of Engineering and Technology (Autonomous) Melathediyoor Tirunelveli-627 152,TIRUNELVELI,Bio Medical Engineering,bm,82.0,100.0,99.5,103.5,103.5,96.0,Not Available
TNEA2025-01947,4964,PSN College of Engineering and Technology (Autonomous) Melathediyoor Tirunelveli-627 152,TIRUNELVELI,Civil Engineering,ce,82.0,100.0,99.5,103.5,103.5,96.0,Not Available
TNEA2025-01948,4964,PSN College of Engineering and Technology (Autonomous) Melathediyoor Tirunelveli-627 152,TIRUNELVELI,Computer Science and Engineering,cs,132.0,97.5,99.5,97.0,80.0,96.0,Not Available
TNEA2025-01949,4964,PSN College of Engineering and Technology (Autonomous) Melathediyoor Tirunelveli-627 152,TIRUNELVELI,Computer Science and Engineering (Ai and Machine Learning),am,114.5,98.5,99.5,97.0,91.5,96.0,Not Available
TNEA2025-01950,4964,PSN College of Engineering and Technology (Autonomous) Melathediyoor Tirunelveli-627 152,TIRUNELVELI,Electrical and Electronics Engineering,ee,86.5,98.5,99.5,97.0,91.5,96.0,Not Available
TNEA2025-01951,4964,PSN College of Engineering and Technology (Autonomous) Melathediyoor Tirunelveli-627 152,TIRUNELVELI,Electronics and Communication Engineering,ec,88.5,98.5,99.5,97.0,91.5,96.0,Not Available
TNEA2025-01952,4964,PSN College of Engineering and Technology (Autonomous) Melathediyoor Tirunelveli-627 152,TIRUNELVELI,Marine Engineering,mr,88.5,98.5,99.5,97.0,91.5,96.0,Not Available
TNEA2025-01954,4964,PSN College of Engineering and Technology (Autonomous) Melathediyoor Tirunelveli-627 152,TIRUNELVELI,Mechanical Engineering,me,84.5,98.5,99.5,97.0,91.5,96.0,Not Available
TNEA2025-01953,4964,PSN College of Engineering and Technology (Autonomous) Melathediyoor Tirunelveli-627 152,TIRUNELVELI,Mechanical and Automation Engineering,mu,82.5,98.5,99.5,97.0,91.5,96.0,Not Available
TNEA2025-01835,4965,"P.S.R. Engineering College (Autonomous), Appayanaickenpatty, Sevalpatty, Sivakasi, Virudhunagar District -626140.",VIRUDHUNAGAR,Artificial Intelligence and Data Science,ad,158.5,146.0,131.5,143.0,80.0,102.0,Not Available
TNEA2025-01836,4965,"P.S.R. Engineering College (Autonomous), Appayanaickenpatty, Sevalpatty, Sivakasi, Virudhunagar District -626140.",VIRUDHUNAGAR,Bio Medical Engineering,bm,127.0,94.0,118.5,105.5,105.5,102.0,Not Available
TNEA2025-01837,4965,"P.S.R. Engineering College (Autonomous), Appayanaickenpatty, Sevalpatty, Sivakasi, Virudhunagar District -626140.",VIRUDHUNAGAR,Bio Technology,bt,128.5,101.0,118.5,99.0,113.5,102.0,Not Available
TNEA2025-01838,4965,"P.S.R. Engineering College (Autonomous), Appayanaickenpatty, Sevalpatty, Sivakasi, Virudhunagar District -626140.",VIRUDHUNAGAR,Civil Engineering,ce,128.0,98.0,110.0,89.0,93.5,102.0,Not Available
TNEA2025-01839,4965,"P.S.R. Engineering College (Autonomous), Appayanaickenpatty, Sevalpatty, Sivakasi, Virudhunagar District -626140.",VIRUDHUNAGAR,Computer Science and Engineering,cs,155.0,142.0,136.0,139.5,104.5,102.0,Not Available
TNEA2025-01840,4965,"P.S.R. Engineering College (Autonomous), Appayanaickenpatty, Sevalpatty, Sivakasi, Virudhunagar District -626140.",VIRUDHUNAGAR,Electrical and Electronics Engineering,ee,130.5,112.5,104.0,116.0,92.5,102.0,Not Available
TNEA2025-01841,4965,"P.S.R. Engineering College (Autonomous), Appayanaickenpatty, Sevalpatty, Sivakasi, Virudhunagar District -626140.",VIRUDHUNAGAR,Electronics and Communication Engineering,ec,146.0,139.5,118.5,130.0,128.0,102.0,Not Available
TNEA2025-01842,4965,"P.S.R. Engineering College (Autonomous), Appayanaickenpatty, Sevalpatty, Sivakasi, Virudhunagar District -626140.",VIRUDHUNAGAR,Information Technology,it,146.5,139.5,113.0,127.5,107.5,102.0,Not Available
TNEA2025-01843,4965,"P.S.R. Engineering College (Autonomous), Appayanaickenpatty, Sevalpatty, Sivakasi, Virudhunagar District -626140.",VIRUDHUNAGAR,Mechanical Engineering,me,107.5,84.5,97.5,82.0,107.5,102.0,Not Available
TNEA2025-01882,4966,"PET Engineering College, Thiruchendur Road, Vallioor, Tirunelveli -627117.",TIRUNELVELI,Artificial Intelligence and Data Science,ad,130.5,109.0,117.5,95.0,83.5,Not Available,Not Available
TNEA2025-01883,4966,"PET Engineering College, Thiruchendur Road, Vallioor, Tirunelveli -627117.",TIRUNELVELI,Civil Engineering,ce,94.0,109.0,117.5,95.0,83.5,Not Available,Not Available
TNEA2025-01884,4966,"PET Engineering College, Thiruchendur Road, Vallioor, Tirunelveli -627117.",TIRUNELVELI,Computer Science and Engineering,cs,137.5,90.5,128.5,93.0,81.5,Not Available,Not Available
TNEA2025-01885,4966,"PET Engineering College, Thiruchendur Road, Vallioor, Tirunelveli -627117.",TIRUNELVELI,Electrical and Electronics Engineering,ee,104.5,89.5,128.5,85.5,81.5,Not Available,Not Available
TNEA2025-01886,4966,"PET Engineering College, Thiruchendur Road, Vallioor, Tirunelveli -627117.",TIRUNELVELI,Electronics and Communication Engineering,ec,125.5,88.5,116.0,111.0,90.5,Not Available,Not Available
TNEA2025-01887,4966,"PET Engineering College, Thiruchendur Road, Vallioor, Tirunelveli -627117.",TIRUNELVELI,Mechanical Engineering,me,85.0,80.5,116.0,111.0,90.5,Not Available,Not Available
TNEA2025-02289,4967,"S. Veerasamy Chettiar College of Engineering and Technology, S.V.Nagar, Puliangudi (Post), Sivagiri (Taluk), Tirunelveli District-627855.",TENKASI,Artificial Intelligence and Data Science,ad,89.0,88.0,97.0,107.0,95.0,99.5,Not Available
TNEA2025-02290,4967,"S. Veerasamy Chettiar College of Engineering and Technology, S.V.Nagar, Puliangudi (Post), Sivagiri (Taluk), Tirunelveli District-627855.",TENKASI,Civil Engineering,ce,89.5,88.0,97.0,107.0,95.0,99.5,Not Available
TNEA2025-02291,4967,"S. Veerasamy Chettiar College of Engineering and Technology, S.V.Nagar, Puliangudi (Post), Sivagiri (Taluk), Tirunelveli District-627855.",TENKASI,Computer Science and Engineering,cs,151.0,88.0,97.0,107.0,95.0,99.5,Not Available
TNEA2025-02292,4967,"S. Veerasamy Chettiar College of Engineering and Technology, S.V.Nagar, Puliangudi (Post), Sivagiri (Taluk), Tirunelveli District-627855.",TENKASI,Computer Science and Engineering (Cyber Security),sc,95.0,88.0,97.0,85.5,95.0,99.5,Not Available
TNEA2025-02293,4967,"S. Veerasamy Chettiar College of Engineering and Technology, S.V.Nagar, Puliangudi (Post), Sivagiri (Taluk), Tirunelveli District-627855.",TENKASI,Electrical and Electronics Engineering,ee,95.0,88.0,97.0,85.5,95.0,99.5,Not Available
TNEA2025-02294,4967,"S. Veerasamy Chettiar College of Engineering and Technology, S.V.Nagar, Puliangudi (Post), Sivagiri (Taluk), Tirunelveli District-627855.",TENKASI,Electronics and Communication Engineering,ec,115.0,88.0,97.0,85.5,95.0,99.5,Not Available
TNEA2025-02295,4967,"S. Veerasamy Chettiar College of Engineering and Technology, S.V.Nagar, Puliangudi (Post), Sivagiri (Taluk), Tirunelveli District-627855.",TENKASI,Information Technology,it,106.5,88.0,97.0,85.5,95.0,99.5,Not Available
TNEA2025-02296,4967,"S. Veerasamy Chettiar College of Engineering and Technology, S.V.Nagar, Puliangudi (Post), Sivagiri (Taluk), Tirunelveli District-627855.",TENKASI,Mechanical Engineering,me,95.5,88.0,97.0,85.5,95.0,99.5,Not Available
TNEA2025-02455,4968,"Sardar Raja College of Engineering, Raja Nagar, Alangulam, Tirunelveli Distict-627808.",TENKASI,Artificial Intelligence and Data Science,ad,111.0,80.0,108.5,99.0,89.5,Not Available,Not Available
TNEA2025-02456,4968,"Sardar Raja College of Engineering, Raja Nagar, Alangulam, Tirunelveli Distict-627808.",TENKASI,Civil Engineering,ce,111.0,80.0,108.5,99.0,89.5,Not Available,Not Available
TNEA2025-02457,4968,"Sardar Raja College of Engineering, Raja Nagar, Alangulam, Tirunelveli Distict-627808.",TENKASI,Computer Science and Engineering,cs,107.5,93.5,108.5,99.0,89.5,Not Available,Not Available
TNEA2025-02458,4968,"Sardar Raja College of Engineering, Raja Nagar, Alangulam, Tirunelveli Distict-627808.",TENKASI,Electrical and Electronics Engineering,ee,94.0,93.5,108.5,99.0,89.5,Not Available,Not Available
TNEA2025-02459,4968,"Sardar Raja College of Engineering, Raja Nagar, Alangulam, Tirunelveli Distict-627808.",TENKASI,Electronics and Communication Engineering,ec,88.5,93.5,108.5,99.0,89.5,Not Available,Not Available
TNEA2025-02460,4968,"Sardar Raja College of Engineering, Raja Nagar, Alangulam, Tirunelveli Distict-627808.",TENKASI,Mechanical Engineering,me,88.5,93.5,108.5,99.0,89.5,Not Available,Not Available
TNEA2025-02338,4969,"SCAD College of Engineering and Technology, Scad Nagar, Cheranmahadevi, Tirunelveli-627414.",TIRUNELVELI,Artificial Intelligence and Data Science,ad,143.5,119.5,137.5,99.0,105.0,Not Available,Not Available
TNEA2025-02339,4969,"SCAD College of Engineering and Technology, Scad Nagar, Cheranmahadevi, Tirunelveli-627414.",TIRUNELVELI,Civil Engineering,ce,80.5,119.5,137.5,99.0,105.0,Not Available,Not Available
TNEA2025-02340,4969,"SCAD College of Engineering and Technology, Scad Nagar, Cheranmahadevi, Tirunelveli-627414.",TIRUNELVELI,Computer Science and Engineering,cs,143.0,122.5,137.5,99.0,86.0,Not Available,Not Available
TNEA2025-02341,4969,"SCAD College of Engineering and Technology, Scad Nagar, Cheranmahadevi, Tirunelveli-627414.",TIRUNELVELI,Electrical and Electronics Engineering,ee,100.0,83.0,137.5,90.5,86.0,Not Available,Not Available
TNEA2025-02342,4969,"SCAD College of Engineering and Technology, Scad Nagar, Cheranmahadevi, Tirunelveli-627414.",TIRUNELVELI,Electronics and Communication Engineering,ec,136.5,117.5,123.5,109.5,102.0,Not Available,Not Available
TNEA2025-02343,4969,"SCAD College of Engineering and Technology, Scad Nagar, Cheranmahadevi, Tirunelveli-627414.",TIRUNELVELI,Mechanical Engineering,me,87.5,117.5,123.5,109.5,102.0,Not Available,Not Available
TNEA2025-02637,4970,"Sree Sowdambika College of Engineering, Chettikurichi, Aruppukottai, Virudhunagar-626134.",VIRUDHUNAGAR,Civil Engineering,ce,111.5,88.0,Not Available,89.5,88.5,104.0,Not Available
TNEA2025-02638,4970,"Sree Sowdambika College of Engineering, Chettikurichi, Aruppukottai, Virudhunagar-626134.",VIRUDHUNAGAR,Computer Science and Engineering,cs,112.0,88.0,Not Available,89.5,88.5,104.0,Not Available
TNEA2025-02639,4970,"Sree Sowdambika College of Engineering, Chettikurichi, Aruppukottai, Virudhunagar-626134.",VIRUDHUNAGAR,Electrical and Electronics Engineering,ee,83.5,88.0,Not Available,89.5,88.5,104.0,Not Available
TNEA2025-02640,4970,"Sree Sowdambika College of Engineering, Chettikurichi, Aruppukottai, Virudhunagar-626134.",VIRUDHUNAGAR,Electronics and Communication Engineering,ec,97.5,88.0,Not Available,89.5,88.5,104.0,Not Available
TNEA2025-02641,4970,"Sree Sowdambika College of Engineering, Chettikurichi, Aruppukottai, Virudhunagar-626134.",VIRUDHUNAGAR,Mechanical Engineering,me,103.5,88.0,Not Available,89.5,88.5,104.0,Not Available
TNEA2025-02941,4971,"St. Xavier's Catholic College of Engineering (Autonomous), Chunkankadai, Kanyakumari District, Nagercoil-629003.",KANNIYAKUMARI,Artificial Intelligence and Data Science,ad,171.0,152.5,141.5,141.5,110.5,111.0,Not Available
TNEA2025-02942,4971,"St. Xavier's Catholic College of Engineering (Autonomous), Chunkankadai, Kanyakumari District, Nagercoil-629003.",KANNIYAKUMARI,Civil Engineering,ce,114.5,104.0,141.5,141.5,110.5,111.0,Not Available
TNEA2025-02943,4971,"St. Xavier's Catholic College of Engineering (Autonomous), Chunkankadai, Kanyakumari District, Nagercoil-629003.",KANNIYAKUMARI,Computer Science and Engineering,cs,175.5,158.5,154.5,149.5,103.5,111.0,Not Available
TNEA2025-02944,4971,"St. Xavier's Catholic College of Engineering (Autonomous), Chunkankadai, Kanyakumari District, Nagercoil-629003.",KANNIYAKUMARI,Electrical and Electronics Engineering,ee,147.5,140.0,136.0,113.5,103.5,111.0,Not Available
TNEA2025-02945,4971,"St. Xavier's Catholic College of Engineering (Autonomous), Chunkankadai, Kanyakumari District, Nagercoil-629003.",KANNIYAKUMARI,Electronics and Communication Engineering,ec,164.5,152.0,163.0,131.0,106.0,111.0,Not Available
TNEA2025-02946,4971,"St. Xavier's Catholic College of Engineering (Autonomous), Chunkankadai, Kanyakumari District, Nagercoil-629003.",KANNIYAKUMARI,Information Technology,it,162.0,149.0,154.5,143.0,104.5,111.0,Not Available
TNEA2025-02947,4971,"St. Xavier's Catholic College of Engineering (Autonomous), Chunkankadai, Kanyakumari District, Nagercoil-629003.",KANNIYAKUMARI,Mechanical Engineering,me,133.5,106.0,106.5,106.0,93.5,111.0,Not Available
TNEA2025-00877,4974,Government College of Engineering Tirunelveli District 627007,TIRUNELVELI,Civil Engineering,ce,175.0,165.0,172.5,161.5,164.0,108.5,154.5
TNEA2025-00878,4974,Government College of Engineering Tirunelveli District 627007,TIRUNELVELI,Computer Science and Engineering,cs,192.0,188.0,191.5,186.0,183.0,153.5,154.5
TNEA2025-00879,4974,Government College of Engineering Tirunelveli District 627007,TIRUNELVELI,Electrical and Electronics Engineering,ee,182.5,179.5,180.5,177.5,163.0,134.5,154.5
TNEA2025-00880,4974,Government College of Engineering Tirunelveli District 627007,TIRUNELVELI,Electronics and Communication Engineering,ec,187.5,183.5,185.5,180.5,170.5,145.0,161.0
TNEA2025-00881,4974,Government College of Engineering Tirunelveli District 627007,TIRUNELVELI,Mechanical Engineering,me,170.5,163.5,166.5,157.0,142.5,127.5,119.5
TNEA2025-00628,4975,"Dr G.U. Pope College of Engineering, Pope Nagar, Sawyerpuram, Thoothukudi-628251.",THOOTHUKUDI,Civil Engineering,ce,108.0,80.5,116.5,94.5,81.5,92.5,Not Available
TNEA2025-00629,4975,"Dr G.U. Pope College of Engineering, Pope Nagar, Sawyerpuram, Thoothukudi-628251.",THOOTHUKUDI,Computer Science and Engineering,cs,121.0,80.5,116.5,94.5,81.5,92.5,Not Available
TNEA2025-00630,4975,"Dr G.U. Pope College of Engineering, Pope Nagar, Sawyerpuram, Thoothukudi-628251.",THOOTHUKUDI,Electrical and Electronics Engineering,ee,90.0,80.5,116.5,94.5,81.5,92.5,Not Available
TNEA2025-00631,4975,"Dr G.U. Pope College of Engineering, Pope Nagar, Sawyerpuram, Thoothukudi-628251.",THOOTHUKUDI,Electronics and Communication Engineering,ec,116.5,82.0,101.5,94.5,108.0,92.5,Not Available
TNEA2025-00632,4975,"Dr G.U. Pope College of Engineering, Pope Nagar, Sawyerpuram, Thoothukudi-628251.",THOOTHUKUDI,Mechanical Engineering,me,82.0,82.0,101.5,94.5,108.0,92.5,Not Available
TNEA2025-00988,4976,"Infant Jesus College of Engineering, Kamarajar Nagar, Tirunelveli-Thoothukudi Highway (NH-7A), Keelavallanadu Village, Ellanayakkan Patti Post, Srivaikundam Taluk, Thoothukudi District-628851.",THOOTHUKUDI,Aeronautical Engineering,ae,94.0,95.0,Not Available,85.0,89.5,Not Available,Not Available
TNEA2025-00989,4976,"Infant Jesus College of Engineering, Kamarajar Nagar, Tirunelveli-Thoothukudi Highway (NH-7A), Keelavallanadu Village, Ellanayakkan Patti Post, Srivaikundam Taluk, Thoothukudi District-628851.",THOOTHUKUDI,Agricultural Engineering,ag,85.0,95.0,Not Available,85.0,89.5,Not Available,Not Available
TNEA2025-00990,4976,"Infant Jesus College of Engineering, Kamarajar Nagar, Tirunelveli-Thoothukudi Highway (NH-7A), Keelavallanadu Village, Ellanayakkan Patti Post, Srivaikundam Taluk, Thoothukudi District-628851.",THOOTHUKUDI,Computer Science and Engineering,cs,102.5,95.0,Not Available,85.0,89.5,Not Available,Not Available
TNEA2025-00991,4976,"Infant Jesus College of Engineering, Kamarajar Nagar, Tirunelveli-Thoothukudi Highway (NH-7A), Keelavallanadu Village, Ellanayakkan Patti Post, Srivaikundam Taluk, Thoothukudi District-628851.",THOOTHUKUDI,Electronics and Communication Engineering,ec,113.0,95.0,Not Available,85.0,89.5,Not Available,Not Available
TNEA2025-00992,4976,"Infant Jesus College of Engineering, Kamarajar Nagar, Tirunelveli-Thoothukudi Highway (NH-7A), Keelavallanadu Village, Ellanayakkan Patti Post, Srivaikundam Taluk, Thoothukudi District-628851.",THOOTHUKUDI,Mechanical Engineering,me,102.5,95.0,Not Available,85.0,89.5,Not Available,Not Available
TNEA2025-01737,4977,"Narayanaguru College of Engineering, Chittadavu, Manjalumoodu, Vilavancode Taluk, Kuzhithurai, Kanyakumari District-629151.",KANNIYAKUMARI,Artificial Intelligence and Data Science,ad,104.0,86.5,Not Available,89.5,105.5,Not Available,Not Available
TNEA2025-01738,4977,"Narayanaguru College of Engineering, Chittadavu, Manjalumoodu, Vilavancode Taluk, Kuzhithurai, Kanyakumari District-629151.",KANNIYAKUMARI,Civil Engineering,ce,104.0,86.5,Not Available,89.5,105.5,Not Available,Not Available
TNEA2025-01739,4977,"Narayanaguru College of Engineering, Chittadavu, Manjalumoodu, Vilavancode Taluk, Kuzhithurai, Kanyakumari District-629151.",KANNIYAKUMARI,Computer Science and Engineering,cs,85.5,86.5,Not Available,89.5,105.5,Not Available,Not Available
TNEA2025-01740,4977,"Narayanaguru College of Engineering, Chittadavu, Manjalumoodu, Vilavancode Taluk, Kuzhithurai, Kanyakumari District-629151.",KANNIYAKUMARI,Electrical and Electronics Engineering,ee,104.0,86.5,Not Available,89.5,105.5,Not Available,Not Available
TNEA2025-01741,4977,"Narayanaguru College of Engineering, Chittadavu, Manjalumoodu, Vilavancode Taluk, Kuzhithurai, Kanyakumari District-629151.",KANNIYAKUMARI,Electronics and Communication Engineering,ec,81.0,86.5,Not Available,89.5,105.5,Not Available,Not Available
TNEA2025-01742,4977,"Narayanaguru College of Engineering, Chittadavu, Manjalumoodu, Vilavancode Taluk, Kuzhithurai, Kanyakumari District-629151.",KANNIYAKUMARI,Information Technology,it,118.0,109.5,Not Available,89.5,105.5,Not Available,Not Available
TNEA2025-01743,4977,"Narayanaguru College of Engineering, Chittadavu, Manjalumoodu, Vilavancode Taluk, Kuzhithurai, Kanyakumari District-629151.",KANNIYAKUMARI,Mechanical Engineering,me,112.5,109.5,Not Available,89.5,105.5,Not Available,Not Available
TNEA2025-03153,4978,"Udaya School of Engineering, Udaya Nagar, Vellamadi Junction, Ammandivilai Post, Kanyakumarai District, Nagercoil-629204.",KANNIYAKUMARI,Aeronautical Engineering,ae,97.0,86.5,Not Available,Not Available,Not Available,Not Available,Not Available
TNEA2025-03154,4978,"Udaya School of Engineering, Udaya Nagar, Vellamadi Junction, Ammandivilai Post, Kanyakumarai District, Nagercoil-629204.",KANNIYAKUMARI,Agricultural Engineering,ag,99.0,86.5,Not Available,Not Available,Not Available,Not Available,Not Available
TNEA2025-03155,4978,"Udaya School of Engineering, Udaya Nagar, Vellamadi Junction, Ammandivilai Post, Kanyakumarai District, Nagercoil-629204.",KANNIYAKUMARI,Bio Medical Engineering,bm,91.5,86.5,Not Available,Not Available,Not Available,Not Available,Not Available
TNEA2025-03156,4978,"Udaya School of Engineering, Udaya Nagar, Vellamadi Junction, Ammandivilai Post, Kanyakumarai District, Nagercoil-629204.",KANNIYAKUMARI,Bio Technology,bt,94.5,86.5,Not Available,Not Available,Not Available,Not Available,Not Available
TNEA2025-03157,4978,"Udaya School of Engineering, Udaya Nagar, Vellamadi Junction, Ammandivilai Post, Kanyakumarai District, Nagercoil-629204.",KANNIYAKUMARI,Civil Engineering,ce,117.0,86.5,Not Available,Not Available,Not Available,Not Available,Not Available
TNEA2025-03158,4978,"Udaya School of Engineering, Udaya Nagar, Vellamadi Junction, Ammandivilai Post, Kanyakumarai District, Nagercoil-629204.",KANNIYAKUMARI,Computer Science and Engineering,cs,83.0,86.5,Not Available,Not Available,Not Available,Not Available,Not Available
TNEA2025-03159,4978,"Udaya School of Engineering, Udaya Nagar, Vellamadi Junction, Ammandivilai Post, Kanyakumarai District, Nagercoil-629204.",KANNIYAKUMARI,Computer Science and Engineering (Ai and Machine Learning),am,81.5,86.5,Not Available,Not Available,Not Available,Not Available,Not Available
TNEA2025-03160,4978,"Udaya School of Engineering, Udaya Nagar, Vellamadi Junction, Ammandivilai Post, Kanyakumarai District, Nagercoil-629204.",KANNIYAKUMARI,Computer Science and Engineering (Cyber Security),sc,93.5,86.5,Not Available,Not Available,Not Available,Not Available,Not Available
TNEA2025-03161,4978,"Udaya School of Engineering, Udaya Nagar, Vellamadi Junction, Ammandivilai Post, Kanyakumarai District, Nagercoil-629204.",KANNIYAKUMARI,Electrical and Electronics Engineering,ee,95.5,86.5,Not Available,Not Available,Not Available,Not Available,Not Available
TNEA2025-03162,4978,"Udaya School of Engineering, Udaya Nagar, Vellamadi Junction, Ammandivilai Post, Kanyakumarai District, Nagercoil-629204.",KANNIYAKUMARI,Electronics and Communication Engineering,ec,92.5,86.5,Not Available,Not Available,Not Available,Not Available,Not Available
TNEA2025-03163,4978,"Udaya School of Engineering, Udaya Nagar, Vellamadi Junction, Ammandivilai Post, Kanyakumarai District, Nagercoil-629204.",KANNIYAKUMARI,Mechanical Engineering,me,82.0,86.5,Not Available,Not Available,Not Available,Not Available,Not Available
TNEA2025-03164,4978,"Udaya School of Engineering, Udaya Nagar, Vellamadi Junction, Ammandivilai Post, Kanyakumarai District, Nagercoil-629204.",KANNIYAKUMARI,Robotics and Automation,rm,97.5,86.5,Not Available,Not Available,Not Available,Not Available,Not Available
TNEA2025-00290,4979,"Arul Tharum VPMM College of Engineering and Technology, V.P.M. Nagar, Krishnankovil, Srivilliputur, Virudhunagar-626190.",VIRUDHUNAGAR,Artificial Intelligence and Data Science,ad,101.5,Not Available,Not Available,Not Available,Not Available,Not Available,Not Available
TNEA2025-00291,4979,"Arul Tharum VPMM College of Engineering and Technology, V.P.M. Nagar, Krishnankovil, Srivilliputur, Virudhunagar-626190.",VIRUDHUNAGAR,Civil Engineering,ce,101.5,Not Available,Not Available,Not Available,Not Available,Not Available,Not Available
TNEA2025-00292,4979,"Arul Tharum VPMM College of Engineering and Technology, V.P.M. Nagar, Krishnankovil, Srivilliputur, Virudhunagar-626190.",VIRUDHUNAGAR,Computer Science and Engineering,cs,103.0,Not Available,Not Available,Not Available,Not Available,Not Available,Not Available
TNEA2025-00293,4979,"Arul Tharum VPMM College of Engineering and Technology, V.P.M. Nagar, Krishnankovil, Srivilliputur, Virudhunagar-626190.",VIRUDHUNAGAR,Computer Science and Engineering (Ai and Machine Learning),am,103.0,Not Available,Not Available,Not Available,Not Available,Not Available,Not Available
TNEA2025-00294,4979,"Arul Tharum VPMM College of Engineering and Technology, V.P.M. Nagar, Krishnankovil, Srivilliputur, Virudhunagar-626190.",VIRUDHUNAGAR,Computer Science and Engineering (Cyber Security),sc,103.0,Not Available,Not Available,Not Available,Not Available,Not Available,Not Available
TNEA2025-00295,4979,"Arul Tharum VPMM College of Engineering and Technology, V.P.M. Nagar, Krishnankovil, Srivilliputur, Virudhunagar-626190.",VIRUDHUNAGAR,Electrical and Electronics Engineering,ee,103.0,Not Available,Not Available,Not Available,Not Available,Not Available,Not Available
TNEA2025-00296,4979,"Arul Tharum VPMM College of Engineering and Technology, V.P.M. Nagar, Krishnankovil, Srivilliputur, Virudhunagar-626190.",VIRUDHUNAGAR,Electronics and Communication Engineering,ec,152.0,Not Available,Not Available,Not Available,Not Available,Not Available,Not Available
TNEA2025-00297,4979,"Arul Tharum VPMM College of Engineering and Technology, V.P.M. Nagar, Krishnankovil, Srivilliputur, Virudhunagar-626190.",VIRUDHUNAGAR,Information Technology,it,101.5,Not Available,Not Available,Not Available,Not Available,Not Available,Not Available
TNEA2025-00708,4980,"Einstein College of Engineering, Sir.C.V.Raman Nagar, Seethaparpanallur, Tirunelveli-627012.",TIRUNELVELI,Artificial Intelligence and Data Science,ad,124.5,104.0,102.0,109.5,109.0,Not Available,Not Available
TNEA2025-00709,4980,"Einstein College of Engineering, Sir.C.V.Raman Nagar, Seethaparpanallur, Tirunelveli-627012.",TIRUNELVELI,Civil Engineering,ce,96.5,104.0,102.0,109.5,109.0,Not Available,Not Available
TNEA2025-00710,4980,"Einstein College of Engineering, Sir.C.V.Raman Nagar, Seethaparpanallur, Tirunelveli-627012.",TIRUNELVELI,Computer Science and Engineering,cs,142.0,120.5,113.5,105.0,109.0,Not Available,Not Available
TNEA2025-00711,4980,"Einstein College of Engineering, Sir.C.V.Raman Nagar, Seethaparpanallur, Tirunelveli-627012.",TIRUNELVELI,Electrical and Electronics Engineering,ee,91.5,120.5,113.5,105.0,109.0,Not Available,Not Available
TNEA2025-00712,4980,"Einstein College of Engineering, Sir.C.V.Raman Nagar, Seethaparpanallur, Tirunelveli-627012.",TIRUNELVELI,Electronics and Communication Engineering,ec,137.5,114.0,113.5,90.5,109.0,Not Available,Not Available
TNEA2025-00713,4980,"Einstein College of Engineering, Sir.C.V.Raman Nagar, Seethaparpanallur, Tirunelveli-627012.",TIRUNELVELI,Mechanical Engineering,me,102.5,114.0,113.5,90.5,109.0,Not Available,Not Available
TNEA2025-02087,4981,"Ponjesly College of Engineering, Near Parvathipuram, Alamparai, Veturnimadam Post, Nagercoil-629003.",KANNIYAKUMARI,Artificial Intelligence and Data Science,ad,149.0,139.0,145.5,105.0,87.5,Not Available,Not Available
TNEA2025-02088,4981,"Ponjesly College of Engineering, Near Parvathipuram, Alamparai, Veturnimadam Post, Nagercoil-629003.",KANNIYAKUMARI,Civil Engineering,ce,96.0,139.0,145.5,105.0,87.5,Not Available,Not Available
TNEA2025-02089,4981,"Ponjesly College of Engineering, Near Parvathipuram, Alamparai, Veturnimadam Post, Nagercoil-629003.",KANNIYAKUMARI,Computer Science and Engineering,cs,158.0,143.5,145.0,111.5,87.5,Not Available,Not Available
TNEA2025-02090,4981,"Ponjesly College of Engineering, Near Parvathipuram, Alamparai, Veturnimadam Post, Nagercoil-629003.",KANNIYAKUMARI,Computer Science and Engineering (Ai and Machine Learning),am,149.0,139.0,140.0,102.5,96.5,Not Available,Not Available
TNEA2025-02091,4981,"Ponjesly College of Engineering, Near Parvathipuram, Alamparai, Veturnimadam Post, Nagercoil-629003.",KANNIYAKUMARI,Electrical and Electronics Engineering,ee,121.0,101.0,140.0,120.5,96.5,Not Available,Not Available
TNEA2025-02092,4981,"Ponjesly College of Engineering, Near Parvathipuram, Alamparai, Veturnimadam Post, Nagercoil-629003.",KANNIYAKUMARI,Electronics and Communication Engineering,ec,148.5,134.5,147.0,120.5,119.5,Not Available,Not Available
TNEA2025-02093,4981,"Ponjesly College of Engineering, Near Parvathipuram, Alamparai, Veturnimadam Post, Nagercoil-629003.",KANNIYAKUMARI,Information Technology,it,150.0,143.5,143.0,86.0,119.5,Not Available,Not Available
TNEA2025-02094,4981,"Ponjesly College of Engineering, Near Parvathipuram, Alamparai, Veturnimadam Post, Nagercoil-629003.",KANNIYAKUMARI,Mechanical Engineering,me,118.0,89.5,97.5,84.5,119.5,Not Available,Not Available
TNEA2025-03452,4982,"Vins Christian College of Engineering, Vins Nagar, Chunkankadai, Nagercoil, Kanyakumari-629807.",KANNIYAKUMARI,Artificial Intelligence and Data Science,ad,84.5,94.5,Not Available,94.5,Not Available,88.5,Not Available
TNEA2025-03453,4982,"Vins Christian College of Engineering, Vins Nagar, Chunkankadai, Nagercoil, Kanyakumari-629807.",KANNIYAKUMARI,Civil Engineering,ce,84.5,94.5,Not Available,94.5,Not Available,88.5,Not Available
TNEA2025-03454,4982,"Vins Christian College of Engineering, Vins Nagar, Chunkankadai, Nagercoil, Kanyakumari-629807.",KANNIYAKUMARI,Computer Science and Engineering,cs,113.0,94.5,Not Available,94.5,Not Available,88.5,Not Available
TNEA2025-03455,4982,"Vins Christian College of Engineering, Vins Nagar, Chunkankadai, Nagercoil, Kanyakumari-629807.",KANNIYAKUMARI,Computer Science and Engineering (Ai and Machine Learning),am,107.0,94.5,Not Available,94.5,Not Available,88.5,Not Available
TNEA2025-03456,4982,"Vins Christian College of Engineering, Vins Nagar, Chunkankadai, Nagercoil, Kanyakumari-629807.",KANNIYAKUMARI,Computer Science and Engineering (Cyber Security),sc,85.0,94.5,Not Available,94.5,Not Available,88.5,Not Available
TNEA2025-03457,4982,"Vins Christian College of Engineering, Vins Nagar, Chunkankadai, Nagercoil, Kanyakumari-629807.",KANNIYAKUMARI,Electrical and Electronics Engineering,ee,143.0,94.5,Not Available,94.5,Not Available,88.5,Not Available
TNEA2025-03458,4982,"Vins Christian College of Engineering, Vins Nagar, Chunkankadai, Nagercoil, Kanyakumari-629807.",KANNIYAKUMARI,Electronics and Communication Engineering,ec,92.5,94.5,Not Available,94.5,Not Available,88.5,Not Available
TNEA2025-03459,4982,"Vins Christian College of Engineering, Vins Nagar, Chunkankadai, Nagercoil, Kanyakumari-629807.",KANNIYAKUMARI,Mechanical Engineering,me,85.5,94.5,Not Available,94.5,Not Available,88.5,Not Available
TNEA2025-01385,4983,"Lord Jegannath College of Engineering and Technology, PSN Nagar, Ramanathichanputhur, Marungoor, Kanyakumari District, Nagercoil-629402.",KANNIYAKUMARI,Aeronautical Engineering,ae,91.5,Not Available,Not Available,Not Available,Not Available,Not Available,Not Available
TNEA2025-01386,4983,"Lord Jegannath College of Engineering and Technology, PSN Nagar, Ramanathichanputhur, Marungoor, Kanyakumari District, Nagercoil-629402.",KANNIYAKUMARI,Agricultural Engineering,ag,91.5,Not Available,Not Available,Not Available,Not Available,Not Available,Not Available
TNEA2025-01387,4983,"Lord Jegannath College of Engineering and Technology, PSN Nagar, Ramanathichanputhur, Marungoor, Kanyakumari District, Nagercoil-629402.",KANNIYAKUMARI,Civil Engineering,ce,91.5,Not Available,Not Available,Not Available,Not Available,Not Available,Not Available
TNEA2025-01388,4983,"Lord Jegannath College of Engineering and Technology, PSN Nagar, Ramanathichanputhur, Marungoor, Kanyakumari District, Nagercoil-629402.",KANNIYAKUMARI,Computer Science and Engineering,cs,91.5,Not Available,Not Available,Not Available,Not Available,Not Available,Not Available
TNEA2025-01389,4983,"Lord Jegannath College of Engineering and Technology, PSN Nagar, Ramanathichanputhur, Marungoor, Kanyakumari District, Nagercoil-629402.",KANNIYAKUMARI,Electrical and Electronics Engineering,ee,91.5,Not Available,Not Available,Not Available,Not Available,Not Available,Not Available
TNEA2025-01390,4983,"Lord Jegannath College of Engineering and Technology, PSN Nagar, Ramanathichanputhur, Marungoor, Kanyakumari District, Nagercoil-629402.",KANNIYAKUMARI,Electronics and Communication Engineering,ec,91.5,Not Available,Not Available,Not Available,Not Available,Not Available,Not Available
TNEA2025-01391,4983,"Lord Jegannath College of Engineering and Technology, PSN Nagar, Ramanathichanputhur, Marungoor, Kanyakumari District, Nagercoil-629402.",KANNIYAKUMARI,Mechanical Engineering,me,93.0,Not Available,Not Available,Not Available,Not Available,Not Available,Not Available
TNEA2025-01392,4983,"Lord Jegannath College of Engineering and Technology, PSN Nagar, Ramanathichanputhur, Marungoor, Kanyakumari District, Nagercoil-629402.",KANNIYAKUMARI,Robotics and Automation,rm,137.5,Not Available,Not Available,Not Available,Not Available,Not Available,Not Available
TNEA2025-01586,4984,"Marthandam College of Engineering and Technology, P.M.Village Road, Kuttakuzhi, Veeyannoor Post, Marthandam, Kanyakumari District-629177.",KANNIYAKUMARI,Artificial Intelligence and Data Science,ad,97.5,Not Available,Not Available,Not Available,Not Available,Not Available,Not Available
TNEA2025-01587,4984,"Marthandam College of Engineering and Technology, P.M.Village Road, Kuttakuzhi, Veeyannoor Post, Marthandam, Kanyakumari District-629177.",KANNIYAKUMARI,Civil Engineering,ce,97.5,Not Available,Not Available,Not Available,Not Available,Not Available,Not Available
TNEA2025-01588,4984,"Marthandam College of Engineering and Technology, P.M.Village Road, Kuttakuzhi, Veeyannoor Post, Marthandam, Kanyakumari District-629177.",KANNIYAKUMARI,Computer Science and Engineering,cs,89.5,Not Available,Not Available,Not Available,Not Available,Not Available,Not Available
TNEA2025-01589,4984,"Marthandam College of Engineering and Technology, P.M.Village Road, Kuttakuzhi, Veeyannoor Post, Marthandam, Kanyakumari District-629177.",KANNIYAKUMARI,Electrical and Electronics Engineering,ee,89.5,Not Available,Not Available,Not Available,Not Available,Not Available,Not Available
TNEA2025-01590,4984,"Marthandam College of Engineering and Technology, P.M.Village Road, Kuttakuzhi, Veeyannoor Post, Marthandam, Kanyakumari District-629177.",KANNIYAKUMARI,Electronics and Communication Engineering,ec,97.5,Not Available,Not Available,Not Available,Not Available,Not Available,Not Available
TNEA2025-01591,4984,"Marthandam College of Engineering and Technology, P.M.Village Road, Kuttakuzhi, Veeyannoor Post, Marthandam, Kanyakumari District-629177.",KANNIYAKUMARI,Information Technology,it,91.5,Not Available,Not Available,Not Available,Not Available,Not Available,Not Available
TNEA2025-01592,4984,"Marthandam College of Engineering and Technology, P.M.Village Road, Kuttakuzhi, Veeyannoor Post, Marthandam, Kanyakumari District-629177.",KANNIYAKUMARI,Mechanical Engineering,me,83.5,Not Available,Not Available,Not Available,Not Available,Not Available,Not Available
TNEA2025-01788,4986,"Noorul Islam College of Engineering and Technology, Punkarai, Thiruvithancode (PO), Kanyakumari-629174.",KANNIYAKUMARI,Artificial Intelligence and Data Science,ad,127.0,Not Available,Not Available,Not Available,Not Available,Not Available,Not Available
TNEA2025-01789,4986,"Noorul Islam College of Engineering and Technology, Punkarai, Thiruvithancode (PO), Kanyakumari-629174.",KANNIYAKUMARI,Computer Science and Engineering,cs,129.5,Not Available,Not Available,Not Available,Not Available,Not Available,Not Available
TNEA2025-01790,4986,"Noorul Islam College of Engineering and Technology, Punkarai, Thiruvithancode (PO), Kanyakumari-629174.",KANNIYAKUMARI,Electrical and Electronics Engineering,ee,129.5,Not Available,Not Available,Not Available,Not Available,Not Available,Not Available
TNEA2025-01791,4986,"Noorul Islam College of Engineering and Technology, Punkarai, Thiruvithancode (PO), Kanyakumari-629174.",KANNIYAKUMARI,Electronics and Communication Engineering,ec,129.5,Not Available,Not Available,Not Available,Not Available,Not Available,Not Available
TNEA2025-01792,4986,"Noorul Islam College of Engineering and Technology, Punkarai, Thiruvithancode (PO), Kanyakumari-629174.",KANNIYAKUMARI,Information Technology,it,129.5,Not Available,Not Available,Not Available,Not Available,Not Available,Not Available
TNEA2025-01793,4986,"Noorul Islam College of Engineering and Technology, Punkarai, Thiruvithancode (PO), Kanyakumari-629174.",KANNIYAKUMARI,Mechanical Engineering,me,117.5,Not Available,Not Available,Not Available,Not Available,Not Available,Not Available
TNEA2025-01955,4989,"PSN Engineering College, Melathediyoor, Palayamkottai, Tirunelveli-627152.",TIRUNELVELI,Agricultural Engineering,ag,102.0,91.5,85.5,Not Available,94.0,Not Available,Not Available
TNEA2025-01957,4989,"PSN Engineering College, Melathediyoor, Palayamkottai, Tirunelveli-627152.",TIRUNELVELI,Artificial Intelligence and Data Science,ad,102.0,91.5,85.5,Not Available,94.0,Not Available,Not Available
TNEA2025-01956,4989,"PSN Engineering College, Melathediyoor, Palayamkottai, Tirunelveli-627152.",TIRUNELVELI,Automobile Engineering,au,102.0,91.5,85.5,Not Available,94.0,Not Available,Not Available
TNEA2025-01958,4989,"PSN Engineering College, Melathediyoor, Palayamkottai, Tirunelveli-627152.",TIRUNELVELI,Bio Medical Engineering,bm,118.5,91.5,85.5,Not Available,94.0,Not Available,Not Available
TNEA2025-01959,4989,"PSN Engineering College, Melathediyoor, Palayamkottai, Tirunelveli-627152.",TIRUNELVELI,Civil Engineering,ce,118.5,91.5,85.5,Not Available,94.0,Not Available,Not Available
TNEA2025-01960,4989,"PSN Engineering College, Melathediyoor, Palayamkottai, Tirunelveli-627152.",TIRUNELVELI,Computer Science and Engineering,cs,97.0,91.5,85.5,Not Available,94.0,Not Available,Not Available
TNEA2025-01961,4989,"PSN Engineering College, Melathediyoor, Palayamkottai, Tirunelveli-627152.",TIRUNELVELI,Electronics and Communication Engineering,ec,85.0,91.5,85.5,Not Available,94.0,Not Available,Not Available
TNEA2025-01962,4989,"PSN Engineering College, Melathediyoor, Palayamkottai, Tirunelveli-627152.",TIRUNELVELI,Information Technology,it,99.5,91.5,85.5,Not Available,94.0,Not Available,Not Available
TNEA2025-01963,4989,"PSN Engineering College, Melathediyoor, Palayamkottai, Tirunelveli-627152.",TIRUNELVELI,Mechanical Engineering,me,99.5,91.5,85.5,Not Available,94.0,Not Available,Not Available
TNEA2025-00370,4992,"Bethlahem Institute of Engineering, Nadutheri, Karungal, Kanyakumari-629157.",KANNIYAKUMARI,Civil Engineering,ce,109.0,85.5,90.5,113.0,Not Available,Not Available,Not Available
TNEA2025-00371,4992,"Bethlahem Institute of Engineering, Nadutheri, Karungal, Kanyakumari-629157.",KANNIYAKUMARI,Computer Science and Engineering,cs,123.0,85.5,90.5,113.0,Not Available,Not Available,Not Available
TNEA2025-00372,4992,"Bethlahem Institute of Engineering, Nadutheri, Karungal, Kanyakumari-629157.",KANNIYAKUMARI,Computer Science and Engineering (Ai and Machine Learning),am,107.0,92.0,90.5,101.0,Not Available,Not Available,Not Available
TNEA2025-00373,4992,"Bethlahem Institute of Engineering, Nadutheri, Karungal, Kanyakumari-629157.",KANNIYAKUMARI,Electrical and Electronics Engineering,ee,116.0,92.0,90.5,101.0,Not Available,Not Available,Not Available
TNEA2025-00374,4992,"Bethlahem Institute of Engineering, Nadutheri, Karungal, Kanyakumari-629157.",KANNIYAKUMARI,Electronics and Communication Engineering,ec,97.5,92.0,90.5,101.0,Not Available,Not Available,Not Available
TNEA2025-00375,4992,"Bethlahem Institute of Engineering, Nadutheri, Karungal, Kanyakumari-629157.",KANNIYAKUMARI,Information Technology,it,81.0,92.0,90.5,101.0,Not Available,Not Available,Not Available
TNEA2025-00376,4992,"Bethlahem Institute of Engineering, Nadutheri, Karungal, Kanyakumari-629157.",KANNIYAKUMARI,Mechanical Engineering,me,86.0,92.0,90.5,101.0,Not Available,Not Available,Not Available
TNEA2025-01393,4993,"Loyola Institute of Technology and Science, P.Bo. No.2, Thovalai - Rajavoor Road, Loyola Nagar, Theroor Village, Thovalai, Kanyakumari District-629302.",KANNIYAKUMARI,Agricultural Engineering,ag,90.0,100.5,Not Available,103.0,Not Available,Not Available,Not Available
TNEA2025-01394,4993,"Loyola Institute of Technology and Science, P.Bo. No.2, Thovalai - Rajavoor Road, Loyola Nagar, Theroor Village, Thovalai, Kanyakumari District-629302.",KANNIYAKUMARI,Artificial Intelligence and Data Science,ad,134.0,100.5,Not Available,103.0,Not Available,Not Available,Not Available
TNEA2025-01395,4993,"Loyola Institute of Technology and Science, P.Bo. No.2, Thovalai - Rajavoor Road, Loyola Nagar, Theroor Village, Thovalai, Kanyakumari District-629302.",KANNIYAKUMARI,Bio Medical Engineering,bm,104.0,85.5,Not Available,85.0,Not Available,Not Available,Not Available
TNEA2025-01396,4993,"Loyola Institute of Technology and Science, P.Bo. No.2, Thovalai - Rajavoor Road, Loyola Nagar, Theroor Village, Thovalai, Kanyakumari District-629302.",KANNIYAKUMARI,Computer Science and Engineering,cs,91.5,81.5,Not Available,83.5,Not Available,Not Available,Not Available
TNEA2025-01397,4993,"Loyola Institute of Technology and Science, P.Bo. No.2, Thovalai - Rajavoor Road, Loyola Nagar, Theroor Village, Thovalai, Kanyakumari District-629302.",KANNIYAKUMARI,Computer Science and Engineering (Ai and Machine Learning),am,101.0,98.0,Not Available,84.0,Not Available,Not Available,Not Available
TNEA2025-01398,4993,"Loyola Institute of Technology and Science, P.Bo. No.2, Thovalai - Rajavoor Road, Loyola Nagar, Theroor Village, Thovalai, Kanyakumari District-629302.",KANNIYAKUMARI,Electrical and Electronics Engineering,ee,80.0,98.0,Not Available,84.0,Not Available,Not Available,Not Available
TNEA2025-01399,4993,"Loyola Institute of Technology and Science, P.Bo. No.2, Thovalai - Rajavoor Road, Loyola Nagar, Theroor Village, Thovalai, Kanyakumari District-629302.",KANNIYAKUMARI,Electronics and Communication Engineering,ec,105.5,97.5,Not Available,99.5,Not Available,Not Available,Not Available
TNEA2025-01400,4993,"Loyola Institute of Technology and Science, P.Bo. No.2, Thovalai - Rajavoor Road, Loyola Nagar, Theroor Village, Thovalai, Kanyakumari District-629302.",KANNIYAKUMARI,Information Technology,it,104.0,88.0,Not Available,99.5,Not Available,Not Available,Not Available
TNEA2025-01401,4993,"Loyola Institute of Technology and Science, P.Bo. No.2, Thovalai - Rajavoor Road, Loyola Nagar, Theroor Village, Thovalai, Kanyakumari District-629302.",KANNIYAKUMARI,Mechanical Engineering,me,85.5,88.0,Not Available,99.5,Not Available,Not Available,Not Available
TNEA2025-01013,4994,"J.P. College of Engineering, College Road, Ayikudy, Tenkasi Taluk, Tirunelveli District-627852.",TENKASI,Artificial Intelligence and Data Science,ad,130.5,91.0,92.0,105.5,87.5,89.0,Not Available
TNEA2025-01014,4994,"J.P. College of Engineering, College Road, Ayikudy, Tenkasi Taluk, Tirunelveli District-627852.",TENKASI,Civil Engineering,ce,124.0,116.0,92.0,94.5,87.5,89.0,Not Available
TNEA2025-01015,4994,"J.P. College of Engineering, College Road, Ayikudy, Tenkasi Taluk, Tirunelveli District-627852.",TENKASI,Computer Science and Engineering,cs,128.5,88.5,116.5,88.5,91.0,118.5,Not Available
TNEA2025-01016,4994,"J.P. College of Engineering, College Road, Ayikudy, Tenkasi Taluk, Tirunelveli District-627852.",TENKASI,Electrical and Electronics Engineering,ee,95.0,86.5,94.5,88.5,91.0,118.5,Not Available
TNEA2025-01017,4994,"J.P. College of Engineering, College Road, Ayikudy, Tenkasi Taluk, Tirunelveli District-627852.",TENKASI,Electronics and Communication Engineering,ec,133.0,91.5,122.5,100.0,95.5,118.5,Not Available
TNEA2025-01018,4994,"J.P. College of Engineering, College Road, Ayikudy, Tenkasi Taluk, Tirunelveli District-627852.",TENKASI,Information Technology,it,128.0,95.5,112.0,82.5,107.0,118.5,Not Available
TNEA2025-01019,4994,"J.P. College of Engineering, College Road, Ayikudy, Tenkasi Taluk, Tirunelveli District-627852.",TENKASI,Mechanical Engineering,me,105.0,91.5,112.0,82.5,107.0,118.5,Not Available
TNEA2025-01844,4995,"P.S.R.R College of Engineering, Appayanaickenpatti, Sevalpatti, Sivakasi, Virudhunagar -626140.",VIRUDHUNAGAR,Artificial Intelligence and Data Science,ad,127.5,108.5,111.5,100.0,103.5,Not Available,Not Available
TNEA2025-01845,4995,"P.S.R.R College of Engineering, Appayanaickenpatti, Sevalpatti, Sivakasi, Virudhunagar -626140.",VIRUDHUNAGAR,Computer Science and Engineering,cs,137.5,124.5,111.5,105.5,103.5,Not Available,Not Available
TNEA2025-01846,4995,"P.S.R.R College of Engineering, Appayanaickenpatti, Sevalpatti, Sivakasi, Virudhunagar -626140.",VIRUDHUNAGAR,Electrical and Electronics Engineering,ee,80.5,124.5,111.5,105.5,103.5,Not Available,Not Available
TNEA2025-01847,4995,"P.S.R.R College of Engineering, Appayanaickenpatti, Sevalpatti, Sivakasi, Virudhunagar -626140.",VIRUDHUNAGAR,Electronics and Communication Engineering,ec,117.5,91.0,111.5,96.0,99.0,Not Available,Not Available
TNEA2025-02875,4996,"Sri Vidya College of Engineering and Technology, Sivakasi Main Road, P.Kumaralingapuram, Virudhunagar-626005.",VIRUDHUNAGAR,Artificial Intelligence and Data Science,ad,112.5,88.0,111.0,90.0,91.0,Not Available,Not Available
TNEA2025-02876,4996,"Sri Vidya College of Engineering and Technology, Sivakasi Main Road, P.Kumaralingapuram, Virudhunagar-626005.",VIRUDHUNAGAR,Civil Engineering,ce,103.5,88.0,111.0,90.0,91.0,Not Available,Not Available
TNEA2025-02877,4996,"Sri Vidya College of Engineering and Technology, Sivakasi Main Road, P.Kumaralingapuram, Virudhunagar-626005.",VIRUDHUNAGAR,Computer Science and Bussiness System,cb,81.5,88.0,111.0,90.0,91.0,Not Available,Not Available
TNEA2025-02878,4996,"Sri Vidya College of Engineering and Technology, Sivakasi Main Road, P.Kumaralingapuram, Virudhunagar-626005.",VIRUDHUNAGAR,Computer Science and Engineering,cs,113.5,94.0,102.5,98.5,87.5,Not Available,Not Available
TNEA2025-02879,4996,"Sri Vidya College of Engineering and Technology, Sivakasi Main Road, P.Kumaralingapuram, Virudhunagar-626005.",VIRUDHUNAGAR,Electrical and Electronics Engineering,ee,105.5,94.0,102.5,98.5,87.5,Not Available,Not Available
TNEA2025-02880,4996,"Sri Vidya College of Engineering and Technology, Sivakasi Main Road, P.Kumaralingapuram, Virudhunagar-626005.",VIRUDHUNAGAR,Electronics and Communication Engineering,ec,87.5,94.0,102.5,98.5,87.5,Not Available,Not Available
TNEA2025-02881,4996,"Sri Vidya College of Engineering and Technology, Sivakasi Main Road, P.Kumaralingapuram, Virudhunagar-626005.",VIRUDHUNAGAR,Mechanical Engineering,me,104.0,94.0,102.5,98.5,87.5,Not Available,Not Available
TNEA2025-01515,4998,"Mahakavi Bharathiyar College of Engineering and Technology, Kovil Nagar, Vasudevanallur, Sivagiri Taluk, Tirunelveli District -627758.",TENKASI,Civil Engineering,ce,87.5,Not Available,Not Available,Not Available,Not Available,Not Available,Not Available
TNEA2025-01516,4998,"Mahakavi Bharathiyar College of Engineering and Technology, Kovil Nagar, Vasudevanallur, Sivagiri Taluk, Tirunelveli District -627758.",TENKASI,Computer Science and Engineering,cs,87.5,Not Available,Not Available,Not Available,Not Available,Not Available,Not Available
TNEA2025-01517,4998,"Mahakavi Bharathiyar College of Engineering and Technology, Kovil Nagar, Vasudevanallur, Sivagiri Taluk, Tirunelveli District -627758.",TENKASI,Electrical and Electronics Engineering,ee,87.5,Not Available,Not Available,Not Available,Not Available,Not Available,Not Available
TNEA2025-01518,4998,"Mahakavi Bharathiyar College of Engineering and Technology, Kovil Nagar, Vasudevanallur, Sivagiri Taluk, Tirunelveli District -627758.",TENKASI,Electronics and Communication Engineering,ec,87.5,Not Available,Not Available,Not Available,Not Available,Not Available,Not Available
TNEA2025-01519,4998,"Mahakavi Bharathiyar College of Engineering and Technology, Kovil Nagar, Vasudevanallur, Sivagiri Taluk, Tirunelveli District -627758.",TENKASI,Mechanical Engineering,me,87.5,Not Available,Not Available,Not Available,Not Available,Not Available,Not Available
TNEA2025-00222,4999,"Annai Vailankanni College of Engineering, AVK Nagar, Pothaiyadisalai Pottalkulam, Azhagappapuram PO, Kanyakumari District, Nagercoil-629401.",KANNIYAKUMARI,Artificial Intelligence and Data Science,ad,109.5,86.0,Not Available,108.0,88.5,Not Available,Not Available
TNEA2025-00223,4999,"Annai Vailankanni College of Engineering, AVK Nagar, Pothaiyadisalai Pottalkulam, Azhagappapuram PO, Kanyakumari District, Nagercoil-629401.",KANNIYAKUMARI,Bio Medical Engineering,bm,92.5,86.0,Not Available,108.0,88.5,Not Available,Not Available
TNEA2025-00224,4999,"Annai Vailankanni College of Engineering, AVK Nagar, Pothaiyadisalai Pottalkulam, Azhagappapuram PO, Kanyakumari District, Nagercoil-629401.",KANNIYAKUMARI,Computer Science and Engineering,cs,104.0,83.0,Not Available,96.0,88.5,Not Available,Not Available
TNEA2025-00225,4999,"Annai Vailankanni College of Engineering, AVK Nagar, Pothaiyadisalai Pottalkulam, Azhagappapuram PO, Kanyakumari District, Nagercoil-629401.",KANNIYAKUMARI,Electronics and Communication Engineering,ec,117.5,85.0,Not Available,89.0,88.5,Not Available,Not Available
TNEA2025-00226,4999,"Annai Vailankanni College of Engineering, AVK Nagar, Pothaiyadisalai Pottalkulam, Azhagappapuram PO, Kanyakumari District, Nagercoil-629401.",KANNIYAKUMARI,Mechanical Engineering,me,84.5,85.0,Not Available,89.0,88.5,Not Available,Not Available
TNEA2025-00232,5,Annamalai University Faculty of Engineering and Technology Annamalai nagar Cuddalore,CUDDALORE,Chemical Engineering,ch,154.0,111.5,115.5,93.5,122.0,147.5,132.0
TNEA2025-00233,5,Annamalai University Faculty of Engineering and Technology Annamalai nagar Cuddalore,CUDDALORE,Civil Engineering,ce,142.5,99.0,89.0,87.0,120.0,147.5,112.0
TNEA2025-00234,5,Annamalai University Faculty of Engineering and Technology Annamalai nagar Cuddalore,CUDDALORE,Civil and Structutural Engineering,cz,127.0,110.0,89.0,84.0,95.0,147.5,112.0
TNEA2025-00235,5,Annamalai University Faculty of Engineering and Technology Annamalai nagar Cuddalore,CUDDALORE,Computer Science and Engineering,cs,174.0,155.5,144.0,153.5,157.0,115.5,156.0
TNEA2025-00236,5,Annamalai University Faculty of Engineering and Technology Annamalai nagar Cuddalore,CUDDALORE,Computer Science and Engineering (Ai and Machine Learning),am,171.0,148.5,167.0,155.5,149.5,146.0,143.0
TNEA2025-00237,5,Annamalai University Faculty of Engineering and Technology Annamalai nagar Cuddalore,CUDDALORE,Computer Science and Engineering (Data Science),cf,163.5,142.5,146.0,149.5,150.5,144.5,143.0
TNEA2025-00238,5,Annamalai University Faculty of Engineering and Technology Annamalai nagar Cuddalore,CUDDALORE,Electrical and Electronics Engineering,ee,148.5,95.0,119.0,125.0,120.5,112.5,143.0
TNEA2025-00239,5,Annamalai University Faculty of Engineering and Technology Annamalai nagar Cuddalore,CUDDALORE,Electronics and Communication Engineering,ec,167.0,151.0,141.0,148.0,142.5,112.5,129.5
TNEA2025-00240,5,Annamalai University Faculty of Engineering and Technology Annamalai nagar Cuddalore,CUDDALORE,Electronics and Instrumentation Engineering,ei,138.5,94.5,86.5,113.5,111.0,125.0,129.5
TNEA2025-00241,5,Annamalai University Faculty of Engineering and Technology Annamalai nagar Cuddalore,CUDDALORE,Information Technology,it,164.5,144.0,146.0,151.0,144.0,146.0,147.0
TNEA2025-00242,5,Annamalai University Faculty of Engineering and Technology Annamalai nagar Cuddalore,CUDDALORE,Mechanical Engineering,me,134.5,89.5,121.5,91.0,104.0,146.0,147.0
TNEA2025-00243,5,Annamalai University Faculty of Engineering and Technology Annamalai nagar Cuddalore,CUDDALORE,Mechanical Engineering (Manufacturing),mm,122.5,84.5,93.0,83.5,96.0,146.0,147.0
TNEA2025-03111,5008,Thiagarajar College of Engineering (Autonomous) Tirupparankundram Madurai District 625015,MADURAI,Civil Engineering,ce,187.0,183.0,184.0,184.0,173.5,181.0,151.0
TNEA2025-03112,5008,Thiagarajar College of Engineering (Autonomous) Tirupparankundram Madurai District 625015,MADURAI,Civil Engineering (Ss),cn,181.5,177.0,172.5,175.0,151.0,129.0,120.5
TNEA2025-03115,5008,Thiagarajar College of Engineering (Autonomous) Tirupparankundram Madurai District 625015,MADURAI,Computer Science and Business System (Ss),cw,191.5,190.0,190.5,187.0,175.0,173.5,140.5
TNEA2025-03113,5008,Thiagarajar College of Engineering (Autonomous) Tirupparankundram Madurai District 625015,MADURAI,Computer Science and Engineering,cs,196.5,195.5,193.5,195.0,188.0,182.0,120.5
TNEA2025-03116,5008,Thiagarajar College of Engineering (Autonomous) Tirupparankundram Madurai District 625015,MADURAI,Computer Science and Engineering (Artificial Intelligence and Machine Learning) (Ss),cg,193.0,191.5,191.0,190.5,179.0,163.0,161.0
TNEA2025-03114,5008,Thiagarajar College of Engineering (Autonomous) Tirupparankundram Madurai District 625015,MADURAI,Computer Science and Engineering (Ss),cm,194.5,193.0,192.0,192.0,182.0,179.5,166.0
TNEA2025-03117,5008,Thiagarajar College of Engineering (Autonomous) Tirupparankundram Madurai District 625015,MADURAI,Electrical and Electronics Engineering,ee,192.5,191.0,189.0,190.5,179.5,154.5,161.0
TNEA2025-03118,5008,Thiagarajar College of Engineering (Autonomous) Tirupparankundram Madurai District 625015,MADURAI,Electrical and Electronics Engineering (Ss),ey,190.5,190.0,186.5,187.0,174.5,148.5,161.0
TNEA2025-03119,5008,Thiagarajar College of Engineering (Autonomous) Tirupparankundram Madurai District 625015,MADURAI,Electronics and Communication Engineering,ec,195.5,195.0,194.5,193.0,187.5,184.5,175.5
TNEA2025-03120,5008,Thiagarajar College of Engineering (Autonomous) Tirupparankundram Madurai District 625015,MADURAI,Electronics and Communication Engineering (Ss),em,193.0,192.0,191.0,191.0,180.5,170.5,155.5
TNEA2025-03121,5008,Thiagarajar College of Engineering (Autonomous) Tirupparankundram Madurai District 625015,MADURAI,Information Technology (Ss),im,193.5,191.5,191.0,189.5,179.5,163.0,157.5
TNEA2025-03122,5008,Thiagarajar College of Engineering (Autonomous) Tirupparankundram Madurai District 625015,MADURAI,Interior Design (Ss),id,176.5,170.5,191.0,167.0,144.0,107.0,157.5
TNEA2025-03123,5008,Thiagarajar College of Engineering (Autonomous) Tirupparankundram Madurai District 625015,MADURAI,Mechanical Engineering,me,188.0,186.0,182.5,184.0,169.0,163.0,157.5
TNEA2025-03124,5008,Thiagarajar College of Engineering (Autonomous) Tirupparankundram Madurai District 625015,MADURAI,Mechanical Engineering (Ss),mf,184.5,182.5,179.0,178.0,159.0,132.0,140.0
TNEA2025-03125,5008,Thiagarajar College of Engineering (Autonomous) Tirupparankundram Madurai District 625015,MADURAI,Mechatronics (Ss),mg,188.0,186.5,181.5,181.5,156.0,125.0,140.0
TNEA2025-00867,5009,Government College of Engineering Melachokkanathapuram Bodinayakkanur Theni District 625582,THENI,Civil Engineering,ce,146.0,124.5,98.5,123.5,121.0,122.5,124.0
TNEA2025-00868,5009,Government College of Engineering Melachokkanathapuram Bodinayakkanur Theni District 625582,THENI,Computer Science and Engineering,cs,177.0,171.0,174.5,169.0,155.0,122.5,149.85
TNEA2025-00869,5009,Government College of Engineering Melachokkanathapuram Bodinayakkanur Theni District 625582,THENI,Electrical and Electronics Engineering,ee,163.5,155.0,131.0,152.5,133.5,120.0,152.5
TNEA2025-00870,5009,Government College of Engineering Melachokkanathapuram Bodinayakkanur Theni District 625582,THENI,Electronics and Communication Engineering,ec,171.0,165.0,156.0,162.5,154.5,122.5,152.5
TNEA2025-00871,5009,Government College of Engineering Melachokkanathapuram Bodinayakkanur Theni District 625582,THENI,Mechanical Engineering,me,143.5,133.0,121.5,125.5,121.5,128.0,152.5
TNEA2025-00186,5010,Anna University Regional Campus - Madurai Kanyakumari National Highway Keelakuilkudi Madurai District 625019,MADURAI,Civil Engineering,ce,146.5,119.5,130.0,128.5,128.0,109.0,142.5
TNEA2025-00187,5010,Anna University Regional Campus - Madurai Kanyakumari National Highway Keelakuilkudi Madurai District 625019,MADURAI,Computer Science and Engineering,cs,179.0,174.0,176.5,169.0,159.0,159.5,142.5
TNEA2025-00188,5010,Anna University Regional Campus - Madurai Kanyakumari National Highway Keelakuilkudi Madurai District 625019,MADURAI,Electrical and Electronics Engineering,ee,163.5,156.0,140.5,147.5,132.5,122.0,142.5
TNEA2025-00189,5010,Anna University Regional Campus - Madurai Kanyakumari National Highway Keelakuilkudi Madurai District 625019,MADURAI,Electronics and Communication Engineering,ec,175.0,168.5,172.0,166.5,150.0,141.5,142.5
TNEA2025-00190,5010,Anna University Regional Campus - Madurai Kanyakumari National Highway Keelakuilkudi Madurai District 625019,MADURAI,Mechanical Engineering,me,144.5,125.5,131.5,114.0,112.5,117.0,99.5
TNEA2025-00469,5012,Central Electrochemical Research Institute CECRI) Karaikudi Sivagangai District 630006,SIVAGANGAI,Chemical and Electro Chemical Engineering (Ss),cc,194.0,192.0,190.0,191.0,190.0,157.5,Not Available
TNEA2025-03229,5017,University College of Engineering Ramanathapuram Pullangudi Ramanathapuram District 623513,RAMANATHAPURAM,Civil Engineering,ce,85.0,132.5,118.5,128.5,117.0,Not Available,Not Available
TNEA2025-03230,5017,University College of Engineering Ramanathapuram Pullangudi Ramanathapuram District 623513,RAMANATHAPURAM,Civil Engineering (Tamil Medium),xc,87.5,132.5,118.5,128.5,117.0,Not Available,Not Available
TNEA2025-03231,5017,University College of Engineering Ramanathapuram Pullangudi Ramanathapuram District 623513,RAMANATHAPURAM,Computer Science and Engineering,cs,155.5,132.5,118.5,128.5,117.0,Not Available,Not Available
TNEA2025-03233,5017,University College of Engineering Ramanathapuram Pullangudi Ramanathapuram District 623513,RAMANATHAPURAM,Electrical and Computer Engineering,ef,127.0,101.5,88.0,118.0,89.5,Not Available,Not Available
TNEA2025-03232,5017,University College of Engineering Ramanathapuram Pullangudi Ramanathapuram District 623513,RAMANATHAPURAM,Electronics and Communication Engineering,ec,133.5,114.0,88.0,83.5,89.5,Not Available,Not Available
TNEA2025-03234,5017,University College of Engineering Ramanathapuram Pullangudi Ramanathapuram District 623513,RAMANATHAPURAM,Mechanical Engineering,me,89.0,85.5,88.0,118.0,89.5,Not Available,Not Available
TNEA2025-03235,5017,University College of Engineering Ramanathapuram Pullangudi Ramanathapuram District 623513,RAMANATHAPURAM,Mechanical Engineering (Tamil Medium),xm,89.0,85.5,88.0,118.0,89.5,Not Available,Not Available
TNEA2025-03196,5022,University College of Engineering Dindigul Mangarai Pirivu Reddiyarchathiram Dindigul District 624622,DINDIGUL,Civil Engineering,ce,117.0,87.0,150.5,107.0,94.0,157.0,120.5
TNEA2025-03197,5022,University College of Engineering Dindigul Mangarai Pirivu Reddiyarchathiram Dindigul District 624622,DINDIGUL,Civil Engineering (Tamil Medium),xc,92.5,86.5,150.5,107.0,94.0,157.0,120.5
TNEA2025-03198,5022,University College of Engineering Dindigul Mangarai Pirivu Reddiyarchathiram Dindigul District 624622,DINDIGUL,Computer Science and Engineering,cs,165.5,155.0,150.5,145.5,130.5,157.0,120.5
TNEA2025-03199,5022,University College of Engineering Dindigul Mangarai Pirivu Reddiyarchathiram Dindigul District 624622,DINDIGUL,Electrical and Electronics Engineering,ee,133.0,95.5,150.5,99.5,84.0,108.0,80.0
TNEA2025-03200,5022,University College of Engineering Dindigul Mangarai Pirivu Reddiyarchathiram Dindigul District 624622,DINDIGUL,Electronics and Communication Engineering,ec,149.0,136.5,146.5,122.5,115.5,114.5,80.0
TNEA2025-03201,5022,University College of Engineering Dindigul Mangarai Pirivu Reddiyarchathiram Dindigul District 624622,DINDIGUL,Mechanical Engineering,me,108.0,105.0,146.5,98.0,90.5,114.5,80.0
TNEA2025-03202,5022,University College of Engineering Dindigul Mangarai Pirivu Reddiyarchathiram Dindigul District 624622,DINDIGUL,Mechanical Engineering (Tamil Medium),xm,96.0,105.0,146.5,98.0,90.5,114.5,80.0
TNEA2025-02718,5502,"Sri Raajaraajan College of Engineering and Technology, No.146/4B1, Amaravathi Village, Amaravathypudhur(Post), Karaikudi Taluk, Sivagangai District-630301.",SIVAGANGAI,Agricultural Engineering,ag,151.5,99.0,110.0,106.0,Not Available,Not Available,Not Available
TNEA2025-02719,5502,"Sri Raajaraajan College of Engineering and Technology, No.146/4B1, Amaravathi Village, Amaravathypudhur(Post), Karaikudi Taluk, Sivagangai District-630301.",SIVAGANGAI,Artificial Intelligence and Data Science,ad,101.0,99.0,110.0,106.0,Not Available,Not Available,Not Available
TNEA2025-02720,5502,"Sri Raajaraajan College of Engineering and Technology, No.146/4B1, Amaravathi Village, Amaravathypudhur(Post), Karaikudi Taluk, Sivagangai District-630301.",SIVAGANGAI,Civil Engineering,ce,101.0,99.0,110.0,106.0,Not Available,Not Available,Not Available
TNEA2025-02721,5502,"Sri Raajaraajan College of Engineering and Technology, No.146/4B1, Amaravathi Village, Amaravathypudhur(Post), Karaikudi Taluk, Sivagangai District-630301.",SIVAGANGAI,Computer Science and Engineering,cs,114.5,95.5,110.0,106.0,Not Available,Not Available,Not Available
TNEA2025-02722,5502,"Sri Raajaraajan College of Engineering and Technology, No.146/4B1, Amaravathi Village, Amaravathypudhur(Post), Karaikudi Taluk, Sivagangai District-630301.",SIVAGANGAI,Electrical and Electronics Engineering,ee,82.5,95.5,110.0,106.0,Not Available,Not Available,Not Available
TNEA2025-02723,5502,"Sri Raajaraajan College of Engineering and Technology, No.146/4B1, Amaravathi Village, Amaravathypudhur(Post), Karaikudi Taluk, Sivagangai District-630301.",SIVAGANGAI,Electronics and Communication Engineering,ec,103.5,87.0,110.0,83.0,Not Available,Not Available,Not Available
TNEA2025-02724,5502,"Sri Raajaraajan College of Engineering and Technology, No.146/4B1, Amaravathi Village, Amaravathypudhur(Post), Karaikudi Taluk, Sivagangai District-630301.",SIVAGANGAI,Mechanical Engineering,me,84.5,87.0,110.0,83.0,Not Available,Not Available,Not Available
TNEA2025-02411,5530,"SSM Institute of Engineering and Technology, Kuttathupatti Village, Begambur Post, Dindigul Taluk & District-624002.",DINDIGUL,Artificial Intelligence and Data Science,ad,149.5,141.0,137.0,122.5,100.0,123.5,Not Available
TNEA2025-02412,5530,"SSM Institute of Engineering and Technology, Kuttathupatti Village, Begambur Post, Dindigul Taluk & District-624002.",DINDIGUL,Civil Engineering,ce,93.5,141.0,137.0,122.5,80.0,123.5,Not Available
TNEA2025-02413,5530,"SSM Institute of Engineering and Technology, Kuttathupatti Village, Begambur Post, Dindigul Taluk & District-624002.",DINDIGUL,Computer Science and Bussiness System,cb,127.0,117.5,122.0,97.5,80.0,123.5,Not Available
TNEA2025-02414,5530,"SSM Institute of Engineering and Technology, Kuttathupatti Village, Begambur Post, Dindigul Taluk & District-624002.",DINDIGUL,Computer Science and Engineering,cs,158.0,139.0,150.0,131.0,116.5,123.5,Not Available
TNEA2025-02415,5530,"SSM Institute of Engineering and Technology, Kuttathupatti Village, Begambur Post, Dindigul Taluk & District-624002.",DINDIGUL,Computer Science and Engineering (Ai and Machine Learning),am,132.5,118.5,126.0,104.0,97.5,123.5,Not Available
TNEA2025-02416,5530,"SSM Institute of Engineering and Technology, Kuttathupatti Village, Begambur Post, Dindigul Taluk & District-624002.",DINDIGUL,Computer Science and Engineering (Cyber Security),sc,136.5,122.5,119.0,107.5,112.0,123.5,Not Available
TNEA2025-02417,5530,"SSM Institute of Engineering and Technology, Kuttathupatti Village, Begambur Post, Dindigul Taluk & District-624002.",DINDIGUL,Electrical and Electronics Engineering,ee,115.0,106.0,104.0,106.0,112.0,123.5,Not Available
TNEA2025-02418,5530,"SSM Institute of Engineering and Technology, Kuttathupatti Village, Begambur Post, Dindigul Taluk & District-624002.",DINDIGUL,Electronics and Communication Engineering,ec,148.0,137.5,143.5,100.0,102.5,123.5,Not Available
TNEA2025-02419,5530,"SSM Institute of Engineering and Technology, Kuttathupatti Village, Begambur Post, Dindigul Taluk & District-624002.",DINDIGUL,Information Technology,it,151.0,140.5,139.5,131.5,99.5,123.5,Not Available
TNEA2025-02420,5530,"SSM Institute of Engineering and Technology, Kuttathupatti Village, Begambur Post, Dindigul Taluk & District-624002.",DINDIGUL,Mechanical Engineering,me,114.0,96.0,104.0,91.0,90.5,123.5,Not Available
TNEA2025-03363,5532,"Vaigai College of Engineering, Therkutheru, Melur Taluk, Madurai-625122.",MADURAI,Civil Engineering,ce,103.5,104.0,114.5,110.5,100.0,Not Available,Not Available
TNEA2025-03364,5532,"Vaigai College of Engineering, Therkutheru, Melur Taluk, Madurai-625122.",MADURAI,Computer Science and Engineering,cs,125.5,104.0,114.5,110.5,100.0,Not Available,Not Available
TNEA2025-03365,5532,"Vaigai College of Engineering, Therkutheru, Melur Taluk, Madurai-625122.",MADURAI,Electrical and Electronics Engineering,ee,97.5,104.0,114.5,110.5,100.0,Not Available,Not Available
TNEA2025-03366,5532,"Vaigai College of Engineering, Therkutheru, Melur Taluk, Madurai-625122.",MADURAI,Electronics and Communication Engineering,ec,88.5,104.0,114.5,110.5,100.0,Not Available,Not Available
TNEA2025-03367,5532,"Vaigai College of Engineering, Therkutheru, Melur Taluk, Madurai-625122.",MADURAI,Mechanical Engineering,me,100.0,104.0,114.5,110.5,100.0,Not Available,Not Available
TNEA2025-01270,5533,"Karaikudi Institute of Technology & Karaikudi Institute of Management, Keeranipatti Village, Thalakkavur Panchayat, Karaikudi, Sivaganga-630307.",SIVAGANGAI,Civil Engineering,ce,124.0,Not Available,Not Available,Not Available,82.5,Not Available,Not Available
TNEA2025-01271,5533,"Karaikudi Institute of Technology & Karaikudi Institute of Management, Keeranipatti Village, Thalakkavur Panchayat, Karaikudi, Sivaganga-630307.",SIVAGANGAI,Computer Science and Engineering,cs,88.5,Not Available,Not Available,Not Available,82.5,Not Available,Not Available
TNEA2025-01272,5533,"Karaikudi Institute of Technology & Karaikudi Institute of Management, Keeranipatti Village, Thalakkavur Panchayat, Karaikudi, Sivaganga-630307.",SIVAGANGAI,Electrical and Electronics Engineering,ee,153.5,Not Available,Not Available,Not Available,82.5,Not Available,Not Available
TNEA2025-01273,5533,"Karaikudi Institute of Technology & Karaikudi Institute of Management, Keeranipatti Village, Thalakkavur Panchayat, Karaikudi, Sivaganga-630307.",SIVAGANGAI,Electronics and Communication Engineering,ec,151.0,Not Available,Not Available,Not Available,82.5,Not Available,Not Available
TNEA2025-01274,5533,"Karaikudi Institute of Technology & Karaikudi Institute of Management, Keeranipatti Village, Thalakkavur Panchayat, Karaikudi, Sivaganga-630307.",SIVAGANGAI,Mechanical Engineering,me,96.0,Not Available,Not Available,Not Available,82.5,Not Available,Not Available
TNEA2025-01568,5536,"Mangayarkarasi College of Engineering, 7-1-139, 1st Street, Mangayarkarasi Nagar, Paravai, Madurai-625402.",MADURAI,Agricultural Engineering,ag,119.0,83.5,87.5,84.0,92.5,88.5,Not Available
TNEA2025-01569,5536,"Mangayarkarasi College of Engineering, 7-1-139, 1st Street, Mangayarkarasi Nagar, Paravai, Madurai-625402.",MADURAI,Computer Science and Engineering,cs,156.5,132.5,103.5,100.0,100.5,107.5,Not Available
TNEA2025-01570,5536,"Mangayarkarasi College of Engineering, 7-1-139, 1st Street, Mangayarkarasi Nagar, Paravai, Madurai-625402.",MADURAI,Computer Science and Engineering (Ai and Machine Learning),am,147.5,119.0,124.5,120.5,110.5,129.0,Not Available
TNEA2025-01571,5536,"Mangayarkarasi College of Engineering, 7-1-139, 1st Street, Mangayarkarasi Nagar, Paravai, Madurai-625402.",MADURAI,Electrical and Electronics Engineering,ee,115.5,92.5,108.0,93.0,87.0,95.0,Not Available
TNEA2025-01572,5536,"Mangayarkarasi College of Engineering, 7-1-139, 1st Street, Mangayarkarasi Nagar, Paravai, Madurai-625402.",MADURAI,Electronics and Communication Engineering,ec,132.0,115.0,120.5,101.0,104.0,126.0,Not Available
TNEA2025-01573,5536,"Mangayarkarasi College of Engineering, 7-1-139, 1st Street, Mangayarkarasi Nagar, Paravai, Madurai-625402.",MADURAI,Mechanical Engineering,me,93.5,92.5,84.0,87.5,88.5,126.0,Not Available
TNEA2025-01056,5537,"Jainee College of Engineering and Technology, Dindigul-Theni Main Road, (NHB Extn.), Aathupattiprivu, Veerakkal B.P.O.N. Panjampatti Post, Dindigul-624303.",DINDIGUL,Artificial Intelligence and Data Science,ad,86.5,Not Available,Not Available,Not Available,Not Available,Not Available,Not Available
TNEA2025-01057,5537,"Jainee College of Engineering and Technology, Dindigul-Theni Main Road, (NHB Extn.), Aathupattiprivu, Veerakkal B.P.O.N. Panjampatti Post, Dindigul-624303.",DINDIGUL,Bio Medical Engineering,bm,86.5,Not Available,Not Available,Not Available,Not Available,Not Available,Not Available
TNEA2025-01058,5537,"Jainee College of Engineering and Technology, Dindigul-Theni Main Road, (NHB Extn.), Aathupattiprivu, Veerakkal B.P.O.N. Panjampatti Post, Dindigul-624303.",DINDIGUL,Civil Engineering,ce,86.5,Not Available,Not Available,Not Available,Not Available,Not Available,Not Available
TNEA2025-01059,5537,"Jainee College of Engineering and Technology, Dindigul-Theni Main Road, (NHB Extn.), Aathupattiprivu, Veerakkal B.P.O.N. Panjampatti Post, Dindigul-624303.",DINDIGUL,Computer Science and Engineering,cs,86.5,Not Available,Not Available,Not Available,Not Available,Not Available,Not Available
TNEA2025-01060,5537,"Jainee College of Engineering and Technology, Dindigul-Theni Main Road, (NHB Extn.), Aathupattiprivu, Veerakkal B.P.O.N. Panjampatti Post, Dindigul-624303.",DINDIGUL,Electrical and Electronics Engineering,ee,86.5,Not Available,Not Available,Not Available,Not Available,Not Available,Not Available
TNEA2025-01061,5537,"Jainee College of Engineering and Technology, Dindigul-Theni Main Road, (NHB Extn.), Aathupattiprivu, Veerakkal B.P.O.N. Panjampatti Post, Dindigul-624303.",DINDIGUL,Electronics and Communication Engineering,ec,86.5,Not Available,Not Available,Not Available,Not Available,Not Available,Not Available
TNEA2025-01062,5537,"Jainee College of Engineering and Technology, Dindigul-Theni Main Road, (NHB Extn.), Aathupattiprivu, Veerakkal B.P.O.N. Panjampatti Post, Dindigul-624303.",DINDIGUL,Mechanical Engineering,me,86.5,Not Available,Not Available,Not Available,Not Available,Not Available,Not Available
TNEA2025-00508,5703,"Christian College of Engineering and Technology, Near Check Post, Oddanchatram, Dindigul-624619.",DINDIGUL,Agricultural Engineering,ag,113.5,108.5,88.0,127.5,127.0,114.5,Not Available
TNEA2025-00509,5703,"Christian College of Engineering and Technology, Near Check Post, Oddanchatram, Dindigul-624619.",DINDIGUL,Artificial Intelligence and Data Science,ad,135.5,108.5,88.0,127.5,127.0,114.5,Not Available
TNEA2025-00510,5703,"Christian College of Engineering and Technology, Near Check Post, Oddanchatram, Dindigul-624619.",DINDIGUL,Civil Engineering,ce,93.0,108.5,88.0,127.5,127.0,114.5,Not Available
TNEA2025-00511,5703,"Christian College of Engineering and Technology, Near Check Post, Oddanchatram, Dindigul-624619.",DINDIGUL,Computer Science and Engineering,cs,123.5,99.0,88.0,87.0,86.0,114.5,Not Available
TNEA2025-00512,5703,"Christian College of Engineering and Technology, Near Check Post, Oddanchatram, Dindigul-624619.",DINDIGUL,Computer Science and Engineering (Ai and Machine Learning),am,96.5,99.0,88.0,87.0,86.0,114.5,Not Available
TNEA2025-00513,5703,"Christian College of Engineering and Technology, Near Check Post, Oddanchatram, Dindigul-624619.",DINDIGUL,Electrical and Electronics Engineering,ee,114.5,99.0,88.0,87.0,86.0,114.5,Not Available
TNEA2025-00514,5703,"Christian College of Engineering and Technology, Near Check Post, Oddanchatram, Dindigul-624619.",DINDIGUL,Electronics and Communication Engineering,ec,95.0,88.5,88.0,87.0,86.0,90.5,Not Available
TNEA2025-00515,5703,"Christian College of Engineering and Technology, Near Check Post, Oddanchatram, Dindigul-624619.",DINDIGUL,Information Technology,it,112.5,84.0,84.0,87.0,86.5,98.0,Not Available
TNEA2025-00516,5703,"Christian College of Engineering and Technology, Near Check Post, Oddanchatram, Dindigul-624619.",DINDIGUL,Mechanical Engineering,me,84.5,84.0,84.0,87.0,86.5,98.0,Not Available
TNEA2025-01699,5832,"N.P.R College of Engineering and Technology (Autonomous), Punnappatti Village, Uluppakudi, Natham, Dindigul District-624401.",DINDIGUL,Artificial Intelligence and Data Science,ad,152.0,140.0,140.5,118.5,94.5,110.0,Not Available
TNEA2025-01700,5832,"N.P.R College of Engineering and Technology (Autonomous), Punnappatti Village, Uluppakudi, Natham, Dindigul District-624401.",DINDIGUL,Civil Engineering,ce,97.0,90.0,140.5,95.0,94.5,110.0,Not Available
TNEA2025-01701,5832,"N.P.R College of Engineering and Technology (Autonomous), Punnappatti Village, Uluppakudi, Natham, Dindigul District-624401.",DINDIGUL,Computer Science and Engineering,cs,150.0,139.5,132.5,118.0,113.0,110.0,Not Available
TNEA2025-01702,5832,"N.P.R College of Engineering and Technology (Autonomous), Punnappatti Village, Uluppakudi, Natham, Dindigul District-624401.",DINDIGUL,Computer Science and Engineering (Ai and Machine Learning),am,132.5,125.0,123.0,105.5,113.0,110.0,Not Available
TNEA2025-01703,5832,"N.P.R College of Engineering and Technology (Autonomous), Punnappatti Village, Uluppakudi, Natham, Dindigul District-624401.",DINDIGUL,Electrical and Electronics Engineering,ee,126.0,108.0,121.5,107.0,87.5,110.0,Not Available
TNEA2025-01704,5832,"N.P.R College of Engineering and Technology (Autonomous), Punnappatti Village, Uluppakudi, Natham, Dindigul District-624401.",DINDIGUL,Electronics and Communication Engineering,ec,138.0,126.5,123.5,93.5,87.5,110.0,Not Available
TNEA2025-01705,5832,"N.P.R College of Engineering and Technology (Autonomous), Punnappatti Village, Uluppakudi, Natham, Dindigul District-624401.",DINDIGUL,Information Technology,it,146.0,141.0,132.0,107.5,90.0,110.0,Not Available
TNEA2025-01706,5832,"N.P.R College of Engineering and Technology (Autonomous), Punnappatti Village, Uluppakudi, Natham, Dindigul District-624401.",DINDIGUL,Mechanical Engineering,me,111.5,94.0,132.0,96.5,90.0,110.0,Not Available
TNEA2025-02375,5842,"SRM Madurai College for Engineering and Technology, Pottapalayam Village, Manamadurai Taluk, Sivagangai District-630611.",SIVAGANGAI,Artificial Intelligence and Data Science,ad,157.5,145.0,120.5,127.0,96.5,119.0,Not Available
TNEA2025-02376,5842,"SRM Madurai College for Engineering and Technology, Pottapalayam Village, Manamadurai Taluk, Sivagangai District-630611.",SIVAGANGAI,Civil Engineering,ce,116.5,145.0,120.5,127.0,96.5,119.0,Not Available
TNEA2025-02377,5842,"SRM Madurai College for Engineering and Technology, Pottapalayam Village, Manamadurai Taluk, Sivagangai District-630611.",SIVAGANGAI,Computer Science and Engineering,cs,167.5,158.5,150.5,143.0,116.0,119.0,Not Available
TNEA2025-02378,5842,"SRM Madurai College for Engineering and Technology, Pottapalayam Village, Manamadurai Taluk, Sivagangai District-630611.",SIVAGANGAI,Computer Science and Engineering (Ai and Machine Learning),am,153.0,142.0,124.0,105.0,116.0,119.0,Not Available
TNEA2025-02379,5842,"SRM Madurai College for Engineering and Technology, Pottapalayam Village, Manamadurai Taluk, Sivagangai District-630611.",SIVAGANGAI,Computer Science and Engineering (Cyber Security),sc,152.5,137.5,124.0,118.0,116.0,119.0,Not Available
TNEA2025-02380,5842,"SRM Madurai College for Engineering and Technology, Pottapalayam Village, Manamadurai Taluk, Sivagangai District-630611.",SIVAGANGAI,Electrical and Electronics Engineering,ee,144.0,133.5,124.0,107.5,116.0,119.0,Not Available
TNEA2025-02381,5842,"SRM Madurai College for Engineering and Technology, Pottapalayam Village, Manamadurai Taluk, Sivagangai District-630611.",SIVAGANGAI,Electronics and Communication Engineering,ec,155.5,138.0,151.0,106.0,119.0,119.0,Not Available
TNEA2025-02382,5842,"SRM Madurai College for Engineering and Technology, Pottapalayam Village, Manamadurai Taluk, Sivagangai District-630611.",SIVAGANGAI,Information Technology,it,157.0,149.0,142.0,125.0,119.0,119.0,Not Available
TNEA2025-02383,5842,"SRM Madurai College for Engineering and Technology, Pottapalayam Village, Manamadurai Taluk, Sivagangai District-630611.",SIVAGANGAI,Mechanical Engineering,me,105.5,149.0,142.0,125.0,119.0,119.0,Not Available
TNEA2025-03382,5851,"Veerammal Engineering College, PVP Nagar, K.Singrakottai, Dindigul-624708.",DINDIGUL,Civil Engineering,ce,133.5,Not Available,Not Available,Not Available,Not Available,Not Available,Not Available
TNEA2025-03383,5851,"Veerammal Engineering College, PVP Nagar, K.Singrakottai, Dindigul-624708.",DINDIGUL,Computer Science and Engineering,cs,109.5,Not Available,Not Available,Not Available,Not Available,Not Available,Not Available
TNEA2025-03384,5851,"Veerammal Engineering College, PVP Nagar, K.Singrakottai, Dindigul-624708.",DINDIGUL,Electrical and Electronics Engineering,ee,93.0,Not Available,Not Available,Not Available,Not Available,Not Available,Not Available
TNEA2025-03385,5851,"Veerammal Engineering College, PVP Nagar, K.Singrakottai, Dindigul-624708.",DINDIGUL,Electronics and Communication Engineering,ec,103.0,Not Available,Not Available,Not Available,Not Available,Not Available,Not Available
TNEA2025-02129,5862,"R V S Educational Trust's Group of Institutions, RVS Nagar, N.Paraipatti Post, Dindigul-624005.",DINDIGUL,Aeronautical Engineering,ae,119.0,86.0,104.5,92.5,95.0,85.5,Not Available
TNEA2025-02130,5862,"R V S Educational Trust's Group of Institutions, RVS Nagar, N.Paraipatti Post, Dindigul-624005.",DINDIGUL,Agricultural Engineering,ag,94.5,86.0,104.5,92.5,95.0,85.5,Not Available
TNEA2025-02131,5862,"R V S Educational Trust's Group of Institutions, RVS Nagar, N.Paraipatti Post, Dindigul-624005.",DINDIGUL,Automobile Engineering,au,90.5,86.0,104.5,92.5,95.0,85.5,Not Available
TNEA2025-02132,5862,"R V S Educational Trust's Group of Institutions, RVS Nagar, N.Paraipatti Post, Dindigul-624005.",DINDIGUL,Bio Medical Engineering,bm,120.0,86.0,104.5,92.5,95.0,85.5,Not Available
TNEA2025-02133,5862,"R V S Educational Trust's Group of Institutions, RVS Nagar, N.Paraipatti Post, Dindigul-624005.",DINDIGUL,Civil Engineering,ce,120.0,86.0,104.5,92.5,95.0,85.5,Not Available
TNEA2025-02134,5862,"R V S Educational Trust's Group of Institutions, RVS Nagar, N.Paraipatti Post, Dindigul-624005.",DINDIGUL,Computer Science and Bussiness System,cb,85.0,86.0,104.5,92.5,95.0,85.5,Not Available
TNEA2025-02135,5862,"R V S Educational Trust's Group of Institutions, RVS Nagar, N.Paraipatti Post, Dindigul-624005.",DINDIGUL,Computer Science and Engineering,cs,122.0,87.0,104.5,102.0,94.5,85.5,Not Available
TNEA2025-02136,5862,"R V S Educational Trust's Group of Institutions, RVS Nagar, N.Paraipatti Post, Dindigul-624005.",DINDIGUL,Computer Science and Engineering (Cyber Security),sc,113.5,92.5,104.5,100.0,90.5,91.5,Not Available
TNEA2025-02137,5862,"R V S Educational Trust's Group of Institutions, RVS Nagar, N.Paraipatti Post, Dindigul-624005.",DINDIGUL,Mechanical Engineering,me,100.0,92.5,104.5,100.0,90.5,91.5,Not Available
TNEA2025-01714,5865,"Nadar Saraswathi College of Engineering and Technology, Vadapudupatti, Annanji Post, Theni -625531.",THENI,Artificial Intelligence and Data Science,ad,147.0,110.5,129.5,121.0,93.0,99.0,Not Available
TNEA2025-01715,5865,"Nadar Saraswathi College of Engineering and Technology, Vadapudupatti, Annanji Post, Theni -625531.",THENI,Civil Engineering,ce,81.0,110.5,129.5,121.0,93.0,99.0,Not Available
TNEA2025-01716,5865,"Nadar Saraswathi College of Engineering and Technology, Vadapudupatti, Annanji Post, Theni -625531.",THENI,Computer Science and Engineering,cs,156.0,117.5,135.0,117.5,111.5,99.0,Not Available
TNEA2025-01717,5865,"Nadar Saraswathi College of Engineering and Technology, Vadapudupatti, Annanji Post, Theni -625531.",THENI,Electrical and Electronics Engineering,ee,94.5,117.5,85.5,117.5,111.5,99.0,Not Available
TNEA2025-01718,5865,"Nadar Saraswathi College of Engineering and Technology, Vadapudupatti, Annanji Post, Theni -625531.",THENI,Electronics and Communication Engineering,ec,137.0,111.5,85.5,116.5,111.5,99.0,Not Available
TNEA2025-01719,5865,"Nadar Saraswathi College of Engineering and Technology, Vadapudupatti, Annanji Post, Theni -625531.",THENI,Information Technology,it,146.0,116.5,110.0,106.5,104.0,99.0,Not Available
TNEA2025-01720,5865,"Nadar Saraswathi College of Engineering and Technology, Vadapudupatti, Annanji Post, Theni -625531.",THENI,Mechanical Engineering,me,95.0,93.5,110.0,89.5,104.0,99.0,Not Available
TNEA2025-00146,5901,Alagappa Chettair Government College of Engineering and Technology (Autonomous) Karaikudi Sivagangai District 630004,SIVAGANGAI,Civil Engineering,ce,179.0,172.0,169.0,170.0,161.5,145.0,134.0
TNEA2025-00147,5901,Alagappa Chettair Government College of Engineering and Technology (Autonomous) Karaikudi Sivagangai District 630004,SIVAGANGAI,Computer Science and Engineering,cs,191.0,189.0,190.0,189.0,175.5,157.0,134.0
TNEA2025-00148,5901,Alagappa Chettair Government College of Engineering and Technology (Autonomous) Karaikudi Sivagangai District 630004,SIVAGANGAI,Electrical and Electronics Engineering,ee,185.0,182.0,180.0,177.5,163.0,136.0,161.5
TNEA2025-00149,5901,Alagappa Chettair Government College of Engineering and Technology (Autonomous) Karaikudi Sivagangai District 630004,SIVAGANGAI,Electronics and Communication Engineering,ec,189.5,188.0,185.5,188.0,178.5,152.5,161.5
TNEA2025-00150,5901,Alagappa Chettair Government College of Engineering and Technology (Autonomous) Karaikudi Sivagangai District 630004,SIVAGANGAI,Mechanical Engineering,me,173.0,166.0,165.0,160.0,156.0,136.5,126.0
TNEA2025-00382,5902,"Bharath Niketan Engineering College, Shri Gowri Nagar, Thimmarasanaickanoor, Aundipatti, Theni District-625536.",THENI,Agricultural Engineering,ag,163.5,91.0,Not Available,93.5,92.5,92.0,Not Available
TNEA2025-00383,5902,"Bharath Niketan Engineering College, Shri Gowri Nagar, Thimmarasanaickanoor, Aundipatti, Theni District-625536.",THENI,Artificial Intelligence and Data Science,ad,104.5,91.0,Not Available,93.5,92.5,92.0,Not Available
TNEA2025-00384,5902,"Bharath Niketan Engineering College, Shri Gowri Nagar, Thimmarasanaickanoor, Aundipatti, Theni District-625536.",THENI,Civil Engineering,ce,104.5,91.0,Not Available,93.5,92.5,92.0,Not Available
TNEA2025-00385,5902,"Bharath Niketan Engineering College, Shri Gowri Nagar, Thimmarasanaickanoor, Aundipatti, Theni District-625536.",THENI,Computer Science and Engineering,cs,114.5,96.5,Not Available,93.5,89.0,92.0,Not Available
TNEA2025-00386,5902,"Bharath Niketan Engineering College, Shri Gowri Nagar, Thimmarasanaickanoor, Aundipatti, Theni District-625536.",THENI,Electrical and Electronics Engineering,ee,112.0,96.5,Not Available,87.5,102.0,92.0,Not Available
TNEA2025-00387,5902,"Bharath Niketan Engineering College, Shri Gowri Nagar, Thimmarasanaickanoor, Aundipatti, Theni District-625536.",THENI,Electronics and Communication Engineering,ec,118.0,80.5,Not Available,83.5,102.0,92.0,Not Available
TNEA2025-00388,5902,"Bharath Niketan Engineering College, Shri Gowri Nagar, Thimmarasanaickanoor, Aundipatti, Theni District-625536.",THENI,Information Technology,it,126.5,80.0,Not Available,92.0,101.5,110.5,Not Available
TNEA2025-00389,5902,"Bharath Niketan Engineering College, Shri Gowri Nagar, Thimmarasanaickanoor, Aundipatti, Theni District-625536.",THENI,Mechanical Engineering,me,91.5,80.0,Not Available,92.0,101.5,110.5,Not Available
TNEA2025-01200,5904,"K.L.N.College of Engineering (Autonomous), Madurai - Nedunkulam Road, Pottapalayam, Sivagangai District-630611.",SIVAGANGAI,Artificial Intelligence and Data Science,ad,162.0,156.5,149.0,124.5,91.0,112.5,Not Available
TNEA2025-01201,5904,"K.L.N.College of Engineering (Autonomous), Madurai - Nedunkulam Road, Pottapalayam, Sivagangai District-630611.",SIVAGANGAI,Computer Science and Engineering,cs,169.0,166.0,156.0,138.5,101.0,112.5,Not Available
TNEA2025-01202,5904,"K.L.N.College of Engineering (Autonomous), Madurai - Nedunkulam Road, Pottapalayam, Sivagangai District-630611.",SIVAGANGAI,Computer Science and Engineering (Cyber Security),sc,156.0,150.0,150.5,123.5,105.5,112.5,Not Available
TNEA2025-01203,5904,"K.L.N.College of Engineering (Autonomous), Madurai - Nedunkulam Road, Pottapalayam, Sivagangai District-630611.",SIVAGANGAI,Computer Science and Engineering (Internet of Things),ci,149.0,142.0,126.5,123.5,105.5,112.5,Not Available
TNEA2025-01204,5904,"K.L.N.College of Engineering (Autonomous), Madurai - Nedunkulam Road, Pottapalayam, Sivagangai District-630611.",SIVAGANGAI,Electrical and Electronics Engineering,ee,141.0,121.5,100.5,102.0,105.5,112.5,Not Available
TNEA2025-01205,5904,"K.L.N.College of Engineering (Autonomous), Madurai - Nedunkulam Road, Pottapalayam, Sivagangai District-630611.",SIVAGANGAI,Electronics and Communication Engineering,ec,158.5,153.0,130.5,132.0,113.5,114.5,Not Available
TNEA2025-01206,5904,"K.L.N.College of Engineering (Autonomous), Madurai - Nedunkulam Road, Pottapalayam, Sivagangai District-630611.",SIVAGANGAI,Information Technology,it,164.0,154.5,135.5,126.0,95.0,115.0,Not Available
TNEA2025-01207,5904,"K.L.N.College of Engineering (Autonomous), Madurai - Nedunkulam Road, Pottapalayam, Sivagangai District-630611.",SIVAGANGAI,Mechanical Engineering,me,117.0,96.0,135.5,102.0,95.0,115.0,Not Available
TNEA2025-01647,5907,"Mohamed Sathak Engineering College, Sathak Nagar, East Coast Road, Pudhu Mayakulam, Kilakarai, Ramanathapuram District-623806.",RAMANATHAPURAM,Aeronautical Engineering,ae,108.5,97.5,95.5,128.5,96.0,109.5,Not Available
TNEA2025-01648,5907,"Mohamed Sathak Engineering College, Sathak Nagar, East Coast Road, Pudhu Mayakulam, Kilakarai, Ramanathapuram District-623806.",RAMANATHAPURAM,Agricultural Engineering,ag,123.0,97.5,95.5,128.5,96.0,109.5,Not Available
TNEA2025-01649,5907,"Mohamed Sathak Engineering College, Sathak Nagar, East Coast Road, Pudhu Mayakulam, Kilakarai, Ramanathapuram District-623806.",RAMANATHAPURAM,Artificial Intelligence and Data Science,ad,161.0,115.5,95.5,128.5,96.0,109.5,Not Available
TNEA2025-01650,5907,"Mohamed Sathak Engineering College, Sathak Nagar, East Coast Road, Pudhu Mayakulam, Kilakarai, Ramanathapuram District-623806.",RAMANATHAPURAM,Chemical Engineering,ch,92.5,115.5,91.0,128.5,96.0,109.5,Not Available
TNEA2025-01651,5907,"Mohamed Sathak Engineering College, Sathak Nagar, East Coast Road, Pudhu Mayakulam, Kilakarai, Ramanathapuram District-623806.",RAMANATHAPURAM,Civil Engineering,ce,126.5,99.5,91.0,126.0,96.0,109.5,Not Available
TNEA2025-01652,5907,"Mohamed Sathak Engineering College, Sathak Nagar, East Coast Road, Pudhu Mayakulam, Kilakarai, Ramanathapuram District-623806.",RAMANATHAPURAM,Computer Science and Bussiness System,cb,115.0,97.0,91.0,126.0,96.0,109.5,Not Available
TNEA2025-01653,5907,"Mohamed Sathak Engineering College, Sathak Nagar, East Coast Road, Pudhu Mayakulam, Kilakarai, Ramanathapuram District-623806.",RAMANATHAPURAM,Computer Science and Engineering,cs,154.0,112.5,148.5,86.5,110.5,109.5,Not Available
TNEA2025-01654,5907,"Mohamed Sathak Engineering College, Sathak Nagar, East Coast Road, Pudhu Mayakulam, Kilakarai, Ramanathapuram District-623806.",RAMANATHAPURAM,Computer Science and Engineering (Ai and Machine Learning),am,145.0,111.5,138.0,86.5,110.5,109.5,Not Available
TNEA2025-01655,5907,"Mohamed Sathak Engineering College, Sathak Nagar, East Coast Road, Pudhu Mayakulam, Kilakarai, Ramanathapuram District-623806.",RAMANATHAPURAM,Computer Science and Engineering (Cyber Security),sc,138.0,121.5,118.5,95.0,110.5,109.5,Not Available
TNEA2025-01656,5907,"Mohamed Sathak Engineering College, Sathak Nagar, East Coast Road, Pudhu Mayakulam, Kilakarai, Ramanathapuram District-623806.",RAMANATHAPURAM,Electrical and Electronics Engineering,ee,113.0,101.5,112.0,95.0,110.5,109.5,Not Available
TNEA2025-01657,5907,"Mohamed Sathak Engineering College, Sathak Nagar, East Coast Road, Pudhu Mayakulam, Kilakarai, Ramanathapuram District-623806.",RAMANATHAPURAM,Electronics and Communication Engineering,ec,118.5,102.5,113.0,106.5,99.0,109.5,Not Available
TNEA2025-01658,5907,"Mohamed Sathak Engineering College, Sathak Nagar, East Coast Road, Pudhu Mayakulam, Kilakarai, Ramanathapuram District-623806.",RAMANATHAPURAM,Information Technology,it,130.5,102.5,123.5,87.0,97.5,109.5,Not Available
TNEA2025-01659,5907,"Mohamed Sathak Engineering College, Sathak Nagar, East Coast Road, Pudhu Mayakulam, Kilakarai, Ramanathapuram District-623806.",RAMANATHAPURAM,Marine Engineering,mr,160.5,102.5,123.5,87.0,97.5,109.5,Not Available
TNEA2025-01660,5907,"Mohamed Sathak Engineering College, Sathak Nagar, East Coast Road, Pudhu Mayakulam, Kilakarai, Ramanathapuram District-623806.",RAMANATHAPURAM,Mechanical Engineering,me,101.0,98.0,98.5,97.5,88.0,109.5,Not Available
TNEA2025-01973,5910,"PSNA College of Engineering and Technology (Autonomous), Kothandaraman Nagar, Muthanampatti (PO), Dindigul-624622.",DINDIGUL,Artificial Intelligence and Data Science,ad,176.0,172.5,174.0,162.5,120.5,125.0,Not Available
TNEA2025-01974,5910,"PSNA College of Engineering and Technology (Autonomous), Kothandaraman Nagar, Muthanampatti (PO), Dindigul-624622.",DINDIGUL,Bio Medical Engineering,bm,154.0,146.0,144.5,113.5,112.0,125.0,Not Available
TNEA2025-01975,5910,"PSNA College of Engineering and Technology (Autonomous), Kothandaraman Nagar, Muthanampatti (PO), Dindigul-624622.",DINDIGUL,Civil Engineering,ce,154.5,138.5,128.0,113.5,116.5,125.0,Not Available
TNEA2025-01976,5910,"PSNA College of Engineering and Technology (Autonomous), Kothandaraman Nagar, Muthanampatti (PO), Dindigul-624622.",DINDIGUL,Computer Science and Bussiness System,cb,170.0,166.5,166.5,152.0,112.5,125.0,Not Available
TNEA2025-01977,5910,"PSNA College of Engineering and Technology (Autonomous), Kothandaraman Nagar, Muthanampatti (PO), Dindigul-624622.",DINDIGUL,Computer Science and Engineering,cs,181.5,177.0,173.0,162.0,123.5,125.0,Not Available
TNEA2025-01978,5910,"PSNA College of Engineering and Technology (Autonomous), Kothandaraman Nagar, Muthanampatti (PO), Dindigul-624622.",DINDIGUL,Computer Science and Engineering (Ai and Machine Learning),am,170.5,168.0,170.5,154.5,137.5,123.5,Not Available
TNEA2025-01979,5910,"PSNA College of Engineering and Technology (Autonomous), Kothandaraman Nagar, Muthanampatti (PO), Dindigul-624622.",DINDIGUL,Computer Science and Engineering (Cyber Security),sc,170.0,168.0,167.5,154.5,136.5,123.5,Not Available
TNEA2025-01980,5910,"PSNA College of Engineering and Technology (Autonomous), Kothandaraman Nagar, Muthanampatti (PO), Dindigul-624622.",DINDIGUL,Electrical and Electronics Engineering,ee,166.0,157.5,156.5,147.5,83.5,123.5,Not Available
TNEA2025-01982,5910,"PSNA College of Engineering and Technology (Autonomous), Kothandaraman Nagar, Muthanampatti (PO), Dindigul-624622.",DINDIGUL,Electronics Engineering (Vlsi Design and Technology),ev,165.0,159.0,162.5,148.5,110.5,133.0,Not Available
TNEA2025-01981,5910,"PSNA College of Engineering and Technology (Autonomous), Kothandaraman Nagar, Muthanampatti (PO), Dindigul-624622.",DINDIGUL,Electronics and Communication Engineering,ec,174.5,169.0,168.0,159.5,112.5,133.0,Not Available
TNEA2025-01983,5910,"PSNA College of Engineering and Technology (Autonomous), Kothandaraman Nagar, Muthanampatti (PO), Dindigul-624622.",DINDIGUL,Information Technology,it,173.0,169.0,169.5,158.0,123.0,81.5,Not Available
TNEA2025-01984,5910,"PSNA College of Engineering and Technology (Autonomous), Kothandaraman Nagar, Muthanampatti (PO), Dindigul-624622.",DINDIGUL,Mechanical Engineering,me,148.0,130.0,146.0,108.0,96.0,81.5,Not Available
TNEA2025-01863,5911,"P.T.R. College of Engineering and Technology, Thanapandiyan Nagar, Madurai - Tirumangalam Road, Madurai-625008.",MADURAI,Artificial Intelligence and Data Science,ad,99.5,96.0,Not Available,Not Available,82.0,Not Available,Not Available
TNEA2025-01864,5911,"P.T.R. College of Engineering and Technology, Thanapandiyan Nagar, Madurai - Tirumangalam Road, Madurai-625008.",MADURAI,Bio Medical Engineering,bm,99.5,96.0,Not Available,Not Available,82.0,Not Available,Not Available
TNEA2025-01865,5911,"P.T.R. College of Engineering and Technology, Thanapandiyan Nagar, Madurai - Tirumangalam Road, Madurai-625008.",MADURAI,Civil Engineering,ce,110.0,96.0,Not Available,Not Available,82.0,Not Available,Not Available
TNEA2025-01866,5911,"P.T.R. College of Engineering and Technology, Thanapandiyan Nagar, Madurai - Tirumangalam Road, Madurai-625008.",MADURAI,Computer Science and Bussiness System,cb,110.0,96.0,Not Available,Not Available,82.0,Not Available,Not Available
TNEA2025-01867,5911,"P.T.R. College of Engineering and Technology, Thanapandiyan Nagar, Madurai - Tirumangalam Road, Madurai-625008.",MADURAI,Computer Science and Engineering,cs,117.5,96.0,Not Available,Not Available,82.0,Not Available,Not Available
TNEA2025-01868,5911,"P.T.R. College of Engineering and Technology, Thanapandiyan Nagar, Madurai - Tirumangalam Road, Madurai-625008.",MADURAI,Computer Science and Engineering (Cyber Security),sc,107.0,96.0,Not Available,Not Available,82.0,Not Available,Not Available
TNEA2025-01869,5911,"P.T.R. College of Engineering and Technology, Thanapandiyan Nagar, Madurai - Tirumangalam Road, Madurai-625008.",MADURAI,Electrical and Electronics Engineering,ee,107.0,96.0,Not Available,Not Available,82.0,Not Available,Not Available
TNEA2025-01870,5911,"P.T.R. College of Engineering and Technology, Thanapandiyan Nagar, Madurai - Tirumangalam Road, Madurai-625008.",MADURAI,Electronics and Communication Engineering,ec,96.0,96.0,Not Available,Not Available,82.0,Not Available,Not Available
TNEA2025-01871,5911,"P.T.R. College of Engineering and Technology, Thanapandiyan Nagar, Madurai - Tirumangalam Road, Madurai-625008.",MADURAI,Mechanical Engineering,me,96.0,96.0,Not Available,Not Available,82.0,Not Available,Not Available
TNEA2025-02019,5912,"Pandian Saraswathi Yadav Engineering College, Arasanoor Village, Thirumansolai Post, Sivaganagi District-630561.",SIVAGANGAI,Artificial Intelligence and Data Science,ad,135.5,90.5,Not Available,114.0,122.0,Not Available,Not Available
TNEA2025-02020,5912,"Pandian Saraswathi Yadav Engineering College, Arasanoor Village, Thirumansolai Post, Sivaganagi District-630561.",SIVAGANGAI,Civil Engineering,ce,84.5,90.5,Not Available,114.0,122.0,Not Available,Not Available
TNEA2025-02021,5912,"Pandian Saraswathi Yadav Engineering College, Arasanoor Village, Thirumansolai Post, Sivaganagi District-630561.",SIVAGANGAI,Computer Science and Engineering,cs,124.5,97.0,Not Available,99.0,87.5,Not Available,Not Available
TNEA2025-02022,5912,"Pandian Saraswathi Yadav Engineering College, Arasanoor Village, Thirumansolai Post, Sivaganagi District-630561.",SIVAGANGAI,Computer Science and Engineering (Ai and Machine Learning),am,99.5,96.0,Not Available,85.0,87.5,Not Available,Not Available
TNEA2025-02023,5912,"Pandian Saraswathi Yadav Engineering College, Arasanoor Village, Thirumansolai Post, Sivaganagi District-630561.",SIVAGANGAI,Computer Science and Engineering (Cyber Security),sc,108.0,96.0,Not Available,85.0,87.5,Not Available,Not Available
TNEA2025-02024,5912,"Pandian Saraswathi Yadav Engineering College, Arasanoor Village, Thirumansolai Post, Sivaganagi District-630561.",SIVAGANGAI,Electrical and Electronics Engineering,ee,100.0,96.0,Not Available,85.0,87.5,Not Available,Not Available
TNEA2025-02025,5912,"Pandian Saraswathi Yadav Engineering College, Arasanoor Village, Thirumansolai Post, Sivaganagi District-630561.",SIVAGANGAI,Electronics and Communication Engineering,ec,92.5,85.5,Not Available,85.0,87.5,Not Available,Not Available
TNEA2025-02026,5912,"Pandian Saraswathi Yadav Engineering College, Arasanoor Village, Thirumansolai Post, Sivaganagi District-630561.",SIVAGANGAI,Information Technology,it,136.5,99.0,Not Available,103.5,100.0,Not Available,Not Available
TNEA2025-02027,5912,"Pandian Saraswathi Yadav Engineering College, Arasanoor Village, Thirumansolai Post, Sivaganagi District-630561.",SIVAGANGAI,Mechanical Engineering,me,92.5,99.0,Not Available,103.5,100.0,Not Available,Not Available
TNEA2025-02174,5913,"R.V.S. College of Engineering, RVS Nagar, Karur Road, N.Paraipatti Post, Dindigul-624005.",DINDIGUL,Artificial Intelligence and Data Science,ad,130.0,121.5,103.0,112.5,115.0,92.0,Not Available
TNEA2025-02175,5913,"R.V.S. College of Engineering, RVS Nagar, Karur Road, N.Paraipatti Post, Dindigul-624005.",DINDIGUL,Chemical Engineering,ch,98.5,121.5,103.0,112.5,115.0,92.0,Not Available
TNEA2025-02176,5913,"R.V.S. College of Engineering, RVS Nagar, Karur Road, N.Paraipatti Post, Dindigul-624005.",DINDIGUL,Civil Engineering,ce,109.0,121.5,103.0,112.5,115.0,92.0,Not Available
TNEA2025-02178,5913,"R.V.S. College of Engineering, RVS Nagar, Karur Road, N.Paraipatti Post, Dindigul-624005.",DINDIGUL,Computer Science and Engineering,cs,120.0,104.0,105.5,84.5,97.5,92.0,Not Available
TNEA2025-02177,5913,"R.V.S. College of Engineering, RVS Nagar, Karur Road, N.Paraipatti Post, Dindigul-624005.",DINDIGUL,Computer and Communication Engineering,co,109.0,121.5,103.0,112.5,115.0,92.0,Not Available
TNEA2025-02179,5913,"R.V.S. College of Engineering, RVS Nagar, Karur Road, N.Paraipatti Post, Dindigul-624005.",DINDIGUL,Electrical and Electronics Engineering,ee,81.5,104.0,105.5,84.5,97.5,92.0,Not Available
TNEA2025-02180,5913,"R.V.S. College of Engineering, RVS Nagar, Karur Road, N.Paraipatti Post, Dindigul-624005.",DINDIGUL,Electronics and Communication Engineering,ec,105.5,87.5,105.5,101.0,91.5,92.0,Not Available
TNEA2025-02181,5913,"R.V.S. College of Engineering, RVS Nagar, Karur Road, N.Paraipatti Post, Dindigul-624005.",DINDIGUL,Fashion Technology,ft,89.5,87.5,105.5,101.0,91.5,92.0,Not Available
TNEA2025-02182,5913,"R.V.S. College of Engineering, RVS Nagar, Karur Road, N.Paraipatti Post, Dindigul-624005.",DINDIGUL,Information Technology,it,112.5,83.5,105.5,83.5,88.5,86.0,Not Available
TNEA2025-02183,5913,"R.V.S. College of Engineering, RVS Nagar, Karur Road, N.Paraipatti Post, Dindigul-624005.",DINDIGUL,Mechanical Engineering,me,83.0,83.5,105.5,83.5,88.5,86.0,Not Available
TNEA2025-02184,5913,"R.V.S. College of Engineering, RVS Nagar, Karur Road, N.Paraipatti Post, Dindigul-624005.",DINDIGUL,Petro Chemical Technology,pc,97.5,83.5,105.5,83.5,88.5,86.0,Not Available
TNEA2025-02185,5913,"R.V.S. College of Engineering, RVS Nagar, Karur Road, N.Paraipatti Post, Dindigul-624005.",DINDIGUL,Textile Technology,tx,97.5,83.5,105.5,83.5,88.5,86.0,Not Available
TNEA2025-02588,5914,"Solamalai College of Engineering, S.V Raja Nagar, Veerapanjan, Madurai-625020.",MADURAI,Artificial Intelligence and Data Science,ad,142.5,109.0,97.5,107.0,86.0,140.0,Not Available
TNEA2025-02589,5914,"Solamalai College of Engineering, S.V Raja Nagar, Veerapanjan, Madurai-625020.",MADURAI,Civil Engineering,ce,111.0,89.0,97.5,107.0,86.0,140.0,Not Available
TNEA2025-02590,5914,"Solamalai College of Engineering, S.V Raja Nagar, Veerapanjan, Madurai-625020.",MADURAI,Computer Science and Bussiness System,cb,135.5,112.0,110.5,98.5,96.0,140.0,Not Available
TNEA2025-02591,5914,"Solamalai College of Engineering, S.V Raja Nagar, Veerapanjan, Madurai-625020.",MADURAI,Computer Science and Engineering,cs,130.5,102.5,119.5,117.5,96.5,119.0,Not Available
TNEA2025-02592,5914,"Solamalai College of Engineering, S.V Raja Nagar, Veerapanjan, Madurai-625020.",MADURAI,Electrical and Electronics Engineering,ee,119.0,115.0,119.5,117.5,96.5,119.0,Not Available
TNEA2025-02593,5914,"Solamalai College of Engineering, S.V Raja Nagar, Veerapanjan, Madurai-625020.",MADURAI,Electronics and Communication Engineering,ec,131.5,107.0,125.5,96.0,99.5,119.0,Not Available
TNEA2025-02594,5914,"Solamalai College of Engineering, S.V Raja Nagar, Veerapanjan, Madurai-625020.",MADURAI,Mechanical Engineering,me,90.5,107.0,125.5,96.0,99.5,119.0,Not Available
TNEA2025-02317,5915,"SACS M.A.V.M.M. Engineering College, 446, Melur - Alagarkoil Road, Kidaripatti (PO), Alagarkoil Via, Melur Taluk, Madurai-625301.",MADURAI,Civil Engineering,ce,81.0,113.0,133.0,118.5,100.0,105.5,Not Available
TNEA2025-02318,5915,"SACS M.A.V.M.M. Engineering College, 446, Melur - Alagarkoil Road, Kidaripatti (PO), Alagarkoil Via, Melur Taluk, Madurai-625301.",MADURAI,Computer Science and Engineering,cs,145.5,113.0,133.0,118.5,100.0,105.5,Not Available
TNEA2025-02319,5915,"SACS M.A.V.M.M. Engineering College, 446, Melur - Alagarkoil Road, Kidaripatti (PO), Alagarkoil Via, Melur Taluk, Madurai-625301.",MADURAI,Electrical and Electronics Engineering,ee,100.0,80.5,88.0,88.0,86.0,105.5,Not Available
TNEA2025-02320,5915,"SACS M.A.V.M.M. Engineering College, 446, Melur - Alagarkoil Road, Kidaripatti (PO), Alagarkoil Via, Melur Taluk, Madurai-625301.",MADURAI,Electronics and Communication Engineering,ec,125.5,93.5,96.0,109.0,106.0,82.5,Not Available
TNEA2025-02321,5915,"SACS M.A.V.M.M. Engineering College, 446, Melur - Alagarkoil Road, Kidaripatti (PO), Alagarkoil Via, Melur Taluk, Madurai-625301.",MADURAI,Mechanical Engineering,me,97.5,82.0,96.0,109.0,80.0,82.5,Not Available
TNEA2025-02919,5919,"St. Michael College of Engineering and Technology, St. Santhiagaper Nagar, Kalayarkoil, Sivaganga District-630551.",SIVAGANGAI,Bio Medical Engineering,bm,110.0,Not Available,Not Available,Not Available,Not Available,Not Available,Not Available
TNEA2025-02920,5919,"St. Michael College of Engineering and Technology, St. Santhiagaper Nagar, Kalayarkoil, Sivaganga District-630551.",SIVAGANGAI,Bio Technology,bt,97.0,Not Available,Not Available,Not Available,Not Available,Not Available,Not Available
TNEA2025-02921,5919,"St. Michael College of Engineering and Technology, St. Santhiagaper Nagar, Kalayarkoil, Sivaganga District-630551.",SIVAGANGAI,Chemical Engineering,ch,85.0,Not Available,Not Available,Not Available,Not Available,Not Available,Not Available
TNEA2025-02922,5919,"St. Michael College of Engineering and Technology, St. Santhiagaper Nagar, Kalayarkoil, Sivaganga District-630551.",SIVAGANGAI,Computer Science and Engineering,cs,88.5,Not Available,Not Available,Not Available,Not Available,Not Available,Not Available
TNEA2025-02923,5919,"St. Michael College of Engineering and Technology, St. Santhiagaper Nagar, Kalayarkoil, Sivaganga District-630551.",SIVAGANGAI,Computer Science and Engineering (Ai and Machine Learning),am,86.0,Not Available,Not Available,Not Available,Not Available,Not Available,Not Available
TNEA2025-02924,5919,"St. Michael College of Engineering and Technology, St. Santhiagaper Nagar, Kalayarkoil, Sivaganga District-630551.",SIVAGANGAI,Electrical and Electronics Engineering,ee,85.5,Not Available,Not Available,Not Available,Not Available,Not Available,Not Available
TNEA2025-02925,5919,"St. Michael College of Engineering and Technology, St. Santhiagaper Nagar, Kalayarkoil, Sivaganga District-630551.",SIVAGANGAI,Electronics and Communication Engineering,ec,89.5,Not Available,Not Available,Not Available,Not Available,Not Available,Not Available
TNEA2025-02926,5919,"St. Michael College of Engineering and Technology, St. Santhiagaper Nagar, Kalayarkoil, Sivaganga District-630551.",SIVAGANGAI,Mechanical Engineering,me,90.0,Not Available,Not Available,Not Available,Not Available,Not Available,Not Available
TNEA2025-03021,5921,"Syed Ammal Engineering College (Autonomous), Dr. E.M.Abdullah Campus, Lanthai, Achunthanvayal Post, Ramanathapuram-623502.",RAMANATHAPURAM,Artificial Intelligence and Data Science,ad,153.0,135.5,151.5,130.5,116.0,102.5,Not Available
TNEA2025-03022,5921,"Syed Ammal Engineering College (Autonomous), Dr. E.M.Abdullah Campus, Lanthai, Achunthanvayal Post, Ramanathapuram-623502.",RAMANATHAPURAM,Bio Medical Engineering,bm,127.0,107.0,124.5,130.5,102.0,102.5,Not Available
TNEA2025-03023,5921,"Syed Ammal Engineering College (Autonomous), Dr. E.M.Abdullah Campus, Lanthai, Achunthanvayal Post, Ramanathapuram-623502.",RAMANATHAPURAM,Civil Engineering,ce,88.5,107.0,124.5,130.5,102.0,102.5,Not Available
TNEA2025-03024,5921,"Syed Ammal Engineering College (Autonomous), Dr. E.M.Abdullah Campus, Lanthai, Achunthanvayal Post, Ramanathapuram-623502.",RAMANATHAPURAM,Computer Science and Bussiness System,cb,138.0,128.5,127.5,124.5,102.0,102.5,Not Available
TNEA2025-03025,5921,"Syed Ammal Engineering College (Autonomous), Dr. E.M.Abdullah Campus, Lanthai, Achunthanvayal Post, Ramanathapuram-623502.",RAMANATHAPURAM,Computer Science and Engineering,cs,160.5,143.5,158.0,103.5,91.5,102.5,Not Available
TNEA2025-03026,5921,"Syed Ammal Engineering College (Autonomous), Dr. E.M.Abdullah Campus, Lanthai, Achunthanvayal Post, Ramanathapuram-623502.",RAMANATHAPURAM,Electrical and Electronics Engineering,ee,113.0,102.5,158.0,93.0,103.0,102.5,Not Available
TNEA2025-03027,5921,"Syed Ammal Engineering College (Autonomous), Dr. E.M.Abdullah Campus, Lanthai, Achunthanvayal Post, Ramanathapuram-623502.",RAMANATHAPURAM,Electronics and Communication Engineering,ec,154.0,133.5,158.0,96.5,83.0,102.5,Not Available
TNEA2025-03028,5921,"Syed Ammal Engineering College (Autonomous), Dr. E.M.Abdullah Campus, Lanthai, Achunthanvayal Post, Ramanathapuram-623502.",RAMANATHAPURAM,Information Technology,it,145.5,136.0,158.0,84.5,85.0,102.5,Not Available
TNEA2025-03029,5921,"Syed Ammal Engineering College (Autonomous), Dr. E.M.Abdullah Campus, Lanthai, Achunthanvayal Post, Ramanathapuram-623502.",RAMANATHAPURAM,Mechanical Engineering,me,119.5,89.0,158.0,107.5,85.0,102.5,Not Available
TNEA2025-00801,5924,"Ganapathy Chettiar College of Engineering and Technology, Melakavanur (PO), Paramakudi, Ramanathapuram District-623706.",RAMANATHAPURAM,Artificial Intelligence and Data Science,ad,87.0,Not Available,Not Available,Not Available,Not Available,Not Available,Not Available
TNEA2025-00802,5924,"Ganapathy Chettiar College of Engineering and Technology, Melakavanur (PO), Paramakudi, Ramanathapuram District-623706.",RAMANATHAPURAM,Civil Engineering,ce,81.0,Not Available,Not Available,Not Available,Not Available,Not Available,Not Available
TNEA2025-00803,5924,"Ganapathy Chettiar College of Engineering and Technology, Melakavanur (PO), Paramakudi, Ramanathapuram District-623706.",RAMANATHAPURAM,Computer Science and Engineering,cs,83.5,Not Available,Not Available,Not Available,Not Available,Not Available,Not Available
TNEA2025-00804,5924,"Ganapathy Chettiar College of Engineering and Technology, Melakavanur (PO), Paramakudi, Ramanathapuram District-623706.",RAMANATHAPURAM,Electrical and Electronics Engineering,ee,142.0,Not Available,Not Available,Not Available,Not Available,Not Available,Not Available
TNEA2025-00805,5924,"Ganapathy Chettiar College of Engineering and Technology, Melakavanur (PO), Paramakudi, Ramanathapuram District-623706.",RAMANATHAPURAM,Electronics and Communication Engineering,ec,126.0,Not Available,Not Available,Not Available,Not Available,Not Available,Not Available
TNEA2025-00806,5924,"Ganapathy Chettiar College of Engineering and Technology, Melakavanur (PO), Paramakudi, Ramanathapuram District-623706.",RAMANATHAPURAM,Information Technology,it,126.0,Not Available,Not Available,Not Available,Not Available,Not Available,Not Available
TNEA2025-00807,5924,"Ganapathy Chettiar College of Engineering and Technology, Melakavanur (PO), Paramakudi, Ramanathapuram District-623706.",RAMANATHAPURAM,Mechanical Engineering,me,129.5,Not Available,Not Available,Not Available,Not Available,Not Available,Not Available
TNEA2025-02330,5930,"SBM College of Engineering and Technology, SBM Nagar, Thamaraipadi(PO), Trichy Road, Dindigul-624005.",DINDIGUL,Artificial Intelligence and Data Science,ad,109.5,81.0,Not Available,94.0,88.0,Not Available,Not Available
TNEA2025-02331,5930,"SBM College of Engineering and Technology, SBM Nagar, Thamaraipadi(PO), Trichy Road, Dindigul-624005.",DINDIGUL,Bio Medical Engineering,bm,102.5,81.0,Not Available,94.0,88.0,Not Available,Not Available
TNEA2025-02332,5930,"SBM College of Engineering and Technology, SBM Nagar, Thamaraipadi(PO), Trichy Road, Dindigul-624005.",DINDIGUL,Civil Engineering,ce,86.0,81.0,Not Available,94.0,88.0,Not Available,Not Available
TNEA2025-02333,5930,"SBM College of Engineering and Technology, SBM Nagar, Thamaraipadi(PO), Trichy Road, Dindigul-624005.",DINDIGUL,Computer Science and Engineering,cs,94.0,81.0,Not Available,89.0,88.0,Not Available,Not Available
TNEA2025-02334,5930,"SBM College of Engineering and Technology, SBM Nagar, Thamaraipadi(PO), Trichy Road, Dindigul-624005.",DINDIGUL,Electrical and Electronics Engineering,ee,98.5,81.0,Not Available,89.0,88.0,Not Available,Not Available
TNEA2025-02335,5930,"SBM College of Engineering and Technology, SBM Nagar, Thamaraipadi(PO), Trichy Road, Dindigul-624005.",DINDIGUL,Electronics and Communication Engineering,ec,83.0,81.0,Not Available,89.0,88.0,Not Available,Not Available
TNEA2025-02336,5930,"SBM College of Engineering and Technology, SBM Nagar, Thamaraipadi(PO), Trichy Road, Dindigul-624005.",DINDIGUL,Information Technology,it,109.5,107.0,Not Available,84.0,84.0,Not Available,Not Available
TNEA2025-02337,5930,"SBM College of Engineering and Technology, SBM Nagar, Thamaraipadi(PO), Trichy Road, Dindigul-624005.",DINDIGUL,Mechanical Engineering,me,93.0,107.0,Not Available,84.0,84.0,Not Available,Not Available
TNEA2025-00758,5935,"Fatima Michael College of Engineering and Technology, Senkottai Village, Kalimangalam Panchayat, Sivaganga Main Road, Madurai-625020.",MADURAI,Automobile Engineering,au,93.5,92.0,Not Available,91.5,89.0,100.0,Not Available
TNEA2025-00759,5935,"Fatima Michael College of Engineering and Technology, Senkottai Village, Kalimangalam Panchayat, Sivaganga Main Road, Madurai-625020.",MADURAI,Civil Engineering,ce,80.0,92.0,Not Available,91.5,89.0,100.0,Not Available
TNEA2025-00760,5935,"Fatima Michael College of Engineering and Technology, Senkottai Village, Kalimangalam Panchayat, Sivaganga Main Road, Madurai-625020.",MADURAI,Computer Science and Engineering,cs,113.5,92.0,Not Available,91.5,89.0,100.0,Not Available
TNEA2025-00761,5935,"Fatima Michael College of Engineering and Technology, Senkottai Village, Kalimangalam Panchayat, Sivaganga Main Road, Madurai-625020.",MADURAI,Computer Science and Engineering (Ai and Machine Learning),am,102.0,92.0,Not Available,91.5,89.0,100.0,Not Available
TNEA2025-00762,5935,"Fatima Michael College of Engineering and Technology, Senkottai Village, Kalimangalam Panchayat, Sivaganga Main Road, Madurai-625020.",MADURAI,Computer Science and Engineering (Cyber Security),sc,100.5,83.5,Not Available,91.5,80.0,100.0,Not Available
TNEA2025-00763,5935,"Fatima Michael College of Engineering and Technology, Senkottai Village, Kalimangalam Panchayat, Sivaganga Main Road, Madurai-625020.",MADURAI,Electrical and Electronics Engineering,ee,93.0,83.5,Not Available,91.5,80.0,100.0,Not Available
TNEA2025-00764,5935,"Fatima Michael College of Engineering and Technology, Senkottai Village, Kalimangalam Panchayat, Sivaganga Main Road, Madurai-625020.",MADURAI,Electronics and Communication Engineering,ec,110.5,101.5,Not Available,109.5,103.0,100.0,Not Available
TNEA2025-00765,5935,"Fatima Michael College of Engineering and Technology, Senkottai Village, Kalimangalam Panchayat, Sivaganga Main Road, Madurai-625020.",MADURAI,Mechanical Engineering,me,94.5,101.5,Not Available,109.5,103.0,100.0,Not Available
TNEA2025-03165,5942,"Ultra College of Engineering and Technology, 69/1, Ultra Nagar, Kodikulam I Bit, Madurai - Chennai Highway, Madurai-625104.",MADURAI,Civil Engineering,ce,91.5,86.5,105.5,96.0,110.0,Not Available,Not Available
TNEA2025-03166,5942,"Ultra College of Engineering and Technology, 69/1, Ultra Nagar, Kodikulam I Bit, Madurai - Chennai Highway, Madurai-625104.",MADURAI,Computer Science and Engineering,cs,113.0,86.5,105.5,96.0,110.0,Not Available,Not Available
TNEA2025-03167,5942,"Ultra College of Engineering and Technology, 69/1, Ultra Nagar, Kodikulam I Bit, Madurai - Chennai Highway, Madurai-625104.",MADURAI,Electrical and Electronics Engineering,ee,113.0,86.5,105.5,96.0,110.0,Not Available,Not Available
TNEA2025-03168,5942,"Ultra College of Engineering and Technology, 69/1, Ultra Nagar, Kodikulam I Bit, Madurai - Chennai Highway, Madurai-625104.",MADURAI,Electronics and Communication Engineering,ec,94.0,86.5,105.5,96.0,110.0,Not Available,Not Available
TNEA2025-03169,5942,"Ultra College of Engineering and Technology, 69/1, Ultra Nagar, Kodikulam I Bit, Madurai - Chennai Highway, Madurai-625104.",MADURAI,Information Technology,it,108.5,80.0,98.5,89.0,110.0,Not Available,Not Available
TNEA2025-03170,5942,"Ultra College of Engineering and Technology, 69/1, Ultra Nagar, Kodikulam I Bit, Madurai - Chennai Highway, Madurai-625104.",MADURAI,Mechanical Engineering,me,90.0,80.0,98.5,89.0,110.0,Not Available,Not Available
TNEA2025-03414,5986,"Velammal College of Engineering and Technology (Autonomous), Velammal Nagar, Viraganoor, Madurai -625009.",MADURAI,Artificial Intelligence and Data Science,ad,181.0,175.5,172.5,162.5,124.5,116.0,Not Available
TNEA2025-03415,5986,"Velammal College of Engineering and Technology (Autonomous), Velammal Nagar, Viraganoor, Madurai -625009.",MADURAI,Civil Engineering,ce,148.0,131.5,138.0,95.0,95.0,116.0,Not Available
TNEA2025-03416,5986,"Velammal College of Engineering and Technology (Autonomous), Velammal Nagar, Viraganoor, Madurai -625009.",MADURAI,Computer Science and Engineering,cs,186.0,182.5,182.5,173.0,139.5,124.0,Not Available
TNEA2025-03417,5986,"Velammal College of Engineering and Technology (Autonomous), Velammal Nagar, Viraganoor, Madurai -625009.",MADURAI,Computer Science and Engineering (Cyber Security),sc,176.5,173.5,172.5,154.0,121.5,124.0,Not Available
TNEA2025-03418,5986,"Velammal College of Engineering and Technology (Autonomous), Velammal Nagar, Viraganoor, Madurai -625009.",MADURAI,Electrical and Electronics Engineering,ee,171.5,166.0,163.5,144.5,113.0,124.0,Not Available
TNEA2025-03420,5986,"Velammal College of Engineering and Technology (Autonomous), Velammal Nagar, Viraganoor, Madurai -625009.",MADURAI,Electronics Engineering (Vlsi Design and Technology),ev,170.5,163.5,164.5,152.5,107.5,142.0,Not Available
TNEA2025-03419,5986,"Velammal College of Engineering and Technology (Autonomous), Velammal Nagar, Viraganoor, Madurai -625009.",MADURAI,Electronics and Communication Engineering,ec,178.5,173.5,176.0,160.5,84.0,142.0,Not Available
TNEA2025-03421,5986,"Velammal College of Engineering and Technology (Autonomous), Velammal Nagar, Viraganoor, Madurai -625009.",MADURAI,Information Technology,it,178.5,176.0,174.5,162.0,116.5,113.5,Not Available
TNEA2025-03422,5986,"Velammal College of Engineering and Technology (Autonomous), Velammal Nagar, Viraganoor, Madurai -625009.",MADURAI,Mechanical Engineering,me,163.0,154.0,147.5,108.5,105.0,113.5,Not Available
TNEA2025-03104,5988,"Theni Kammavar Sangam College of Technology, Theni Main road, Koduvilarpatti (PO), Veerapandi(Via), Theni District-625534.",THENI,Civil Engineering,ce,90.5,103.5,138.5,111.5,115.5,95.5,Not Available
TNEA2025-03105,5988,"Theni Kammavar Sangam College of Technology, Theni Main road, Koduvilarpatti (PO), Veerapandi(Via), Theni District-625534.",THENI,Computer Science and Engineering,cs,143.5,103.5,138.5,111.5,115.5,95.5,Not Available
TNEA2025-03106,5988,"Theni Kammavar Sangam College of Technology, Theni Main road, Koduvilarpatti (PO), Veerapandi(Via), Theni District-625534.",THENI,Computer Science and Engineering (Ai and Machine Learning),am,107.0,91.0,92.0,89.5,88.0,95.5,Not Available
TNEA2025-03107,5988,"Theni Kammavar Sangam College of Technology, Theni Main road, Koduvilarpatti (PO), Veerapandi(Via), Theni District-625534.",THENI,Electrical and Electronics Engineering,ee,84.0,91.0,92.0,89.5,88.0,95.5,Not Available
TNEA2025-03108,5988,"Theni Kammavar Sangam College of Technology, Theni Main road, Koduvilarpatti (PO), Veerapandi(Via), Theni District-625534.",THENI,Electronics and Communication Engineering,ec,105.5,104.5,92.0,88.5,99.5,95.5,Not Available
TNEA2025-03109,5988,"Theni Kammavar Sangam College of Technology, Theni Main road, Koduvilarpatti (PO), Veerapandi(Via), Theni District-625534.",THENI,Information Technology,it,121.0,86.5,92.0,90.0,88.5,108.5,Not Available
TNEA2025-03110,5988,"Theni Kammavar Sangam College of Technology, Theni Main road, Koduvilarpatti (PO), Veerapandi(Via), Theni District-625534.",THENI,Mechanical Engineering,me,95.5,86.5,92.0,90.0,88.5,108.5,Not Available
TNEA2025-01380,5990,"Latha Mathavan Engineering College, Latha Mathavan Nagar, Kidaripatti, Melur Taluk, Madurai-625301.",MADURAI,Civil Engineering,ce,115.0,86.5,99.5,98.0,86.0,89.0,Not Available
TNEA2025-01381,5990,"Latha Mathavan Engineering College, Latha Mathavan Nagar, Kidaripatti, Melur Taluk, Madurai-625301.",MADURAI,Computer Science and Engineering,cs,115.0,86.5,99.5,98.0,86.0,89.0,Not Available
TNEA2025-01382,5990,"Latha Mathavan Engineering College, Latha Mathavan Nagar, Kidaripatti, Melur Taluk, Madurai-625301.",MADURAI,Electrical and Electronics Engineering,ee,102.0,86.5,99.5,98.0,86.0,89.0,Not Available
TNEA2025-01383,5990,"Latha Mathavan Engineering College, Latha Mathavan Nagar, Kidaripatti, Melur Taluk, Madurai-625301.",MADURAI,Electronics and Communication Engineering,ec,85.5,86.5,99.5,98.0,86.0,89.0,Not Available
TNEA2025-01384,5990,"Latha Mathavan Engineering College, Latha Mathavan Nagar, Kidaripatti, Melur Taluk, Madurai-625301.",MADURAI,Mechanical Engineering,me,98.5,86.5,99.5,98.0,86.0,89.0,Not Available
