COLLEGE_CODE,COLLEGE_NAME,DISTRICT,OC,BC,BCM,MBC,SC,SCA,ST,RECORD_ID,BRANCH_NAME,BRANCH_CODE
2347,"A V S College of Technology, Attur Main Road, Near AVS College of Arts & Science, Chinnagoundapuram, Salem-636106.",Salem,109,106.5,141.5,100.5,122,Not Available,Not Available,TNEA2025-00001,AGRICULTURAL ENGINEERING,ag
2347,"A V S College of Technology, Attur Main Road, Near AVS College of Arts & Science, Chinnagoundapuram, Salem-636106.",Salem,142.5,87,141.5,112.5,122,Not Available,Not Available,TNEA2025-00002,Artificial Intelligence and Data Science,ad
2347,"A V S College of Technology, Attur Main Road, Near AVS College of Arts & Science, Chinnagoundapuram, Salem-636106.",Salem,127,82,116,111,123.5,Not Available,Not Available,TNEA2025-00003,COMPUTER SCIENCE AND ENGINEERING,cs
2347,"A V S College of Technology, Attur Main Road, Near AVS College of Arts & Science, Chinnagoundapuram, Salem-636106.",Salem,130.5,88,116.5,112,99.5,Not Available,Not Available,TNEA2025-00004,ELECTRICAL AND ELECTRONICS ENGINEERING,ee
2347,"A V S College of Technology, Attur Main Road, Near AVS College of Arts & Science, Chinnagoundapuram, Salem-636106.",Salem,119,95,102.5,103,99.5,Not Available,Not Available,TNEA2025-00005,ELECTRONICS AND COMMUNICATION ENGINEERING,ec
2347,"A V S College of Technology, Attur Main Road, Near AVS College of Arts & Science, Chinnagoundapuram, Salem-636106.",Salem,122,90,116.5,104.5,99.5,Not Available,Not Available,TNEA2025-00006,INFORMATION TECHNOLOGY,it
2347,"A V S College of Technology, Attur Main Road, Near AVS College of Arts & Science, Chinnagoundapuram, Salem-636106.",Salem,114.5,84,116.5,103,81.5,Not Available,Not Available,TNEA2025-00007,MECHANICAL ENGINEERING,me
1441,"A.K.T.Memorial College of Engineering and Technology, Neelamangalam( Post ), Kallakurichi Taluk, Villupuram District-606202.",KALLAKURICHI,128.5,104.5,124.5,88.5,116,Not Available,Not Available,TNEA2025-00008,Artificial Intelligence and Data Science,ad
1441,"A.K.T.Memorial College of Engineering and Technology, Neelamangalam( Post ), Kallakurichi Taluk, Villupuram District-606202.",KALLAKURICHI,88.5,104.5,124.5,88.5,116,Not Available,Not Available,TNEA2025-00009,CIVIL ENGINEERING,ce
1441,"A.K.T.Memorial College of Engineering and Technology, Neelamangalam( Post ), Kallakurichi Taluk, Villupuram District-606202.",KALLAKURICHI,120,85,107,99.5,96.5,Not Available,Not Available,TNEA2025-00010,COMPUTER SCIENCE AND ENGINEERING,cs
1441,"A.K.T.Memorial College of Engineering and Technology, Neelamangalam( Post ), Kallakurichi Taluk, Villupuram District-606202.",KALLAKURICHI,89.5,80.5,107,83.5,96.5,Not Available,Not Available,TNEA2025-00011,ELECTRICAL AND ELECTRONICS ENGINEERING,ee
1441,"A.K.T.Memorial College of Engineering and Technology, Neelamangalam( Post ), Kallakurichi Taluk, Villupuram District-606202.",KALLAKURICHI,117.5,109.5,107,90.5,96.5,Not Available,Not Available,TNEA2025-00012,ELECTRONICS AND COMMUNICATION ENGINEERING,ec
1441,"A.K.T.Memorial College of Engineering and Technology, Neelamangalam( Post ), Kallakurichi Taluk, Villupuram District-606202.",KALLAKURICHI,118,94,107,90,112,Not Available,Not Available,TNEA2025-00013,INFORMATION TECHNOLOGY,it
1441,"A.K.T.Memorial College of Engineering and Technology, Neelamangalam( Post ), Kallakurichi Taluk, Villupuram District-606202.",KALLAKURICHI,93.5,94,107,90,112,Not Available,Not Available,TNEA2025-00014,MECHANICAL ENGINEERING,me
4937,"A.R College of Engineering and Technology, Kadayam - Alangulam Road, Near Railway Station, Kadayam, Therkkumadathur, Tirunelveli-627423.",Tirunelveli,Not Available,Not Available,Not Available,Not Available,Not Available,Not Available,Not Available,TNEA2025-00015,CIVIL ENGINEERING,ce
4937,"A.R College of Engineering and Technology, Kadayam - Alangulam Road, Near Railway Station, Kadayam, Therkkumadathur, Tirunelveli-627423.",Tirunelveli,Not Available,Not Available,Not Available,Not Available,Not Available,Not Available,Not Available,TNEA2025-00016,COMPUTER SCIENCE AND ENGINEERING,cs
4937,"A.R College of Engineering and Technology, Kadayam - Alangulam Road, Near Railway Station, Kadayam, Therkkumadathur, Tirunelveli-627423.",Tirunelveli,Not Available,Not Available,Not Available,Not Available,Not Available,Not Available,Not Available,TNEA2025-00017,ELECTRICAL AND ELECTRONICS ENGINEERING,ee
4937,"A.R College of Engineering and Technology, Kadayam - Alangulam Road, Near Railway Station, Kadayam, Therkkumadathur, Tirunelveli-627423.",Tirunelveli,Not Available,Not Available,Not Available,Not Available,Not Available,Not Available,Not Available,TNEA2025-00018,ELECTRONICS AND COMMUNICATION ENGINEERING,ec
4937,"A.R College of Engineering and Technology, Kadayam - Alangulam Road, Near Railway Station, Kadayam, Therkkumadathur, Tirunelveli-627423.",Tirunelveli,Not Available,Not Available,Not Available,Not Available,Not Available,Not Available,Not Available,TNEA2025-00019,MECHANICAL ENGINEERING,me
1436,"A.R.Engineering College, Vadakuchipalayam, Kappiyampuliyur post, Villupuram-605601.",VILUPPURAM fr,85.5,Not Available,Not Available,Not Available,Not Available,Not Available,Not Available,TNEA2025-00020,Artificial Intelligence and Data Science,ad
1436,"A.R.Engineering College, Vadakuchipalayam, Kappiyampuliyur post, Villupuram-605601.",VILUPPURAM fr,85.5,Not Available,Not Available,Not Available,Not Available,Not Available,Not Available,TNEA2025-00021,CIVIL ENGINEERING,ce
1436,"A.R.Engineering College, Vadakuchipalayam, Kappiyampuliyur post, Villupuram-605601.",VILUPPURAM fr,83.5,Not Available,Not Available,Not Available,Not Available,Not Available,Not Available,TNEA2025-00022,COMPUTER SCIENCE AND ENGINEERING,cs
1436,"A.R.Engineering College, Vadakuchipalayam, Kappiyampuliyur post, Villupuram-605601.",VILUPPURAM fr,91.5,Not Available,Not Available,Not Available,Not Available,Not Available,Not Available,TNEA2025-00023,ELECTRICAL AND ELECTRONICS ENGINEERING,ee
1436,"A.R.Engineering College, Vadakuchipalayam, Kappiyampuliyur post, Villupuram-605601.",VILUPPURAM fr,121,Not Available,Not Available,Not Available,Not Available,Not Available,Not Available,TNEA2025-00024,ELECTRONICS AND COMMUNICATION ENGINEERING,ec
1436,"A.R.Engineering College, Vadakuchipalayam, Kappiyampuliyur post, Villupuram-605601.",VILUPPURAM fr,121,Not Available,Not Available,Not Available,Not Available,Not Available,Not Available,TNEA2025-00025,MECHANICAL ENGINEERING,me
3821,"A.R.J College of Engineering and Technology, Thirumakkottai Main Road, Edayarnatham Village, Sundarakkottai (PO), Mannargudi Taluk, Thiruvarur-614001.",TIRUVARUR,134.5,96.5,98,83.5,Not Available,Not Available,Not Available,TNEA2025-00026,AGRICULTURAL ENGINEERING,ag
3821,"A.R.J College of Engineering and Technology, Thirumakkottai Main Road, Edayarnatham Village, Sundarakkottai (PO), Mannargudi Taluk, Thiruvarur-614001.",TIRUVARUR,108,96.5,98,83.5,Not Available,Not Available,Not Available,TNEA2025-00027,Artificial Intelligence and Data Science,ad
3821,"A.R.J College of Engineering and Technology, Thirumakkottai Main Road, Edayarnatham Village, Sundarakkottai (PO), Mannargudi Taluk, Thiruvarur-614001.",TIRUVARUR,89.5,96.5,98,83.5,Not Available,Not Available,Not Available,TNEA2025-00028,BIO MEDICAL ENGINEERING,bm
3821,"A.R.J College of Engineering and Technology, Thirumakkottai Main Road, Edayarnatham Village, Sundarakkottai (PO), Mannargudi Taluk, Thiruvarur-614001.",TIRUVARUR,89.5,96.5,98,83.5,Not Available,Not Available,Not Available,TNEA2025-00029,CIVIL ENGINEERING,ce
3821,"A.R.J College of Engineering and Technology, Thirumakkottai Main Road, Edayarnatham Village, Sundarakkottai (PO), Mannargudi Taluk, Thiruvarur-614001.",TIRUVARUR,86.5,96.5,98,83.5,Not Available,Not Available,Not Available,TNEA2025-00030,COMPUTER SCIENCE AND ENGINEERING,cs
3821,"A.R.J College of Engineering and Technology, Thirumakkottai Main Road, Edayarnatham Village, Sundarakkottai (PO), Mannargudi Taluk, Thiruvarur-614001.",TIRUVARUR,113.5,96.5,98,83.5,Not Available,Not Available,Not Available,TNEA2025-00031,ELECTRICAL AND ELECTRONICS ENGINEERING,ee
3821,"A.R.J College of Engineering and Technology, Thirumakkottai Main Road, Edayarnatham Village, Sundarakkottai (PO), Mannargudi Taluk, Thiruvarur-614001.",TIRUVARUR,90.5,82.5,87,83.5,Not Available,Not Available,Not Available,TNEA2025-00032,ELECTRONICS AND COMMUNICATION ENGINEERING,ec
3821,"A.R.J College of Engineering and Technology, Thirumakkottai Main Road, Edayarnatham Village, Sundarakkottai (PO), Mannargudi Taluk, Thiruvarur-614001.",TIRUVARUR,105,82.5,87,83.5,Not Available,Not Available,Not Available,TNEA2025-00033,MECHANICAL ENGINEERING,me
3801,"A.V.C. College of Engineering, Mannampandal, Mayiladuthurai, Nagapattinam-609305.",MAYILADUTHURAI f,168.5,134.5,167.5,138.5,101,101.5,Not Available,TNEA2025-00034,Artificial Intelligence and Data Science,ad
3801,"A.V.C. College of Engineering, Mannampandal, Mayiladuthurai, Nagapattinam-609305.",MAYILADUTHURAI f,117,134.5,167.5,96.5,95.5,101.5,Not Available,TNEA2025-00035,CIVIL ENGINEERING,ce
3801,"A.V.C. College of Engineering, Mannampandal, Mayiladuthurai, Nagapattinam-609305.",MAYILADUTHURAI f,165,125,152.5,145.5,105,101.5,Not Available,TNEA2025-00036,COMPUTER SCIENCE AND ENGINEERING,cs
3801,"A.V.C. College of Engineering, Mannampandal, Mayiladuthurai, Nagapattinam-609305.",MAYILADUTHURAI f,129.5,102.5,152.5,121,103,101.5,Not Available,TNEA2025-00037,ELECTRICAL AND ELECTRONICS ENGINEERING,ee
3801,"A.V.C. College of Engineering, Mannampandal, Mayiladuthurai, Nagapattinam-609305.",MAYILADUTHURAI f,147.5,98.5,143.5,136.5,106,101.5,Not Available,TNEA2025-00038,ELECTRONICS AND COMMUNICATION ENGINEERING,ec
3801,"A.V.C. College of Engineering, Mannampandal, Mayiladuthurai, Nagapattinam-609305.",MAYILADUTHURAI f,163,125.5,150,143.5,83,101.5,Not Available,TNEA2025-00039,INFORMATION TECHNOLOGY,it
3801,"A.V.C. College of Engineering, Mannampandal, Mayiladuthurai, Nagapattinam-609305.",MAYILADUTHURAI f,119,125.5,150,105,83,101.5,Not Available,TNEA2025-00040,INSTRUMENTATION AND CONTROL ENGINEERING,ic
3801,"A.V.C. College of Engineering, Mannampandal, Mayiladuthurai, Nagapattinam-609305.",MAYILADUTHURAI f,114.5,125.5,150,106.5,109.5,101.5,Not Available,TNEA2025-00041,MECHANICAL ENGINEERING,me
4680,"AAA College of Engineering and Technology, Amathur Village, Sivakasi, Virudhunagar-626123.",VIRUDHUNAGAR,162.5,135,115,144,101,95,Not Available,TNEA2025-00042,Artificial Intelligence and Data Science,ad
4680,"AAA College of Engineering and Technology, Amathur Village, Sivakasi, Virudhunagar-626123.",VIRUDHUNAGAR,124,102.5,115,144,98,95,Not Available,TNEA2025-00043,CIVIL ENGINEERING,ce
4680,"AAA College of Engineering and Technology, Amathur Village, Sivakasi, Virudhunagar-626123.",VIRUDHUNAGAR,154.5,140.5,136.5,120.5,115,122.5,Not Available,TNEA2025-00044,COMPUTER SCIENCE AND ENGINEERING,cs
4680,"AAA College of Engineering and Technology, Amathur Village, Sivakasi, Virudhunagar-626123.",VIRUDHUNAGAR,144,136,136.5,119.5,114.5,96.5,Not Available,TNEA2025-00045,Computer Science and Engineering (Cyber Security),sc
4680,"AAA College of Engineering and Technology, Amathur Village, Sivakasi, Virudhunagar-626123.",VIRUDHUNAGAR,138,108,134.5,104.5,99.5,116.5,Not Available,TNEA2025-00046,ELECTRICAL AND ELECTRONICS ENGINEERING,ee
4680,"AAA College of Engineering and Technology, Amathur Village, Sivakasi, Virudhunagar-626123.",VIRUDHUNAGAR,163.5,142.5,134.5,120,122,123,Not Available,TNEA2025-00047,ELECTRONICS AND COMMUNICATION ENGINEERING,ec
4680,"AAA College of Engineering and Technology, Amathur Village, Sivakasi, Virudhunagar-626123.",VIRUDHUNAGAR,144,134,123,113.5,108,84.5,Not Available,TNEA2025-00048,INFORMATION TECHNOLOGY,it
4680,"AAA College of Engineering and Technology, Amathur Village, Sivakasi, Virudhunagar-626123.",VIRUDHUNAGAR,118,84.5,123,94,92,118,Not Available,TNEA2025-00049,MECHANICAL ENGINEERING,me
2652,"AL-Ameen Engineering College (Autonomous), Karundevanpalayam, Nanjai Uthukkuli Post, Erode District-638104.",ERODE f,124.5,93.5,123,103,104,104.5,Not Available,TNEA2025-00050,Artificial Intelligence and Data Science,ad
2652,"AL-Ameen Engineering College (Autonomous), Karundevanpalayam, Nanjai Uthukkuli Post, Erode District-638104.",ERODE f,103.5,93.5,101,93.5,104,104.5,Not Available,TNEA2025-00051,COMPUTER SCIENCE AND ENGINEERING,cs
2652,"AL-Ameen Engineering College (Autonomous), Karundevanpalayam, Nanjai Uthukkuli Post, Erode District-638104.",ERODE f,91,93.5,101,93.5,104,104.5,Not Available,TNEA2025-00052,ELECTRICAL AND ELECTRONICS ENGINEERING,ee
2652,"AL-Ameen Engineering College (Autonomous), Karundevanpalayam, Nanjai Uthukkuli Post, Erode District-638104.",ERODE f,103.5,93.5,96.5,93.5,104,104.5,Not Available,TNEA2025-00053,ELECTRONICS AND COMMUNICATION ENGINEERING,ec
2652,"AL-Ameen Engineering College (Autonomous), Karundevanpalayam, Nanjai Uthukkuli Post, Erode District-638104.",ERODE f,113.5,92.5,107,93.5,86.5,108.5,Not Available,TNEA2025-00054,INFORMATION TECHNOLOGY,it
2652,"AL-Ameen Engineering College (Autonomous), Karundevanpalayam, Nanjai Uthukkuli Post, Erode District-638104.",ERODE f,100,92.5,107,93.5,86.5,108.5,Not Available,TNEA2025-00055,MECHANICAL ENGINEERING,me
1232,"ARM College of Engineering and Technology, Sattamangalam, Maraimalainagar Post, Chengalpattu Taluk, Kanchipuram Dist-603209.",Chengalpattu,88,Not Available,Not Available,Not Available,Not Available,Not Available,Not Available,TNEA2025-00056,Artificial Intelligence and Data Science,ad
1232,"ARM College of Engineering and Technology, Sattamangalam, Maraimalainagar Post, Chengalpattu Taluk, Kanchipuram Dist-603209.",Chengalpattu,88,Not Available,Not Available,Not Available,Not Available,Not Available,Not Available,TNEA2025-00057,CIVIL ENGINEERING,ce
1232,"ARM College of Engineering and Technology, Sattamangalam, Maraimalainagar Post, Chengalpattu Taluk, Kanchipuram Dist-603209.",Chengalpattu,114,Not Available,Not Available,Not Available,Not Available,Not Available,Not Available,TNEA2025-00058,COMPUTER SCIENCE AND ENGINEERING,cs
1232,"ARM College of Engineering and Technology, Sattamangalam, Maraimalainagar Post, Chengalpattu Taluk, Kanchipuram Dist-603209.",Chengalpattu,91,Not Available,Not Available,Not Available,Not Available,Not Available,Not Available,TNEA2025-00059,Computer Science and Engineering (Cyber Security),sc
1232,"ARM College of Engineering and Technology, Sattamangalam, Maraimalainagar Post, Chengalpattu Taluk, Kanchipuram Dist-603209.",Chengalpattu,91,Not Available,Not Available,Not Available,Not Available,Not Available,Not Available,TNEA2025-00060,ELECTRICAL AND ELECTRONICS ENGINEERING,ee
1232,"ARM College of Engineering and Technology, Sattamangalam, Maraimalainagar Post, Chengalpattu Taluk, Kanchipuram Dist-603209.",Chengalpattu,85,Not Available,Not Available,Not Available,Not Available,Not Available,Not Available,TNEA2025-00061,ELECTRONICS AND COMMUNICATION ENGINEERING,ec
1232,"ARM College of Engineering and Technology, Sattamangalam, Maraimalainagar Post, Chengalpattu Taluk, Kanchipuram Dist-603209.",Chengalpattu,84,Not Available,Not Available,Not Available,Not Available,Not Available,Not Available,TNEA2025-00062,INFORMATION TECHNOLOGY,it
1232,"ARM College of Engineering and Technology, Sattamangalam, Maraimalainagar Post, Chengalpattu Taluk, Kanchipuram Dist-603209.",Chengalpattu,84,Not Available,Not Available,Not Available,Not Available,Not Available,Not Available,TNEA2025-00063,MECHANICAL ENGINEERING,me
2636,"AVS Engineering College, Military Road, Ammapet, Salem-636003.",SALEM,127,84,101,107,79,80,104,TNEA2025-00064,Artificial Intelligence and Data Science,ad
2636,"AVS Engineering College, Military Road, Ammapet, Salem-636003.",SALEM,144,82,126,135,104,137,104,TNEA2025-00065,BIO MEDICAL ENGINEERING,bm
2636,"AVS Engineering College, Military Road, Ammapet, Salem-636003.",SALEM,109,90,126,101,80.5,104,104,TNEA2025-00066,CIVIL ENGINEERING,ce
2636,"AVS Engineering College, Military Road, Ammapet, Salem-636003.",SALEM,131.5,84.5,93,110,84.5,112,86,TNEA2025-00067,COMPUTER SCIENCE AND ENGINEERING,cs
2636,"AVS Engineering College, Military Road, Ammapet, Salem-636003.",SALEM,125,89.5,99.5,102.5,88,100,86,TNEA2025-00068,ELECTRICAL AND ELECTRONICS ENGINEERING,ee
2636,"AVS Engineering College, Military Road, Ammapet, Salem-636003.",SALEM,127,95.5,94,104.5,92,101,99,TNEA2025-00069,ELECTRONICS AND COMMUNICATION ENGINEERING,ec
2636,"AVS Engineering College, Military Road, Ammapet, Salem-636003.",SALEM,137.5,88.5,94,105.5,90,109,99,TNEA2025-00070,INFORMATION TECHNOLOGY,it
2636,"AVS Engineering College, Military Road, Ammapet, Salem-636003.",SALEM,120,85,95,101.5,91,102.5,99,TNEA2025-00071,MECHANICAL ENGINEERING,me
1101,"Aalim Muhammed Salegh College of Engineering, Nizara Educational Campus Muthapudupet, Avadi - IAF, Chennai-600055.",TIRUVALLUR,152.5,117,150.5,109.5,125,Not Available,Not Available,TNEA2025-00072,Artificial Intelligence and Data Science,ad
1101,"Aalim Muhammed Salegh College of Engineering, Nizara Educational Campus Muthapudupet, Avadi - IAF, Chennai-600055.",TIRUVALLUR,134.5,98,134.5,111,125,Not Available,Not Available,TNEA2025-00073,COMPUTER SCIENCE AND BUSSINESS SYSTEM,cb
1101,"Aalim Muhammed Salegh College of Engineering, Nizara Educational Campus Muthapudupet, Avadi - IAF, Chennai-600055.",TIRUVALLUR,148,89,145,96.5,130,Not Available,Not Available,TNEA2025-00074,COMPUTER SCIENCE AND ENGINEERING,cs
1101,"Aalim Muhammed Salegh College of Engineering, Nizara Educational Campus Muthapudupet, Avadi - IAF, Chennai-600055.",TIRUVALLUR,147.5,100.5,145.5,120,105.5,Not Available,Not Available,TNEA2025-00075,COMPUTER SCIENCE AND ENGINEERING (AI AND MACHINE LEARNING),am
1101,"Aalim Muhammed Salegh College of Engineering, Nizara Educational Campus Muthapudupet, Avadi - IAF, Chennai-600055.",TIRUVALLUR,137.5,106,136,126,108,Not Available,Not Available,TNEA2025-00076,Computer Science and Engineering (Cyber Security),sc
1101,"Aalim Muhammed Salegh College of Engineering, Nizara Educational Campus Muthapudupet, Avadi - IAF, Chennai-600055.",TIRUVALLUR,119.5,101.5,136,126,108,Not Available,Not Available,TNEA2025-00077,ELECTRICAL AND ELECTRONICS ENGINEERING,ee
1101,"Aalim Muhammed Salegh College of Engineering, Nizara Educational Campus Muthapudupet, Avadi - IAF, Chennai-600055.",TIRUVALLUR,138,94.5,137,100.5,108,Not Available,Not Available,TNEA2025-00078,ELECTRONICS AND COMMUNICATION ENGINEERING,ec
1101,"Aalim Muhammed Salegh College of Engineering, Nizara Educational Campus Muthapudupet, Avadi - IAF, Chennai-600055.",TIRUVALLUR,142.5,105.5,137.5,130.5,87,Not Available,Not Available,TNEA2025-00079,INFORMATION TECHNOLOGY,it
1101,"Aalim Muhammed Salegh College of Engineering, Nizara Educational Campus Muthapudupet, Avadi - IAF, Chennai-600055.",TIRUVALLUR,105.5,105.5,137.5,130.5,87,Not Available,Not Available,TNEA2025-00080,MECHANICAL ENGINEERING,me
1233,"Adhi College of Engineering and Technology, No. 6, Munu Adhi Nagar, Sankarapuram, Puliambakkam Post, Near Wallajabad Kancheepuram-631605.",KANCHIPURAM,139.5,112.5,99.5,130,126,Not Available,113,TNEA2025-00081,Artificial Intelligence and Data Science,ad
1233,"Adhi College of Engineering and Technology, No. 6, Munu Adhi Nagar, Sankarapuram, Puliambakkam Post, Near Wallajabad Kancheepuram-631605.",KANCHIPURAM,132.5,90.5,99.5,97.5,98.5,Not Available,113,TNEA2025-00082,COMPUTER SCIENCE AND ENGINEERING,cs
1233,"Adhi College of Engineering and Technology, No. 6, Munu Adhi Nagar, Sankarapuram, Puliambakkam Post, Near Wallajabad Kancheepuram-631605.",KANCHIPURAM,81,90.5,99.5,97.5,98.5,Not Available,113,TNEA2025-00083,ELECTRICAL AND ELECTRONICS ENGINEERING,ee
1233,"Adhi College of Engineering and Technology, No. 6, Munu Adhi Nagar, Sankarapuram, Puliambakkam Post, Near Wallajabad Kancheepuram-631605.",KANCHIPURAM,115,89.5,99.5,87.5,100,Not Available,113,TNEA2025-00084,ELECTRONICS AND COMMUNICATION ENGINEERING,ec
1233,"Adhi College of Engineering and Technology, No. 6, Munu Adhi Nagar, Sankarapuram, Puliambakkam Post, Near Wallajabad Kancheepuram-631605.",KANCHIPURAM,139,114.5,99.5,126.5,102.5,Not Available,113,TNEA2025-00085,INFORMATION TECHNOLOGY,it
1233,"Adhi College of Engineering and Technology, No. 6, Munu Adhi Nagar, Sankarapuram, Puliambakkam Post, Near Wallajabad Kancheepuram-631605.",KANCHIPURAM,86.5,114.5,99.5,126.5,102.5,Not Available,113,TNEA2025-00086,MECHANICAL ENGINEERING,me
1501,"Adhiparasakthi College of Engineering, G.B.Nagar, Kalavai, Arcot Taluk, Vellore District-632506.",RANIPET,140.5,90.5,128,128.5,124.5,Not Available,Not Available,TNEA2025-00087,Artificial Intelligence and Data Science,ad
1501,"Adhiparasakthi College of Engineering, G.B.Nagar, Kalavai, Arcot Taluk, Vellore District-632506.",RANIPET,105,90.5,128,128.5,124.5,Not Available,Not Available,TNEA2025-00088,CIVIL ENGINEERING,ce
1501,"Adhiparasakthi College of Engineering, G.B.Nagar, Kalavai, Arcot Taluk, Vellore District-632506.",RANIPET,145.5,135,128,127.5,104,Not Available,Not Available,TNEA2025-00089,COMPUTER SCIENCE AND ENGINEERING,cs
1501,"Adhiparasakthi College of Engineering, G.B.Nagar, Kalavai, Arcot Taluk, Vellore District-632506.",RANIPET,127.5,111,128,110,104,Not Available,Not Available,TNEA2025-00090,Computer Science and Engineering (Cyber Security),sc
1501,"Adhiparasakthi College of Engineering, G.B.Nagar, Kalavai, Arcot Taluk, Vellore District-632506.",RANIPET,114.5,82.5,128,109,106.5,Not Available,Not Available,TNEA2025-00091,ELECTRICAL AND ELECTRONICS ENGINEERING,ee
1501,"Adhiparasakthi College of Engineering, G.B.Nagar, Kalavai, Arcot Taluk, Vellore District-632506.",RANIPET,140.5,114,139,127.5,116,Not Available,Not Available,TNEA2025-00092,ELECTRONICS AND COMMUNICATION ENGINEERING,ec
1501,"Adhiparasakthi College of Engineering, G.B.Nagar, Kalavai, Arcot Taluk, Vellore District-632506.",RANIPET,143,125.5,106.5,123,110.5,Not Available,Not Available,TNEA2025-00093,INFORMATION TECHNOLOGY,it
1501,"Adhiparasakthi College of Engineering, G.B.Nagar, Kalavai, Arcot Taluk, Vellore District-632506.",RANIPET,111.5,99,106.5,100.5,110.5,Not Available,Not Available,TNEA2025-00094,MECHANICAL ENGINEERING,me
1401,"Adhiparasakthi Engineering College, Melmaruvathur, Cheyyur Taluk, Kancheepuram District-603319.",CHENGALPATTU f,92.5,116.5,124,131.5,109.5,107,Not Available,TNEA2025-00095,CHEMICAL ENGINEERING,ch
1401,"Adhiparasakthi Engineering College, Melmaruvathur, Cheyyur Taluk, Kancheepuram District-603319.",CHENGALPATTU f,84,116.5,124,131.5,109.5,107,Not Available,TNEA2025-00096,CIVIL ENGINEERING,ce
1401,"Adhiparasakthi Engineering College, Melmaruvathur, Cheyyur Taluk, Kancheepuram District-603319.",CHENGALPATTU f,151.5,116.5,124,131.5,109.5,107,Not Available,TNEA2025-00097,COMPUTER SCIENCE AND ENGINEERING,cs
1401,"Adhiparasakthi Engineering College, Melmaruvathur, Cheyyur Taluk, Kancheepuram District-603319.",CHENGALPATTU f,150.5,111.5,146.5,133,111.5,107,Not Available,TNEA2025-00098,COMPUTER SCIENCE AND ENGINEERING (AI AND MACHINE LEARNING),am
1401,"Adhiparasakthi Engineering College, Melmaruvathur, Cheyyur Taluk, Kancheepuram District-603319.",CHENGALPATTU f,93.5,111.5,146.5,133,111.5,107,Not Available,TNEA2025-00099,ELECTRICAL AND ELECTRONICS ENGINEERING,ee
1401,"Adhiparasakthi Engineering College, Melmaruvathur, Cheyyur Taluk, Kancheepuram District-603319.",CHENGALPATTU f,125,108,89,95.5,110,107,Not Available,TNEA2025-00100,ELECTRONICS AND COMMUNICATION ENGINEERING,ec
1401,"Adhiparasakthi Engineering College, Melmaruvathur, Cheyyur Taluk, Kancheepuram District-603319.",CHENGALPATTU f,146.5,124.5,119,131,91.5,107,Not Available,TNEA2025-00101,INFORMATION TECHNOLOGY,it
1401,"Adhiparasakthi Engineering College, Melmaruvathur, Cheyyur Taluk, Kancheepuram District-603319.",CHENGALPATTU f,88.5,124.5,119,131,91.5,107,Not Available,TNEA2025-00102,MECHANICAL ENGINEERING,me
2601,"Adhiyamaan College of Engineering (Autonomous), Aeri Campus, Dr.M.G.R.Nagar, Hosur, Krishnagiri District-635109.",KRISHNAGIRI,83.5,142.5,138.5,144.5,119,112,Not Available,TNEA2025-00103,AERONAUTICAL ENGINEERING,ae
2601,"Adhiyamaan College of Engineering (Autonomous), Aeri Campus, Dr.M.G.R.Nagar, Hosur, Krishnagiri District-635109.",KRISHNAGIRI,160,142.5,138.5,144.5,119,112,Not Available,TNEA2025-00104,Artificial Intelligence and Data Science,ad
2601,"Adhiyamaan College of Engineering (Autonomous), Aeri Campus, Dr.M.G.R.Nagar, Hosur, Krishnagiri District-635109.",KRISHNAGIRI,116.5,91,138.5,96,119,112,Not Available,TNEA2025-00105,BIO MEDICAL ENGINEERING,bm
2601,"Adhiyamaan College of Engineering (Autonomous), Aeri Campus, Dr.M.G.R.Nagar, Hosur, Krishnagiri District-635109.",KRISHNAGIRI,136.5,99.5,122.5,117.5,103.5,112,Not Available,TNEA2025-00106,BIO TECHNOLOGY,bt
2601,"Adhiyamaan College of Engineering (Autonomous), Aeri Campus, Dr.M.G.R.Nagar, Hosur, Krishnagiri District-635109.",KRISHNAGIRI,86,99.5,122.5,117.5,103.5,112,Not Available,TNEA2025-00107,CHEMICAL ENGINEERING,ch
2601,"Adhiyamaan College of Engineering (Autonomous), Aeri Campus, Dr.M.G.R.Nagar, Hosur, Krishnagiri District-635109.",KRISHNAGIRI,100.5,99.5,122.5,117.5,103.5,112,Not Available,TNEA2025-00108,CIVIL ENGINEERING,ce
2601,"Adhiyamaan College of Engineering (Autonomous), Aeri Campus, Dr.M.G.R.Nagar, Hosur, Krishnagiri District-635109.",KRISHNAGIRI,161,142,148.5,136,105.5,112,Not Available,TNEA2025-00109,COMPUTER SCIENCE AND ENGINEERING,cs
2601,"Adhiyamaan College of Engineering (Autonomous), Aeri Campus, Dr.M.G.R.Nagar, Hosur, Krishnagiri District-635109.",KRISHNAGIRI,145.5,134.5,142.5,129,105,112,Not Available,TNEA2025-00110,Computer Science and Engineering (Cyber Security),sc
2601,"Adhiyamaan College of Engineering (Autonomous), Aeri Campus, Dr.M.G.R.Nagar, Hosur, Krishnagiri District-635109.",KRISHNAGIRI,122.5,110.5,142.5,107.5,101,112,Not Available,TNEA2025-00111,ELECTRICAL AND ELECTRONICS ENGINEERING,ee
2601,"Adhiyamaan College of Engineering (Autonomous), Aeri Campus, Dr.M.G.R.Nagar, Hosur, Krishnagiri District-635109.",KRISHNAGIRI,148,128,136,131,89,112,Not Available,TNEA2025-00112,ELECTRONICS AND COMMUNICATION ENGINEERING,ec
2601,"Adhiyamaan College of Engineering (Autonomous), Aeri Campus, Dr.M.G.R.Nagar, Hosur, Krishnagiri District-635109.",KRISHNAGIRI,151,140.5,145,138.5,101.5,136.5,Not Available,TNEA2025-00113,INFORMATION TECHNOLOGY,it
2601,"Adhiyamaan College of Engineering (Autonomous), Aeri Campus, Dr.M.G.R.Nagar, Hosur, Krishnagiri District-635109.",KRISHNAGIRI,110.5,95.5,145,92.5,101.5,136.5,Not Available,TNEA2025-00114,MECHANICAL ENGINEERING,me
2744,"Adithya Institute of Technology (Autonomous), S.F.No. 348/1, 349/1, Kurumbapalayam, SS Kulam(PO), Coimbatore-641107.",COIMBATORE,158,148,156,144.5,84,106,84.5,TNEA2025-00115,Artificial Intelligence and Data Science,ad
2744,"Adithya Institute of Technology (Autonomous), S.F.No. 348/1, 349/1, Kurumbapalayam, SS Kulam(PO), Coimbatore-641107.",COIMBATORE,112.5,148,156,99,84,106,84.5,TNEA2025-00116,CIVIL ENGINEERING,ce
2744,"Adithya Institute of Technology (Autonomous), S.F.No. 348/1, 349/1, Kurumbapalayam, SS Kulam(PO), Coimbatore-641107.",COIMBATORE,159,147.5,139.5,142.5,84,106,84.5,TNEA2025-00117,COMPUTER SCIENCE AND ENGINEERING,cs
2744,"Adithya Institute of Technology (Autonomous), S.F.No. 348/1, 349/1, Kurumbapalayam, SS Kulam(PO), Coimbatore-641107.",COIMBATORE,144.5,142,139.5,125.5,101,106,84.5,TNEA2025-00118,ELECTRICAL AND ELECTRONICS ENGINEERING,ee
2744,"Adithya Institute of Technology (Autonomous), S.F.No. 348/1, 349/1, Kurumbapalayam, SS Kulam(PO), Coimbatore-641107.",COIMBATORE,152.5,146,101,141,101,106,84.5,TNEA2025-00119,ELECTRONICS AND COMMUNICATION ENGINEERING,ec
2744,"Adithya Institute of Technology (Autonomous), S.F.No. 348/1, 349/1, Kurumbapalayam, SS Kulam(PO), Coimbatore-641107.",COIMBATORE,155.5,149,135.5,141.5,101,106,84.5,TNEA2025-00120,INFORMATION TECHNOLOGY,it
2744,"Adithya Institute of Technology (Autonomous), S.F.No. 348/1, 349/1, Kurumbapalayam, SS Kulam(PO), Coimbatore-641107.",COIMBATORE,110.5,93,108,91.5,101,106,84.5,TNEA2025-00121,MECHANICAL ENGINEERING,me
1316,"Agni College of Technology (Autonomous), Thalambur Off.Rajiv Gandhi Salai, Chengalpattu Taluk, Kancheepuram District-603103.",CHENGALPATTU,157,141.5,157,142,136,122,97.5,TNEA2025-00122,Artificial Intelligence and Data Science,ad
1316,"Agni College of Technology (Autonomous), Thalambur Off.Rajiv Gandhi Salai, Chengalpattu Taluk, Kancheepuram District-603103.",CHENGALPATTU,136,86,157,112,103.5,122,97.5,TNEA2025-00123,BIO MEDICAL ENGINEERING,bm
1316,"Agni College of Technology (Autonomous), Thalambur Off.Rajiv Gandhi Salai, Chengalpattu Taluk, Kancheepuram District-603103.",CHENGALPATTU,130,99,113,115,96.5,122,97.5,TNEA2025-00124,CHEMICAL ENGINEERING,ch
1316,"Agni College of Technology (Autonomous), Thalambur Off.Rajiv Gandhi Salai, Chengalpattu Taluk, Kancheepuram District-603103.",CHENGALPATTU,129,107,113,106.5,108.5,122,97.5,TNEA2025-00125,CIVIL ENGINEERING,ce
1316,"Agni College of Technology (Autonomous), Thalambur Off.Rajiv Gandhi Salai, Chengalpattu Taluk, Kancheepuram District-603103.",CHENGALPATTU,154,139.5,128,134.5,112,112,97.5,TNEA2025-00126,COMPUTER SCIENCE AND ENGINEERING,cs
1316,"Agni College of Technology (Autonomous), Thalambur Off.Rajiv Gandhi Salai, Chengalpattu Taluk, Kancheepuram District-603103.",CHENGALPATTU,148,132,128,119,103,112,97.5,TNEA2025-00127,ELECTRICAL AND ELECTRONICS ENGINEERING,ee
1316,"Agni College of Technology (Autonomous), Thalambur Off.Rajiv Gandhi Salai, Chengalpattu Taluk, Kancheepuram District-603103.",CHENGALPATTU,158,142,136.5,135.5,111.5,112,97.5,TNEA2025-00128,ELECTRONICS AND COMMUNICATION ENGINEERING,ec
1316,"Agni College of Technology (Autonomous), Thalambur Off.Rajiv Gandhi Salai, Chengalpattu Taluk, Kancheepuram District-603103.",CHENGALPATTU,145,136.5,121,132,116,112,97.5,TNEA2025-00129,INFORMATION TECHNOLOGY,it
1316,"Agni College of Technology (Autonomous), Thalambur Off.Rajiv Gandhi Salai, Chengalpattu Taluk, Kancheepuram District-603103.",CHENGALPATTU,125.5,100.5,121,103.5,115.5,112,97.5,TNEA2025-00130,MECHANICAL ENGINEERING,me
1316,"Agni College of Technology (Autonomous), Thalambur Off.Rajiv Gandhi Salai, Chengalpattu Taluk, Kancheepuram District-603103.",CHENGALPATTU,142.5,117.5,115.5,122.5,101.5,112,97.5,TNEA2025-00131,Mechatronics Engineering,mz
2332,"Aishwarya College of Engineering and Technology, Errattaikarad, Paruvachi (Post), Anthiyur, Bhavani (Taluk), Erode District-638312.",ERODE,83.5,Not Available,Not Available,Not Available,Not Available,Not Available,Not Available,TNEA2025-00132,Artificial Intelligence and Data Science,ad
2332,"Aishwarya College of Engineering and Technology, Errattaikarad, Paruvachi (Post), Anthiyur, Bhavani (Taluk), Erode District-638312.",ERODE,83.5,Not Available,Not Available,Not Available,Not Available,Not Available,Not Available,TNEA2025-00133,CIVIL ENGINEERING,ce
2332,"Aishwarya College of Engineering and Technology, Errattaikarad, Paruvachi (Post), Anthiyur, Bhavani (Taluk), Erode District-638312.",ERODE,96.5,Not Available,Not Available,Not Available,Not Available,Not Available,Not Available,TNEA2025-00134,COMPUTER SCIENCE AND ENGINEERING,cs
2332,"Aishwarya College of Engineering and Technology, Errattaikarad, Paruvachi (Post), Anthiyur, Bhavani (Taluk), Erode District-638312.",ERODE,96.5,Not Available,Not Available,Not Available,Not Available,Not Available,Not Available,TNEA2025-00135,ELECTRICAL AND ELECTRONICS ENGINEERING,ee
2332,"Aishwarya College of Engineering and Technology, Errattaikarad, Paruvachi (Post), Anthiyur, Bhavani (Taluk), Erode District-638312.",ERODE,96.5,Not Available,Not Available,Not Available,Not Available,Not Available,Not Available,TNEA2025-00136,ELECTRONICS AND COMMUNICATION ENGINEERING,ec
2332,"Aishwarya College of Engineering and Technology, Errattaikarad, Paruvachi (Post), Anthiyur, Bhavani (Taluk), Erode District-638312.",ERODE,144.99,Not Available,Not Available,Not Available,Not Available,Not Available,Not Available,TNEA2025-00137,MECHANICAL ENGINEERING,me
2763,"Akshaya College of Engineering and Technology, SF No.112/1CPT, 114/1, 115/1, 116/2C, Bagavathipalayam Road, Kinathukadavu, Coimbatore-642109.",COIMBATORE,148,138.5,129,130.5,85,123.5,85.5,TNEA2025-00138,Artificial Intelligence and Data Science,ad
2763,"Akshaya College of Engineering and Technology, SF No.112/1CPT, 114/1, 115/1, 116/2C, Bagavathipalayam Road, Kinathukadavu, Coimbatore-642109.",COIMBATORE,82,138.5,129,130.5,85,123.5,85.5,TNEA2025-00139,CIVIL ENGINEERING,ce
2763,"Akshaya College of Engineering and Technology, SF No.112/1CPT, 114/1, 115/1, 116/2C, Bagavathipalayam Road, Kinathukadavu, Coimbatore-642109.",COIMBATORE,133,124.5,99.5,121.5,104.5,107.5,85.5,TNEA2025-00140,COMPUTER SCIENCE AND BUSSINESS SYSTEM,cb
2763,"Akshaya College of Engineering and Technology, SF No.112/1CPT, 114/1, 115/1, 116/2C, Bagavathipalayam Road, Kinathukadavu, Coimbatore-642109.",COIMBATORE,144.5,121,136,113.5,95,131,85.5,TNEA2025-00141,COMPUTER SCIENCE AND ENGINEERING,cs
2763,"Akshaya College of Engineering and Technology, SF No.112/1CPT, 114/1, 115/1, 116/2C, Bagavathipalayam Road, Kinathukadavu, Coimbatore-642109.",COIMBATORE,113.5,92,80,86.5,84.5,131,85.5,TNEA2025-00142,ELECTRICAL AND ELECTRONICS ENGINEERING,ee
2763,"Akshaya College of Engineering and Technology, SF No.112/1CPT, 114/1, 115/1, 116/2C, Bagavathipalayam Road, Kinathukadavu, Coimbatore-642109.",COIMBATORE,137,110.5,80,111,92.5,92.5,85.5,TNEA2025-00143,ELECTRONICS AND COMMUNICATION ENGINEERING,ec
2763,"Akshaya College of Engineering and Technology, SF No.112/1CPT, 114/1, 115/1, 116/2C, Bagavathipalayam Road, Kinathukadavu, Coimbatore-642109.",COIMBATORE,103,82.5,90,101.5,90,92.5,85.5,TNEA2025-00144,MECHANICAL ENGINEERING,me
2763,"Akshaya College of Engineering and Technology, SF No.112/1CPT, 114/1, 115/1, 116/2C, Bagavathipalayam Road, Kinathukadavu, Coimbatore-642109.",COIMBATORE,113.5,104,108,93,82.5,92.5,85.5,TNEA2025-00145,Mechatronics Engineering,mz
5901,Alagappa Chettair Government College of Engineering and Technology (Autonomous) Karaikudi Sivagangai District 630004,SIVAGANGAI,179,172,169,170,161.5,145,134,TNEA2025-00146,CIVIL ENGINEERING,ce
5901,Alagappa Chettair Government College of Engineering and Technology (Autonomous) Karaikudi Sivagangai District 630004,SIVAGANGAI,191,189,190,189,175.5,157,134,TNEA2025-00147,COMPUTER SCIENCE AND ENGINEERING,cs
5901,Alagappa Chettair Government College of Engineering and Technology (Autonomous) Karaikudi Sivagangai District 630004,SIVAGANGAI,185,182,180,177.5,163,136,161.5,TNEA2025-00148,ELECTRICAL AND ELECTRONICS ENGINEERING,ee
5901,Alagappa Chettair Government College of Engineering and Technology (Autonomous) Karaikudi Sivagangai District 630004,SIVAGANGAI,189.5,188,185.5,188,178.5,152.5,161.5,TNEA2025-00149,ELECTRONICS AND COMMUNICATION ENGINEERING,ec
5901,Alagappa Chettair Government College of Engineering and Technology (Autonomous) Karaikudi Sivagangai District 630004,SIVAGANGAI,173,166,165,160,156,136.5,126,TNEA2025-00150,MECHANICAL ENGINEERING,me
1228,"Alpha College of Engineering, No.34, Udayavar Kovil Street, Thirumazhisai, Chennai-600124.",TIRUVALLUR,119.5,99,108.5,102,85,Not Available,Not Available,TNEA2025-00151,Artificial Intelligence and Data Science,ad
1228,"Alpha College of Engineering, No.34, Udayavar Kovil Street, Thirumazhisai, Chennai-600124.",TIRUVALLUR,121,99,108.5,102,85,Not Available,Not Available,TNEA2025-00152,BIO MEDICAL ENGINEERING,bm
1228,"Alpha College of Engineering, No.34, Udayavar Kovil Street, Thirumazhisai, Chennai-600124.",TIRUVALLUR,127,101.5,116,107.5,85,Not Available,Not Available,TNEA2025-00153,COMPUTER SCIENCE AND ENGINEERING,cs
1228,"Alpha College of Engineering, No.34, Udayavar Kovil Street, Thirumazhisai, Chennai-600124.",TIRUVALLUR,85.5,101.5,116,107.5,85,Not Available,Not Available,TNEA2025-00154,Computer Science and Engineering (Cyber Security),sc
1228,"Alpha College of Engineering, No.34, Udayavar Kovil Street, Thirumazhisai, Chennai-600124.",TIRUVALLUR,110,107.5,116,109.5,85,Not Available,Not Available,TNEA2025-00155,ELECTRONICS AND COMMUNICATION ENGINEERING,ec
1228,"Alpha College of Engineering, No.34, Udayavar Kovil Street, Thirumazhisai, Chennai-600124.",TIRUVALLUR,88,107.5,116,109.5,85,Not Available,Not Available,TNEA2025-00156,INFORMATION TECHNOLOGY,it
1228,"Alpha College of Engineering, No.34, Udayavar Kovil Street, Thirumazhisai, Chennai-600124.",TIRUVALLUR,82.5,107.5,116,109.5,85,Not Available,Not Available,TNEA2025-00157,ROBOTICS AND AUTOMATION,rm
1303,"Anand Institute of Higher Technology, Kalasalingam Nagar, Old Mahabalipuram Road, Kazhipattur Village, Chengalpattu Taluk, Kancheepuram District-603103.",CHENGALPATTU,136.5,96.5,100,103,109.5,Not Available,Not Available,TNEA2025-00158,AGRICULTURAL ENGINEERING,ag
1303,"Anand Institute of Higher Technology, Kalasalingam Nagar, Old Mahabalipuram Road, Kazhipattur Village, Chengalpattu Taluk, Kancheepuram District-603103.",CHENGALPATTU,136.5,96.5,100,103,109.5,Not Available,Not Available,TNEA2025-00159,Artificial Intelligence and Data Science,ad
1303,"Anand Institute of Higher Technology, Kalasalingam Nagar, Old Mahabalipuram Road, Kazhipattur Village, Chengalpattu Taluk, Kancheepuram District-603103.",CHENGALPATTU,115,96.5,100,95.5,91.5,Not Available,Not Available,TNEA2025-00160,BIO TECHNOLOGY,bt
1303,"Anand Institute of Higher Technology, Kalasalingam Nagar, Old Mahabalipuram Road, Kazhipattur Village, Chengalpattu Taluk, Kancheepuram District-603103.",CHENGALPATTU,113.5,99.5,100,96.5,104,Not Available,Not Available,TNEA2025-00161,COMPUTER SCIENCE AND BUSSINESS SYSTEM,cb
1303,"Anand Institute of Higher Technology, Kalasalingam Nagar, Old Mahabalipuram Road, Kazhipattur Village, Chengalpattu Taluk, Kancheepuram District-603103.",CHENGALPATTU,139,116,104.5,88,104,Not Available,Not Available,TNEA2025-00162,COMPUTER SCIENCE AND ENGINEERING,cs
1303,"Anand Institute of Higher Technology, Kalasalingam Nagar, Old Mahabalipuram Road, Kazhipattur Village, Chengalpattu Taluk, Kancheepuram District-603103.",CHENGALPATTU,91,82,104.5,86.5,104,Not Available,Not Available,TNEA2025-00163,ELECTRICAL AND ELECTRONICS ENGINEERING,ee
1303,"Anand Institute of Higher Technology, Kalasalingam Nagar, Old Mahabalipuram Road, Kazhipattur Village, Chengalpattu Taluk, Kancheepuram District-603103.",CHENGALPATTU,119.5,95,104.5,99,91.5,Not Available,Not Available,TNEA2025-00164,ELECTRONICS AND COMMUNICATION ENGINEERING,ec
1303,"Anand Institute of Higher Technology, Kalasalingam Nagar, Old Mahabalipuram Road, Kazhipattur Village, Chengalpattu Taluk, Kancheepuram District-603103.",CHENGALPATTU,128.5,107,104.5,104.5,103,Not Available,Not Available,TNEA2025-00165,INFORMATION TECHNOLOGY,it
1303,"Anand Institute of Higher Technology, Kalasalingam Nagar, Old Mahabalipuram Road, Kazhipattur Village, Chengalpattu Taluk, Kancheepuram District-603103.",CHENGALPATTU,87.5,107,104.5,104.5,103,Not Available,Not Available,TNEA2025-00166,MECHANICAL ENGINEERING,me
2733,"Angel College of Engineering and Technology, PK Palayam PO, Dharapuram Main Road, Ugayanur village, Tiruppur-641665.",TIRUPPUR,105,Not Available,Not Available,Not Available,Not Available,Not Available,Not Available,TNEA2025-00167,CIVIL ENGINEERING,ce
2733,"Angel College of Engineering and Technology, PK Palayam PO, Dharapuram Main Road, Ugayanur village, Tiruppur-641665.",TIRUPPUR,105,Not Available,Not Available,Not Available,Not Available,Not Available,Not Available,TNEA2025-00168,COMPUTER SCIENCE AND ENGINEERING,cs
2733,"Angel College of Engineering and Technology, PK Palayam PO, Dharapuram Main Road, Ugayanur village, Tiruppur-641665.",TIRUPPUR,105,Not Available,Not Available,Not Available,Not Available,Not Available,Not Available,TNEA2025-00169,ELECTRICAL AND ELECTRONICS ENGINEERING,ee
2733,"Angel College of Engineering and Technology, PK Palayam PO, Dharapuram Main Road, Ugayanur village, Tiruppur-641665.",TIRUPPUR,91,Not Available,Not Available,Not Available,Not Available,Not Available,Not Available,TNEA2025-00170,ELECTRONICS AND COMMUNICATION ENGINEERING,ec
2733,"Angel College of Engineering and Technology, PK Palayam PO, Dharapuram Main Road, Ugayanur village, Tiruppur-641665.",TIRUPPUR,95,Not Available,Not Available,Not Available,Not Available,Not Available,Not Available,TNEA2025-00171,FASHION TECHNOLOGY,ft
2733,"Angel College of Engineering and Technology, PK Palayam PO, Dharapuram Main Road, Ugayanur village, Tiruppur-641665.",TIRUPPUR,95,Not Available,Not Available,Not Available,Not Available,Not Available,Not Available,TNEA2025-00172,MECHANICAL ENGINEERING,me
3803,"Anjalai Ammal Mahalingam Engineering College, Kovilvenni, Thiruvarur-614403.",TIRUVARUR,97.5,86.5,126.5,97.5,116.5,Not Available,Not Available,TNEA2025-00173,CHEMICAL ENGINEERING,ch
3803,"Anjalai Ammal Mahalingam Engineering College, Kovilvenni, Thiruvarur-614403.",TIRUVARUR,127,86.5,126.5,97.5,116.5,Not Available,Not Available,TNEA2025-00174,CIVIL ENGINEERING,ce
3803,"Anjalai Ammal Mahalingam Engineering College, Kovilvenni, Thiruvarur-614403.",TIRUVARUR,172.5,164.5,161.5,152.5,146.5,Not Available,Not Available,TNEA2025-00175,COMPUTER SCIENCE AND ENGINEERING,cs
3803,"Anjalai Ammal Mahalingam Engineering College, Kovilvenni, Thiruvarur-614403.",TIRUVARUR,145,104,133.5,112,88,Not Available,Not Available,TNEA2025-00176,ELECTRICAL AND ELECTRONICS ENGINEERING,ee
3803,"Anjalai Ammal Mahalingam Engineering College, Kovilvenni, Thiruvarur-614403.",TIRUVARUR,159.5,153,152.5,143,108,Not Available,Not Available,TNEA2025-00177,ELECTRONICS AND COMMUNICATION ENGINEERING,ec
3803,"Anjalai Ammal Mahalingam Engineering College, Kovilvenni, Thiruvarur-614403.",TIRUVARUR,163.5,155.5,161,144,124.5,Not Available,Not Available,TNEA2025-00178,INFORMATION TECHNOLOGY,it
3803,"Anjalai Ammal Mahalingam Engineering College, Kovilvenni, Thiruvarur-614403.",TIRUVARUR,129,117,115.5,115.5,102.5,Not Available,Not Available,TNEA2025-00179,MECHANICAL ENGINEERING,me
2025,Anna University Regional Campus - Coimbatore Maruthamalai Main Road Navavoor Bharathiyar University Post Somayampalayam Coimbatore District 641046,COIMBATORE,189,181.5,180,181,176,166.5,164,TNEA2025-00180,Artificial Intelligence and Data Science,ad
2025,Anna University Regional Campus - Coimbatore Maruthamalai Main Road Navavoor Bharathiyar University Post Somayampalayam Coimbatore District 641046,COIMBATORE,187.5,182.5,183,183.5,174,164.5,164,TNEA2025-00181,COMPUTER SCIENCE AND ENGINEERING,cs
2025,Anna University Regional Campus - Coimbatore Maruthamalai Main Road Navavoor Bharathiyar University Post Somayampalayam Coimbatore District 641046,COIMBATORE,176.5,172,167.5,166,156.5,152,172.5,TNEA2025-00182,ELECTRICAL AND ELECTRONICS ENGINEERING,ee
2025,Anna University Regional Campus - Coimbatore Maruthamalai Main Road Navavoor Bharathiyar University Post Somayampalayam Coimbatore District 641046,COIMBATORE,183,179,182,179,170,164,150.5,TNEA2025-00183,ELECTRONICS AND COMMUNICATION ENGINEERING,ec
2025,Anna University Regional Campus - Coimbatore Maruthamalai Main Road Navavoor Bharathiyar University Post Somayampalayam Coimbatore District 641046,COIMBATORE,178,174.5,165,172,161,146,150.5,TNEA2025-00184,Electronics Engineering (VLSI Design and Technology),ev
2025,Anna University Regional Campus - Coimbatore Maruthamalai Main Road Navavoor Bharathiyar University Post Somayampalayam Coimbatore District 641046,COIMBATORE,167,159.5,164.5,154,152.5,154.5,99.5,TNEA2025-00185,MECHANICAL ENGINEERING,me
5010,Anna University Regional Campus - Madurai Kanyakumari National Highway Keelakuilkudi Madurai District 625019,MADURAI f,146.5,119.5,130,128.5,128,109,142.5,TNEA2025-00186,CIVIL ENGINEERING,ce
5010,Anna University Regional Campus - Madurai Kanyakumari National Highway Keelakuilkudi Madurai District 625019,MADURAI f,179,174,176.5,169,159,159.5,142.5,TNEA2025-00187,COMPUTER SCIENCE AND ENGINEERING,cs
5010,Anna University Regional Campus - Madurai Kanyakumari National Highway Keelakuilkudi Madurai District 625019,MADURAI f,163.5,156,140.5,147.5,132.5,122,142.5,TNEA2025-00188,ELECTRICAL AND ELECTRONICS ENGINEERING,ee
5010,Anna University Regional Campus - Madurai Kanyakumari National Highway Keelakuilkudi Madurai District 625019,MADURAI f,175,168.5,172,166.5,150,141.5,142.5,TNEA2025-00189,ELECTRONICS AND COMMUNICATION ENGINEERING,ec
5010,Anna University Regional Campus - Madurai Kanyakumari National Highway Keelakuilkudi Madurai District 625019,MADURAI f,144.5,125.5,131.5,114,112.5,117,99.5,TNEA2025-00190,MECHANICAL ENGINEERING,me
4020,Anna University Regional Campus - Tirunelveli Trivandrum Road Palayamkottai Tirunelveli District 627007,TIRUNELVELI,182.5,172.5,179.5,177,171.5,150.5,132,TNEA2025-00191,Artificial Intelligence and Data Science,ad
4020,Anna University Regional Campus - Tirunelveli Trivandrum Road Palayamkottai Tirunelveli District 627007,TIRUNELVELI,180,171.5,179.5,166.5,161.5,128.5,132,TNEA2025-00192,COMPUTER SCIENCE AND ENGINEERING,cs
4020,Anna University Regional Campus - Tirunelveli Trivandrum Road Palayamkottai Tirunelveli District 627007,TIRUNELVELI,175.5,167.5,170.5,161.5,149.5,123,132,TNEA2025-00193,ELECTRONICS AND COMMUNICATION ENGINEERING,ec
4020,Anna University Regional Campus - Tirunelveli Trivandrum Road Palayamkottai Tirunelveli District 627007,TIRUNELVELI,154,132,142,119,118,116.5,132,TNEA2025-00194,GEO INFORMATICS,gi
4020,Anna University Regional Campus - Tirunelveli Trivandrum Road Palayamkottai Tirunelveli District 627007,TIRUNELVELI,155.5,135,152.5,114.5,126,118,101,TNEA2025-00195,MECHANICAL ENGINEERING,me
3849,"Annai College of Engineering and Technology, Anakudi Road, Kovilacheri, Kumbakonam, Thanjavur District-612503.",THANJAVUR,96,97,85,92.5,94.5,Not Available,Not Available,TNEA2025-00196,Artificial Intelligence and Data Science,ad
3849,"Annai College of Engineering and Technology, Anakudi Road, Kovilacheri, Kumbakonam, Thanjavur District-612503.",THANJAVUR,96,97,85,92.5,94.5,Not Available,Not Available,TNEA2025-00197,CIVIL ENGINEERING,ce
3849,"Annai College of Engineering and Technology, Anakudi Road, Kovilacheri, Kumbakonam, Thanjavur District-612503.",THANJAVUR,97.5,97,85,85,91.5,Not Available,Not Available,TNEA2025-00198,COMPUTER SCIENCE AND ENGINEERING,cs
3849,"Annai College of Engineering and Technology, Anakudi Road, Kovilacheri, Kumbakonam, Thanjavur District-612503.",THANJAVUR,87,97,85,85,91.5,Not Available,Not Available,TNEA2025-00199,ELECTRICAL AND ELECTRONICS ENGINEERING,ee
3849,"Annai College of Engineering and Technology, Anakudi Road, Kovilacheri, Kumbakonam, Thanjavur District-612503.",THANJAVUR,91.5,97,85,85,91.5,Not Available,Not Available,TNEA2025-00200,ELECTRONICS AND COMMUNICATION ENGINEERING,ec
3849,"Annai College of Engineering and Technology, Anakudi Road, Kovilacheri, Kumbakonam, Thanjavur District-612503.",THANJAVUR,106.5,81,100,99,94,Not Available,Not Available,TNEA2025-00201,INFORMATION TECHNOLOGY,it
3849,"Annai College of Engineering and Technology, Anakudi Road, Kovilacheri, Kumbakonam, Thanjavur District-612503.",THANJAVUR,94.5,81,100,99,94,Not Available,Not Available,TNEA2025-00202,MECHANICAL ENGINEERING,me
2602,"Annai Mathammal Sheela Engineering College, Erumapatty Post, Namakkal-637013.",NAMAKKAL,110.5,Not Available,Not Available,84.5,Not Available,Not Available,Not Available,TNEA2025-00203,AGRICULTURAL ENGINEERING,ag
2602,"Annai Mathammal Sheela Engineering College, Erumapatty Post, Namakkal-637013.",NAMAKKAL,110.5,Not Available,Not Available,84.5,Not Available,Not Available,Not Available,TNEA2025-00204,Artificial Intelligence and Data Science,ad
2602,"Annai Mathammal Sheela Engineering College, Erumapatty Post, Namakkal-637013.",NAMAKKAL,103.5,Not Available,Not Available,84.5,Not Available,Not Available,Not Available,TNEA2025-00205,COMPUTER SCIENCE AND ENGINEERING,cs
2602,"Annai Mathammal Sheela Engineering College, Erumapatty Post, Namakkal-637013.",NAMAKKAL,103.5,Not Available,Not Available,84.5,Not Available,Not Available,Not Available,TNEA2025-00206,ELECTRONICS AND COMMUNICATION ENGINEERING,ec
2602,"Annai Mathammal Sheela Engineering College, Erumapatty Post, Namakkal-637013.",NAMAKKAL,97,Not Available,Not Available,84.5,Not Available,Not Available,Not Available,TNEA2025-00207,INFORMATION TECHNOLOGY,it
2602,"Annai Mathammal Sheela Engineering College, Erumapatty Post, Namakkal-637013.",NAMAKKAL,97,Not Available,Not Available,84.5,Not Available,Not Available,Not Available,TNEA2025-00208,MECHANICAL ENGINEERING,me
2602,"Annai Mathammal Sheela Engineering College, Erumapatty Post, Namakkal-637013.",NAMAKKAL,117,Not Available,Not Available,84.5,Not Available,Not Available,Not Available,TNEA2025-00209,MEDICAL ELECTRONICS,md
2602,"Annai Mathammal Sheela Engineering College, Erumapatty Post, Namakkal-637013.",NAMAKKAL,117,Not Available,Not Available,84.5,Not Available,Not Available,Not Available,TNEA2025-00210,ROBOTICS AND AUTOMATION,rm
1137,"Annai Mira College of Engineering and Technology, Arappakkam Village, Arcot Road, Walaja Taluk, Vellore District-632517.",RANIPET,158.5,136.5,140.5,138,113.5,115,131,TNEA2025-00211,Artificial Intelligence and Data Science,ad
1137,"Annai Mira College of Engineering and Technology, Arappakkam Village, Arcot Road, Walaja Taluk, Vellore District-632517.",RANIPET,86.5,136.5,140.5,138,83,115,131,TNEA2025-00212,CIVIL ENGINEERING,ce
1137,"Annai Mira College of Engineering and Technology, Arappakkam Village, Arcot Road, Walaja Taluk, Vellore District-632517.",RANIPET,148,131,141.5,129.5,103.5,112.5,131,TNEA2025-00213,COMPUTER SCIENCE AND ENGINEERING,cs
1137,"Annai Mira College of Engineering and Technology, Arappakkam Village, Arcot Road, Walaja Taluk, Vellore District-632517.",RANIPET,127,102.5,141.5,112,103.5,112.5,131,TNEA2025-00214,ELECTRICAL AND ELECTRONICS ENGINEERING,ee
1137,"Annai Mira College of Engineering and Technology, Arappakkam Village, Arcot Road, Walaja Taluk, Vellore District-632517.",RANIPET,141,117.5,138.5,104.5,83.5,112.5,131,TNEA2025-00215,ELECTRONICS AND COMMUNICATION ENGINEERING,ec
1137,"Annai Mira College of Engineering and Technology, Arappakkam Village, Arcot Road, Walaja Taluk, Vellore District-632517.",RANIPET,150,134,134,133,106.5,102.5,131,TNEA2025-00216,INFORMATION TECHNOLOGY,it
1137,"Annai Mira College of Engineering and Technology, Arappakkam Village, Arcot Road, Walaja Taluk, Vellore District-632517.",RANIPET,89.5,134,134,133,106.5,102.5,131,TNEA2025-00217,MECHANICAL ENGINEERING,me
1402,"Annai Teresa College of Engineering, Thirunavalur, Ulundurpet Taluk, Villupuram District-607204.",KALLAKURICHI f,101,100.5,Not Available,85.5,Not Available,Not Available,Not Available,TNEA2025-00218,COMPUTER SCIENCE AND ENGINEERING,cs
1402,"Annai Teresa College of Engineering, Thirunavalur, Ulundurpet Taluk, Villupuram District-607204.",KALLAKURICHI f,100.5,100.5,Not Available,85.5,Not Available,Not Available,Not Available,TNEA2025-00219,ELECTRICAL AND ELECTRONICS ENGINEERING,ee
1402,"Annai Teresa College of Engineering, Thirunavalur, Ulundurpet Taluk, Villupuram District-607204.",KALLAKURICHI f,80.5,100.5,Not Available,85.5,Not Available,Not Available,Not Available,TNEA2025-00220,ELECTRONICS AND COMMUNICATION ENGINEERING,ec
1402,"Annai Teresa College of Engineering, Thirunavalur, Ulundurpet Taluk, Villupuram District-607204.",KALLAKURICHI f,80.5,100.5,Not Available,85.5,Not Available,Not Available,Not Available,TNEA2025-00221,MECHANICAL ENGINEERING,me
4999,"Annai Vailankanni College of Engineering, AVK Nagar, Pothaiyadisalai Pottalkulam, Azhagappapuram PO, Kanyakumari District, Nagercoil-629401.",KANNIYAKUMARI,109.5,86,Not Available,108,88.5,Not Available,Not Available,TNEA2025-00222,Artificial Intelligence and Data Science,ad
4999,"Annai Vailankanni College of Engineering, AVK Nagar, Pothaiyadisalai Pottalkulam, Azhagappapuram PO, Kanyakumari District, Nagercoil-629401.",KANNIYAKUMARI,92.5,86,Not Available,108,88.5,Not Available,Not Available,TNEA2025-00223,BIO MEDICAL ENGINEERING,bm
4999,"Annai Vailankanni College of Engineering, AVK Nagar, Pothaiyadisalai Pottalkulam, Azhagappapuram PO, Kanyakumari District, Nagercoil-629401.",KANNIYAKUMARI,104,83,Not Available,96,88.5,Not Available,Not Available,TNEA2025-00224,COMPUTER SCIENCE AND ENGINEERING,cs
4999,"Annai Vailankanni College of Engineering, AVK Nagar, Pothaiyadisalai Pottalkulam, Azhagappapuram PO, Kanyakumari District, Nagercoil-629401.",KANNIYAKUMARI,117.5,85,Not Available,89,88.5,Not Available,Not Available,TNEA2025-00225,ELECTRONICS AND COMMUNICATION ENGINEERING,ec
4999,"Annai Vailankanni College of Engineering, AVK Nagar, Pothaiyadisalai Pottalkulam, Azhagappapuram PO, Kanyakumari District, Nagercoil-629401.",KANNIYAKUMARI,84.5,85,Not Available,89,88.5,Not Available,Not Available,TNEA2025-00226,MECHANICAL ENGINEERING,me
1133,"Annai Veilankannis College of Engineering, 33 Gandhi Road, Nedungundram, Chennai-600048.",CHENGALPATTU,80,88.5,Not Available,86,97,Not Available,85.5,TNEA2025-00227,Artificial Intelligence and Data Science,ad
1133,"Annai Veilankannis College of Engineering, 33 Gandhi Road, Nedungundram, Chennai-600048.",CHENGALPATTU,80,88.5,Not Available,86,97,Not Available,85.5,TNEA2025-00228,CIVIL ENGINEERING,ce
1133,"Annai Veilankannis College of Engineering, 33 Gandhi Road, Nedungundram, Chennai-600048.",CHENGALPATTU,107,88.5,Not Available,86,97,Not Available,85.5,TNEA2025-00229,COMPUTER SCIENCE AND ENGINEERING,cs
1133,"Annai Veilankannis College of Engineering, 33 Gandhi Road, Nedungundram, Chennai-600048.",CHENGALPATTU,97.5,88.5,Not Available,86,97,Not Available,85.5,TNEA2025-00230,ELECTRONICS AND COMMUNICATION ENGINEERING,ec
1133,"Annai Veilankannis College of Engineering, 33 Gandhi Road, Nedungundram, Chennai-600048.",CHENGALPATTU,101.5,88.5,Not Available,86,97,Not Available,85.5,TNEA2025-00231,MECHANICAL ENGINEERING,me
5,Annamalai University Faculty of Engineering and Technology Annamalai nagar Cuddalore,CUDDALORE,154,111.5,115.5,93.5,122,147.5,132,TNEA2025-00232,CHEMICAL ENGINEERING,ch
5,Annamalai University Faculty of Engineering and Technology Annamalai nagar Cuddalore,CUDDALORE,142.5,99,89,87,120,147.5,112,TNEA2025-00233,CIVIL ENGINEERING,ce
5,Annamalai University Faculty of Engineering and Technology Annamalai nagar Cuddalore,CUDDALORE,127,110,89,84,95,147.5,112,TNEA2025-00234,CIVIL AND STRUCTUTURAL ENGINEERING,cz
5,Annamalai University Faculty of Engineering and Technology Annamalai nagar Cuddalore,CUDDALORE,174,155.5,144,153.5,157,115.5,156,TNEA2025-00235,COMPUTER SCIENCE AND ENGINEERING,cs
5,Annamalai University Faculty of Engineering and Technology Annamalai nagar Cuddalore,CUDDALORE,171,148.5,167,155.5,149.5,146,143,TNEA2025-00236,COMPUTER SCIENCE AND ENGINEERING (AI AND MACHINE LEARNING),am
5,Annamalai University Faculty of Engineering and Technology Annamalai nagar Cuddalore,CUDDALORE,163.5,142.5,146,149.5,150.5,144.5,143,TNEA2025-00237,COMPUTER SCIENCE AND ENGINEERING (DATA SCIENCE),cf
5,Annamalai University Faculty of Engineering and Technology Annamalai nagar Cuddalore,CUDDALORE,148.5,95,119,125,120.5,112.5,143,TNEA2025-00238,ELECTRICAL AND ELECTRONICS ENGINEERING,ee
5,Annamalai University Faculty of Engineering and Technology Annamalai nagar Cuddalore,CUDDALORE,167,151,141,148,142.5,112.5,129.5,TNEA2025-00239,ELECTRONICS AND COMMUNICATION ENGINEERING,ec
5,Annamalai University Faculty of Engineering and Technology Annamalai nagar Cuddalore,CUDDALORE,138.5,94.5,86.5,113.5,111,125,129.5,TNEA2025-00240,ELECTRONICS AND INSTRUMENTATION ENGINEERING,ei
5,Annamalai University Faculty of Engineering and Technology Annamalai nagar Cuddalore,CUDDALORE,164.5,144,146,151,144,146,147,TNEA2025-00241,INFORMATION TECHNOLOGY,it
5,Annamalai University Faculty of Engineering and Technology Annamalai nagar Cuddalore,CUDDALORE,134.5,89.5,121.5,91,104,146,147,TNEA2025-00242,MECHANICAL ENGINEERING,me
5,Annamalai University Faculty of Engineering and Technology Annamalai nagar Cuddalore,CUDDALORE,122.5,84.5,93,83.5,96,146,147,TNEA2025-00243,MECHANICAL ENGINEERING (MANUFACTURING),mm
1524,"Annamalaiar College Of Engineering, Chetpet-Polur Road, Polur Taluk, Thiruvannamalai District-606902.",TIRUVANNAMALAI fr,117.5,83.5,Not Available,89.5,Not Available,Not Available,Not Available,TNEA2025-00244,CIVIL ENGINEERING,ce
1524,"Annamalaiar College Of Engineering, Chetpet-Polur Road, Polur Taluk, Thiruvannamalai District-606902.",TIRUVANNAMALAI fr,86,83.5,Not Available,89.5,Not Available,Not Available,Not Available,TNEA2025-00245,COMPUTER SCIENCE AND ENGINEERING,cs
1524,"Annamalaiar College Of Engineering, Chetpet-Polur Road, Polur Taluk, Thiruvannamalai District-606902.",TIRUVANNAMALAI fr,85.5,83.5,Not Available,89.5,Not Available,Not Available,Not Available,TNEA2025-00246,ELECTRICAL AND ELECTRONICS ENGINEERING,ee
1524,"Annamalaiar College Of Engineering, Chetpet-Polur Road, Polur Taluk, Thiruvannamalai District-606902.",TIRUVANNAMALAI fr,85.5,83.5,Not Available,89.5,Not Available,Not Available,Not Available,TNEA2025-00247,ELECTRONICS AND COMMUNICATION ENGINEERING,ec
1524,"Annamalaiar College Of Engineering, Chetpet-Polur Road, Polur Taluk, Thiruvannamalai District-606902.",TIRUVANNAMALAI fr,108.5,83.5,Not Available,89.5,Not Available,Not Available,Not Available,TNEA2025-00248,INFORMATION TECHNOLOGY,it
1524,"Annamalaiar College Of Engineering, Chetpet-Polur Road, Polur Taluk, Thiruvannamalai District-606902.",TIRUVANNAMALAI fr,80.5,83.5,Not Available,89.5,Not Available,Not Available,Not Available,TNEA2025-00249,MECHANICAL ENGINEERING,me
2648,"Annapoorana Engineering College (Autonomous), Sankari Main Road (NH-47), Periyaseeragapadi, Salem-636308.",SALEM,83,106,101,77.5,82.5,135,Not Available,TNEA2025-00250,AUTOMOBILE ENGINEERING,au
2648,"Annapoorana Engineering College (Autonomous), Sankari Main Road (NH-47), Periyaseeragapadi, Salem-636308.",SALEM,149,106,101,122.5,132.5,135,Not Available,TNEA2025-00251,Artificial Intelligence and Data Science,ad
2648,"Annapoorana Engineering College (Autonomous), Sankari Main Road (NH-47), Periyaseeragapadi, Salem-636308.",SALEM,115,80,92,86.5,99.5,112.5,Not Available,TNEA2025-00252,BIO MEDICAL ENGINEERING,bm
2648,"Annapoorana Engineering College (Autonomous), Sankari Main Road (NH-47), Periyaseeragapadi, Salem-636308.",SALEM,82.5,80,92,86.5,99.5,112.5,Not Available,TNEA2025-00253,CIVIL ENGINEERING,ce
2648,"Annapoorana Engineering College (Autonomous), Sankari Main Road (NH-47), Periyaseeragapadi, Salem-636308.",SALEM,143.5,118,92,123.5,132.5,136.5,Not Available,TNEA2025-00254,COMPUTER SCIENCE AND ENGINEERING,cs
2648,"Annapoorana Engineering College (Autonomous), Sankari Main Road (NH-47), Periyaseeragapadi, Salem-636308.",SALEM,112.5,82,92,94,84.5,108,Not Available,TNEA2025-00255,ELECTRICAL AND ELECTRONICS ENGINEERING,ee
2648,"Annapoorana Engineering College (Autonomous), Sankari Main Road (NH-47), Periyaseeragapadi, Salem-636308.",SALEM,125,97,112,104,107,115.5,Not Available,TNEA2025-00256,ELECTRONICS AND COMMUNICATION ENGINEERING,ec
2648,"Annapoorana Engineering College (Autonomous), Sankari Main Road (NH-47), Periyaseeragapadi, Salem-636308.",SALEM,128.5,80.5,80.5,116,111,116,Not Available,TNEA2025-00257,INFORMATION TECHNOLOGY,it
2648,"Annapoorana Engineering College (Autonomous), Sankari Main Road (NH-47), Periyaseeragapadi, Salem-636308.",SALEM,96,93,80.5,90,90,116,Not Available,TNEA2025-00258,MECHANICAL ENGINEERING,me
1230,"Apollo Engineering College, Mevaloorkuppam Valarpuram Post, Sriperumbudur Taluk, Kanchipuram District-602105.",KANCHIPURAM,83,98,111.5,104.5,112.5,Not Available,Not Available,TNEA2025-00259,AERONAUTICAL ENGINEERING,ae
1230,"Apollo Engineering College, Mevaloorkuppam Valarpuram Post, Sriperumbudur Taluk, Kanchipuram District-602105.",KANCHIPURAM,142.5,98,111.5,104.5,112.5,Not Available,Not Available,TNEA2025-00260,Artificial Intelligence and Data Science,ad
1230,"Apollo Engineering College, Mevaloorkuppam Valarpuram Post, Sriperumbudur Taluk, Kanchipuram District-602105.",KANCHIPURAM,110.5,108.5,111.5,102,89,Not Available,Not Available,TNEA2025-00261,COMPUTER SCIENCE AND BUSSINESS SYSTEM,cb
1230,"Apollo Engineering College, Mevaloorkuppam Valarpuram Post, Sriperumbudur Taluk, Kanchipuram District-602105.",KANCHIPURAM,137.5,108.5,111.5,133.5,112.5,Not Available,Not Available,TNEA2025-00262,COMPUTER SCIENCE AND ENGINEERING,cs
1230,"Apollo Engineering College, Mevaloorkuppam Valarpuram Post, Sriperumbudur Taluk, Kanchipuram District-602105.",KANCHIPURAM,112,108.5,111.5,133.5,112.5,Not Available,Not Available,TNEA2025-00263,Computer Science and Engineering (Cyber Security),sc
1230,"Apollo Engineering College, Mevaloorkuppam Valarpuram Post, Sriperumbudur Taluk, Kanchipuram District-602105.",KANCHIPURAM,100.5,108.5,111.5,133.5,112.5,Not Available,Not Available,TNEA2025-00264,ELECTRICAL AND ELECTRONICS ENGINEERING,ee
1230,"Apollo Engineering College, Mevaloorkuppam Valarpuram Post, Sriperumbudur Taluk, Kanchipuram District-602105.",KANCHIPURAM,118,98.5,111.5,97,97,Not Available,Not Available,TNEA2025-00265,ELECTRONICS AND COMMUNICATION ENGINEERING,ec
1230,"Apollo Engineering College, Mevaloorkuppam Valarpuram Post, Sriperumbudur Taluk, Kanchipuram District-602105.",KANCHIPURAM,118,98.5,111.5,97,97,Not Available,Not Available,TNEA2025-00266,MECHANICAL ENGINEERING,me
3804,"Arasu Engineering College, Chennai Main Road, Thiruvisanallur - Village, Thiruvidaimaruthur - Taluk, Kumbakonam, Thanjavur-612501.",THANJAVUR,153.5,94,105,134,101.5,Not Available,Not Available,TNEA2025-00267,Artificial Intelligence and Data Science,ad
3804,"Arasu Engineering College, Chennai Main Road, Thiruvisanallur - Village, Thiruvidaimaruthur - Taluk, Kumbakonam, Thanjavur-612501.",THANJAVUR,93,94,105,134,101.5,Not Available,Not Available,TNEA2025-00268,BIO MEDICAL ENGINEERING,bm
3804,"Arasu Engineering College, Chennai Main Road, Thiruvisanallur - Village, Thiruvidaimaruthur - Taluk, Kumbakonam, Thanjavur-612501.",THANJAVUR,141,100,104.5,87,85,Not Available,Not Available,TNEA2025-00269,COMPUTER SCIENCE AND ENGINEERING,cs
3804,"Arasu Engineering College, Chennai Main Road, Thiruvisanallur - Village, Thiruvidaimaruthur - Taluk, Kumbakonam, Thanjavur-612501.",THANJAVUR,91,100,104.5,87,85,Not Available,Not Available,TNEA2025-00270,ELECTRICAL AND ELECTRONICS ENGINEERING,ee
3804,"Arasu Engineering College, Chennai Main Road, Thiruvisanallur - Village, Thiruvidaimaruthur - Taluk, Kumbakonam, Thanjavur-612501.",THANJAVUR,108.5,93.5,104.5,94.5,93.5,Not Available,Not Available,TNEA2025-00271,ELECTRONICS AND COMMUNICATION ENGINEERING,ec
3804,"Arasu Engineering College, Chennai Main Road, Thiruvisanallur - Village, Thiruvidaimaruthur - Taluk, Kumbakonam, Thanjavur-612501.",THANJAVUR,132.5,95.5,124.5,81.5,83.5,Not Available,Not Available,TNEA2025-00272,INFORMATION TECHNOLOGY,it
3804,"Arasu Engineering College, Chennai Main Road, Thiruvisanallur - Village, Thiruvidaimaruthur - Taluk, Kumbakonam, Thanjavur-612501.",THANJAVUR,83.5,95.5,124.5,81.5,83.5,Not Available,Not Available,TNEA2025-00273,MECHANICAL ENGINEERING,me
3461,"Arifa Institute of Technology, Esanoor, Keelaiyur Post, Tirukkuvalai Taluk, Nagapattinam District-611103.",NAGAPATTINAM,118,99.5,111,91,86.5,Not Available,Not Available,TNEA2025-00274,Artificial Intelligence and Data Science,ad
3461,"Arifa Institute of Technology, Esanoor, Keelaiyur Post, Tirukkuvalai Taluk, Nagapattinam District-611103.",NAGAPATTINAM,105,104,104,98.5,82,Not Available,Not Available,TNEA2025-00275,COMPUTER SCIENCE AND ENGINEERING,cs
3461,"Arifa Institute of Technology, Esanoor, Keelaiyur Post, Tirukkuvalai Taluk, Nagapattinam District-611103.",NAGAPATTINAM,81.5,104,104,98.5,82,Not Available,Not Available,TNEA2025-00276,Computer Science and Engineering (Cyber Security),sc
3461,"Arifa Institute of Technology, Esanoor, Keelaiyur Post, Tirukkuvalai Taluk, Nagapattinam District-611103.",NAGAPATTINAM,90.5,104,104,98.5,82,Not Available,Not Available,TNEA2025-00277,ELECTRICAL AND ELECTRONICS ENGINEERING,ee
3461,"Arifa Institute of Technology, Esanoor, Keelaiyur Post, Tirukkuvalai Taluk, Nagapattinam District-611103.",NAGAPATTINAM,99,104,104,98.5,82,Not Available,Not Available,TNEA2025-00278,ELECTRONICS AND COMMUNICATION ENGINEERING,ec
3461,"Arifa Institute of Technology, Esanoor, Keelaiyur Post, Tirukkuvalai Taluk, Nagapattinam District-611103.",NAGAPATTINAM,121,91.5,104,118,100,Not Available,Not Available,TNEA2025-00279,INFORMATION TECHNOLOGY,it
3461,"Arifa Institute of Technology, Esanoor, Keelaiyur Post, Tirukkuvalai Taluk, Nagapattinam District-611103.",NAGAPATTINAM,83.5,91.5,104,118,100,Not Available,Not Available,TNEA2025-00280,MECHANICAL ENGINEERING,me
2367,"Arjun College of Technology, 310/1B, Chettiyakkapalayam, Kinathukadavu, Coimbatore-642120.",COIMBATORE,123,90.5,98.5,120.5,94.5,123,Not Available,TNEA2025-00281,Artificial Intelligence and Data Science,ad
2367,"Arjun College of Technology, 310/1B, Chettiyakkapalayam, Kinathukadavu, Coimbatore-642120.",COIMBATORE,92.5,90.5,98.5,120.5,94.5,123,Not Available,TNEA2025-00282,CIVIL ENGINEERING,ce
2367,"Arjun College of Technology, 310/1B, Chettiyakkapalayam, Kinathukadavu, Coimbatore-642120.",COIMBATORE,94.5,90.5,98.5,120.5,94.5,123,Not Available,TNEA2025-00283,COMPUTER SCIENCE AND BUSSINESS SYSTEM,cb
2367,"Arjun College of Technology, 310/1B, Chettiyakkapalayam, Kinathukadavu, Coimbatore-642120.",COIMBATORE,99,96,98.5,92.5,88.5,123,Not Available,TNEA2025-00284,COMPUTER SCIENCE AND ENGINEERING,cs
2367,"Arjun College of Technology, 310/1B, Chettiyakkapalayam, Kinathukadavu, Coimbatore-642120.",COIMBATORE,94.5,96,98.5,92.5,88.5,123,Not Available,TNEA2025-00285,COMPUTER SCIENCE AND ENGINEERING (AI AND MACHINE LEARNING),am
2367,"Arjun College of Technology, 310/1B, Chettiyakkapalayam, Kinathukadavu, Coimbatore-642120.",COIMBATORE,87.5,96,98.5,92.5,88.5,123,Not Available,TNEA2025-00286,Computer Science and Engineering (Cyber Security),sc
2367,"Arjun College of Technology, 310/1B, Chettiyakkapalayam, Kinathukadavu, Coimbatore-642120.",COIMBATORE,110,100,98.5,100,88.5,105.5,Not Available,TNEA2025-00287,ELECTRONICS AND COMMUNICATION ENGINEERING,ec
2367,"Arjun College of Technology, 310/1B, Chettiyakkapalayam, Kinathukadavu, Coimbatore-642120.",COIMBATORE,107,90.5,98.5,88,103.5,105.5,Not Available,TNEA2025-00288,INFORMATION TECHNOLOGY,it
2367,"Arjun College of Technology, 310/1B, Chettiyakkapalayam, Kinathukadavu, Coimbatore-642120.",COIMBATORE,89.5,90.5,98.5,88,103.5,105.5,Not Available,TNEA2025-00289,MECHANICAL ENGINEERING,me
4979,"Arul Tharum VPMM College of Engineering and Technology, V.P.M. Nagar, Krishnankovil, Srivilliputur, Virudhunagar-626190.",VIRUDHUNAGAR,101.5,Not Available,Not Available,Not Available,Not Available,Not Available,Not Available,TNEA2025-00290,Artificial Intelligence and Data Science,ad
4979,"Arul Tharum VPMM College of Engineering and Technology, V.P.M. Nagar, Krishnankovil, Srivilliputur, Virudhunagar-626190.",VIRUDHUNAGAR,101.5,Not Available,Not Available,Not Available,Not Available,Not Available,Not Available,TNEA2025-00291,CIVIL ENGINEERING,ce
4979,"Arul Tharum VPMM College of Engineering and Technology, V.P.M. Nagar, Krishnankovil, Srivilliputur, Virudhunagar-626190.",VIRUDHUNAGAR,103,Not Available,Not Available,Not Available,Not Available,Not Available,Not Available,TNEA2025-00292,COMPUTER SCIENCE AND ENGINEERING,cs
4979,"Arul Tharum VPMM College of Engineering and Technology, V.P.M. Nagar, Krishnankovil, Srivilliputur, Virudhunagar-626190.",VIRUDHUNAGAR,103,Not Available,Not Available,Not Available,Not Available,Not Available,Not Available,TNEA2025-00293,COMPUTER SCIENCE AND ENGINEERING (AI AND MACHINE LEARNING),am
4979,"Arul Tharum VPMM College of Engineering and Technology, V.P.M. Nagar, Krishnankovil, Srivilliputur, Virudhunagar-626190.",VIRUDHUNAGAR,103,Not Available,Not Available,Not Available,Not Available,Not Available,Not Available,TNEA2025-00294,Computer Science and Engineering (Cyber Security),sc
4979,"Arul Tharum VPMM College of Engineering and Technology, V.P.M. Nagar, Krishnankovil, Srivilliputur, Virudhunagar-626190.",VIRUDHUNAGAR,103,Not Available,Not Available,Not Available,Not Available,Not Available,Not Available,TNEA2025-00295,ELECTRICAL AND ELECTRONICS ENGINEERING,ee
4979,"Arul Tharum VPMM College of Engineering and Technology, V.P.M. Nagar, Krishnankovil, Srivilliputur, Virudhunagar-626190.",VIRUDHUNAGAR,152,Not Available,Not Available,Not Available,Not Available,Not Available,Not Available,TNEA2025-00296,ELECTRONICS AND COMMUNICATION ENGINEERING,ec
4979,"Arul Tharum VPMM College of Engineering and Technology, V.P.M. Nagar, Krishnankovil, Srivilliputur, Virudhunagar-626190.",VIRUDHUNAGAR,101.5,Not Available,Not Available,Not Available,Not Available,Not Available,Not Available,TNEA2025-00297,INFORMATION TECHNOLOGY,it
1503,"Arulmigu Meenakshi Amman College of Engineering, Vadamavandal Village, Namandi Post, (Near Kanchipuram), Tiruvanamalai-604410.",TIRUVANNAMALAI,94.5,Not Available,Not Available,96.5,Not Available,Not Available,Not Available,TNEA2025-00298,BIO TECHNOLOGY,bt
1503,"Arulmigu Meenakshi Amman College of Engineering, Vadamavandal Village, Namandi Post, (Near Kanchipuram), Tiruvanamalai-604410.",TIRUVANNAMALAI,94.5,Not Available,Not Available,96.5,Not Available,Not Available,Not Available,TNEA2025-00299,CHEMICAL ENGINEERING,ch
1503,"Arulmigu Meenakshi Amman College of Engineering, Vadamavandal Village, Namandi Post, (Near Kanchipuram), Tiruvanamalai-604410.",TIRUVANNAMALAI,94.5,Not Available,Not Available,96.5,Not Available,Not Available,Not Available,TNEA2025-00300,CIVIL ENGINEERING,ce
1503,"Arulmigu Meenakshi Amman College of Engineering, Vadamavandal Village, Namandi Post, (Near Kanchipuram), Tiruvanamalai-604410.",TIRUVANNAMALAI,110.5,Not Available,Not Available,96.5,Not Available,Not Available,Not Available,TNEA2025-00301,COMPUTER SCIENCE AND ENGINEERING,cs
1503,"Arulmigu Meenakshi Amman College of Engineering, Vadamavandal Village, Namandi Post, (Near Kanchipuram), Tiruvanamalai-604410.",TIRUVANNAMALAI,85,Not Available,Not Available,96.5,Not Available,Not Available,Not Available,TNEA2025-00302,ELECTRICAL AND ELECTRONICS ENGINEERING,ee
1503,"Arulmigu Meenakshi Amman College of Engineering, Vadamavandal Village, Namandi Post, (Near Kanchipuram), Tiruvanamalai-604410.",TIRUVANNAMALAI,85,Not Available,Not Available,96.5,Not Available,Not Available,Not Available,TNEA2025-00303,ELECTRONICS AND COMMUNICATION ENGINEERING,ec
1503,"Arulmigu Meenakshi Amman College of Engineering, Vadamavandal Village, Namandi Post, (Near Kanchipuram), Tiruvanamalai-604410.",TIRUVANNAMALAI,136,Not Available,Not Available,96.5,Not Available,Not Available,Not Available,TNEA2025-00304,INFORMATION TECHNOLOGY,it
1503,"Arulmigu Meenakshi Amman College of Engineering, Vadamavandal Village, Namandi Post, (Near Kanchipuram), Tiruvanamalai-604410.",TIRUVANNAMALAI,136,Not Available,Not Available,96.5,Not Available,Not Available,Not Available,TNEA2025-00305,INSTRUMENTATION AND CONTROL ENGINEERING,ic
1503,"Arulmigu Meenakshi Amman College of Engineering, Vadamavandal Village, Namandi Post, (Near Kanchipuram), Tiruvanamalai-604410.",TIRUVANNAMALAI,136,Not Available,Not Available,96.5,Not Available,Not Available,Not Available,TNEA2025-00306,MECHANICAL ENGINEERING,me
2356,"Arulmurugan College of Engineering, Karvazhi Road, Thennilai, Aravakurichy Taluk, Karur-639206.",KARUR,101,Not Available,Not Available,Not Available,Not Available,Not Available,Not Available,TNEA2025-00307,Artificial Intelligence and Data Science,ad
2356,"Arulmurugan College of Engineering, Karvazhi Road, Thennilai, Aravakurichy Taluk, Karur-639206.",KARUR,101,Not Available,Not Available,Not Available,Not Available,Not Available,Not Available,TNEA2025-00308,CIVIL ENGINEERING,ce
2356,"Arulmurugan College of Engineering, Karvazhi Road, Thennilai, Aravakurichy Taluk, Karur-639206.",KARUR,111.5,Not Available,Not Available,Not Available,Not Available,Not Available,Not Available,TNEA2025-00309,COMPUTER SCIENCE AND ENGINEERING,cs
2356,"Arulmurugan College of Engineering, Karvazhi Road, Thennilai, Aravakurichy Taluk, Karur-639206.",KARUR,111.5,Not Available,Not Available,Not Available,Not Available,Not Available,Not Available,TNEA2025-00310,ELECTRICAL AND ELECTRONICS ENGINEERING,ee
2356,"Arulmurugan College of Engineering, Karvazhi Road, Thennilai, Aravakurichy Taluk, Karur-639206.",KARUR,111.5,Not Available,Not Available,Not Available,Not Available,Not Available,Not Available,TNEA2025-00311,ELECTRONICS AND COMMUNICATION ENGINEERING,ec
2356,"Arulmurugan College of Engineering, Karvazhi Road, Thennilai, Aravakurichy Taluk, Karur-639206.",KARUR,116,Not Available,Not Available,Not Available,Not Available,Not Available,Not Available,TNEA2025-00312,MECHANICAL ENGINEERING,me
4944,"Arunachala College of Engineering for Women, Thanka Gardens, Manavilai, Vellichanthai, Nagercoil, Kanyakumari District-629203.",KANNIYAKUMARI,149.5,125.5,130,101.5,91.5,119,Not Available,TNEA2025-00313,Artificial Intelligence and Data Science,ad
4944,"Arunachala College of Engineering for Women, Thanka Gardens, Manavilai, Vellichanthai, Nagercoil, Kanyakumari District-629203.",KANNIYAKUMARI,98.5,88.5,130,101.5,91.5,119,Not Available,TNEA2025-00314,CIVIL ENGINEERING,ce
4944,"Arunachala College of Engineering for Women, Thanka Gardens, Manavilai, Vellichanthai, Nagercoil, Kanyakumari District-629203.",KANNIYAKUMARI,157,138.5,134,96.5,87.5,119,Not Available,TNEA2025-00315,COMPUTER SCIENCE AND ENGINEERING,cs
4944,"Arunachala College of Engineering for Women, Thanka Gardens, Manavilai, Vellichanthai, Nagercoil, Kanyakumari District-629203.",KANNIYAKUMARI,138,112,100.5,96.5,121,119,Not Available,TNEA2025-00316,ELECTRICAL AND ELECTRONICS ENGINEERING,ee
4944,"Arunachala College of Engineering for Women, Thanka Gardens, Manavilai, Vellichanthai, Nagercoil, Kanyakumari District-629203.",KANNIYAKUMARI,144,122.5,110,106,121,119,Not Available,TNEA2025-00317,ELECTRONICS AND COMMUNICATION ENGINEERING,ec
4944,"Arunachala College of Engineering for Women, Thanka Gardens, Manavilai, Vellichanthai, Nagercoil, Kanyakumari District-629203.",KANNIYAKUMARI,134,116,112,97,121,119,Not Available,TNEA2025-00318,INFORMATION TECHNOLOGY,it
4677,"Arunachala Hitech Engineering College (formerly Lourdes Mount College of Engineering and Technology), Marthandam-Karungal Road, Chundavilai Mullanganavilai, Nattalam Post, Nattalam, Kanyakumari -629195.",KANNIYAKUMARI,138.5,109,109,126.5,91,Not Available,Not Available,TNEA2025-00319,Artificial Intelligence and Data Science,ad
4677,"Arunachala Hitech Engineering College (formerly Lourdes Mount College of Engineering and Technology), Marthandam-Karungal Road, Chundavilai Mullanganavilai, Nattalam Post, Nattalam, Kanyakumari -629195.",KANNIYAKUMARI,129.5,113,109,103.5,91,Not Available,Not Available,TNEA2025-00320,COMPUTER SCIENCE AND ENGINEERING,cs
4677,"Arunachala Hitech Engineering College (formerly Lourdes Mount College of Engineering and Technology), Marthandam-Karungal Road, Chundavilai Mullanganavilai, Nattalam Post, Nattalam, Kanyakumari -629195.",KANNIYAKUMARI,100.5,87,109,103.5,91,Not Available,Not Available,TNEA2025-00321,ELECTRICAL AND ELECTRONICS ENGINEERING,ee
4677,"Arunachala Hitech Engineering College (formerly Lourdes Mount College of Engineering and Technology), Marthandam-Karungal Road, Chundavilai Mullanganavilai, Nattalam Post, Nattalam, Kanyakumari -629195.",KANNIYAKUMARI,116.5,93.5,95.5,91,91,Not Available,Not Available,TNEA2025-00322,ELECTRONICS AND COMMUNICATION ENGINEERING,ec
4677,"Arunachala Hitech Engineering College (formerly Lourdes Mount College of Engineering and Technology), Marthandam-Karungal Road, Chundavilai Mullanganavilai, Nattalam Post, Nattalam, Kanyakumari -629195.",KANNIYAKUMARI,115.5,101.5,95.5,92,91,Not Available,Not Available,TNEA2025-00323,INFORMATION TECHNOLOGY,it
1504,"Arunai Engineering College, Chittor-Cuddalore Raod, Mathur, Tiruvannamalai-606603.",TIRUVANNAMALAI,91,138,148.5,132.5,118.5,108.5,118,TNEA2025-00324,AGRICULTURAL ENGINEERING,ag
1504,"Arunai Engineering College, Chittor-Cuddalore Raod, Mathur, Tiruvannamalai-606603.",TIRUVANNAMALAI,155,138,148.5,132.5,118.5,108.5,118,TNEA2025-00325,Artificial Intelligence and Data Science,ad
1504,"Arunai Engineering College, Chittor-Cuddalore Raod, Mathur, Tiruvannamalai-606603.",TIRUVANNAMALAI,116,96.5,148.5,111,118.5,108.5,118,TNEA2025-00326,BIO TECHNOLOGY,bt
1504,"Arunai Engineering College, Chittor-Cuddalore Raod, Mathur, Tiruvannamalai-606603.",TIRUVANNAMALAI,103.5,96.5,148.5,111,118.5,108.5,118,TNEA2025-00327,CHEMICAL ENGINEERING,ch
1504,"Arunai Engineering College, Chittor-Cuddalore Raod, Mathur, Tiruvannamalai-606603.",TIRUVANNAMALAI,115.5,96.5,148.5,103,118.5,108.5,118,TNEA2025-00328,CIVIL ENGINEERING,ce
1504,"Arunai Engineering College, Chittor-Cuddalore Raod, Mathur, Tiruvannamalai-606603.",TIRUVANNAMALAI,154.5,132,130,119.5,90,108.5,118,TNEA2025-00329,COMPUTER SCIENCE AND ENGINEERING,cs
1504,"Arunai Engineering College, Chittor-Cuddalore Raod, Mathur, Tiruvannamalai-606603.",TIRUVANNAMALAI,124,98,106.5,93.5,111.5,108.5,118,TNEA2025-00330,COMPUTER SCIENCE AND ENGINEERING (AI AND MACHINE LEARNING),am
1504,"Arunai Engineering College, Chittor-Cuddalore Raod, Mathur, Tiruvannamalai-606603.",TIRUVANNAMALAI,126.5,112.5,106.5,94.5,95,115,118,TNEA2025-00331,Computer Science and Engineering (Cyber Security),sc
1504,"Arunai Engineering College, Chittor-Cuddalore Raod, Mathur, Tiruvannamalai-606603.",TIRUVANNAMALAI,117,97.5,102,111.5,95,92,118,TNEA2025-00332,ELECTRICAL AND ELECTRONICS ENGINEERING,ee
1504,"Arunai Engineering College, Chittor-Cuddalore Raod, Mathur, Tiruvannamalai-606603.",TIRUVANNAMALAI,142.5,106.5,133,93,101.5,92,118,TNEA2025-00333,ELECTRONICS AND COMMUNICATION ENGINEERING,ec
1504,"Arunai Engineering College, Chittor-Cuddalore Raod, Mathur, Tiruvannamalai-606603.",TIRUVANNAMALAI,144,136,114.5,111,107.5,123,118,TNEA2025-00334,INFORMATION TECHNOLOGY,it
1504,"Arunai Engineering College, Chittor-Cuddalore Raod, Mathur, Tiruvannamalai-606603.",TIRUVANNAMALAI,83.5,136,114.5,111,107.5,123,118,TNEA2025-00335,MECHANICAL ENGINEERING,me
3855,"As-Salam College of Engineering and Technology, Thirumangalakudi-Aduthurai, Thiruvidaimaruthur, Thanjavur-612102.",THANJAVUR,87.5,Not Available,Not Available,Not Available,Not Available,Not Available,Not Available,TNEA2025-00336,Artificial Intelligence and Data Science,ad
3855,"As-Salam College of Engineering and Technology, Thirumangalakudi-Aduthurai, Thiruvidaimaruthur, Thanjavur-612102.",THANJAVUR,87.5,Not Available,Not Available,Not Available,Not Available,Not Available,Not Available,TNEA2025-00337,CIVIL ENGINEERING,ce
3855,"As-Salam College of Engineering and Technology, Thirumangalakudi-Aduthurai, Thiruvidaimaruthur, Thanjavur-612102.",THANJAVUR,111.5,Not Available,Not Available,Not Available,Not Available,Not Available,Not Available,TNEA2025-00338,COMPUTER SCIENCE AND ENGINEERING,cs
3855,"As-Salam College of Engineering and Technology, Thirumangalakudi-Aduthurai, Thiruvidaimaruthur, Thanjavur-612102.",THANJAVUR,90.5,Not Available,Not Available,Not Available,Not Available,Not Available,Not Available,TNEA2025-00339,Computer Science and Engineering (Cyber Security),sc
3855,"As-Salam College of Engineering and Technology, Thirumangalakudi-Aduthurai, Thiruvidaimaruthur, Thanjavur-612102.",THANJAVUR,123,Not Available,Not Available,Not Available,Not Available,Not Available,Not Available,TNEA2025-00340,ELECTRICAL AND ELECTRONICS ENGINEERING,ee
3855,"As-Salam College of Engineering and Technology, Thirumangalakudi-Aduthurai, Thiruvidaimaruthur, Thanjavur-612102.",THANJAVUR,123,Not Available,Not Available,Not Available,Not Available,Not Available,Not Available,TNEA2025-00341,ELECTRONICS AND COMMUNICATION ENGINEERING,ec
3855,"As-Salam College of Engineering and Technology, Thirumangalakudi-Aduthurai, Thiruvidaimaruthur, Thanjavur-612102.",THANJAVUR,87.5,Not Available,Not Available,Not Available,Not Available,Not Available,Not Available,TNEA2025-00342,INFORMATION TECHNOLOGY,it
3855,"As-Salam College of Engineering and Technology, Thirumangalakudi-Aduthurai, Thiruvidaimaruthur, Thanjavur-612102.",THANJAVUR,87.5,Not Available,Not Available,Not Available,Not Available,Not Available,Not Available,TNEA2025-00343,MECHANICAL ENGINEERING,me
1423,"Asan Memorial College of Engineering and Technology, Asan Nagar, 9th kilometer, Chengalpattu - Mahabalipuram Highway, Post Box No.6, Chengalpattu-603001.",CHENGALPATTU,85.5,92,Not Available,84,Not Available,Not Available,Not Available,TNEA2025-00344,Artificial Intelligence and Data Science,ad
1423,"Asan Memorial College of Engineering and Technology, Asan Nagar, 9th kilometer, Chengalpattu - Mahabalipuram Highway, Post Box No.6, Chengalpattu-603001.",CHENGALPATTU,127,92,Not Available,84,Not Available,Not Available,Not Available,TNEA2025-00345,COMPUTER SCIENCE AND ENGINEERING,cs
1423,"Asan Memorial College of Engineering and Technology, Asan Nagar, 9th kilometer, Chengalpattu - Mahabalipuram Highway, Post Box No.6, Chengalpattu-603001.",CHENGALPATTU,131,92,Not Available,84,Not Available,Not Available,Not Available,TNEA2025-00346,Computer Science and Engineering (Cyber Security),sc
1423,"Asan Memorial College of Engineering and Technology, Asan Nagar, 9th kilometer, Chengalpattu - Mahabalipuram Highway, Post Box No.6, Chengalpattu-603001.",CHENGALPATTU,95,92,Not Available,84,Not Available,Not Available,Not Available,TNEA2025-00347,ELECTRICAL AND ELECTRONICS ENGINEERING,ee
1423,"Asan Memorial College of Engineering and Technology, Asan Nagar, 9th kilometer, Chengalpattu - Mahabalipuram Highway, Post Box No.6, Chengalpattu-603001.",CHENGALPATTU,108,92,Not Available,84,Not Available,Not Available,Not Available,TNEA2025-00348,ELECTRONICS AND COMMUNICATION ENGINEERING,ec
1423,"Asan Memorial College of Engineering and Technology, Asan Nagar, 9th kilometer, Chengalpattu - Mahabalipuram Highway, Post Box No.6, Chengalpattu-603001.",CHENGALPATTU,114.5,92,Not Available,84,Not Available,Not Available,Not Available,TNEA2025-00349,INFORMATION TECHNOLOGY,it
1423,"Asan Memorial College of Engineering and Technology, Asan Nagar, 9th kilometer, Chengalpattu - Mahabalipuram Highway, Post Box No.6, Chengalpattu-603001.",CHENGALPATTU,101.5,92,Not Available,84,Not Available,Not Available,Not Available,TNEA2025-00350,MECHANICAL ENGINEERING,me
2338,"Asian College of Engineering and Technology, 294/2, Asian College Road, Kondayampalayam, Near Saravanampatti, Coimbatore-641110.",COIMBATORE,91.5,87,Not Available,86,85,96.5,107.5,TNEA2025-00351,AGRICULTURAL ENGINEERING,ag
2338,"Asian College of Engineering and Technology, 294/2, Asian College Road, Kondayampalayam, Near Saravanampatti, Coimbatore-641110.",COIMBATORE,119.5,85,Not Available,86,102,96.5,107.5,TNEA2025-00352,Artificial Intelligence and Data Science,ad
2338,"Asian College of Engineering and Technology, 294/2, Asian College Road, Kondayampalayam, Near Saravanampatti, Coimbatore-641110.",COIMBATORE,119.5,92,Not Available,86,101.5,96.5,107.5,TNEA2025-00353,BIO MEDICAL ENGINEERING,bm
2338,"Asian College of Engineering and Technology, 294/2, Asian College Road, Kondayampalayam, Near Saravanampatti, Coimbatore-641110.",COIMBATORE,112,105.5,Not Available,87.5,86.5,96.5,107.5,TNEA2025-00354,COMPUTER SCIENCE AND ENGINEERING,cs
2338,"Asian College of Engineering and Technology, 294/2, Asian College Road, Kondayampalayam, Near Saravanampatti, Coimbatore-641110.",COIMBATORE,83,105.5,Not Available,87.5,86.5,96.5,107.5,TNEA2025-00355,ELECTRICAL AND ELECTRONICS ENGINEERING,ee
2338,"Asian College of Engineering and Technology, 294/2, Asian College Road, Kondayampalayam, Near Saravanampatti, Coimbatore-641110.",COIMBATORE,120,108,Not Available,95,110,96.5,107.5,TNEA2025-00356,INFORMATION TECHNOLOGY,it
2338,"Asian College of Engineering and Technology, 294/2, Asian College Road, Kondayampalayam, Near Saravanampatti, Coimbatore-641110.",COIMBATORE,92,108,Not Available,95,83,96.5,107.5,TNEA2025-00357,MECHANICAL ENGINEERING,me
2702,"Bannari Amman Institute of Technology (Autonomous), Sathy-Bhavani Road, (State Highway), Alathukombai Post, Sathyamangalam (Taluk), Erode District-638401.",ERODE,165.5,160,173,147.5,111,134,118,TNEA2025-00358,AGRICULTURAL ENGINEERING,ag
2702,"Bannari Amman Institute of Technology (Autonomous), Sathy-Bhavani Road, (State Highway), Alathukombai Post, Sathyamangalam (Taluk), Erode District-638401.",ERODE,183.5,181,173,175.5,132,134,118,TNEA2025-00359,Artificial Intelligence and Data Science,ad
2702,"Bannari Amman Institute of Technology (Autonomous), Sathy-Bhavani Road, (State Highway), Alathukombai Post, Sathyamangalam (Taluk), Erode District-638401.",ERODE,180.5,179,174,175,131.5,127.5,118,TNEA2025-00360,Artificial Intelligence and Machine Learning,al
2702,"Bannari Amman Institute of Technology (Autonomous), Sathy-Bhavani Road, (State Highway), Alathukombai Post, Sathyamangalam (Taluk), Erode District-638401.",ERODE,173,165.5,155.5,153,107.5,121,118,TNEA2025-00361,BIO TECHNOLOGY,bt
2702,"Bannari Amman Institute of Technology (Autonomous), Sathy-Bhavani Road, (State Highway), Alathukombai Post, Sathyamangalam (Taluk), Erode District-638401.",ERODE,181,179,155.5,175.5,135.5,132.5,104,TNEA2025-00362,COMPUTER SCIENCE AND BUSSINESS SYSTEM,cb
2702,"Bannari Amman Institute of Technology (Autonomous), Sathy-Bhavani Road, (State Highway), Alathukombai Post, Sathyamangalam (Taluk), Erode District-638401.",ERODE,187.5,184,181.5,182.5,142.5,115,112,TNEA2025-00363,COMPUTER SCIENCE AND ENGINEERING,cs
2702,"Bannari Amman Institute of Technology (Autonomous), Sathy-Bhavani Road, (State Highway), Alathukombai Post, Sathyamangalam (Taluk), Erode District-638401.",ERODE,179,176.5,167,167,128,132,125,TNEA2025-00364,ELECTRICAL AND ELECTRONICS ENGINEERING,ee
2702,"Bannari Amman Institute of Technology (Autonomous), Sathy-Bhavani Road, (State Highway), Alathukombai Post, Sathyamangalam (Taluk), Erode District-638401.",ERODE,184,181.5,173.5,176,136,139.5,119,TNEA2025-00365,ELECTRONICS AND COMMUNICATION ENGINEERING,ec
2702,"Bannari Amman Institute of Technology (Autonomous), Sathy-Bhavani Road, (State Highway), Alathukombai Post, Sathyamangalam (Taluk), Erode District-638401.",ERODE,175.5,174,172,166,118,127,119,TNEA2025-00366,ELECTRONICS AND INSTRUMENTATION ENGINEERING,ei
2702,"Bannari Amman Institute of Technology (Autonomous), Sathy-Bhavani Road, (State Highway), Alathukombai Post, Sathyamangalam (Taluk), Erode District-638401.",ERODE,184,182,174.5,176,135.5,111,134,TNEA2025-00367,INFORMATION TECHNOLOGY,it
2702,"Bannari Amman Institute of Technology (Autonomous), Sathy-Bhavani Road, (State Highway), Alathukombai Post, Sathyamangalam (Taluk), Erode District-638401.",ERODE,171,167.5,161.5,160,122,126.5,134,TNEA2025-00368,MECHANICAL ENGINEERING,me
2702,"Bannari Amman Institute of Technology (Autonomous), Sathy-Bhavani Road, (State Highway), Alathukombai Post, Sathyamangalam (Taluk), Erode District-638401.",ERODE,173,170,146,165,113,126.5,134,TNEA2025-00369,Mechatronics Engineering,mz
4992,"Bethlahem Institute of Engineering, Nadutheri, Karungal, Kanyakumari-629157.",KANNIYAKUMARI,109,85.5,90.5,113,Not Available,Not Available,Not Available,TNEA2025-00370,CIVIL ENGINEERING,ce
4992,"Bethlahem Institute of Engineering, Nadutheri, Karungal, Kanyakumari-629157.",KANNIYAKUMARI,123,85.5,90.5,113,Not Available,Not Available,Not Available,TNEA2025-00371,COMPUTER SCIENCE AND ENGINEERING,cs
4992,"Bethlahem Institute of Engineering, Nadutheri, Karungal, Kanyakumari-629157.",KANNIYAKUMARI,107,92,90.5,101,Not Available,Not Available,Not Available,TNEA2025-00372,COMPUTER SCIENCE AND ENGINEERING (AI AND MACHINE LEARNING),am
4992,"Bethlahem Institute of Engineering, Nadutheri, Karungal, Kanyakumari-629157.",KANNIYAKUMARI,116,92,90.5,101,Not Available,Not Available,Not Available,TNEA2025-00373,ELECTRICAL AND ELECTRONICS ENGINEERING,ee
4992,"Bethlahem Institute of Engineering, Nadutheri, Karungal, Kanyakumari-629157.",KANNIYAKUMARI,97.5,92,90.5,101,Not Available,Not Available,Not Available,TNEA2025-00374,ELECTRONICS AND COMMUNICATION ENGINEERING,ec
4992,"Bethlahem Institute of Engineering, Nadutheri, Karungal, Kanyakumari-629157.",KANNIYAKUMARI,81,92,90.5,101,Not Available,Not Available,Not Available,TNEA2025-00375,INFORMATION TECHNOLOGY,it
4992,"Bethlahem Institute of Engineering, Nadutheri, Karungal, Kanyakumari-629157.",KANNIYAKUMARI,86,92,90.5,101,Not Available,Not Available,Not Available,TNEA2025-00376,MECHANICAL ENGINEERING,me
1102,"Bhajarang Engineering College, Ayathur Village, Veppampattu (R.S), Thiruvallur dist-602024.",,103.5,Not Available,Not Available,Not Available,Not Available,Not Available,Not Available,TNEA2025-00377,CIVIL ENGINEERING,ce
1102,"Bhajarang Engineering College, Ayathur Village, Veppampattu (R.S), Thiruvallur dist-602024.",,103.5,Not Available,Not Available,Not Available,Not Available,Not Available,Not Available,TNEA2025-00378,COMPUTER SCIENCE AND ENGINEERING,cs
1102,"Bhajarang Engineering College, Ayathur Village, Veppampattu (R.S), Thiruvallur dist-602024.",,103.5,Not Available,Not Available,Not Available,Not Available,Not Available,Not Available,TNEA2025-00379,ELECTRICAL AND ELECTRONICS ENGINEERING,ee
1102,"Bhajarang Engineering College, Ayathur Village, Veppampattu (R.S), Thiruvallur dist-602024.",,131.5,Not Available,Not Available,Not Available,Not Available,Not Available,Not Available,TNEA2025-00380,ELECTRONICS AND COMMUNICATION ENGINEERING,ec
1102,"Bhajarang Engineering College, Ayathur Village, Veppampattu (R.S), Thiruvallur dist-602024.",,131.5,Not Available,Not Available,Not Available,Not Available,Not Available,Not Available,TNEA2025-00381,MECHANICAL ENGINEERING,me
5902,"Bharath Niketan Engineering College, Shri Gowri Nagar, Thimmarasanaickanoor, Aundipatti, Theni District-625536.",THENI,163.5,91,Not Available,93.5,92.5,92,Not Available,TNEA2025-00382,AGRICULTURAL ENGINEERING,ag
5902,"Bharath Niketan Engineering College, Shri Gowri Nagar, Thimmarasanaickanoor, Aundipatti, Theni District-625536.",THENI,104.5,91,Not Available,93.5,92.5,92,Not Available,TNEA2025-00383,Artificial Intelligence and Data Science,ad
5902,"Bharath Niketan Engineering College, Shri Gowri Nagar, Thimmarasanaickanoor, Aundipatti, Theni District-625536.",THENI,104.5,91,Not Available,93.5,92.5,92,Not Available,TNEA2025-00384,CIVIL ENGINEERING,ce
5902,"Bharath Niketan Engineering College, Shri Gowri Nagar, Thimmarasanaickanoor, Aundipatti, Theni District-625536.",THENI,114.5,96.5,Not Available,93.5,89,92,Not Available,TNEA2025-00385,COMPUTER SCIENCE AND ENGINEERING,cs
5902,"Bharath Niketan Engineering College, Shri Gowri Nagar, Thimmarasanaickanoor, Aundipatti, Theni District-625536.",THENI,112,96.5,Not Available,87.5,102,92,Not Available,TNEA2025-00386,ELECTRICAL AND ELECTRONICS ENGINEERING,ee
5902,"Bharath Niketan Engineering College, Shri Gowri Nagar, Thimmarasanaickanoor, Aundipatti, Theni District-625536.",THENI,118,80.5,Not Available,83.5,102,92,Not Available,TNEA2025-00387,ELECTRONICS AND COMMUNICATION ENGINEERING,ec
5902,"Bharath Niketan Engineering College, Shri Gowri Nagar, Thimmarasanaickanoor, Aundipatti, Theni District-625536.",THENI,126.5,80,Not Available,92,101.5,110.5,Not Available,TNEA2025-00388,INFORMATION TECHNOLOGY,it
5902,"Bharath Niketan Engineering College, Shri Gowri Nagar, Thimmarasanaickanoor, Aundipatti, Theni District-625536.",THENI,91.5,80,Not Available,92,101.5,110.5,Not Available,TNEA2025-00389,MECHANICAL ENGINEERING,me
1519,"Bharathidasan Engineering College, K.Bandarapalli Post, Nattrampalli, Vellore District-635854.",TIRUPATHUR,133,113.5,111,104,113,92,Not Available,TNEA2025-00390,Artificial Intelligence and Data Science,ad
1519,"Bharathidasan Engineering College, K.Bandarapalli Post, Nattrampalli, Vellore District-635854.",TIRUPATHUR,133,113.5,111,104,113,92,Not Available,TNEA2025-00391,CIVIL ENGINEERING,ce
1519,"Bharathidasan Engineering College, K.Bandarapalli Post, Nattrampalli, Vellore District-635854.",TIRUPATHUR,113,80.5,95,93,81,97,Not Available,TNEA2025-00392,COMPUTER SCIENCE AND ENGINEERING,cs
1519,"Bharathidasan Engineering College, K.Bandarapalli Post, Nattrampalli, Vellore District-635854.",TIRUPATHUR,90,80.5,95,93,81,97,Not Available,TNEA2025-00393,ELECTRICAL AND ELECTRONICS ENGINEERING,ee
1519,"Bharathidasan Engineering College, K.Bandarapalli Post, Nattrampalli, Vellore District-635854.",TIRUPATHUR,83,80.5,95,93,81,97,Not Available,TNEA2025-00394,ELECTRONICS AND COMMUNICATION ENGINEERING,ec
1519,"Bharathidasan Engineering College, K.Bandarapalli Post, Nattrampalli, Vellore District-635854.",TIRUPATHUR,143,88.5,120,100,95.5,97,Not Available,TNEA2025-00395,INFORMATION TECHNOLOGY,it
1519,"Bharathidasan Engineering College, K.Bandarapalli Post, Nattrampalli, Vellore District-635854.",TIRUPATHUR,81,88.5,120,100,95.5,97,Not Available,TNEA2025-00396,MECHANICAL ENGINEERING,me
2643,"Bharathiyar Institute of Engineering for Women, 43/3, Deviyakurichi, Attur Taluk, Salem District-636112.",SALEM,137.5,87,122.5,104,86,85,106,TNEA2025-00397,Artificial Intelligence and Data Science,ad
2643,"Bharathiyar Institute of Engineering for Women, 43/3, Deviyakurichi, Attur Taluk, Salem District-636112.",SALEM,139,114.5,103,90,80.5,106,122,TNEA2025-00398,COMPUTER SCIENCE AND ENGINEERING,cs
2643,"Bharathiyar Institute of Engineering for Women, 43/3, Deviyakurichi, Attur Taluk, Salem District-636112.",SALEM,108.5,82,88.5,98,87.5,93,122,TNEA2025-00399,Computer Science and Engineering (Cyber Security),sc
2643,"Bharathiyar Institute of Engineering for Women, 43/3, Deviyakurichi, Attur Taluk, Salem District-636112.",SALEM,89,86,88.5,83,86,93,122,TNEA2025-00400,ELECTRICAL AND ELECTRONICS ENGINEERING,ee
2643,"Bharathiyar Institute of Engineering for Women, 43/3, Deviyakurichi, Attur Taluk, Salem District-636112.",SALEM,116,88.5,110,89.5,91.5,101,122,TNEA2025-00401,ELECTRONICS AND COMMUNICATION ENGINEERING,ec
2656,"Builders Engineering College (Autonomous), EBET Knowledge Park, Erode Road Nathakadaiyur, Kangeyam, Tiruppur-638108.",TIRUPPUR,170.5,143,104,137.5,140.5,126.5,89.5,TNEA2025-00402,Artificial Intelligence and Data Science,ad
2656,"Builders Engineering College (Autonomous), EBET Knowledge Park, Erode Road Nathakadaiyur, Kangeyam, Tiruppur-638108.",TIRUPPUR,137,111,104,123.5,107,126.5,89.5,TNEA2025-00403,CIVIL ENGINEERING,ce
2656,"Builders Engineering College (Autonomous), EBET Knowledge Park, Erode Road Nathakadaiyur, Kangeyam, Tiruppur-638108.",TIRUPPUR,174.5,142,104,142.5,101.5,155.5,89.5,TNEA2025-00404,COMPUTER SCIENCE AND ENGINEERING,cs
2656,"Builders Engineering College (Autonomous), EBET Knowledge Park, Erode Road Nathakadaiyur, Kangeyam, Tiruppur-638108.",TIRUPPUR,153,135.5,104,122.5,95,120,89.5,TNEA2025-00405,COMPUTER SCIENCE AND ENGINEERING (AI AND MACHINE LEARNING),am
2656,"Builders Engineering College (Autonomous), EBET Knowledge Park, Erode Road Nathakadaiyur, Kangeyam, Tiruppur-638108.",TIRUPPUR,144.5,133,132.5,128,124.5,140.5,89.5,TNEA2025-00406,ELECTRICAL AND ELECTRONICS ENGINEERING,ee
2656,"Builders Engineering College (Autonomous), EBET Knowledge Park, Erode Road Nathakadaiyur, Kangeyam, Tiruppur-638108.",TIRUPPUR,161.5,136.5,138,141.5,101,126,89.5,TNEA2025-00407,ELECTRONICS AND COMMUNICATION ENGINEERING,ec
2656,"Builders Engineering College (Autonomous), EBET Knowledge Park, Erode Road Nathakadaiyur, Kangeyam, Tiruppur-638108.",TIRUPPUR,132.5,113.5,127,119,104,114.5,89.5,TNEA2025-00408,MECHANICAL ENGINEERING,me
2772,"C M S College of Engineering and Technology, Appachigoundapathy, Kumittipathy Post, Coimbatore-641032.",COIMBATORE,115,98,111.5,92.5,105,Not Available,Not Available,TNEA2025-00409,Artificial Intelligence and Data Science,ad
2772,"C M S College of Engineering and Technology, Appachigoundapathy, Kumittipathy Post, Coimbatore-641032.",COIMBATORE,113,80,111.5,94.5,105,Not Available,Not Available,TNEA2025-00410,COMPUTER SCIENCE AND ENGINEERING,cs
2772,"C M S College of Engineering and Technology, Appachigoundapathy, Kumittipathy Post, Coimbatore-641032.",COIMBATORE,109,107.5,111.5,88,105,Not Available,Not Available,TNEA2025-00411,COMPUTER SCIENCE AND ENGINEERING (AI AND MACHINE LEARNING),am
2772,"C M S College of Engineering and Technology, Appachigoundapathy, Kumittipathy Post, Coimbatore-641032.",COIMBATORE,127.5,81,111.5,88,104.5,Not Available,Not Available,TNEA2025-00412,Computer Science and Engineering (Cyber Security),sc
2772,"C M S College of Engineering and Technology, Appachigoundapathy, Kumittipathy Post, Coimbatore-641032.",COIMBATORE,116,88,112,102,97.5,Not Available,Not Available,TNEA2025-00413,ELECTRONICS AND COMMUNICATION ENGINEERING,ec
2772,"C M S College of Engineering and Technology, Appachigoundapathy, Kumittipathy Post, Coimbatore-641032.",COIMBATORE,124.5,94.5,112,109,97.5,Not Available,Not Available,TNEA2025-00414,INFORMATION TECHNOLOGY,it
2772,"C M S College of Engineering and Technology, Appachigoundapathy, Kumittipathy Post, Coimbatore-641032.",COIMBATORE,83,94.5,112,109,97.5,Not Available,Not Available,TNEA2025-00415,MECHANICAL ENGINEERING,me
1505,"C.Abdul Hakeem College of Engineering and Technology, Hakeem Nagar, Melvisharam, Vellore -632509.",RANIPET,160,131.5,149.5,136.5,103,109,Not Available,TNEA2025-00416,Artificial Intelligence and Data Science,ad
1505,"C.Abdul Hakeem College of Engineering and Technology, Hakeem Nagar, Melvisharam, Vellore -632509.",RANIPET,109.5,131.5,149.5,136.5,103,109,Not Available,TNEA2025-00417,CIVIL ENGINEERING,ce
1505,"C.Abdul Hakeem College of Engineering and Technology, Hakeem Nagar, Melvisharam, Vellore -632509.",RANIPET,160,121,150.5,132.5,108.5,109,Not Available,TNEA2025-00418,COMPUTER SCIENCE AND ENGINEERING,cs
1505,"C.Abdul Hakeem College of Engineering and Technology, Hakeem Nagar, Melvisharam, Vellore -632509.",RANIPET,122,93.5,114.5,116.5,108.5,109,Not Available,TNEA2025-00419,ELECTRICAL AND ELECTRONICS ENGINEERING,ee
1505,"C.Abdul Hakeem College of Engineering and Technology, Hakeem Nagar, Melvisharam, Vellore -632509.",RANIPET,143,115.5,140.5,112.5,108.5,109,Not Available,TNEA2025-00420,ELECTRONICS AND COMMUNICATION ENGINEERING,ec
1505,"C.Abdul Hakeem College of Engineering and Technology, Hakeem Nagar, Melvisharam, Vellore -632509.",RANIPET,158.5,120.5,142,123.5,97.5,109,Not Available,TNEA2025-00421,INFORMATION TECHNOLOGY,it
1505,"C.Abdul Hakeem College of Engineering and Technology, Hakeem Nagar, Melvisharam, Vellore -632509.",RANIPET,105,104,142,123.5,97.5,109,Not Available,TNEA2025-00422,MECHANICAL ENGINEERING,me
3425,"C.K. College of Engineering & Technology, Jayaram Nagar, Chellangkuppam, Cuddalore-607003.",CUDDALORE,163,125.5,155,149,116.5,106.5,Not Available,TNEA2025-00423,Artificial Intelligence and Data Science,ad
3425,"C.K. College of Engineering & Technology, Jayaram Nagar, Chellangkuppam, Cuddalore-607003.",CUDDALORE,121.5,108.5,155,91.5,92.5,106.5,Not Available,TNEA2025-00424,BIO MEDICAL ENGINEERING,bm
3425,"C.K. College of Engineering & Technology, Jayaram Nagar, Chellangkuppam, Cuddalore-607003.",CUDDALORE,119,83,109.5,89.5,108,84,Not Available,TNEA2025-00425,CIVIL ENGINEERING,ce
3425,"C.K. College of Engineering & Technology, Jayaram Nagar, Chellangkuppam, Cuddalore-607003.",CUDDALORE,168.5,134,152.5,155.5,124.5,104.5,Not Available,TNEA2025-00426,COMPUTER SCIENCE AND ENGINEERING,cs
3425,"C.K. College of Engineering & Technology, Jayaram Nagar, Chellangkuppam, Cuddalore-607003.",CUDDALORE,126.5,105.5,94,101,86,104.5,Not Available,TNEA2025-00427,ELECTRICAL AND ELECTRONICS ENGINEERING,ee
3425,"C.K. College of Engineering & Technology, Jayaram Nagar, Chellangkuppam, Cuddalore-607003.",CUDDALORE,142.5,106,134.5,138,105.5,104.5,Not Available,TNEA2025-00428,ELECTRONICS AND COMMUNICATION ENGINEERING,ec
3425,"C.K. College of Engineering & Technology, Jayaram Nagar, Chellangkuppam, Cuddalore-607003.",CUDDALORE,164,110.5,145,145,127,89.5,Not Available,TNEA2025-00429,INFORMATION TECHNOLOGY,it
3425,"C.K. College of Engineering & Technology, Jayaram Nagar, Chellangkuppam, Cuddalore-607003.",CUDDALORE,116.5,110.5,91.5,103,96,89.5,Not Available,TNEA2025-00430,MECHANICAL ENGINEERING,me
3425,"C.K. College of Engineering & Technology, Jayaram Nagar, Chellangkuppam, Cuddalore-607003.",CUDDALORE,121,116.5,95,99,101,89.5,Not Available,TNEA2025-00431,ROBOTICS AND AUTOMATION,rm
4952,"C.S.I. Institute of Technology, Thovalai & PO, Kanyakumari District, Nagercoil-629302.",KANNIYAKUMARI,89.5,85.5,Not Available,83.5,82.5,Not Available,Not Available,TNEA2025-00432,Artificial Intelligence and Data Science,ad
4952,"C.S.I. Institute of Technology, Thovalai & PO, Kanyakumari District, Nagercoil-629302.",KANNIYAKUMARI,94.5,85.5,Not Available,83.5,82.5,Not Available,Not Available,TNEA2025-00433,CIVIL ENGINEERING,ce
4952,"C.S.I. Institute of Technology, Thovalai & PO, Kanyakumari District, Nagercoil-629302.",KANNIYAKUMARI,81.5,85.5,Not Available,83.5,82.5,Not Available,Not Available,TNEA2025-00434,COMPUTER SCIENCE AND ENGINEERING,cs
4952,"C.S.I. Institute of Technology, Thovalai & PO, Kanyakumari District, Nagercoil-629302.",KANNIYAKUMARI,108,85.5,Not Available,83.5,82.5,Not Available,Not Available,TNEA2025-00435,COMPUTER SCIENCE AND ENGINEERING (AI AND MACHINE LEARNING),am
4952,"C.S.I. Institute of Technology, Thovalai & PO, Kanyakumari District, Nagercoil-629302.",KANNIYAKUMARI,85.5,85.5,Not Available,83.5,82.5,Not Available,Not Available,TNEA2025-00436,ELECTRICAL AND ELECTRONICS ENGINEERING,ee
4952,"C.S.I. Institute of Technology, Thovalai & PO, Kanyakumari District, Nagercoil-629302.",KANNIYAKUMARI,132,85.5,Not Available,83.5,82.5,Not Available,Not Available,TNEA2025-00437,ELECTRONICS AND COMMUNICATION ENGINEERING,ec
4952,"C.S.I. Institute of Technology, Thovalai & PO, Kanyakumari District, Nagercoil-629302.",KANNIYAKUMARI,85.5,85.5,Not Available,83.5,82.5,Not Available,Not Available,TNEA2025-00438,INFORMATION TECHNOLOGY,it
4952,"C.S.I. Institute of Technology, Thovalai & PO, Kanyakumari District, Nagercoil-629302.",KANNIYAKUMARI,90.5,85.5,Not Available,83.5,82.5,Not Available,Not Available,TNEA2025-00439,MECHANICAL ENGINEERING,me
3841,"CARE College of Engineering (Autonomous), No.27, Thayanoor village, Kuttapatti, Tiruchirappalli-620009.",TIRUCHIRAPPALLI,154.5,143.5,151,141,94.5,112.5,Not Available,TNEA2025-00440,Artificial Intelligence and Data Science,ad
3841,"CARE College of Engineering (Autonomous), No.27, Thayanoor village, Kuttapatti, Tiruchirappalli-620009.",TIRUCHIRAPPALLI,154.5,143.5,151,141,94.5,112.5,Not Available,TNEA2025-00441,Bachelor of Design,da
3841,"CARE College of Engineering (Autonomous), No.27, Thayanoor village, Kuttapatti, Tiruchirappalli-620009.",TIRUCHIRAPPALLI,110,101,151,141,107.5,112.5,Not Available,TNEA2025-00442,CIVIL ENGINEERING,ce
3841,"CARE College of Engineering (Autonomous), No.27, Thayanoor village, Kuttapatti, Tiruchirappalli-620009.",TIRUCHIRAPPALLI,157,142,149,137.5,108,111.5,Not Available,TNEA2025-00443,COMPUTER SCIENCE AND ENGINEERING,cs
3841,"CARE College of Engineering (Autonomous), No.27, Thayanoor village, Kuttapatti, Tiruchirappalli-620009.",TIRUCHIRAPPALLI,146.5,139,139.5,138,111,103.5,Not Available,TNEA2025-00444,ELECTRONICS AND COMMUNICATION ENGINEERING,ec
3841,"CARE College of Engineering (Autonomous), No.27, Thayanoor village, Kuttapatti, Tiruchirappalli-620009.",TIRUCHIRAPPALLI,120.5,80,139.5,101,106.5,103.5,Not Available,TNEA2025-00445,MECHANICAL ENGINEERING,me
2635,"CMS College of Engineering, CMS Nagar, Eranapuram Post, Namakkal-637003.",NAMAKKAL,101,Not Available,Not Available,85.5,Not Available,Not Available,Not Available,TNEA2025-00446,Artificial Intelligence and Data Science,ad
2635,"CMS College of Engineering, CMS Nagar, Eranapuram Post, Namakkal-637003.",NAMAKKAL,81.5,Not Available,Not Available,85.5,Not Available,Not Available,Not Available,TNEA2025-00447,BIO MEDICAL ENGINEERING,bm
2635,"CMS College of Engineering, CMS Nagar, Eranapuram Post, Namakkal-637003.",NAMAKKAL,96,Not Available,Not Available,85.5,Not Available,Not Available,Not Available,TNEA2025-00448,COMPUTER SCIENCE AND ENGINEERING,cs
2635,"CMS College of Engineering, CMS Nagar, Eranapuram Post, Namakkal-637003.",NAMAKKAL,80.5,Not Available,Not Available,85.5,Not Available,Not Available,Not Available,TNEA2025-00449,Computer Science and Engineering (Cyber Security),sc
2635,"CMS College of Engineering, CMS Nagar, Eranapuram Post, Namakkal-637003.",NAMAKKAL,95,Not Available,Not Available,85.5,Not Available,Not Available,Not Available,TNEA2025-00450,ELECTRICAL AND ELECTRONICS ENGINEERING,ee
2635,"CMS College of Engineering, CMS Nagar, Eranapuram Post, Namakkal-637003.",NAMAKKAL,104.5,Not Available,Not Available,85.5,Not Available,Not Available,Not Available,TNEA2025-00451,ELECTRONICS AND COMMUNICATION ENGINEERING,ec
2635,"CMS College of Engineering, CMS Nagar, Eranapuram Post, Namakkal-637003.",NAMAKKAL,90,Not Available,Not Available,85.5,Not Available,Not Available,Not Available,TNEA2025-00452,MECHANICAL ENGINEERING,me
2705,"CSI College of Engineering, Ketti Valley, The Nilgiris-643215.",NILGIRIS,131.5,99.5,122,82,98.5,Not Available,Not Available,TNEA2025-00453,Artificial Intelligence and Data Science,ad
2705,"CSI College of Engineering, Ketti Valley, The Nilgiris-643215.",NILGIRIS,110.5,99.5,122,82,98.5,Not Available,Not Available,TNEA2025-00454,CIVIL ENGINEERING,ce
2705,"CSI College of Engineering, Ketti Valley, The Nilgiris-643215.",NILGIRIS,116,87,81,101.5,88.5,Not Available,Not Available,TNEA2025-00455,COMPUTER SCIENCE AND ENGINEERING,cs
2705,"CSI College of Engineering, Ketti Valley, The Nilgiris-643215.",NILGIRIS,93.5,87,92,101.5,89,Not Available,Not Available,TNEA2025-00456,COMPUTER SCIENCE AND ENGINEERING (AI AND MACHINE LEARNING),am
2705,"CSI College of Engineering, Ketti Valley, The Nilgiris-643215.",NILGIRIS,118,86,89.5,101.5,89.5,Not Available,Not Available,TNEA2025-00457,Computer Science and Engineering (Cyber Security),sc
2705,"CSI College of Engineering, Ketti Valley, The Nilgiris-643215.",NILGIRIS,132.5,86,89.5,101.5,89.5,Not Available,Not Available,TNEA2025-00458,ELECTRICAL AND ELECTRONICS ENGINEERING,ee
2705,"CSI College of Engineering, Ketti Valley, The Nilgiris-643215.",NILGIRIS,92.5,83.5,89.5,101.5,89.5,Not Available,Not Available,TNEA2025-00459,ELECTRONICS AND COMMUNICATION ENGINEERING,ec
2705,"CSI College of Engineering, Ketti Valley, The Nilgiris-643215.",NILGIRIS,105.5,98.5,102.5,98.5,96.5,Not Available,Not Available,TNEA2025-00460,INFORMATION TECHNOLOGY,it
2705,"CSI College of Engineering, Ketti Valley, The Nilgiris-643215.",NILGIRIS,86,98.5,102.5,98.5,96.5,Not Available,Not Available,TNEA2025-00461,MECHANICAL ENGINEERING,me
4953,"Cape Institute of Technology, Rajakrishnapuram Post, Radhapuram Taluk, Levengipuram, Tirunelvei-627114.",TIRUNELVELI,99,80,Not Available,87,83.5,Not Available,Not Available,TNEA2025-00462,CIVIL ENGINEERING,ce
4953,"Cape Institute of Technology, Rajakrishnapuram Post, Radhapuram Taluk, Levengipuram, Tirunelvei-627114.",TIRUNELVELI,99,80,Not Available,87,83.5,Not Available,Not Available,TNEA2025-00463,COMPUTER SCIENCE AND ENGINEERING,cs
4953,"Cape Institute of Technology, Rajakrishnapuram Post, Radhapuram Taluk, Levengipuram, Tirunelvei-627114.",TIRUNELVELI,119,107,Not Available,87,114,Not Available,Not Available,TNEA2025-00464,COMPUTER SCIENCE AND ENGINEERING (AI AND MACHINE LEARNING),am
4953,"Cape Institute of Technology, Rajakrishnapuram Post, Radhapuram Taluk, Levengipuram, Tirunelvei-627114.",TIRUNELVELI,86.5,107,Not Available,87,114,Not Available,Not Available,TNEA2025-00465,ELECTRICAL AND ELECTRONICS ENGINEERING,ee
4953,"Cape Institute of Technology, Rajakrishnapuram Post, Radhapuram Taluk, Levengipuram, Tirunelvei-627114.",TIRUNELVELI,94.5,107,Not Available,87,114,Not Available,Not Available,TNEA2025-00466,ELECTRONICS AND COMMUNICATION ENGINEERING,ec
4953,"Cape Institute of Technology, Rajakrishnapuram Post, Radhapuram Taluk, Levengipuram, Tirunelvei-627114.",TIRUNELVELI,81.5,107,Not Available,87,114,Not Available,Not Available,TNEA2025-00467,INFORMATION TECHNOLOGY,it
4953,"Cape Institute of Technology, Rajakrishnapuram Post, Radhapuram Taluk, Levengipuram, Tirunelvei-627114.",TIRUNELVELI,83,107,Not Available,87,114,Not Available,Not Available,TNEA2025-00468,MECHANICAL ENGINEERING,me
5012,Central Electrochemical Research Institute CECRI) Karaikudi Sivagangai District 630006,SIVAGANGAI,194,192,190,191,190,157.5,Not Available,TNEA2025-00469,CHEMICAL AND ELECTRO CHEMICAL ENGINEERING (SS),cc
1321,Central Institute of Petrochemicals Engineering and Technology (Formerly Central Institute of Plastics Engineering and Technology) (CIPET) Guindy Chennai 600032,CHENNAI,171.5,158,155,153.5,140.5,126,146,TNEA2025-00470,MANUFACTURING ENGINEERING,mn
1321,Central Institute of Petrochemicals Engineering and Technology (Formerly Central Institute of Plastics Engineering and Technology) (CIPET) Guindy Chennai 600032,CHENNAI,172.5,158,166,155.5,143,127,146,TNEA2025-00471,PLASTIC TECHNOLOGY,pa
3926,"Chendhuran College of Engineering and Technology, Madurai Main Road, Lena Vilakku, Pilivalam Post, Thirumayam Taluk, Pudukkottai District-622507.",PUDUKKOTTAI,123.5,88,90.5,110,101.5,Not Available,Not Available,TNEA2025-00472,Artificial Intelligence and Data Science,ad
3926,"Chendhuran College of Engineering and Technology, Madurai Main Road, Lena Vilakku, Pilivalam Post, Thirumayam Taluk, Pudukkottai District-622507.",PUDUKKOTTAI,125.5,88,90.5,110,101.5,Not Available,Not Available,TNEA2025-00473,CIVIL ENGINEERING,ce
3926,"Chendhuran College of Engineering and Technology, Madurai Main Road, Lena Vilakku, Pilivalam Post, Thirumayam Taluk, Pudukkottai District-622507.",PUDUKKOTTAI,122,80.5,90.5,89.5,87,Not Available,Not Available,TNEA2025-00474,COMPUTER SCIENCE AND ENGINEERING,cs
3926,"Chendhuran College of Engineering and Technology, Madurai Main Road, Lena Vilakku, Pilivalam Post, Thirumayam Taluk, Pudukkottai District-622507.",PUDUKKOTTAI,85.5,80.5,90.5,89.5,87,Not Available,Not Available,TNEA2025-00475,ELECTRICAL AND ELECTRONICS ENGINEERING,ee
3926,"Chendhuran College of Engineering and Technology, Madurai Main Road, Lena Vilakku, Pilivalam Post, Thirumayam Taluk, Pudukkottai District-622507.",PUDUKKOTTAI,85,80.5,90.5,89.5,87,Not Available,Not Available,TNEA2025-00476,ELECTRONICS AND COMMUNICATION ENGINEERING,ec
3926,"Chendhuran College of Engineering and Technology, Madurai Main Road, Lena Vilakku, Pilivalam Post, Thirumayam Taluk, Pudukkottai District-622507.",PUDUKKOTTAI,82,80.5,90.5,89.5,87,Not Available,Not Available,TNEA2025-00477,MECHANICAL ENGINEERING,me
1399,Chennai Institute of Technology (Autonomous) Puduper Village Nandambakkam Post Kundrathur Chennai 600069,KANCHIPURAM,191.5,189.5,190,187,176.5,127.5,140,TNEA2025-00478,Artificial Intelligence and Data Science,ad
1399,Chennai Institute of Technology (Autonomous) Puduper Village Nandambakkam Post Kundrathur Chennai 600069,KANCHIPURAM,188,184.5,183,185,169,146,140,TNEA2025-00479,BIO MEDICAL ENGINEERING,bm
1399,Chennai Institute of Technology (Autonomous) Puduper Village Nandambakkam Post Kundrathur Chennai 600069,KANCHIPURAM,183.5,181,183,182,162.97,146,140,TNEA2025-00480,CIVIL ENGINEERING,ce
1399,Chennai Institute of Technology (Autonomous) Puduper Village Nandambakkam Post Kundrathur Chennai 600069,KANCHIPURAM,190,189,189.5,187.5,170.5,146,138.5,TNEA2025-00481,COMPUTER SCIENCE AND BUSSINESS SYSTEM,cb
1399,Chennai Institute of Technology (Autonomous) Puduper Village Nandambakkam Post Kundrathur Chennai 600069,KANCHIPURAM,194,191,191,188.5,172,131.5,140,TNEA2025-00482,COMPUTER SCIENCE AND ENGINEERING,cs
1399,Chennai Institute of Technology (Autonomous) Puduper Village Nandambakkam Post Kundrathur Chennai 600069,KANCHIPURAM,190.5,189,189.5,186.5,171.5,158,142.5,TNEA2025-00483,COMPUTER SCIENCE AND ENGINEERING (AI AND MACHINE LEARNING),am
1399,Chennai Institute of Technology (Autonomous) Puduper Village Nandambakkam Post Kundrathur Chennai 600069,KANCHIPURAM,190.5,189,189.19,186.5,174,155.5,142.5,TNEA2025-00484,Computer Science and Engineering (Cyber Security),sc
1399,Chennai Institute of Technology (Autonomous) Puduper Village Nandambakkam Post Kundrathur Chennai 600069,KANCHIPURAM,189,187.5,188.5,185,167.92,155.5,124,TNEA2025-00485,ELECTRICAL AND ELECTRONICS ENGINEERING,ee
1399,Chennai Institute of Technology (Autonomous) Puduper Village Nandambakkam Post Kundrathur Chennai 600069,KANCHIPURAM,193,190.5,190,189,176,149.5,143.5,TNEA2025-00486,ELECTRONICS AND COMMUNICATION ENGINEERING,ec
1399,Chennai Institute of Technology (Autonomous) Puduper Village Nandambakkam Post Kundrathur Chennai 600069,KANCHIPURAM,189,188,189,185.5,166.26,164.5,143.5,TNEA2025-00487,Electronics Engineering (VLSI Design and Technology),ev
1399,Chennai Institute of Technology (Autonomous) Puduper Village Nandambakkam Post Kundrathur Chennai 600069,KANCHIPURAM,189.5,188.5,188.5,187,170,160.5,143.5,TNEA2025-00488,Electronics and Communication (Advanced Communication Technology),ea
1399,Chennai Institute of Technology (Autonomous) Puduper Village Nandambakkam Post Kundrathur Chennai 600069,KANCHIPURAM,191,190,190,187.5,170,154,128,TNEA2025-00489,INFORMATION TECHNOLOGY,it
1399,Chennai Institute of Technology (Autonomous) Puduper Village Nandambakkam Post Kundrathur Chennai 600069,KANCHIPURAM,184,181.89,183,179.75,164.78,150.5,123.5,TNEA2025-00490,MECHANICAL ENGINEERING,me
1399,Chennai Institute of Technology (Autonomous) Puduper Village Nandambakkam Post Kundrathur Chennai 600069,KANCHIPURAM,187.5,186,184.5,185,165.5,143,123.5,TNEA2025-00491,Mechatronics Engineering,mz
2378,"Cheran College of Technology, Cheran Nagar, Thittuparai, Kangeyam, Tiruppur-638701.",Tiruppur,152.5,Not Available,Not Available,Not Available,Not Available,Not Available,Not Available,TNEA2025-00492,COMPUTER SCIENCE AND ENGINEERING,cs
2378,"Cheran College of Technology, Cheran Nagar, Thittuparai, Kangeyam, Tiruppur-638701.",Tiruppur,152.5,Not Available,Not Available,Not Available,Not Available,Not Available,Not Available,TNEA2025-00493,Computer Science and Engineering (Cyber Security),sc
2378,"Cheran College of Technology, Cheran Nagar, Thittuparai, Kangeyam, Tiruppur-638701.",Tiruppur,152.5,Not Available,Not Available,Not Available,Not Available,Not Available,Not Available,TNEA2025-00494,ELECTRONICS AND COMMUNICATION ENGINEERING,ec
2378,"Cheran College of Technology, Cheran Nagar, Thittuparai, Kangeyam, Tiruppur-638701.",Tiruppur,152.5,Not Available,Not Available,Not Available,Not Available,Not Available,Not Available,TNEA2025-00495,MECHANICAL ENGINEERING,me
2630,"Chettinad College of Engineering and Technology, NH-67, Karur to Trichy Highways, Puliyur CF, Karur-639114.",KARUR,156,128.5,112.5,129.5,102.5,93.5,Not Available,TNEA2025-00496,Artificial Intelligence and Data Science,ad
2630,"Chettinad College of Engineering and Technology, NH-67, Karur to Trichy Highways, Puliyur CF, Karur-639114.",KARUR,145,140,118.5,134.5,104.5,107,Not Available,TNEA2025-00497,COMPUTER SCIENCE AND ENGINEERING,cs
2630,"Chettinad College of Engineering and Technology, NH-67, Karur to Trichy Highways, Puliyur CF, Karur-639114.",KARUR,119,100.5,98,105.5,84.5,88,Not Available,TNEA2025-00498,ELECTRICAL AND ELECTRONICS ENGINEERING,ee
2630,"Chettinad College of Engineering and Technology, NH-67, Karur to Trichy Highways, Puliyur CF, Karur-639114.",KARUR,146.5,128,97,121,98,140.5,Not Available,TNEA2025-00499,ELECTRONICS AND COMMUNICATION ENGINEERING,ec
2630,"Chettinad College of Engineering and Technology, NH-67, Karur to Trichy Highways, Puliyur CF, Karur-639114.",KARUR,136,129.5,108,126.5,114,126,Not Available,TNEA2025-00500,INFORMATION TECHNOLOGY,it
2630,"Chettinad College of Engineering and Technology, NH-67, Karur to Trichy Highways, Puliyur CF, Karur-639114.",KARUR,111.5,85.5,108,96.5,114,126,Not Available,TNEA2025-00501,MECHANICAL ENGINEERING,me
2650,"Christ The King Engineering College, Cecilia Gardens, Chikkarampalayam Village, Karamadai, Coimbatore-641104.",COIMBATORE,123.5,85,95.5,82.5,87,102,89,TNEA2025-00502,Artificial Intelligence and Data Science,ad
2650,"Christ The King Engineering College, Cecilia Gardens, Chikkarampalayam Village, Karamadai, Coimbatore-641104.",COIMBATORE,113.5,86.5,95.5,81.5,101,102,89,TNEA2025-00503,COMPUTER SCIENCE AND ENGINEERING,cs
2650,"Christ The King Engineering College, Cecilia Gardens, Chikkarampalayam Village, Karamadai, Coimbatore-641104.",COIMBATORE,113.5,86.5,95.5,81.5,101,102,89,TNEA2025-00504,ELECTRICAL AND ELECTRONICS ENGINEERING,ee
2650,"Christ The King Engineering College, Cecilia Gardens, Chikkarampalayam Village, Karamadai, Coimbatore-641104.",COIMBATORE,98,86.5,95.5,81.5,101,102,80.5,TNEA2025-00505,ELECTRONICS AND COMMUNICATION ENGINEERING,ec
2650,"Christ The King Engineering College, Cecilia Gardens, Chikkarampalayam Village, Karamadai, Coimbatore-641104.",COIMBATORE,116.5,91,95.5,95,88,102,80.5,TNEA2025-00506,INFORMATION TECHNOLOGY,it
2650,"Christ The King Engineering College, Cecilia Gardens, Chikkarampalayam Village, Karamadai, Coimbatore-641104.",COIMBATORE,81,91,95.5,95,88,102,80.5,TNEA2025-00507,MECHANICAL ENGINEERING,me
5703,"Christian College of Engineering and Technology, Near Check Post, Oddanchatram, Dindigul-624619.",DINDIGUL,113.5,108.5,88,127.5,127,114.5,Not Available,TNEA2025-00508,AGRICULTURAL ENGINEERING,ag
5703,"Christian College of Engineering and Technology, Near Check Post, Oddanchatram, Dindigul-624619.",DINDIGUL,135.5,108.5,88,127.5,127,114.5,Not Available,TNEA2025-00509,Artificial Intelligence and Data Science,ad
5703,"Christian College of Engineering and Technology, Near Check Post, Oddanchatram, Dindigul-624619.",DINDIGUL,93,108.5,88,127.5,127,114.5,Not Available,TNEA2025-00510,CIVIL ENGINEERING,ce
5703,"Christian College of Engineering and Technology, Near Check Post, Oddanchatram, Dindigul-624619.",DINDIGUL,123.5,99,88,87,86,114.5,Not Available,TNEA2025-00511,COMPUTER SCIENCE AND ENGINEERING,cs
5703,"Christian College of Engineering and Technology, Near Check Post, Oddanchatram, Dindigul-624619.",DINDIGUL,96.5,99,88,87,86,114.5,Not Available,TNEA2025-00512,COMPUTER SCIENCE AND ENGINEERING (AI AND MACHINE LEARNING),am
5703,"Christian College of Engineering and Technology, Near Check Post, Oddanchatram, Dindigul-624619.",DINDIGUL,114.5,99,88,87,86,114.5,Not Available,TNEA2025-00513,ELECTRICAL AND ELECTRONICS ENGINEERING,ee
5703,"Christian College of Engineering and Technology, Near Check Post, Oddanchatram, Dindigul-624619.",DINDIGUL,95,88.5,88,87,86,90.5,Not Available,TNEA2025-00514,ELECTRONICS AND COMMUNICATION ENGINEERING,ec
5703,"Christian College of Engineering and Technology, Near Check Post, Oddanchatram, Dindigul-624619.",DINDIGUL,112.5,84,84,87,86.5,98,Not Available,TNEA2025-00515,INFORMATION TECHNOLOGY,it
5703,"Christian College of Engineering and Technology, Near Check Post, Oddanchatram, Dindigul-624619.",DINDIGUL,84.5,84,84,87,86.5,98,Not Available,TNEA2025-00516,MECHANICAL ENGINEERING,me
2704,"Coimbatore Institute of Engineering and Technology (Autonomous), Vellimalaipattinam, Narasipuram Post, Thondamuthur Via, Coimbatore-641109.",COIMBATORE,171.5,160.5,159,156,134,123,Not Available,TNEA2025-00517,Artificial Intelligence and Data Science,ad
2704,"Coimbatore Institute of Engineering and Technology (Autonomous), Vellimalaipattinam, Narasipuram Post, Thondamuthur Via, Coimbatore-641109.",COIMBATORE,130,94,120,84,107,123,Not Available,TNEA2025-00518,CIVIL ENGINEERING,ce
2704,"Coimbatore Institute of Engineering and Technology (Autonomous), Vellimalaipattinam, Narasipuram Post, Thondamuthur Via, Coimbatore-641109.",COIMBATORE,170,161.5,154,158,125,151.5,Not Available,TNEA2025-00519,COMPUTER SCIENCE AND ENGINEERING,cs
2704,"Coimbatore Institute of Engineering and Technology (Autonomous), Vellimalaipattinam, Narasipuram Post, Thondamuthur Via, Coimbatore-641109.",COIMBATORE,158,153,154,149,115.5,138,Not Available,TNEA2025-00520,COMPUTER SCIENCE AND ENGINEERING (AI AND MACHINE LEARNING),am
2704,"Coimbatore Institute of Engineering and Technology (Autonomous), Vellimalaipattinam, Narasipuram Post, Thondamuthur Via, Coimbatore-641109.",COIMBATORE,158,153.5,140.5,148.5,112,122.5,Not Available,TNEA2025-00521,Computer Science and Engineering (Cyber Security),sc
2704,"Coimbatore Institute of Engineering and Technology (Autonomous), Vellimalaipattinam, Narasipuram Post, Thondamuthur Via, Coimbatore-641109.",COIMBATORE,155.5,149,140.5,147,102,144,Not Available,TNEA2025-00522,ELECTRICAL AND ELECTRONICS ENGINEERING,ee
2704,"Coimbatore Institute of Engineering and Technology (Autonomous), Vellimalaipattinam, Narasipuram Post, Thondamuthur Via, Coimbatore-641109.",COIMBATORE,171.5,163,148.5,158.5,144,103,Not Available,TNEA2025-00523,ELECTRONICS AND COMMUNICATION ENGINEERING,ec
2704,"Coimbatore Institute of Engineering and Technology (Autonomous), Vellimalaipattinam, Narasipuram Post, Thondamuthur Via, Coimbatore-641109.",COIMBATORE,142.5,133,107,117,144,103,Not Available,TNEA2025-00524,Electronics Engineering (VLSI Design and Technology),ev
2704,"Coimbatore Institute of Engineering and Technology (Autonomous), Vellimalaipattinam, Narasipuram Post, Thondamuthur Via, Coimbatore-641109.",COIMBATORE,169,158,164.5,162.5,132,129.5,Not Available,TNEA2025-00525,INFORMATION TECHNOLOGY,it
2704,"Coimbatore Institute of Engineering and Technology (Autonomous), Vellimalaipattinam, Narasipuram Post, Thondamuthur Via, Coimbatore-641109.",COIMBATORE,135.5,91,100,113,132,129.5,Not Available,TNEA2025-00526,MECHANICAL ENGINEERING,me
2704,"Coimbatore Institute of Engineering and Technology (Autonomous), Vellimalaipattinam, Narasipuram Post, Thondamuthur Via, Coimbatore-641109.",COIMBATORE,144,121.5,100,114,107,108,Not Available,TNEA2025-00527,Mechatronics Engineering,mz
2007,Coimbatore Institute of Technology (Autonomous) Civil Aerodrome Post Coimbatore District 641014,COIMBATORE,195.5,195,195,193,185,169,179,TNEA2025-00528,ARTIFICIAL INTELLIGENCE AND DATA SCIENCE (SS),at
2007,Coimbatore Institute of Technology (Autonomous) Civil Aerodrome Post Coimbatore District 641014,COIMBATORE,189,185,184.5,182.5,173,169,179,TNEA2025-00529,CHEMICAL ENGINEERING,ch
2007,Coimbatore Institute of Technology (Autonomous) Civil Aerodrome Post Coimbatore District 641014,COIMBATORE,186,183.5,185.5,179.5,173,143,179,TNEA2025-00530,CHEMICAL ENGINEERING (SS),cl
2007,Coimbatore Institute of Technology (Autonomous) Civil Aerodrome Post Coimbatore District 641014,COIMBATORE,184.5,179.5,177,181,173.5,164.5,179,TNEA2025-00531,CIVIL ENGINEERING,ce
2007,Coimbatore Institute of Technology (Autonomous) Civil Aerodrome Post Coimbatore District 641014,COIMBATORE,183,178,160,179.5,170.5,164.5,179,TNEA2025-00532,CIVIL ENGINEERING (SS),cn
2007,Coimbatore Institute of Technology (Autonomous) Civil Aerodrome Post Coimbatore District 641014,COIMBATORE,197,196,195,195.5,191,186.5,186,TNEA2025-00533,COMPUTER SCIENCE AND ENGINEERING,cs
2007,Coimbatore Institute of Technology (Autonomous) Civil Aerodrome Post Coimbatore District 641014,COIMBATORE,196,196,195,195,185.5,184.5,173.5,TNEA2025-00534,COMPUTER SCIENCE AND ENGINEERING (SS),cm
2007,Coimbatore Institute of Technology (Autonomous) Civil Aerodrome Post Coimbatore District 641014,COIMBATORE,193.5,192.5,190.5,192,180,179,173.5,TNEA2025-00535,ELECTRICAL AND ELECTRONICS ENGINEERING,ee
2007,Coimbatore Institute of Technology (Autonomous) Civil Aerodrome Post Coimbatore District 641014,COIMBATORE,192,190.5,189,189.5,176.5,170.5,173.5,TNEA2025-00536,ELECTRICAL AND ELECTRONICS ENGINEERING (SS),ey
2007,Coimbatore Institute of Technology (Autonomous) Civil Aerodrome Post Coimbatore District 641014,COIMBATORE,196,195.5,195.5,194.5,187,186.5,173.5,TNEA2025-00537,ELECTRONICS AND COMMUNICATION ENGINEERING,ec
2007,Coimbatore Institute of Technology (Autonomous) Civil Aerodrome Post Coimbatore District 641014,COIMBATORE,195,194,194,193.5,185,182.5,173.5,TNEA2025-00538,ELECTRONICS AND COMMUNICATION ENGINEERING (SS),em
2007,Coimbatore Institute of Technology (Autonomous) Civil Aerodrome Post Coimbatore District 641014,COIMBATORE,195.5,195,194.5,194.5,185.5,182,180.5,TNEA2025-00539,INFORMATION TECHNOLOGY (SS),im
2007,Coimbatore Institute of Technology (Autonomous) Civil Aerodrome Post Coimbatore District 641014,COIMBATORE,189,185,187,184,171.5,175,180.5,TNEA2025-00540,MECHANICAL ENGINEERING,me
2007,Coimbatore Institute of Technology (Autonomous) Civil Aerodrome Post Coimbatore District 641014,COIMBATORE,184.5,182,181,179.5,164.5,170,180.5,TNEA2025-00541,MECHANICAL ENGINEERING (SS),mf
1202,"DMI College of Engineering (Autonomous), St.Joseph's Town, Mevalurkuppam B Village, Nazarethpet Post, Palanchur, Kanchipuram, Chennai-600123.",KANCHIPURAM,142,121,134.5,110,91,114,98,TNEA2025-00542,Artificial Intelligence and Data Science,ad
1202,"DMI College of Engineering (Autonomous), St.Joseph's Town, Mevalurkuppam B Village, Nazarethpet Post, Palanchur, Kanchipuram, Chennai-600123.",KANCHIPURAM,142,121,134.5,110,91,114,98,TNEA2025-00543,CIVIL ENGINEERING,ce
1202,"DMI College of Engineering (Autonomous), St.Joseph's Town, Mevalurkuppam B Village, Nazarethpet Post, Palanchur, Kanchipuram, Chennai-600123.",KANCHIPURAM,144,120,134.5,114,105,114,98,TNEA2025-00544,COMPUTER SCIENCE AND ENGINEERING,cs
1202,"DMI College of Engineering (Autonomous), St.Joseph's Town, Mevalurkuppam B Village, Nazarethpet Post, Palanchur, Kanchipuram, Chennai-600123.",KANCHIPURAM,128.5,108.5,116.5,95.5,105,114,98,TNEA2025-00545,COMPUTER SCIENCE AND ENGINEERING (AI AND MACHINE LEARNING),am
1202,"DMI College of Engineering (Autonomous), St.Joseph's Town, Mevalurkuppam B Village, Nazarethpet Post, Palanchur, Kanchipuram, Chennai-600123.",KANCHIPURAM,81.5,108.5,116.5,95.5,105,114,98,TNEA2025-00546,ELECTRICAL AND ELECTRONICS ENGINEERING,ee
1202,"DMI College of Engineering (Autonomous), St.Joseph's Town, Mevalurkuppam B Village, Nazarethpet Post, Palanchur, Kanchipuram, Chennai-600123.",KANCHIPURAM,133.5,101.5,116.5,107.5,85.5,114,98,TNEA2025-00547,ELECTRONICS AND COMMUNICATION ENGINEERING,ec
1202,"DMI College of Engineering (Autonomous), St.Joseph's Town, Mevalurkuppam B Village, Nazarethpet Post, Palanchur, Kanchipuram, Chennai-600123.",KANCHIPURAM,142,118.5,116.5,113.5,112.5,114,98,TNEA2025-00548,INFORMATION TECHNOLOGY,it
1202,"DMI College of Engineering (Autonomous), St.Joseph's Town, Mevalurkuppam B Village, Nazarethpet Post, Palanchur, Kanchipuram, Chennai-600123.",KANCHIPURAM,83.5,118.5,116.5,113.5,112.5,114,98,TNEA2025-00549,MECHANICAL ENGINEERING,me
4946,"DMI Engineering College, Kumarapuram Road, Aralvaimozhi, Kanyakumari District-629301.",KANNIYAKUMARI f,125,90,116.5,107.5,88.5,Not Available,Not Available,TNEA2025-00550,Artificial Intelligence and Data Science,ad
4946,"DMI Engineering College, Kumarapuram Road, Aralvaimozhi, Kanyakumari District-629301.",KANNIYAKUMARI f,128.5,87.5,95,97.5,119.5,Not Available,Not Available,TNEA2025-00551,COMPUTER SCIENCE AND ENGINEERING,cs
4946,"DMI Engineering College, Kumarapuram Road, Aralvaimozhi, Kanyakumari District-629301.",KANNIYAKUMARI f,90.5,87.5,95,97.5,119.5,Not Available,Not Available,TNEA2025-00552,ELECTRICAL AND ELECTRONICS ENGINEERING,ee
4946,"DMI Engineering College, Kumarapuram Road, Aralvaimozhi, Kanyakumari District-629301.",KANNIYAKUMARI f,95,87.5,95,97.5,119.5,Not Available,Not Available,TNEA2025-00553,ELECTRONICS AND COMMUNICATION ENGINEERING,ec
4946,"DMI Engineering College, Kumarapuram Road, Aralvaimozhi, Kanyakumari District-629301.",KANNIYAKUMARI f,95,84.5,93.5,97.5,92,Not Available,Not Available,TNEA2025-00554,INFORMATION TECHNOLOGY,it
4946,"DMI Engineering College, Kumarapuram Road, Aralvaimozhi, Kanyakumari District-629301.",KANNIYAKUMARI f,84,80,93.5,97.5,92,Not Available,Not Available,TNEA2025-00555,MECHANICAL ENGINEERING,me
1424,"Dhaanish Ahmed College of Engineering, Dhaanish Nagar, Vanchuvancherry, Padappai(Near Tambaram), Sriperumbudur Taluk, Kancheepuram District-601301.",KANCHIPURAM,147,101.5,144.5,118,96,135,Not Available,TNEA2025-00556,Artificial Intelligence and Data Science,ad
1424,"Dhaanish Ahmed College of Engineering, Dhaanish Nagar, Vanchuvancherry, Padappai(Near Tambaram), Sriperumbudur Taluk, Kancheepuram District-601301.",KANCHIPURAM,141,125.5,137,132.5,96,135,Not Available,TNEA2025-00557,COMPUTER SCIENCE AND BUSSINESS SYSTEM,cb
1424,"Dhaanish Ahmed College of Engineering, Dhaanish Nagar, Vanchuvancherry, Padappai(Near Tambaram), Sriperumbudur Taluk, Kancheepuram District-601301.",KANCHIPURAM,152,108,144.5,92.5,102,135,Not Available,TNEA2025-00558,COMPUTER SCIENCE AND ENGINEERING,cs
1424,"Dhaanish Ahmed College of Engineering, Dhaanish Nagar, Vanchuvancherry, Padappai(Near Tambaram), Sriperumbudur Taluk, Kancheepuram District-601301.",KANCHIPURAM,129.5,105,128.5,105,98,135,Not Available,TNEA2025-00559,ELECTRICAL AND ELECTRONICS ENGINEERING,ee
1424,"Dhaanish Ahmed College of Engineering, Dhaanish Nagar, Vanchuvancherry, Padappai(Near Tambaram), Sriperumbudur Taluk, Kancheepuram District-601301.",KANCHIPURAM,144.5,100.5,143,109.5,119,135,Not Available,TNEA2025-00560,ELECTRONICS AND COMMUNICATION ENGINEERING,ec
1424,"Dhaanish Ahmed College of Engineering, Dhaanish Nagar, Vanchuvancherry, Padappai(Near Tambaram), Sriperumbudur Taluk, Kancheepuram District-601301.",KANCHIPURAM,144.5,100.5,143,109.5,119,135,Not Available,TNEA2025-00561,MECHANICAL ENGINEERING,me
1424,"Dhaanish Ahmed College of Engineering, Dhaanish Nagar, Vanchuvancherry, Padappai(Near Tambaram), Sriperumbudur Taluk, Kancheepuram District-601301.",KANCHIPURAM,120.5,104.5,143,102.5,113,135,Not Available,TNEA2025-00562,PETROLEUM ENGINEERING,pe
1424,"Dhaanish Ahmed College of Engineering, Dhaanish Nagar, Vanchuvancherry, Padappai(Near Tambaram), Sriperumbudur Taluk, Kancheepuram District-601301.",KANCHIPURAM,135,88.5,143,113.5,85,135,Not Available,TNEA2025-00563,ROBOTICS AND AUTOMATION,rm
2349,"Dhaanish Ahmed Institute of Technology, Pitchanur Village, Coimbatore-641018.",COIMBATORE,131.5,92.5,129.5,114.5,93,Not Available,Not Available,TNEA2025-00564,Artificial Intelligence and Data Science,ad
2349,"Dhaanish Ahmed Institute of Technology, Pitchanur Village, Coimbatore-641018.",COIMBATORE,93,92.5,129.5,114.5,93,Not Available,Not Available,TNEA2025-00565,BIO MEDICAL ENGINEERING,bm
2349,"Dhaanish Ahmed Institute of Technology, Pitchanur Village, Coimbatore-641018.",COIMBATORE,119.5,92.5,115.5,104,91,Not Available,Not Available,TNEA2025-00566,COMPUTER SCIENCE AND ENGINEERING,cs
2349,"Dhaanish Ahmed Institute of Technology, Pitchanur Village, Coimbatore-641018.",COIMBATORE,102,92.5,115.5,104,91,Not Available,Not Available,TNEA2025-00567,COMPUTER SCIENCE AND ENGINEERING (AI AND MACHINE LEARNING),am
2349,"Dhaanish Ahmed Institute of Technology, Pitchanur Village, Coimbatore-641018.",COIMBATORE,101.5,96.5,85,88.5,91,Not Available,Not Available,TNEA2025-00568,Computer Science and Engineering (Cyber Security),sc
2349,"Dhaanish Ahmed Institute of Technology, Pitchanur Village, Coimbatore-641018.",COIMBATORE,124.5,105.5,122.5,112,91,Not Available,Not Available,TNEA2025-00569,ELECTRONICS AND COMMUNICATION ENGINEERING,ec
2349,"Dhaanish Ahmed Institute of Technology, Pitchanur Village, Coimbatore-641018.",COIMBATORE,94.5,92,80,85.5,91,Not Available,Not Available,TNEA2025-00570,FOOD TECHNOLOGY,fd
2349,"Dhaanish Ahmed Institute of Technology, Pitchanur Village, Coimbatore-641018.",COIMBATORE,105,92,96,87,91,Not Available,Not Available,TNEA2025-00571,ROBOTICS AND AUTOMATION,rm
1405,"Dhanalakshmi College of Engineering, Manimangalam Puducheri Road, Manimangalam, Manimangalam Post, Sriperumbudur Taluk, Kancheepuram District, Chennai-601301.",KANCHIPURAM,148.5,127.5,133.5,119.5,109,106.5,Not Available,TNEA2025-00572,Artificial Intelligence and Data Science,ad
1405,"Dhanalakshmi College of Engineering, Manimangalam Puducheri Road, Manimangalam, Manimangalam Post, Sriperumbudur Taluk, Kancheepuram District, Chennai-601301.",KANCHIPURAM,148,127,141,121.5,116.5,106.5,Not Available,TNEA2025-00573,COMPUTER SCIENCE AND ENGINEERING,cs
1405,"Dhanalakshmi College of Engineering, Manimangalam Puducheri Road, Manimangalam, Manimangalam Post, Sriperumbudur Taluk, Kancheepuram District, Chennai-601301.",KANCHIPURAM,122.5,98.5,114,95,112,106.5,Not Available,TNEA2025-00574,COMPUTER SCIENCE AND ENGINEERING (AI AND MACHINE LEARNING),am
1405,"Dhanalakshmi College of Engineering, Manimangalam Puducheri Road, Manimangalam, Manimangalam Post, Sriperumbudur Taluk, Kancheepuram District, Chennai-601301.",KANCHIPURAM,136,115.5,119.5,96,107,106.5,Not Available,TNEA2025-00575,Computer Science and Engineering (Cyber Security),sc
1405,"Dhanalakshmi College of Engineering, Manimangalam Puducheri Road, Manimangalam, Manimangalam Post, Sriperumbudur Taluk, Kancheepuram District, Chennai-601301.",KANCHIPURAM,91,115.5,119.5,96,107,106.5,Not Available,TNEA2025-00576,ELECTRICAL AND ELECTRONICS ENGINEERING,ee
1405,"Dhanalakshmi College of Engineering, Manimangalam Puducheri Road, Manimangalam, Manimangalam Post, Sriperumbudur Taluk, Kancheepuram District, Chennai-601301.",KANCHIPURAM,135.73,115,119.5,112,106.5,106.5,Not Available,TNEA2025-00577,ELECTRONICS AND COMMUNICATION ENGINEERING,ec
1405,"Dhanalakshmi College of Engineering, Manimangalam Puducheri Road, Manimangalam, Manimangalam Post, Sriperumbudur Taluk, Kancheepuram District, Chennai-601301.",KANCHIPURAM,146.5,124,107,116.5,106,106.5,Not Available,TNEA2025-00578,INFORMATION TECHNOLOGY,it
1405,"Dhanalakshmi College of Engineering, Manimangalam Puducheri Road, Manimangalam, Manimangalam Post, Sriperumbudur Taluk, Kancheepuram District, Chennai-601301.",KANCHIPURAM,94,124,107,116.5,106,106.5,Not Available,TNEA2025-00579,MECHANICAL ENGINEERING,me
2743,"Dhanalakshmi Srinivasan College of Engineering (CBE), NH-47, Palakkad Main Road, Navakkarai Post, Coimbatore-641105.",COIMBATORE,133,101.5,143,115,130,95.5,106,TNEA2025-00580,AGRICULTURAL ENGINEERING,ag
2743,"Dhanalakshmi Srinivasan College of Engineering (CBE), NH-47, Palakkad Main Road, Navakkarai Post, Coimbatore-641105.",COIMBATORE,159,144,143,143,98.5,95.5,106,TNEA2025-00581,Artificial Intelligence and Data Science,ad
2743,"Dhanalakshmi Srinivasan College of Engineering (CBE), NH-47, Palakkad Main Road, Navakkarai Post, Coimbatore-641105.",COIMBATORE,139,102,132,99.5,102,84.5,121,TNEA2025-00582,BIO MEDICAL ENGINEERING,bm
2743,"Dhanalakshmi Srinivasan College of Engineering (CBE), NH-47, Palakkad Main Road, Navakkarai Post, Coimbatore-641105.",COIMBATORE,125.5,88,132,82,117.5,84.5,121,TNEA2025-00583,CIVIL ENGINEERING,ce
2743,"Dhanalakshmi Srinivasan College of Engineering (CBE), NH-47, Palakkad Main Road, Navakkarai Post, Coimbatore-641105.",COIMBATORE,156.5,144,137,140,106.5,124.5,113.5,TNEA2025-00584,COMPUTER SCIENCE AND ENGINEERING,cs
2743,"Dhanalakshmi Srinivasan College of Engineering (CBE), NH-47, Palakkad Main Road, Navakkarai Post, Coimbatore-641105.",COIMBATORE,153.5,143.5,151.5,143,112.5,107,113.5,TNEA2025-00585,Computer Science and Engineering (Cyber Security),sc
2743,"Dhanalakshmi Srinivasan College of Engineering (CBE), NH-47, Palakkad Main Road, Navakkarai Post, Coimbatore-641105.",COIMBATORE,139,128,120,132,90,133.5,113.5,TNEA2025-00586,ELECTRICAL AND ELECTRONICS ENGINEERING,ee
2743,"Dhanalakshmi Srinivasan College of Engineering (CBE), NH-47, Palakkad Main Road, Navakkarai Post, Coimbatore-641105.",COIMBATORE,150,142,138,139,110,123.5,113.5,TNEA2025-00587,ELECTRONICS AND COMMUNICATION ENGINEERING,ec
2743,"Dhanalakshmi Srinivasan College of Engineering (CBE), NH-47, Palakkad Main Road, Navakkarai Post, Coimbatore-641105.",COIMBATORE,136,114.5,126,92.5,104,127.5,113.5,TNEA2025-00588,FOOD TECHNOLOGY,fd
2743,"Dhanalakshmi Srinivasan College of Engineering (CBE), NH-47, Palakkad Main Road, Navakkarai Post, Coimbatore-641105.",COIMBATORE,132,96.5,126,103,107.5,122,113.5,TNEA2025-00589,MECHANICAL ENGINEERING,me
1322,"Dhanalakshmi Srinivasan College of Engineering and Technology, ECR, Poonjeri, Mamallapuram, Kanchipuram-603104.",CHENGALPATTU,111.5,109,93.5,102,97,92,91.5,TNEA2025-00590,AERONAUTICAL ENGINEERING,ae
1322,"Dhanalakshmi Srinivasan College of Engineering and Technology, ECR, Poonjeri, Mamallapuram, Kanchipuram-603104.",CHENGALPATTU,96,109,93.5,102,97,92,91.5,TNEA2025-00591,AGRICULTURAL ENGINEERING,ag
1322,"Dhanalakshmi Srinivasan College of Engineering and Technology, ECR, Poonjeri, Mamallapuram, Kanchipuram-603104.",CHENGALPATTU,134.5,87,93.5,90.5,97,92,91.5,TNEA2025-00592,Artificial Intelligence and Data Science,ad
1322,"Dhanalakshmi Srinivasan College of Engineering and Technology, ECR, Poonjeri, Mamallapuram, Kanchipuram-603104.",CHENGALPATTU,109,87,105,86,98.5,92,91.5,TNEA2025-00593,BIO MEDICAL ENGINEERING,bm
1322,"Dhanalakshmi Srinivasan College of Engineering and Technology, ECR, Poonjeri, Mamallapuram, Kanchipuram-603104.",CHENGALPATTU,99,87,105,86,98.5,92,91.5,TNEA2025-00594,CIVIL ENGINEERING,ce
1322,"Dhanalakshmi Srinivasan College of Engineering and Technology, ECR, Poonjeri, Mamallapuram, Kanchipuram-603104.",CHENGALPATTU,133.5,93.5,121,92,101,121,91.5,TNEA2025-00595,COMPUTER SCIENCE AND ENGINEERING,cs
1322,"Dhanalakshmi Srinivasan College of Engineering and Technology, ECR, Poonjeri, Mamallapuram, Kanchipuram-603104.",CHENGALPATTU,105,101.5,121,99.5,84.5,121,91.5,TNEA2025-00596,COMPUTER SCIENCE AND ENGINEERING (AI AND MACHINE LEARNING),am
1322,"Dhanalakshmi Srinivasan College of Engineering and Technology, ECR, Poonjeri, Mamallapuram, Kanchipuram-603104.",CHENGALPATTU,132,95,111,102.5,106,121,91.5,TNEA2025-00597,Computer Science and Engineering (Cyber Security),sc
1322,"Dhanalakshmi Srinivasan College of Engineering and Technology, ECR, Poonjeri, Mamallapuram, Kanchipuram-603104.",CHENGALPATTU,93,95,111,102.5,106,121,91.5,TNEA2025-00598,ELECTRICAL AND ELECTRONICS ENGINEERING,ee
1322,"Dhanalakshmi Srinivasan College of Engineering and Technology, ECR, Poonjeri, Mamallapuram, Kanchipuram-603104.",CHENGALPATTU,139,106.5,105,112,80.5,100,91.5,TNEA2025-00599,ELECTRONICS AND COMMUNICATION ENGINEERING,ec
1322,"Dhanalakshmi Srinivasan College of Engineering and Technology, ECR, Poonjeri, Mamallapuram, Kanchipuram-603104.",CHENGALPATTU,95.5,106.5,105,112,80.5,100,91.5,TNEA2025-00600,FOOD TECHNOLOGY,fd
1322,"Dhanalakshmi Srinivasan College of Engineering and Technology, ECR, Poonjeri, Mamallapuram, Kanchipuram-603104.",CHENGALPATTU,110.5,101,99,98.5,88,100,91.5,TNEA2025-00601,INFORMATION TECHNOLOGY,it
1322,"Dhanalakshmi Srinivasan College of Engineering and Technology, ECR, Poonjeri, Mamallapuram, Kanchipuram-603104.",CHENGALPATTU,83.5,101,99,98.5,88,100,91.5,TNEA2025-00602,MECHANICAL ENGINEERING,me
3805,"Dhanalakshmi Srinivasan Engineering College (Autonomous), Thuraiyur Road, Perambalur-621212.",PERAMBALUR,120,104.5,107.5,110,98.5,119,116.5,TNEA2025-00603,AERONAUTICAL ENGINEERING,ae
3805,"Dhanalakshmi Srinivasan Engineering College (Autonomous), Thuraiyur Road, Perambalur-621212.",PERAMBALUR,93.5,104.5,107.5,110,98.5,119,116.5,TNEA2025-00604,AGRICULTURAL ENGINEERING,ag
3805,"Dhanalakshmi Srinivasan Engineering College (Autonomous), Thuraiyur Road, Perambalur-621212.",PERAMBALUR,148.5,133.5,133.5,132,98.5,119,116.5,TNEA2025-00605,Artificial Intelligence and Data Science,ad
3805,"Dhanalakshmi Srinivasan Engineering College (Autonomous), Thuraiyur Road, Perambalur-621212.",PERAMBALUR,114,99.5,97.5,107,85.5,119,116.5,TNEA2025-00606,BIO MEDICAL ENGINEERING,bm
3805,"Dhanalakshmi Srinivasan Engineering College (Autonomous), Thuraiyur Road, Perambalur-621212.",PERAMBALUR,111.5,99.5,97.5,107,107,119,116.5,TNEA2025-00607,BIO TECHNOLOGY,bt
3805,"Dhanalakshmi Srinivasan Engineering College (Autonomous), Thuraiyur Road, Perambalur-621212.",PERAMBALUR,119.5,103,111,87.5,111,119,116.5,TNEA2025-00608,CHEMICAL ENGINEERING,ch
3805,"Dhanalakshmi Srinivasan Engineering College (Autonomous), Thuraiyur Road, Perambalur-621212.",PERAMBALUR,111,107,94.5,85,111,119,116.5,TNEA2025-00609,CIVIL ENGINEERING,ce
3805,"Dhanalakshmi Srinivasan Engineering College (Autonomous), Thuraiyur Road, Perambalur-621212.",PERAMBALUR,153,136.5,138.5,140.5,104.5,97.5,116.5,TNEA2025-00610,COMPUTER SCIENCE AND ENGINEERING,cs
3805,"Dhanalakshmi Srinivasan Engineering College (Autonomous), Thuraiyur Road, Perambalur-621212.",PERAMBALUR,142,128,128,129.5,89,97.5,116.5,TNEA2025-00611,Computer Science and Engineering (Cyber Security),sc
3805,"Dhanalakshmi Srinivasan Engineering College (Autonomous), Thuraiyur Road, Perambalur-621212.",PERAMBALUR,126.5,97.5,82,112.5,104,97.5,116.5,TNEA2025-00612,ELECTRICAL AND ELECTRONICS ENGINEERING,ee
3805,"Dhanalakshmi Srinivasan Engineering College (Autonomous), Thuraiyur Road, Perambalur-621212.",PERAMBALUR,140,113,124,123,91,97,116.5,TNEA2025-00613,ELECTRONICS AND COMMUNICATION ENGINEERING,ec
3805,"Dhanalakshmi Srinivasan Engineering College (Autonomous), Thuraiyur Road, Perambalur-621212.",PERAMBALUR,122,92.5,124,95,91.5,97,116.5,TNEA2025-00614,FOOD TECHNOLOGY,fd
3805,"Dhanalakshmi Srinivasan Engineering College (Autonomous), Thuraiyur Road, Perambalur-621212.",PERAMBALUR,144,130,120.5,132.5,83.5,126,116.5,TNEA2025-00615,INFORMATION TECHNOLOGY,it
3805,"Dhanalakshmi Srinivasan Engineering College (Autonomous), Thuraiyur Road, Perambalur-621212.",PERAMBALUR,113,101.5,120.5,103,83.5,126,116.5,TNEA2025-00616,MECHANICAL ENGINEERING,me
3805,"Dhanalakshmi Srinivasan Engineering College (Autonomous), Thuraiyur Road, Perambalur-621212.",PERAMBALUR,87.5,101.5,120.5,103,83.5,126,116.5,TNEA2025-00617,PHARMACEUTICAL TECHNOLOGY,ph
3805,"Dhanalakshmi Srinivasan Engineering College (Autonomous), Thuraiyur Road, Perambalur-621212.",PERAMBALUR,116,86.5,97,90.5,83.5,126,116.5,TNEA2025-00618,ROBOTICS AND AUTOMATION,rm
2345,"Dhirajlal Gandhi College of Technology, Sikkanampatty, Opposite to Airport, Omalur Taluk, Salem District-636309.",SALEM,85,90,96.5,109,104,107,Not Available,TNEA2025-00619,AGRICULTURAL ENGINEERING,ag
2345,"Dhirajlal Gandhi College of Technology, Sikkanampatty, Opposite to Airport, Omalur Taluk, Salem District-636309.",SALEM,133,90,96.5,109,104,107,Not Available,TNEA2025-00620,Artificial Intelligence and Data Science,ad
2345,"Dhirajlal Gandhi College of Technology, Sikkanampatty, Opposite to Airport, Omalur Taluk, Salem District-636309.",SALEM,109.5,90,96.5,109,88,107,Not Available,TNEA2025-00621,CIVIL ENGINEERING,ce
2345,"Dhirajlal Gandhi College of Technology, Sikkanampatty, Opposite to Airport, Omalur Taluk, Salem District-636309.",SALEM,134,81.5,115.5,113,92,107,Not Available,TNEA2025-00622,COMPUTER SCIENCE AND ENGINEERING,cs
2345,"Dhirajlal Gandhi College of Technology, Sikkanampatty, Opposite to Airport, Omalur Taluk, Salem District-636309.",SALEM,99.5,93,115.5,80,92,107,Not Available,TNEA2025-00623,ELECTRICAL AND ELECTRONICS ENGINEERING,ee
2345,"Dhirajlal Gandhi College of Technology, Sikkanampatty, Opposite to Airport, Omalur Taluk, Salem District-636309.",SALEM,133,99,115.5,109,105,107,Not Available,TNEA2025-00624,ELECTRONICS AND COMMUNICATION ENGINEERING,ec
2345,"Dhirajlal Gandhi College of Technology, Sikkanampatty, Opposite to Airport, Omalur Taluk, Salem District-636309.",SALEM,124.5,89.5,122,109.5,94,107,Not Available,TNEA2025-00625,INFORMATION TECHNOLOGY,it
2345,"Dhirajlal Gandhi College of Technology, Sikkanampatty, Opposite to Airport, Omalur Taluk, Salem District-636309.",SALEM,102,93.5,122,86,92,107,Not Available,TNEA2025-00626,MECHANICAL ENGINEERING,me
2345,"Dhirajlal Gandhi College of Technology, Sikkanampatty, Opposite to Airport, Omalur Taluk, Salem District-636309.",SALEM,90,93.5,122,86,92,107,Not Available,TNEA2025-00627,ROBOTICS AND AUTOMATION,rm
4975,"Dr G.U. Pope College of Engineering, Pope Nagar, Sawyerpuram, Thoothukudi-628251.",THOOTHUKUDI,108,80.5,116.5,94.5,81.5,92.5,Not Available,TNEA2025-00628,CIVIL ENGINEERING,ce
4975,"Dr G.U. Pope College of Engineering, Pope Nagar, Sawyerpuram, Thoothukudi-628251.",THOOTHUKUDI,121,80.5,116.5,94.5,81.5,92.5,Not Available,TNEA2025-00629,COMPUTER SCIENCE AND ENGINEERING,cs
4975,"Dr G.U. Pope College of Engineering, Pope Nagar, Sawyerpuram, Thoothukudi-628251.",THOOTHUKUDI,90,80.5,116.5,94.5,81.5,92.5,Not Available,TNEA2025-00630,ELECTRICAL AND ELECTRONICS ENGINEERING,ee
4975,"Dr G.U. Pope College of Engineering, Pope Nagar, Sawyerpuram, Thoothukudi-628251.",THOOTHUKUDI,116.5,82,101.5,94.5,108,92.5,Not Available,TNEA2025-00631,ELECTRONICS AND COMMUNICATION ENGINEERING,ec
4975,"Dr G.U. Pope College of Engineering, Pope Nagar, Sawyerpuram, Thoothukudi-628251.",THOOTHUKUDI,82,82,101.5,94.5,108,92.5,Not Available,TNEA2025-00632,MECHANICAL ENGINEERING,me
2706,"Dr Mahalingam College of Engineering and Technology (Autonomous), Mackkinaickenpatti Post, Udumalai Road, Pollachi, Coimbatore-642003.",COIMBATORE,142.5,131.5,133,100.5,92.5,126.5,115,TNEA2025-00633,AUTOMOBILE ENGINEERING,au
2706,"Dr Mahalingam College of Engineering and Technology (Autonomous), Mackkinaickenpatti Post, Udumalai Road, Pollachi, Coimbatore-642003.",COIMBATORE,179,176.5,168.5,170,122,126.5,115,TNEA2025-00634,Artificial Intelligence and Data Science,ad
2706,"Dr Mahalingam College of Engineering and Technology (Autonomous), Mackkinaickenpatti Post, Udumalai Road, Pollachi, Coimbatore-642003.",COIMBATORE,145,126.5,109.5,123.5,127,109,115,TNEA2025-00635,CIVIL ENGINEERING,ce
2706,"Dr Mahalingam College of Engineering and Technology (Autonomous), Mackkinaickenpatti Post, Udumalai Road, Pollachi, Coimbatore-642003.",COIMBATORE,183.5,177.5,168.5,170,120.5,130.5,115,TNEA2025-00636,COMPUTER SCIENCE AND ENGINEERING,cs
2706,"Dr Mahalingam College of Engineering and Technology (Autonomous), Mackkinaickenpatti Post, Udumalai Road, Pollachi, Coimbatore-642003.",COIMBATORE,176.5,175.5,168.5,169.5,127,125.5,115,TNEA2025-00637,COMPUTER SCIENCE AND ENGINEERING (AI AND MACHINE LEARNING),am
2706,"Dr Mahalingam College of Engineering and Technology (Autonomous), Mackkinaickenpatti Post, Udumalai Road, Pollachi, Coimbatore-642003.",COIMBATORE,176.5,174.5,174.5,167.5,120.5,125.5,115,TNEA2025-00638,Computer Science and Engineering (Cyber Security),sc
2706,"Dr Mahalingam College of Engineering and Technology (Autonomous), Mackkinaickenpatti Post, Udumalai Road, Pollachi, Coimbatore-642003.",COIMBATORE,171,166.5,155.5,157.5,99,125.5,115,TNEA2025-00639,ELECTRICAL AND ELECTRONICS ENGINEERING,ee
2706,"Dr Mahalingam College of Engineering and Technology (Autonomous), Mackkinaickenpatti Post, Udumalai Road, Pollachi, Coimbatore-642003.",COIMBATORE,179.5,175.5,168,170,84,126,118,TNEA2025-00640,ELECTRONICS AND COMMUNICATION ENGINEERING,ec
2706,"Dr Mahalingam College of Engineering and Technology (Autonomous), Mackkinaickenpatti Post, Udumalai Road, Pollachi, Coimbatore-642003.",COIMBATORE,173,169.5,166,158.5,111.5,126,118,TNEA2025-00641,Electronics Engineering (VLSI Design and Technology),ev
2706,"Dr Mahalingam College of Engineering and Technology (Autonomous), Mackkinaickenpatti Post, Udumalai Road, Pollachi, Coimbatore-642003.",COIMBATORE,172,168.5,152.5,161.5,106,126,118,TNEA2025-00642,Electronics and Communication (Advanced Communication Technology),ea
2706,"Dr Mahalingam College of Engineering and Technology (Autonomous), Mackkinaickenpatti Post, Udumalai Road, Pollachi, Coimbatore-642003.",COIMBATORE,180,177,171,169,117.5,126.5,118,TNEA2025-00643,INFORMATION TECHNOLOGY,it
2706,"Dr Mahalingam College of Engineering and Technology (Autonomous), Mackkinaickenpatti Post, Udumalai Road, Pollachi, Coimbatore-642003.",COIMBATORE,159,150,132.5,143.5,98.5,154,118,TNEA2025-00644,MECHANICAL ENGINEERING,me
2736,"Dr N.G.P. Institute of Technology (Autonomous), Dr. N.G.P. Nagar, Kalapatti Road, Coimbatore-641048.",COIMBATORE,180.5,173,154,168,128.5,123.5,88.5,TNEA2025-00645,Artificial Intelligence and Data Science,ad
2736,"Dr N.G.P. Institute of Technology (Autonomous), Dr. N.G.P. Nagar, Kalapatti Road, Coimbatore-641048.",COIMBATORE,167,152.5,133.5,157,103.5,123.5,88.5,TNEA2025-00646,BIO MEDICAL ENGINEERING,bm
2736,"Dr N.G.P. Institute of Technology (Autonomous), Dr. N.G.P. Nagar, Kalapatti Road, Coimbatore-641048.",COIMBATORE,154,148.5,133.5,120.5,88.5,123.5,88.5,TNEA2025-00647,CIVIL ENGINEERING,ce
2736,"Dr N.G.P. Institute of Technology (Autonomous), Dr. N.G.P. Nagar, Kalapatti Road, Coimbatore-641048.",COIMBATORE,171,170,161,157.5,112,123.5,88.5,TNEA2025-00648,COMPUTER SCIENCE AND BUSSINESS SYSTEM,cb
2736,"Dr N.G.P. Institute of Technology (Autonomous), Dr. N.G.P. Nagar, Kalapatti Road, Coimbatore-641048.",COIMBATORE,180,175.5,158,168.5,120.5,123,88.5,TNEA2025-00649,COMPUTER SCIENCE AND ENGINEERING,cs
2736,"Dr N.G.P. Institute of Technology (Autonomous), Dr. N.G.P. Nagar, Kalapatti Road, Coimbatore-641048.",COIMBATORE,175.5,172,162.5,164.5,119.5,123,88.5,TNEA2025-00650,Computer Science and Engineering (Cyber Security),sc
2736,"Dr N.G.P. Institute of Technology (Autonomous), Dr. N.G.P. Nagar, Kalapatti Road, Coimbatore-641048.",COIMBATORE,168,165,159.5,156,97.5,123,88.5,TNEA2025-00651,ELECTRICAL AND ELECTRONICS ENGINEERING,ee
2736,"Dr N.G.P. Institute of Technology (Autonomous), Dr. N.G.P. Nagar, Kalapatti Road, Coimbatore-641048.",COIMBATORE,175.5,170.5,162,159,100.5,101,130,TNEA2025-00652,ELECTRONICS AND COMMUNICATION ENGINEERING,ec
2736,"Dr N.G.P. Institute of Technology (Autonomous), Dr. N.G.P. Nagar, Kalapatti Road, Coimbatore-641048.",COIMBATORE,174.5,172.5,159,166.5,97,101,94,TNEA2025-00653,INFORMATION TECHNOLOGY,it
2736,"Dr N.G.P. Institute of Technology (Autonomous), Dr. N.G.P. Nagar, Kalapatti Road, Coimbatore-641048.",COIMBATORE,152.5,138,146.5,138.5,127,101,94,TNEA2025-00654,MECHANICAL ENGINEERING,me
4954,"Dr Sivanthi aditanar College of Engineering, Tirunelveli Road, Tiruchendur, Thoothukudi-628215.",THOOTHUKUDI,158.5,146.5,158,145.5,150.5,113.5,Not Available,TNEA2025-00655,Artificial Intelligence and Data Science,ad
4954,"Dr Sivanthi aditanar College of Engineering, Tirunelveli Road, Tiruchendur, Thoothukudi-628215.",THOOTHUKUDI,92,146.5,158,145.5,150.5,113.5,Not Available,TNEA2025-00656,CIVIL ENGINEERING,ce
4954,"Dr Sivanthi aditanar College of Engineering, Tirunelveli Road, Tiruchendur, Thoothukudi-628215.",THOOTHUKUDI,170.5,142.5,165.5,116,144.5,113.5,Not Available,TNEA2025-00657,COMPUTER SCIENCE AND ENGINEERING,cs
4954,"Dr Sivanthi aditanar College of Engineering, Tirunelveli Road, Tiruchendur, Thoothukudi-628215.",THOOTHUKUDI,125.5,119.5,165.5,116,97,113.5,Not Available,TNEA2025-00658,ELECTRICAL AND ELECTRONICS ENGINEERING,ee
4954,"Dr Sivanthi aditanar College of Engineering, Tirunelveli Road, Tiruchendur, Thoothukudi-628215.",THOOTHUKUDI,160.5,152.5,146,111,97,113.5,Not Available,TNEA2025-00659,ELECTRONICS AND COMMUNICATION ENGINEERING,ec
4954,"Dr Sivanthi aditanar College of Engineering, Tirunelveli Road, Tiruchendur, Thoothukudi-628215.",THOOTHUKUDI,153,134,146.5,108,97,113.5,Not Available,TNEA2025-00660,INFORMATION TECHNOLOGY,it
4954,"Dr Sivanthi aditanar College of Engineering, Tirunelveli Road, Tiruchendur, Thoothukudi-628215.",THOOTHUKUDI,101,134,146.5,108,97,113.5,Not Available,TNEA2025-00661,MECHANICAL ENGINEERING,me
3822,"Dr.Navalar Nedunchezhiyan College of Engineering, Raja Nagar, Vaithiyanathapuram, Tholudur, Cuddalore-606303.",CUDDALORE f,87.5,Not Available,Not Available,Not Available,Not Available,Not Available,Not Available,TNEA2025-00662,Artificial Intelligence and Data Science,ad
3822,"Dr.Navalar Nedunchezhiyan College of Engineering, Raja Nagar, Vaithiyanathapuram, Tholudur, Cuddalore-606303.",CUDDALORE f,89,Not Available,Not Available,Not Available,Not Available,Not Available,Not Available,TNEA2025-00663,BIO MEDICAL ENGINEERING,bm
3822,"Dr.Navalar Nedunchezhiyan College of Engineering, Raja Nagar, Vaithiyanathapuram, Tholudur, Cuddalore-606303.",CUDDALORE f,89,Not Available,Not Available,Not Available,Not Available,Not Available,Not Available,TNEA2025-00664,CIVIL ENGINEERING,ce
3822,"Dr.Navalar Nedunchezhiyan College of Engineering, Raja Nagar, Vaithiyanathapuram, Tholudur, Cuddalore-606303.",CUDDALORE f,87,Not Available,Not Available,Not Available,Not Available,Not Available,Not Available,TNEA2025-00665,COMPUTER SCIENCE AND ENGINEERING,cs
3822,"Dr.Navalar Nedunchezhiyan College of Engineering, Raja Nagar, Vaithiyanathapuram, Tholudur, Cuddalore-606303.",CUDDALORE f,117,Not Available,Not Available,Not Available,Not Available,Not Available,Not Available,TNEA2025-00666,ELECTRICAL AND ELECTRONICS ENGINEERING,ee
3822,"Dr.Navalar Nedunchezhiyan College of Engineering, Raja Nagar, Vaithiyanathapuram, Tholudur, Cuddalore-606303.",CUDDALORE f,108.5,Not Available,Not Available,Not Available,Not Available,Not Available,Not Available,TNEA2025-00667,ELECTRONICS AND COMMUNICATION ENGINEERING,ec
3822,"Dr.Navalar Nedunchezhiyan College of Engineering, Raja Nagar, Vaithiyanathapuram, Tholudur, Cuddalore-606303.",CUDDALORE f,86.5,Not Available,Not Available,Not Available,Not Available,Not Available,Not Available,TNEA2025-00668,INFORMATION TECHNOLOGY,it
3822,"Dr.Navalar Nedunchezhiyan College of Engineering, Raja Nagar, Vaithiyanathapuram, Tholudur, Cuddalore-606303.",CUDDALORE f,102,Not Available,Not Available,Not Available,Not Available,Not Available,Not Available,TNEA2025-00669,MECHANICAL ENGINEERING,me
3806,"E.G.S. Pillay Engineering College (Autonomous), Old Nagore Road, Nagore Post, Nagapattinam District-611002.",NAGAPATTINAM,153.5,117,145.5,129,99.5,92.5,Not Available,TNEA2025-00670,Artificial Intelligence and Data Science,ad
3806,"E.G.S. Pillay Engineering College (Autonomous), Old Nagore Road, Nagore Post, Nagapattinam District-611002.",NAGAPATTINAM,145,105.5,137,117,98.5,92.5,Not Available,TNEA2025-00671,BIO MEDICAL ENGINEERING,bm
3806,"E.G.S. Pillay Engineering College (Autonomous), Old Nagore Road, Nagore Post, Nagapattinam District-611002.",NAGAPATTINAM,109.5,91,137,97.5,88.5,92.5,Not Available,TNEA2025-00672,CIVIL ENGINEERING,ce
3806,"E.G.S. Pillay Engineering College (Autonomous), Old Nagore Road, Nagore Post, Nagapattinam District-611002.",NAGAPATTINAM,136.5,105,121.5,121.5,98.5,92.5,Not Available,TNEA2025-00673,COMPUTER SCIENCE AND BUSSINESS SYSTEM,cb
3806,"E.G.S. Pillay Engineering College (Autonomous), Old Nagore Road, Nagore Post, Nagapattinam District-611002.",NAGAPATTINAM,151,130,132,129.5,112.5,109.5,Not Available,TNEA2025-00674,COMPUTER SCIENCE AND ENGINEERING,cs
3806,"E.G.S. Pillay Engineering College (Autonomous), Old Nagore Road, Nagore Post, Nagapattinam District-611002.",NAGAPATTINAM,120,82.5,119.5,104.5,93,109.5,Not Available,TNEA2025-00675,ELECTRICAL AND ELECTRONICS ENGINEERING,ee
3806,"E.G.S. Pillay Engineering College (Autonomous), Old Nagore Road, Nagore Post, Nagapattinam District-611002.",NAGAPATTINAM,140,117,129,121.5,102,90.5,Not Available,TNEA2025-00676,ELECTRONICS AND COMMUNICATION ENGINEERING,ec
3806,"E.G.S. Pillay Engineering College (Autonomous), Old Nagore Road, Nagore Post, Nagapattinam District-611002.",NAGAPATTINAM,154.5,117,141.5,140,115.5,110,Not Available,TNEA2025-00677,INFORMATION TECHNOLOGY,it
3806,"E.G.S. Pillay Engineering College (Autonomous), Old Nagore Road, Nagore Post, Nagapattinam District-611002.",NAGAPATTINAM,118.5,92.5,109,102,89,110,Not Available,TNEA2025-00678,MECHANICAL ENGINEERING,me
1428,"E.S.College of Engineering and Technology, Chennai Trunk Road, Ayyankoilpattu, Villupuram-605602.",VILUPPURAM,103.5,104,109,102.5,94,Not Available,Not Available,TNEA2025-00679,Artificial Intelligence and Data Science,ad
1428,"E.S.College of Engineering and Technology, Chennai Trunk Road, Ayyankoilpattu, Villupuram-605602.",VILUPPURAM,113.5,104,109,102.5,94,Not Available,Not Available,TNEA2025-00680,COMPUTER SCIENCE AND ENGINEERING,cs
1428,"E.S.College of Engineering and Technology, Chennai Trunk Road, Ayyankoilpattu, Villupuram-605602.",VILUPPURAM,103,104,109,102.5,94,Not Available,Not Available,TNEA2025-00681,ELECTRONICS AND COMMUNICATION ENGINEERING,ec
1428,"E.S.College of Engineering and Technology, Chennai Trunk Road, Ayyankoilpattu, Villupuram-605602.",VILUPPURAM,100,85,91,90,84,Not Available,Not Available,TNEA2025-00682,INFORMATION TECHNOLOGY,it
2749,"Easa College of Engineering and Technology, NH-47, Palakkad main Road, Navakkarai Post, Coimbatore-641105.",COIMBATORE,88.5,85,110,81.5,89.5,127.5,Not Available,TNEA2025-00683,AGRICULTURAL ENGINEERING,ag
2749,"Easa College of Engineering and Technology, NH-47, Palakkad main Road, Navakkarai Post, Coimbatore-641105.",COIMBATORE,135,85,110,81.5,89.5,127.5,Not Available,TNEA2025-00684,Artificial Intelligence and Data Science,ad
2749,"Easa College of Engineering and Technology, NH-47, Palakkad main Road, Navakkarai Post, Coimbatore-641105.",COIMBATORE,92,85,110,86.5,89,127.5,Not Available,TNEA2025-00685,BIO MEDICAL ENGINEERING,bm
2749,"Easa College of Engineering and Technology, NH-47, Palakkad main Road, Navakkarai Post, Coimbatore-641105.",COIMBATORE,127.5,91,110,90,95.5,127.5,Not Available,TNEA2025-00686,COMPUTER SCIENCE AND ENGINEERING,cs
2749,"Easa College of Engineering and Technology, NH-47, Palakkad main Road, Navakkarai Post, Coimbatore-641105.",COIMBATORE,104.5,91,110,88.5,95.5,127.5,Not Available,TNEA2025-00687,COMPUTER SCIENCE AND ENGINEERING (AI AND MACHINE LEARNING),am
2749,"Easa College of Engineering and Technology, NH-47, Palakkad main Road, Navakkarai Post, Coimbatore-641105.",COIMBATORE,118,103.5,110,90,95,91,Not Available,TNEA2025-00688,Computer Science and Engineering (Cyber Security),sc
2749,"Easa College of Engineering and Technology, NH-47, Palakkad main Road, Navakkarai Post, Coimbatore-641105.",COIMBATORE,87.5,103.5,110,90,95,91,Not Available,TNEA2025-00689,ELECTRICAL AND ELECTRONICS ENGINEERING,ee
2749,"Easa College of Engineering and Technology, NH-47, Palakkad main Road, Navakkarai Post, Coimbatore-641105.",COIMBATORE,122,104,110,94,114.5,103.5,Not Available,TNEA2025-00690,ELECTRONICS AND COMMUNICATION ENGINEERING,ec
2749,"Easa College of Engineering and Technology, NH-47, Palakkad main Road, Navakkarai Post, Coimbatore-641105.",COIMBATORE,123,94,110,82.5,87.5,103.5,Not Available,TNEA2025-00691,INFORMATION TECHNOLOGY,it
2749,"Easa College of Engineering and Technology, NH-47, Palakkad main Road, Navakkarai Post, Coimbatore-641105.",COIMBATORE,83,94,110,82.5,87.5,103.5,Not Available,TNEA2025-00692,MECHANICAL ENGINEERING,me
1304,"Easwari Engineering College (Autonomous), Bharathi Salai, Ramapuram, Chennai-600089.",CHENNAI,146,142,133,142,120,119,115,TNEA2025-00693,AUTOMOBILE ENGINEERING,au
1304,"Easwari Engineering College (Autonomous), Bharathi Salai, Ramapuram, Chennai-600089.",CHENNAI,180.5,175,174.5,171.33,146.5,119,115,TNEA2025-00694,Artificial Intelligence and Data Science,ad
1304,"Easwari Engineering College (Autonomous), Bharathi Salai, Ramapuram, Chennai-600089.",CHENNAI,173,159,169.67,148.5,132.5,119,115,TNEA2025-00695,BIO MEDICAL ENGINEERING,bm
1304,"Easwari Engineering College (Autonomous), Bharathi Salai, Ramapuram, Chennai-600089.",CHENNAI,170,162,148,153,134,122.5,115,TNEA2025-00696,BIO TECHNOLOGY,bt
1304,"Easwari Engineering College (Autonomous), Bharathi Salai, Ramapuram, Chennai-600089.",CHENNAI,159,130,148,132,120,122.5,115,TNEA2025-00697,CIVIL ENGINEERING,ce
1304,"Easwari Engineering College (Autonomous), Bharathi Salai, Ramapuram, Chennai-600089.",CHENNAI,173.5,171.5,171,169.5,146,122.5,115,TNEA2025-00698,COMPUTER SCIENCE AND BUSSINESS SYSTEM,cb
1304,"Easwari Engineering College (Autonomous), Bharathi Salai, Ramapuram, Chennai-600089.",CHENNAI,175.5,170,173.5,168.5,145.5,122.5,115,TNEA2025-00699,COMPUTER SCIENCE AND DESIGN,cd
1304,"Easwari Engineering College (Autonomous), Bharathi Salai, Ramapuram, Chennai-600089.",CHENNAI,183.5,178,177,175.5,156,121.5,115,TNEA2025-00700,COMPUTER SCIENCE AND ENGINEERING,cs
1304,"Easwari Engineering College (Autonomous), Bharathi Salai, Ramapuram, Chennai-600089.",CHENNAI,178.5,174,175,170,153.5,114,112,TNEA2025-00701,COMPUTER SCIENCE AND ENGINEERING (AI AND MACHINE LEARNING),am
1304,"Easwari Engineering College (Autonomous), Bharathi Salai, Ramapuram, Chennai-600089.",CHENNAI,179,176.5,174,172.5,151,104,112,TNEA2025-00702,Computer Science and Engineering (Cyber Security),sc
1304,"Easwari Engineering College (Autonomous), Bharathi Salai, Ramapuram, Chennai-600089.",CHENNAI,171,165.5,162.5,160.5,135,104,112,TNEA2025-00703,ELECTRICAL AND ELECTRONICS ENGINEERING,ee
1304,"Easwari Engineering College (Autonomous), Bharathi Salai, Ramapuram, Chennai-600089.",CHENNAI,179.5,175,176,169,142.5,124.5,112,TNEA2025-00704,ELECTRONICS AND COMMUNICATION ENGINEERING,ec
1304,"Easwari Engineering College (Autonomous), Bharathi Salai, Ramapuram, Chennai-600089.",CHENNAI,178.5,174.5,176,171.5,148,84.5,114.5,TNEA2025-00705,INFORMATION TECHNOLOGY,it
1304,"Easwari Engineering College (Autonomous), Bharathi Salai, Ramapuram, Chennai-600089.",CHENNAI,160,149,120,145,124.5,84.5,97.5,TNEA2025-00706,MECHANICAL ENGINEERING,me
1304,"Easwari Engineering College (Autonomous), Bharathi Salai, Ramapuram, Chennai-600089.",CHENNAI,173,167.5,170,150.5,136.5,84.5,97.5,TNEA2025-00707,ROBOTICS AND AUTOMATION,rm
4980,"Einstein College of Engineering, Sir.C.V.Raman Nagar, Seethaparpanallur, Tirunelveli-627012.",TIRUNELVELI,124.5,104,102,109.5,109,Not Available,Not Available,TNEA2025-00708,Artificial Intelligence and Data Science,ad
4980,"Einstein College of Engineering, Sir.C.V.Raman Nagar, Seethaparpanallur, Tirunelveli-627012.",TIRUNELVELI,96.5,104,102,109.5,109,Not Available,Not Available,TNEA2025-00709,CIVIL ENGINEERING,ce
4980,"Einstein College of Engineering, Sir.C.V.Raman Nagar, Seethaparpanallur, Tirunelveli-627012.",TIRUNELVELI,142,120.5,113.5,105,109,Not Available,Not Available,TNEA2025-00710,COMPUTER SCIENCE AND ENGINEERING,cs
4980,"Einstein College of Engineering, Sir.C.V.Raman Nagar, Seethaparpanallur, Tirunelveli-627012.",TIRUNELVELI,91.5,120.5,113.5,105,109,Not Available,Not Available,TNEA2025-00711,ELECTRICAL AND ELECTRONICS ENGINEERING,ee
4980,"Einstein College of Engineering, Sir.C.V.Raman Nagar, Seethaparpanallur, Tirunelveli-627012.",TIRUNELVELI,137.5,114,113.5,90.5,109,Not Available,Not Available,TNEA2025-00712,ELECTRONICS AND COMMUNICATION ENGINEERING,ec
4980,"Einstein College of Engineering, Sir.C.V.Raman Nagar, Seethaparpanallur, Tirunelveli-627012.",TIRUNELVELI,102.5,114,113.5,90.5,109,Not Available,Not Available,TNEA2025-00713,MECHANICAL ENGINEERING,me
2621,"Er. Perumal Manimekalai College of Engineering (Autonomous), 17th Km Hosur - Krishnagiri NH7, Nallaganakothapalli, Near Koneripalli, Hosur Taluk, Krishnagiri District-635117.",KRISHNAGIRI,109,86.5,97.5,91.5,105,137,Not Available,TNEA2025-00714,AERONAUTICAL ENGINEERING,ae
2621,"Er. Perumal Manimekalai College of Engineering (Autonomous), 17th Km Hosur - Krishnagiri NH7, Nallaganakothapalli, Near Koneripalli, Hosur Taluk, Krishnagiri District-635117.",KRISHNAGIRI,149,116,142.5,129.5,111.5,137,Not Available,TNEA2025-00715,Artificial Intelligence and Data Science,ad
2621,"Er. Perumal Manimekalai College of Engineering (Autonomous), 17th Km Hosur - Krishnagiri NH7, Nallaganakothapalli, Near Koneripalli, Hosur Taluk, Krishnagiri District-635117.",KRISHNAGIRI,109.5,84.5,108.5,90,104,137,Not Available,TNEA2025-00716,CHEMICAL ENGINEERING,ch
2621,"Er. Perumal Manimekalai College of Engineering (Autonomous), 17th Km Hosur - Krishnagiri NH7, Nallaganakothapalli, Near Koneripalli, Hosur Taluk, Krishnagiri District-635117.",KRISHNAGIRI,93.5,82,108.5,84.5,90,137,Not Available,TNEA2025-00717,CIVIL ENGINEERING,ce
2621,"Er. Perumal Manimekalai College of Engineering (Autonomous), 17th Km Hosur - Krishnagiri NH7, Nallaganakothapalli, Near Koneripalli, Hosur Taluk, Krishnagiri District-635117.",KRISHNAGIRI,127,102.5,124,121.5,94,97,Not Available,TNEA2025-00718,COMPUTER SCIENCE AND BUSSINESS SYSTEM,cb
2621,"Er. Perumal Manimekalai College of Engineering (Autonomous), 17th Km Hosur - Krishnagiri NH7, Nallaganakothapalli, Near Koneripalli, Hosur Taluk, Krishnagiri District-635117.",KRISHNAGIRI,161,136,148,130,106.5,97,Not Available,TNEA2025-00719,COMPUTER SCIENCE AND ENGINEERING,cs
2621,"Er. Perumal Manimekalai College of Engineering (Autonomous), 17th Km Hosur - Krishnagiri NH7, Nallaganakothapalli, Near Koneripalli, Hosur Taluk, Krishnagiri District-635117.",KRISHNAGIRI,121.5,99.5,110,115,88.5,97,Not Available,TNEA2025-00720,ELECTRICAL AND ELECTRONICS ENGINEERING,ee
2621,"Er. Perumal Manimekalai College of Engineering (Autonomous), 17th Km Hosur - Krishnagiri NH7, Nallaganakothapalli, Near Koneripalli, Hosur Taluk, Krishnagiri District-635117.",KRISHNAGIRI,139.5,118.5,125,128.5,91.5,97,Not Available,TNEA2025-00721,ELECTRONICS AND COMMUNICATION ENGINEERING,ec
2621,"Er. Perumal Manimekalai College of Engineering (Autonomous), 17th Km Hosur - Krishnagiri NH7, Nallaganakothapalli, Near Koneripalli, Hosur Taluk, Krishnagiri District-635117.",KRISHNAGIRI,141,115,135.5,128.5,95,96,Not Available,TNEA2025-00722,INFORMATION TECHNOLOGY,it
2621,"Er. Perumal Manimekalai College of Engineering (Autonomous), 17th Km Hosur - Krishnagiri NH7, Nallaganakothapalli, Near Koneripalli, Hosur Taluk, Krishnagiri District-635117.",KRISHNAGIRI,98,86,94.5,80.5,80,96,Not Available,TNEA2025-00723,MECHANICAL ENGINEERING,me
2621,"Er. Perumal Manimekalai College of Engineering (Autonomous), 17th Km Hosur - Krishnagiri NH7, Nallaganakothapalli, Near Koneripalli, Hosur Taluk, Krishnagiri District-635117.",KRISHNAGIRI,116.5,85.5,115.5,107,89.5,96,Not Available,TNEA2025-00724,Mechatronics Engineering,mz
2707,"Erode Sengunthar Engineering College (Autonomous), Thudupathi, Perundurai (Tk), Erode District-638057.",ERODE,117.5,93.5,104,96,88.5,103,Not Available,TNEA2025-00725,AGRICULTURAL ENGINEERING,ag
2707,"Erode Sengunthar Engineering College (Autonomous), Thudupathi, Perundurai (Tk), Erode District-638057.",ERODE,148.5,134.5,104,135,86.5,132.5,Not Available,TNEA2025-00726,Artificial Intelligence and Data Science,ad
2707,"Erode Sengunthar Engineering College (Autonomous), Thudupathi, Perundurai (Tk), Erode District-638057.",ERODE,115,85,104,93.5,82.5,83,Not Available,TNEA2025-00727,BIO MEDICAL ENGINEERING,bm
2707,"Erode Sengunthar Engineering College (Autonomous), Thudupathi, Perundurai (Tk), Erode District-638057.",ERODE,122,92.5,90.5,84,91.5,98.5,Not Available,TNEA2025-00728,BIO TECHNOLOGY,bt
2707,"Erode Sengunthar Engineering College (Autonomous), Thudupathi, Perundurai (Tk), Erode District-638057.",ERODE,106,96.5,90.5,86.5,100,98.5,Not Available,TNEA2025-00729,CHEMICAL ENGINEERING,ch
2707,"Erode Sengunthar Engineering College (Autonomous), Thudupathi, Perundurai (Tk), Erode District-638057.",ERODE,108,84,90.5,85,90.5,90.5,Not Available,TNEA2025-00730,CIVIL ENGINEERING,ce
2707,"Erode Sengunthar Engineering College (Autonomous), Thudupathi, Perundurai (Tk), Erode District-638057.",ERODE,125,117,90.5,118,90.5,94,Not Available,TNEA2025-00731,COMPUTER SCIENCE AND DESIGN,cd
2707,"Erode Sengunthar Engineering College (Autonomous), Thudupathi, Perundurai (Tk), Erode District-638057.",ERODE,143,132,122,125.5,83.5,95.5,Not Available,TNEA2025-00732,COMPUTER SCIENCE AND ENGINEERING,cs
2707,"Erode Sengunthar Engineering College (Autonomous), Thudupathi, Perundurai (Tk), Erode District-638057.",ERODE,132.5,125.5,122,122,90,106,Not Available,TNEA2025-00733,COMPUTER SCIENCE AND ENGINEERING (AI AND MACHINE LEARNING),am
2707,"Erode Sengunthar Engineering College (Autonomous), Thudupathi, Perundurai (Tk), Erode District-638057.",ERODE,129.5,121.5,115.5,119,85.5,106,Not Available,TNEA2025-00734,Computer Science and Engineering (Cyber Security),sc
2707,"Erode Sengunthar Engineering College (Autonomous), Thudupathi, Perundurai (Tk), Erode District-638057.",ERODE,120,104.5,115.5,94,84.5,82,Not Available,TNEA2025-00735,ELECTRICAL AND ELECTRONICS ENGINEERING,ee
2707,"Erode Sengunthar Engineering College (Autonomous), Thudupathi, Perundurai (Tk), Erode District-638057.",ERODE,132.5,117.5,110.5,119,84.5,99.5,Not Available,TNEA2025-00736,ELECTRONICS AND COMMUNICATION ENGINEERING,ec
2707,"Erode Sengunthar Engineering College (Autonomous), Thudupathi, Perundurai (Tk), Erode District-638057.",ERODE,125.5,99.5,110.5,107,97.5,99.5,Not Available,TNEA2025-00737,ELECTRONICS AND INSTRUMENTATION ENGINEERING,ei
2707,"Erode Sengunthar Engineering College (Autonomous), Thudupathi, Perundurai (Tk), Erode District-638057.",ERODE,139,125,92.5,123.5,91.5,96.5,Not Available,TNEA2025-00738,INFORMATION TECHNOLOGY,it
2707,"Erode Sengunthar Engineering College (Autonomous), Thudupathi, Perundurai (Tk), Erode District-638057.",ERODE,133,109.5,92.5,104.5,95.5,110,Not Available,TNEA2025-00739,M.Tech. Computer Science and Engineering (Integrated 5 years),cj
2707,"Erode Sengunthar Engineering College (Autonomous), Thudupathi, Perundurai (Tk), Erode District-638057.",ERODE,106.5,83,92.5,86.5,101,88,Not Available,TNEA2025-00740,MECHANICAL ENGINEERING,me
2707,"Erode Sengunthar Engineering College (Autonomous), Thudupathi, Perundurai (Tk), Erode District-638057.",ERODE,82,83,92.5,86.5,101,88,Not Available,TNEA2025-00741,MECHANICAL ENGINEERING (TAMIL MEDIUM),xm
2707,"Erode Sengunthar Engineering College (Autonomous), Thudupathi, Perundurai (Tk), Erode District-638057.",ERODE,119.5,93.5,92.5,105,101,92.5,Not Available,TNEA2025-00742,ROBOTICS AND AUTOMATION,rm
2634,"Excel Engineering College (Autonomous), NH-47 Salem Main Road, Sankari West Post, Tiruchengode Taluk, Pallakapalayam, Namakkal District-637303.",NAMAKKAL,143,87,96.5,113.5,107,131,122.5,TNEA2025-00743,AERONAUTICAL ENGINEERING,ae
2634,"Excel Engineering College (Autonomous), NH-47 Salem Main Road, Sankari West Post, Tiruchengode Taluk, Pallakapalayam, Namakkal District-637303.",NAMAKKAL,133,86.5,96.5,87.5,82,122.5,122.5,TNEA2025-00744,AGRICULTURAL ENGINEERING,ag
2634,"Excel Engineering College (Autonomous), NH-47 Salem Main Road, Sankari West Post, Tiruchengode Taluk, Pallakapalayam, Namakkal District-637303.",NAMAKKAL,133,94,115.5,116,87.5,98.5,122.5,TNEA2025-00745,Artificial Intelligence and Data Science,ad
2634,"Excel Engineering College (Autonomous), NH-47 Salem Main Road, Sankari West Post, Tiruchengode Taluk, Pallakapalayam, Namakkal District-637303.",NAMAKKAL,132.5,82,97,87,93,114,122.5,TNEA2025-00746,BIO MEDICAL ENGINEERING,bm
2634,"Excel Engineering College (Autonomous), NH-47 Salem Main Road, Sankari West Post, Tiruchengode Taluk, Pallakapalayam, Namakkal District-637303.",NAMAKKAL,100,94.5,97,84.5,93,114,122.5,TNEA2025-00747,CIVIL ENGINEERING,ce
2634,"Excel Engineering College (Autonomous), NH-47 Salem Main Road, Sankari West Post, Tiruchengode Taluk, Pallakapalayam, Namakkal District-637303.",NAMAKKAL,120.5,107,97,109.5,89.5,109,122.5,TNEA2025-00748,COMPUTER SCIENCE AND BUSSINESS SYSTEM,cb
2634,"Excel Engineering College (Autonomous), NH-47 Salem Main Road, Sankari West Post, Tiruchengode Taluk, Pallakapalayam, Namakkal District-637303.",NAMAKKAL,142,98.5,104,117.5,84.5,97,129,TNEA2025-00749,COMPUTER SCIENCE AND ENGINEERING,cs
2634,"Excel Engineering College (Autonomous), NH-47 Salem Main Road, Sankari West Post, Tiruchengode Taluk, Pallakapalayam, Namakkal District-637303.",NAMAKKAL,115,92.5,82.5,87.5,91,108,129,TNEA2025-00750,ELECTRICAL AND ELECTRONICS ENGINEERING,ee
2634,"Excel Engineering College (Autonomous), NH-47 Salem Main Road, Sankari West Post, Tiruchengode Taluk, Pallakapalayam, Namakkal District-637303.",NAMAKKAL,142,123,82.5,130,94,117,129,TNEA2025-00751,ELECTRONICS AND COMMUNICATION ENGINEERING,ec
2634,"Excel Engineering College (Autonomous), NH-47 Salem Main Road, Sankari West Post, Tiruchengode Taluk, Pallakapalayam, Namakkal District-637303.",NAMAKKAL,126.5,100.5,112,96.5,93,106,129,TNEA2025-00752,FOOD TECHNOLOGY,fd
2634,"Excel Engineering College (Autonomous), NH-47 Salem Main Road, Sankari West Post, Tiruchengode Taluk, Pallakapalayam, Namakkal District-637303.",NAMAKKAL,136,86,93,115,84,106.5,129,TNEA2025-00753,INFORMATION TECHNOLOGY,it
2634,"Excel Engineering College (Autonomous), NH-47 Salem Main Road, Sankari West Post, Tiruchengode Taluk, Pallakapalayam, Namakkal District-637303.",NAMAKKAL,106.5,101.5,93,96,101.5,94,129,TNEA2025-00754,M.Tech. Computer Science and Engineering (Integrated 5 years),cj
2634,"Excel Engineering College (Autonomous), NH-47 Salem Main Road, Sankari West Post, Tiruchengode Taluk, Pallakapalayam, Namakkal District-637303.",NAMAKKAL,113,94.5,101,97.5,80.5,82.5,129,TNEA2025-00755,MECHANICAL ENGINEERING,me
2634,"Excel Engineering College (Autonomous), NH-47 Salem Main Road, Sankari West Post, Tiruchengode Taluk, Pallakapalayam, Namakkal District-637303.",NAMAKKAL,89.5,84.5,101,97.5,85.5,82.5,129,TNEA2025-00756,PETRO CHEMICAL TECHNOLOGY,pc
2634,"Excel Engineering College (Autonomous), NH-47 Salem Main Road, Sankari West Post, Tiruchengode Taluk, Pallakapalayam, Namakkal District-637303.",NAMAKKAL,115.5,99,101,96.5,98,82.5,129,TNEA2025-00757,Safety and Fire Engineering,sf
5935,"Fatima Michael College of Engineering and Technology, Senkottai Village, Kalimangalam Panchayat, Sivaganga Main Road, Madurai-625020.",MADURAI,93.5,92,Not Available,91.5,89,100,Not Available,TNEA2025-00758,AUTOMOBILE ENGINEERING,au
5935,"Fatima Michael College of Engineering and Technology, Senkottai Village, Kalimangalam Panchayat, Sivaganga Main Road, Madurai-625020.",MADURAI,80,92,Not Available,91.5,89,100,Not Available,TNEA2025-00759,CIVIL ENGINEERING,ce
5935,"Fatima Michael College of Engineering and Technology, Senkottai Village, Kalimangalam Panchayat, Sivaganga Main Road, Madurai-625020.",MADURAI,113.5,92,Not Available,91.5,89,100,Not Available,TNEA2025-00760,COMPUTER SCIENCE AND ENGINEERING,cs
5935,"Fatima Michael College of Engineering and Technology, Senkottai Village, Kalimangalam Panchayat, Sivaganga Main Road, Madurai-625020.",MADURAI,102,92,Not Available,91.5,89,100,Not Available,TNEA2025-00761,COMPUTER SCIENCE AND ENGINEERING (AI AND MACHINE LEARNING),am
5935,"Fatima Michael College of Engineering and Technology, Senkottai Village, Kalimangalam Panchayat, Sivaganga Main Road, Madurai-625020.",MADURAI,100.5,83.5,Not Available,91.5,80,100,Not Available,TNEA2025-00762,Computer Science and Engineering (Cyber Security),sc
5935,"Fatima Michael College of Engineering and Technology, Senkottai Village, Kalimangalam Panchayat, Sivaganga Main Road, Madurai-625020.",MADURAI,93,83.5,Not Available,91.5,80,100,Not Available,TNEA2025-00763,ELECTRICAL AND ELECTRONICS ENGINEERING,ee
5935,"Fatima Michael College of Engineering and Technology, Senkottai Village, Kalimangalam Panchayat, Sivaganga Main Road, Madurai-625020.",MADURAI,110.5,101.5,Not Available,109.5,103,100,Not Available,TNEA2025-00764,ELECTRONICS AND COMMUNICATION ENGINEERING,ec
5935,"Fatima Michael College of Engineering and Technology, Senkottai Village, Kalimangalam Panchayat, Sivaganga Main Road, Madurai-625020.",MADURAI,94.5,101.5,Not Available,109.5,103,100,Not Available,TNEA2025-00765,MECHANICAL ENGINEERING,me
4955,"Francis Xavier Engineering College (Autonomous), 103 G2, By Pass Road, Vannarpettai, Tirunelveli-627003.",TIRUNELVELI,171.5,157,168.5,151,139,148.5,Not Available,TNEA2025-00766,Artificial Intelligence and Data Science,ad
4955,"Francis Xavier Engineering College (Autonomous), 103 G2, By Pass Road, Vannarpettai, Tirunelveli-627003.",TIRUNELVELI,134.5,115.5,168.5,121,105.5,148.5,Not Available,TNEA2025-00767,CIVIL ENGINEERING,ce
4955,"Francis Xavier Engineering College (Autonomous), 103 G2, By Pass Road, Vannarpettai, Tirunelveli-627003.",TIRUNELVELI,156,148.5,152,132.5,118,148.5,Not Available,TNEA2025-00768,COMPUTER SCIENCE AND BUSSINESS SYSTEM,cb
4955,"Francis Xavier Engineering College (Autonomous), 103 G2, By Pass Road, Vannarpettai, Tirunelveli-627003.",TIRUNELVELI,171.5,155,168.5,138,126,134,Not Available,TNEA2025-00769,COMPUTER SCIENCE AND ENGINEERING,cs
4955,"Francis Xavier Engineering College (Autonomous), 103 G2, By Pass Road, Vannarpettai, Tirunelveli-627003.",TIRUNELVELI,157,150.5,143,139.5,114.5,134,Not Available,TNEA2025-00770,COMPUTER SCIENCE AND ENGINEERING (AI AND MACHINE LEARNING),am
4955,"Francis Xavier Engineering College (Autonomous), 103 G2, By Pass Road, Vannarpettai, Tirunelveli-627003.",TIRUNELVELI,152,141,151,119.5,105,134,Not Available,TNEA2025-00771,ELECTRICAL AND ELECTRONICS ENGINEERING,ee
4955,"Francis Xavier Engineering College (Autonomous), 103 G2, By Pass Road, Vannarpettai, Tirunelveli-627003.",TIRUNELVELI,170,155,167.5,132,128,134,Not Available,TNEA2025-00772,ELECTRONICS AND COMMUNICATION ENGINEERING,ec
4955,"Francis Xavier Engineering College (Autonomous), 103 G2, By Pass Road, Vannarpettai, Tirunelveli-627003.",TIRUNELVELI,164,152.5,161,133,117,134,Not Available,TNEA2025-00773,INFORMATION TECHNOLOGY,it
4955,"Francis Xavier Engineering College (Autonomous), 103 G2, By Pass Road, Vannarpettai, Tirunelveli-627003.",TIRUNELVELI,139,126,138.5,103,92,134,Not Available,TNEA2025-00774,MECHANICAL ENGINEERING,me
1407,"G K M College of Engineering and Technology, G K M Nagar, Alappakkam-Mappedu Road, New Perugalathur, Chennai-600063.",CHENGALPATTU,105,94,Not Available,88,102.5,Not Available,Not Available,TNEA2025-00775,AUTOMOBILE ENGINEERING,au
1407,"G K M College of Engineering and Technology, G K M Nagar, Alappakkam-Mappedu Road, New Perugalathur, Chennai-600063.",CHENGALPATTU,107,94,Not Available,88,102.5,Not Available,Not Available,TNEA2025-00776,Artificial Intelligence and Data Science,ad
1407,"G K M College of Engineering and Technology, G K M Nagar, Alappakkam-Mappedu Road, New Perugalathur, Chennai-600063.",CHENGALPATTU,109,94,Not Available,88,102.5,Not Available,Not Available,TNEA2025-00777,BIO MEDICAL ENGINEERING,bm
1407,"G K M College of Engineering and Technology, G K M Nagar, Alappakkam-Mappedu Road, New Perugalathur, Chennai-600063.",CHENGALPATTU,98.5,94,Not Available,88,102.5,Not Available,Not Available,TNEA2025-00778,CIVIL ENGINEERING,ce
1407,"G K M College of Engineering and Technology, G K M Nagar, Alappakkam-Mappedu Road, New Perugalathur, Chennai-600063.",CHENGALPATTU,126,106,Not Available,102.5,85,Not Available,Not Available,TNEA2025-00779,COMPUTER SCIENCE AND ENGINEERING,cs
1407,"G K M College of Engineering and Technology, G K M Nagar, Alappakkam-Mappedu Road, New Perugalathur, Chennai-600063.",CHENGALPATTU,93,88.5,Not Available,102.5,85,Not Available,Not Available,TNEA2025-00780,Computer Science and Engineering (Cyber Security),sc
1407,"G K M College of Engineering and Technology, G K M Nagar, Alappakkam-Mappedu Road, New Perugalathur, Chennai-600063.",CHENGALPATTU,113.5,88.5,Not Available,102.5,85,Not Available,Not Available,TNEA2025-00781,ELECTRICAL AND ELECTRONICS ENGINEERING,ee
1407,"G K M College of Engineering and Technology, G K M Nagar, Alappakkam-Mappedu Road, New Perugalathur, Chennai-600063.",CHENGALPATTU,101.5,88.5,Not Available,102.5,85,Not Available,Not Available,TNEA2025-00782,ELECTRONICS AND COMMUNICATION ENGINEERING,ec
1407,"G K M College of Engineering and Technology, G K M Nagar, Alappakkam-Mappedu Road, New Perugalathur, Chennai-600063.",CHENGALPATTU,107.5,103,Not Available,94.5,85,Not Available,Not Available,TNEA2025-00783,INFORMATION TECHNOLOGY,it
1407,"G K M College of Engineering and Technology, G K M Nagar, Alappakkam-Mappedu Road, New Perugalathur, Chennai-600063.",CHENGALPATTU,107.5,103,Not Available,94.5,85,Not Available,Not Available,TNEA2025-00784,MARINE ENGINEERING,mr
1407,"G K M College of Engineering and Technology, G K M Nagar, Alappakkam-Mappedu Road, New Perugalathur, Chennai-600063.",CHENGALPATTU,107.5,103,Not Available,94.5,85,Not Available,Not Available,TNEA2025-00785,MECHANICAL ENGINEERING,me
1238,"GRT Institute of Engineering and Technology, GRT Mahalakshmi Nagar, Chennai-Tirupathi Highway, Tiruttani, Thiruvallur-631209.",TIRUVALLUR,143.5,106,118.5,121.5,89.5,114,Not Available,TNEA2025-00786,Artificial Intelligence and Data Science,ad
1238,"GRT Institute of Engineering and Technology, GRT Mahalakshmi Nagar, Chennai-Tirupathi Highway, Tiruttani, Thiruvallur-631209.",TIRUVALLUR,137.5,115.5,89,103.5,89.5,114,Not Available,TNEA2025-00787,BIO MEDICAL ENGINEERING,bm
1238,"GRT Institute of Engineering and Technology, GRT Mahalakshmi Nagar, Chennai-Tirupathi Highway, Tiruttani, Thiruvallur-631209.",TIRUVALLUR,144.5,106.5,128,125,109,114,Not Available,TNEA2025-00788,COMPUTER SCIENCE AND ENGINEERING,cs
1238,"GRT Institute of Engineering and Technology, GRT Mahalakshmi Nagar, Chennai-Tirupathi Highway, Tiruttani, Thiruvallur-631209.",TIRUVALLUR,114.5,106.5,128,101.5,88,114,Not Available,TNEA2025-00789,ELECTRICAL AND ELECTRONICS ENGINEERING,ee
1238,"GRT Institute of Engineering and Technology, GRT Mahalakshmi Nagar, Chennai-Tirupathi Highway, Tiruttani, Thiruvallur-631209.",TIRUVALLUR,127,94,128,116.5,104,114,Not Available,TNEA2025-00790,ELECTRONICS AND COMMUNICATION ENGINEERING,ec
1238,"GRT Institute of Engineering and Technology, GRT Mahalakshmi Nagar, Chennai-Tirupathi Highway, Tiruttani, Thiruvallur-631209.",TIRUVALLUR,143.5,91,128,117.5,96.5,114,Not Available,TNEA2025-00791,INFORMATION TECHNOLOGY,it
1238,"GRT Institute of Engineering and Technology, GRT Mahalakshmi Nagar, Chennai-Tirupathi Highway, Tiruttani, Thiruvallur-631209.",TIRUVALLUR,96.5,91,128,90.5,96.5,114,Not Available,TNEA2025-00792,MECHANICAL ENGINEERING,me
1507,"Ganadipathy Tulsi's Jain Engineering College, Chittoor-Cuddalore Road, Kaniyambadi, Vellore-632102.",VELLORE,138.5,112.5,134.5,128.5,100,101.5,Not Available,TNEA2025-00793,Artificial Intelligence and Data Science,ad
1507,"Ganadipathy Tulsi's Jain Engineering College, Chittoor-Cuddalore Road, Kaniyambadi, Vellore-632102.",VELLORE,118,102.5,134.5,107.5,90,92.5,Not Available,TNEA2025-00794,COMPUTER SCIENCE AND BUSSINESS SYSTEM,cb
1507,"Ganadipathy Tulsi's Jain Engineering College, Chittoor-Cuddalore Road, Kaniyambadi, Vellore-632102.",VELLORE,132.5,109.5,134.5,125,96,131,Not Available,TNEA2025-00795,COMPUTER SCIENCE AND ENGINEERING,cs
1507,"Ganadipathy Tulsi's Jain Engineering College, Chittoor-Cuddalore Road, Kaniyambadi, Vellore-632102.",VELLORE,112,99.5,134.5,103,96,131,Not Available,TNEA2025-00796,Computer Science and Engineering (Cyber Security),sc
1507,"Ganadipathy Tulsi's Jain Engineering College, Chittoor-Cuddalore Road, Kaniyambadi, Vellore-632102.",VELLORE,96.5,95.5,134.5,103,96,131,Not Available,TNEA2025-00797,ELECTRICAL AND ELECTRONICS ENGINEERING,ee
1507,"Ganadipathy Tulsi's Jain Engineering College, Chittoor-Cuddalore Road, Kaniyambadi, Vellore-632102.",VELLORE,128,89.5,134.5,107.5,81.5,113.5,Not Available,TNEA2025-00798,ELECTRONICS AND COMMUNICATION ENGINEERING,ec
1507,"Ganadipathy Tulsi's Jain Engineering College, Chittoor-Cuddalore Road, Kaniyambadi, Vellore-632102.",VELLORE,135,117,134.5,122,80,108.5,Not Available,TNEA2025-00799,INFORMATION TECHNOLOGY,it
1507,"Ganadipathy Tulsi's Jain Engineering College, Chittoor-Cuddalore Road, Kaniyambadi, Vellore-632102.",VELLORE,88.5,117,134.5,122,80,108.5,Not Available,TNEA2025-00800,MECHANICAL ENGINEERING,me
5924,"Ganapathy Chettiar College of Engineering and Technology, Melakavanur (PO), Paramakudi, Ramanathapuram District-623706.",RAMANATHAPURAM,87,Not Available,Not Available,Not Available,Not Available,Not Available,Not Available,TNEA2025-00801,Artificial Intelligence and Data Science,ad
5924,"Ganapathy Chettiar College of Engineering and Technology, Melakavanur (PO), Paramakudi, Ramanathapuram District-623706.",RAMANATHAPURAM,81,Not Available,Not Available,Not Available,Not Available,Not Available,Not Available,TNEA2025-00802,CIVIL ENGINEERING,ce
5924,"Ganapathy Chettiar College of Engineering and Technology, Melakavanur (PO), Paramakudi, Ramanathapuram District-623706.",RAMANATHAPURAM,83.5,Not Available,Not Available,Not Available,Not Available,Not Available,Not Available,TNEA2025-00803,COMPUTER SCIENCE AND ENGINEERING,cs
5924,"Ganapathy Chettiar College of Engineering and Technology, Melakavanur (PO), Paramakudi, Ramanathapuram District-623706.",RAMANATHAPURAM,142,Not Available,Not Available,Not Available,Not Available,Not Available,Not Available,TNEA2025-00804,ELECTRICAL AND ELECTRONICS ENGINEERING,ee
5924,"Ganapathy Chettiar College of Engineering and Technology, Melakavanur (PO), Paramakudi, Ramanathapuram District-623706.",RAMANATHAPURAM,126,Not Available,Not Available,Not Available,Not Available,Not Available,Not Available,TNEA2025-00805,ELECTRONICS AND COMMUNICATION ENGINEERING,ec
5924,"Ganapathy Chettiar College of Engineering and Technology, Melakavanur (PO), Paramakudi, Ramanathapuram District-623706.",RAMANATHAPURAM,126,Not Available,Not Available,Not Available,Not Available,Not Available,Not Available,TNEA2025-00806,INFORMATION TECHNOLOGY,it
5924,"Ganapathy Chettiar College of Engineering and Technology, Melakavanur (PO), Paramakudi, Ramanathapuram District-623706.",RAMANATHAPURAM,129.5,Not Available,Not Available,Not Available,Not Available,Not Available,Not Available,TNEA2025-00807,MECHANICAL ENGINEERING,me
2341,"Ganesh College of Engineering, Attur Main Road, Mettupatti, Salem-636111.",SALEM fr,84.5,Not Available,Not Available,83,Not Available,Not Available,Not Available,TNEA2025-00808,Artificial Intelligence and Data Science,ad
2341,"Ganesh College of Engineering, Attur Main Road, Mettupatti, Salem-636111.",SALEM fr,80.5,Not Available,Not Available,83,Not Available,Not Available,Not Available,TNEA2025-00809,BIO MEDICAL ENGINEERING,bm
2341,"Ganesh College of Engineering, Attur Main Road, Mettupatti, Salem-636111.",SALEM fr,92,Not Available,Not Available,83,Not Available,Not Available,Not Available,TNEA2025-00810,CIVIL ENGINEERING,ce
2341,"Ganesh College of Engineering, Attur Main Road, Mettupatti, Salem-636111.",SALEM fr,85,Not Available,Not Available,83,Not Available,Not Available,Not Available,TNEA2025-00811,COMPUTER SCIENCE AND ENGINEERING,cs
2341,"Ganesh College of Engineering, Attur Main Road, Mettupatti, Salem-636111.",SALEM fr,88,Not Available,Not Available,83,Not Available,Not Available,Not Available,TNEA2025-00812,ELECTRICAL AND ELECTRONICS ENGINEERING,ee
2341,"Ganesh College of Engineering, Attur Main Road, Mettupatti, Salem-636111.",SALEM fr,86,Not Available,Not Available,83,Not Available,Not Available,Not Available,TNEA2025-00813,ELECTRONICS AND COMMUNICATION ENGINEERING,ec
2341,"Ganesh College of Engineering, Attur Main Road, Mettupatti, Salem-636111.",SALEM fr,86.5,Not Available,Not Available,83,Not Available,Not Available,Not Available,TNEA2025-00814,INFORMATION TECHNOLOGY,it
2341,"Ganesh College of Engineering, Attur Main Road, Mettupatti, Salem-636111.",SALEM fr,81,Not Available,Not Available,83,Not Available,Not Available,Not Available,TNEA2025-00815,MECHANICAL ENGINEERING,me
1523,"Global Institute of Engineering and Technology, 257/1, Bangalore-Chennai Highway, Melvisharam, Vellore-632509.",RANIPET,94.5,93.5,131,122.5,97,114.5,Not Available,TNEA2025-00816,AUTOMOBILE ENGINEERING,au
1523,"Global Institute of Engineering and Technology, 257/1, Bangalore-Chennai Highway, Melvisharam, Vellore-632509.",RANIPET,131.5,93.5,131,122.5,97,114.5,Not Available,TNEA2025-00817,Artificial Intelligence and Data Science,ad
1523,"Global Institute of Engineering and Technology, 257/1, Bangalore-Chennai Highway, Melvisharam, Vellore-632509.",RANIPET,131.5,93.5,131,122.5,97,114.5,Not Available,TNEA2025-00818,CIVIL ENGINEERING,ce
1523,"Global Institute of Engineering and Technology, 257/1, Bangalore-Chennai Highway, Melvisharam, Vellore-632509.",RANIPET,122.5,87,105.5,105.5,101.5,114.5,Not Available,TNEA2025-00819,COMPUTER SCIENCE AND ENGINEERING,cs
1523,"Global Institute of Engineering and Technology, 257/1, Bangalore-Chennai Highway, Melvisharam, Vellore-632509.",RANIPET,119,110.5,108.5,113,101.5,114.5,Not Available,TNEA2025-00820,COMPUTER SCIENCE AND ENGINEERING (AI AND MACHINE LEARNING),am
1523,"Global Institute of Engineering and Technology, 257/1, Bangalore-Chennai Highway, Melvisharam, Vellore-632509.",RANIPET,91,110.5,108.5,113,101.5,114.5,Not Available,TNEA2025-00821,ELECTRICAL AND ELECTRONICS ENGINEERING,ee
1523,"Global Institute of Engineering and Technology, 257/1, Bangalore-Chennai Highway, Melvisharam, Vellore-632509.",RANIPET,109.5,82.5,102,94,92,114.5,Not Available,TNEA2025-00822,ELECTRONICS AND COMMUNICATION ENGINEERING,ec
1523,"Global Institute of Engineering and Technology, 257/1, Bangalore-Chennai Highway, Melvisharam, Vellore-632509.",RANIPET,123,106.5,120.5,104,110.5,114.5,Not Available,TNEA2025-00823,INFORMATION TECHNOLOGY,it
1523,"Global Institute of Engineering and Technology, 257/1, Bangalore-Chennai Highway, Melvisharam, Vellore-632509.",RANIPET,97.5,106.5,120.5,104,110.5,114.5,Not Available,TNEA2025-00824,MECHANICAL ENGINEERING,me
2624,"Gnanamani College of Technology (Autonomous), NH-7, A.K. Samuthiram, Pachal Post, Namakkal District-637018.",637018,113,89.5,121.5,85,81.5,113.5,134.5,TNEA2025-00825,AGRICULTURAL ENGINEERING,ag
2624,"Gnanamani College of Technology (Autonomous), NH-7, A.K. Samuthiram, Pachal Post, Namakkal District-637018.",637018,143.5,116,121.5,126,116.5,113.5,134.5,TNEA2025-00826,Artificial Intelligence and Data Science,ad
2624,"Gnanamani College of Technology (Autonomous), NH-7, A.K. Samuthiram, Pachal Post, Namakkal District-637018.",637018,126.5,85.5,121.5,90.5,107.5,105.5,134.5,TNEA2025-00827,BIO MEDICAL ENGINEERING,bm
2624,"Gnanamani College of Technology (Autonomous), NH-7, A.K. Samuthiram, Pachal Post, Namakkal District-637018.",637018,125.5,102.5,121.5,87.5,110.5,116,134.5,TNEA2025-00828,BIO TECHNOLOGY,bt
2624,"Gnanamani College of Technology (Autonomous), NH-7, A.K. Samuthiram, Pachal Post, Namakkal District-637018.",637018,116,99,121.5,96.5,82.5,89.5,88.5,TNEA2025-00829,CHEMICAL ENGINEERING,ch
2624,"Gnanamani College of Technology (Autonomous), NH-7, A.K. Samuthiram, Pachal Post, Namakkal District-637018.",637018,130.5,83.5,107.5,104.5,101.5,125.5,116,TNEA2025-00830,COMPUTER SCIENCE AND ENGINEERING,cs
2624,"Gnanamani College of Technology (Autonomous), NH-7, A.K. Samuthiram, Pachal Post, Namakkal District-637018.",637018,112,90.5,107.5,92.5,82,94.5,106.5,TNEA2025-00831,ELECTRICAL AND ELECTRONICS ENGINEERING,ee
2624,"Gnanamani College of Technology (Autonomous), NH-7, A.K. Samuthiram, Pachal Post, Namakkal District-637018.",637018,133,94.5,87.5,96,99.5,114.5,106.5,TNEA2025-00832,ELECTRONICS AND COMMUNICATION ENGINEERING,ec
2624,"Gnanamani College of Technology (Autonomous), NH-7, A.K. Samuthiram, Pachal Post, Namakkal District-637018.",637018,105.5,84,87.5,83,85.5,114.5,106.5,TNEA2025-00833,FOOD TECHNOLOGY,fd
2624,"Gnanamani College of Technology (Autonomous), NH-7, A.K. Samuthiram, Pachal Post, Namakkal District-637018.",637018,119.5,90.5,94,97,95.5,108.5,107,TNEA2025-00834,INFORMATION TECHNOLOGY,it
2624,"Gnanamani College of Technology (Autonomous), NH-7, A.K. Samuthiram, Pachal Post, Namakkal District-637018.",637018,98.5,84.5,94,91,88.5,90,92,TNEA2025-00835,MECHANICAL ENGINEERING,me
2624,"Gnanamani College of Technology (Autonomous), NH-7, A.K. Samuthiram, Pachal Post, Namakkal District-637018.",637018,121.5,89.5,94,87,89,83,92,TNEA2025-00836,PHARMACEUTICAL TECHNOLOGY,ph
1123,"Gojan School of Business and Technology, 80-Feet Road, Edapalayam, Red Hills, Thiruvallur, Chennai-600052.",TIRUVALLUR,121,85,97,86.5,98,Not Available,Not Available,TNEA2025-00837,AERONAUTICAL ENGINEERING,ae
1123,"Gojan School of Business and Technology, 80-Feet Road, Edapalayam, Red Hills, Thiruvallur, Chennai-600052.",TIRUVALLUR,126,108,97,107.5,118.5,Not Available,Not Available,TNEA2025-00838,Artificial Intelligence and Data Science,ad
1123,"Gojan School of Business and Technology, 80-Feet Road, Edapalayam, Red Hills, Thiruvallur, Chennai-600052.",TIRUVALLUR,83,108,97,107.5,118.5,Not Available,Not Available,TNEA2025-00839,BIO TECHNOLOGY,bt
1123,"Gojan School of Business and Technology, 80-Feet Road, Edapalayam, Red Hills, Thiruvallur, Chennai-600052.",TIRUVALLUR,122,82,97,82.5,89,Not Available,Not Available,TNEA2025-00840,COMPUTER AND COMMUNICATION ENGINEERING,co
1123,"Gojan School of Business and Technology, 80-Feet Road, Edapalayam, Red Hills, Thiruvallur, Chennai-600052.",TIRUVALLUR,117.5,94.5,97,86.5,95.5,Not Available,Not Available,TNEA2025-00841,COMPUTER SCIENCE AND BUSSINESS SYSTEM,cb
1123,"Gojan School of Business and Technology, 80-Feet Road, Edapalayam, Red Hills, Thiruvallur, Chennai-600052.",TIRUVALLUR,134,113.5,97,99.5,104,Not Available,Not Available,TNEA2025-00842,COMPUTER SCIENCE AND ENGINEERING,cs
1123,"Gojan School of Business and Technology, 80-Feet Road, Edapalayam, Red Hills, Thiruvallur, Chennai-600052.",TIRUVALLUR,120.5,118,97.5,101.5,116,Not Available,Not Available,TNEA2025-00843,COMPUTER SCIENCE AND ENGINEERING (AI AND MACHINE LEARNING),am
1123,"Gojan School of Business and Technology, 80-Feet Road, Edapalayam, Red Hills, Thiruvallur, Chennai-600052.",TIRUVALLUR,125.5,83.5,97.5,112,85.5,Not Available,Not Available,TNEA2025-00844,Computer Science and Engineering (Cyber Security),sc
1123,"Gojan School of Business and Technology, 80-Feet Road, Edapalayam, Red Hills, Thiruvallur, Chennai-600052.",TIRUVALLUR,131.5,118,117,93,107,Not Available,Not Available,TNEA2025-00845,ELECTRONICS AND COMMUNICATION ENGINEERING,ec
1123,"Gojan School of Business and Technology, 80-Feet Road, Edapalayam, Red Hills, Thiruvallur, Chennai-600052.",TIRUVALLUR,136,91.5,117,117,114,Not Available,Not Available,TNEA2025-00846,INFORMATION TECHNOLOGY,it
1123,"Gojan School of Business and Technology, 80-Feet Road, Edapalayam, Red Hills, Thiruvallur, Chennai-600052.",TIRUVALLUR,106.5,84.5,117,117,100,Not Available,Not Available,TNEA2025-00847,MECHANICAL AND AUTOMATION ENGINEERING,mu
1123,"Gojan School of Business and Technology, 80-Feet Road, Edapalayam, Red Hills, Thiruvallur, Chennai-600052.",TIRUVALLUR,89.5,86,117,117,100,Not Available,Not Available,TNEA2025-00848,MEDICAL ELECTRONICS,md
1123,"Gojan School of Business and Technology, 80-Feet Road, Edapalayam, Red Hills, Thiruvallur, Chennai-600052.",TIRUVALLUR,127.5,96,81,117,89,Not Available,Not Available,TNEA2025-00849,PHARMACEUTICAL TECHNOLOGY,ph
1123,"Gojan School of Business and Technology, 80-Feet Road, Edapalayam, Red Hills, Thiruvallur, Chennai-600052.",TIRUVALLUR,103.5,96,81,117,89,Not Available,Not Available,TNEA2025-00850,ROBOTICS AND AUTOMATION,rm
4686,"Good Shepherd College of Engineering and Technology, Maruthamparai, Kaliyal Village, Kaliyal, Kanyakumari-629151.",KANNIYAKUMARI,102,96.5,Not Available,Not Available,106.5,Not Available,Not Available,TNEA2025-00851,Artificial Intelligence and Data Science,ad
4686,"Good Shepherd College of Engineering and Technology, Maruthamparai, Kaliyal Village, Kaliyal, Kanyakumari-629151.",KANNIYAKUMARI,102,96.5,Not Available,Not Available,106.5,Not Available,Not Available,TNEA2025-00852,CIVIL ENGINEERING,ce
4686,"Good Shepherd College of Engineering and Technology, Maruthamparai, Kaliyal Village, Kaliyal, Kanyakumari-629151.",KANNIYAKUMARI,119.5,96.5,Not Available,Not Available,106.5,Not Available,Not Available,TNEA2025-00853,COMPUTER SCIENCE AND ENGINEERING,cs
4686,"Good Shepherd College of Engineering and Technology, Maruthamparai, Kaliyal Village, Kaliyal, Kanyakumari-629151.",KANNIYAKUMARI,88,96.5,Not Available,Not Available,106.5,Not Available,Not Available,TNEA2025-00854,ELECTRONICS AND COMMUNICATION ENGINEERING,ec
4686,"Good Shepherd College of Engineering and Technology, Maruthamparai, Kaliyal Village, Kaliyal, Kanyakumari-629151.",KANNIYAKUMARI,113,96.5,Not Available,Not Available,106.5,Not Available,Not Available,TNEA2025-00855,INFORMATION TECHNOLOGY,it
4686,"Good Shepherd College of Engineering and Technology, Maruthamparai, Kaliyal Village, Kaliyal, Kanyakumari-629151.",KANNIYAKUMARI,95.5,96.5,Not Available,Not Available,106.5,Not Available,Not Available,TNEA2025-00856,MECHANICAL ENGINEERING,me
2369,Government College of Engineering Chettikkarai Post Dharmapuri District 635704,DHARMAPURI,153.5,122.5,106.5,142.5,133.5,101.5,134.5,TNEA2025-00857,CIVIL ENGINEERING,ce
2369,Government College of Engineering Chettikkarai Post Dharmapuri District 635704,DHARMAPURI,179.5,171.5,162.5,173.5,156,150,134.5,TNEA2025-00858,COMPUTER SCIENCE AND ENGINEERING,cs
2369,Government College of Engineering Chettikkarai Post Dharmapuri District 635704,DHARMAPURI,165.5,156,151,155.5,138,142,134.5,TNEA2025-00859,ELECTRICAL AND ELECTRONICS ENGINEERING,ee
2369,Government College of Engineering Chettikkarai Post Dharmapuri District 635704,DHARMAPURI,174.5,169,157.5,169,146.5,137,134.5,TNEA2025-00860,ELECTRONICS AND COMMUNICATION ENGINEERING,ec
2369,Government College of Engineering Chettikkarai Post Dharmapuri District 635704,DHARMAPURI,152,138.5,113,143,124,143.5,126,TNEA2025-00861,MECHANICAL ENGINEERING,me
3464,Government College of Engineering Gandarvakottai Road Sengipatti Thanjavur District 613402,THANJAVUR,146,125,141.5,129,132,157.5,152.5,TNEA2025-00862,CIVIL ENGINEERING,ce
3464,Government College of Engineering Gandarvakottai Road Sengipatti Thanjavur District 613402,THANJAVUR,178.5,172.5,173.5,170.5,160.5,157.5,152.5,TNEA2025-00863,COMPUTER SCIENCE AND ENGINEERING,cs
3464,Government College of Engineering Gandarvakottai Road Sengipatti Thanjavur District 613402,THANJAVUR,161,155,157.5,152,143,106.5,122.5,TNEA2025-00864,ELECTRICAL AND ELECTRONICS ENGINEERING,ee
3464,Government College of Engineering Gandarvakottai Road Sengipatti Thanjavur District 613402,THANJAVUR,172.5,167,168,165.5,151,106.5,134.5,TNEA2025-00865,ELECTRONICS AND COMMUNICATION ENGINEERING,ec
3464,Government College of Engineering Gandarvakottai Road Sengipatti Thanjavur District 613402,THANJAVUR,150.5,131.5,138.5,130.5,133.5,119.5,134.5,TNEA2025-00866,MECHANICAL ENGINEERING,me
5009,Government College of Engineering Melachokkanathapuram Bodinayakkanur Theni District 625582,THENI,146,124.5,98.5,123.5,121,122.5,124,TNEA2025-00867,CIVIL ENGINEERING,ce
5009,Government College of Engineering Melachokkanathapuram Bodinayakkanur Theni District 625582,THENI,177,171,174.5,169,155,122.5,149.85,TNEA2025-00868,COMPUTER SCIENCE AND ENGINEERING,cs
5009,Government College of Engineering Melachokkanathapuram Bodinayakkanur Theni District 625582,THENI,163.5,155,131,152.5,133.5,120,152.5,TNEA2025-00869,ELECTRICAL AND ELECTRONICS ENGINEERING,ee
5009,Government College of Engineering Melachokkanathapuram Bodinayakkanur Theni District 625582,THENI,171,165,156,162.5,154.5,122.5,152.5,TNEA2025-00870,ELECTRONICS AND COMMUNICATION ENGINEERING,ec
5009,Government College of Engineering Melachokkanathapuram Bodinayakkanur Theni District 625582,THENI,143.5,133,121.5,125.5,121.5,128,152.5,TNEA2025-00871,MECHANICAL ENGINEERING,me
3465,Government College of Engineering Srirangam Sethurappatti Tiruchirappalli District 620012,TIRUCHIRAPPALLI,161.5,137.5,119.5,139,143,119.5,142.5,TNEA2025-00872,CIVIL ENGINEERING,ce
3465,Government College of Engineering Srirangam Sethurappatti Tiruchirappalli District 620012,TIRUCHIRAPPALLI,185,177.5,177.5,178.5,164.5,146.5,142.5,TNEA2025-00873,COMPUTER SCIENCE AND ENGINEERING,cs
3465,Government College of Engineering Srirangam Sethurappatti Tiruchirappalli District 620012,TIRUCHIRAPPALLI,171.5,164.5,162.5,160,145.5,149,128,TNEA2025-00874,ELECTRICAL AND ELECTRONICS ENGINEERING,ee
3465,Government College of Engineering Srirangam Sethurappatti Tiruchirappalli District 620012,TIRUCHIRAPPALLI,178,174,174.5,172,156.5,156.5,139.5,TNEA2025-00875,ELECTRONICS AND COMMUNICATION ENGINEERING,ec
3465,Government College of Engineering Srirangam Sethurappatti Tiruchirappalli District 620012,TIRUCHIRAPPALLI,159.5,146.5,159.5,144,138.5,116,139.5,TNEA2025-00876,MECHANICAL ENGINEERING,me
4974,Government College of Engineering Tirunelveli District 627007,TIRUNELVELI,175,165,172.5,161.5,164,108.5,154.5,TNEA2025-00877,CIVIL ENGINEERING,ce
4974,Government College of Engineering Tirunelveli District 627007,TIRUNELVELI,192,188,191.5,186,183,153.5,154.5,TNEA2025-00878,COMPUTER SCIENCE AND ENGINEERING,cs
4974,Government College of Engineering Tirunelveli District 627007,TIRUNELVELI,182.5,179.5,180.5,177.5,163,134.5,154.5,TNEA2025-00879,ELECTRICAL AND ELECTRONICS ENGINEERING,ee
4974,Government College of Engineering Tirunelveli District 627007,TIRUNELVELI,187.5,183.5,185.5,180.5,170.5,145,161,TNEA2025-00880,ELECTRONICS AND COMMUNICATION ENGINEERING,ec
4974,Government College of Engineering Tirunelveli District 627007,TIRUNELVELI,170.5,163.5,166.5,157,142.5,127.5,119.5,TNEA2025-00881,MECHANICAL ENGINEERING,me
2603,Government College of Engineering (Autonomous) Bargur Krishnagiri District 635104,KRISHNAGIRI,187,181.5,182.5,184,167,147,157,TNEA2025-00882,COMPUTER SCIENCE AND ENGINEERING,cs
2603,Government College of Engineering (Autonomous) Bargur Krishnagiri District 635104,KRISHNAGIRI,176.5,171,159.5,169,158.5,149.5,157,TNEA2025-00883,ELECTRICAL AND ELECTRONICS ENGINEERING,ee
2603,Government College of Engineering (Autonomous) Bargur Krishnagiri District 635104,KRISHNAGIRI,182,178,175,179,162,161.5,154,TNEA2025-00884,ELECTRONICS AND COMMUNICATION ENGINEERING,ec
2603,Government College of Engineering (Autonomous) Bargur Krishnagiri District 635104,KRISHNAGIRI,165.5,153,159.5,157.5,142,129,154,TNEA2025-00885,MECHANICAL ENGINEERING,me
2615,Government College of Engineering (Autonomous) Karuppur Salem District 636011,SALEM,174,165.5,168.5,168,156.5,146,155,TNEA2025-00886,CIVIL ENGINEERING,ce
2615,Government College of Engineering (Autonomous) Karuppur Salem District 636011,SALEM,193,191,191,191.5,181,188,169,TNEA2025-00887,COMPUTER SCIENCE AND ENGINEERING,cs
2615,Government College of Engineering (Autonomous) Karuppur Salem District 636011,SALEM,188.5,186,183.5,186,173,164,169,TNEA2025-00888,ELECTRICAL AND ELECTRONICS ENGINEERING,ee
2615,Government College of Engineering (Autonomous) Karuppur Salem District 636011,SALEM,191.5,190,189.5,190.5,177.5,163,169,TNEA2025-00889,ELECTRONICS AND COMMUNICATION ENGINEERING,ec
2615,Government College of Engineering (Autonomous) Karuppur Salem District 636011,SALEM,179,170,171,167.5,157.5,151.5,144.5,TNEA2025-00890,MECHANICAL ENGINEERING,me
2615,Government College of Engineering (Autonomous) Karuppur Salem District 636011,SALEM,177.5,170.5,176.5,164,151,162,144.5,TNEA2025-00891,METALLURGICAL ENGINEERING,mt
2709,Government College of Engineering (Formerly Institute of Road and Transport Technology) Vasavi College Post Erode District 638316,ERODE,159,150,146.5,149,128.5,120,137.5,TNEA2025-00892,AUTOMOBILE ENGINEERING,au
2709,Government College of Engineering (Formerly Institute of Road and Transport Technology) Vasavi College Post Erode District 638316,ERODE,167,158.5,158,158.5,151,156,137.5,TNEA2025-00893,CIVIL ENGINEERING,ce
2709,Government College of Engineering (Formerly Institute of Road and Transport Technology) Vasavi College Post Erode District 638316,ERODE,188.5,185,158,184,173.5,156,154,TNEA2025-00894,COMPUTER SCIENCE AND ENGINEERING,cs
2709,Government College of Engineering (Formerly Institute of Road and Transport Technology) Vasavi College Post Erode District 638316,ERODE,179.5,172.5,177,171.5,153,148,154,TNEA2025-00895,ELECTRICAL AND ELECTRONICS ENGINEERING,ee
2709,Government College of Engineering (Formerly Institute of Road and Transport Technology) Vasavi College Post Erode District 638316,ERODE,184,181,180.5,180,171,170.5,154,TNEA2025-00896,ELECTRONICS AND COMMUNICATION ENGINEERING,ec
2709,Government College of Engineering (Formerly Institute of Road and Transport Technology) Vasavi College Post Erode District 638316,ERODE,187.5,181,179,182,176,157.5,154,TNEA2025-00897,INFORMATION TECHNOLOGY,it
2709,Government College of Engineering (Formerly Institute of Road and Transport Technology) Vasavi College Post Erode District 638316,ERODE,165.5,162.5,163,158,143.5,129,147,TNEA2025-00898,MECHANICAL ENGINEERING,me
2005,Government College of Technology (Autonomous) Thadagam Road Coimbatore District 641013,COIMBATORE,182.5,175,170.5,174.5,173,153,157,TNEA2025-00899,CIVIL ENGINEERING,ce
2005,Government College of Technology (Autonomous) Thadagam Road Coimbatore District 641013,COIMBATORE,196,194.5,194,195,188.54,186.5,157,TNEA2025-00900,COMPUTER SCIENCE AND ENGINEERING,cs
2005,Government College of Technology (Autonomous) Thadagam Road Coimbatore District 641013,COIMBATORE,192.5,191,191.5,191,180.57,176.5,157,TNEA2025-00901,ELECTRICAL AND ELECTRONICS ENGINEERING,ee
2005,Government College of Technology (Autonomous) Thadagam Road Coimbatore District 641013,COIMBATORE,195.5,194,194,193.5,187,194.5,189.5,TNEA2025-00902,ELECTRONICS AND COMMUNICATION ENGINEERING,ec
2005,Government College of Technology (Autonomous) Thadagam Road Coimbatore District 641013,COIMBATORE,190.5,188,183.5,189,173.5,157.5,160,TNEA2025-00903,ELECTRONICS AND INSTRUMENTATION ENGINEERING,ei
2005,Government College of Technology (Autonomous) Thadagam Road Coimbatore District 641013,COIMBATORE,179.5,173.5,168,169,157,152,175.5,TNEA2025-00904,INDUSTRIAL BIO TECHNOLOGY,ib
2005,Government College of Technology (Autonomous) Thadagam Road Coimbatore District 641013,COIMBATORE,195,193.5,193,193,186.5,182,190.5,TNEA2025-00905,INFORMATION TECHNOLOGY,it
2005,Government College of Technology (Autonomous) Thadagam Road Coimbatore District 641013,COIMBATORE,186,182,179,179,168.5,158,190.5,TNEA2025-00906,MECHANICAL ENGINEERING,me
2005,Government College of Technology (Autonomous) Thadagam Road Coimbatore District 641013,COIMBATORE,178.5,172,172.5,168.5,157.5,155.5,176,TNEA2025-00907,PRODUCTION ENGINEERING,pr
4931,"Grace College of Engineering, Chandy Nagar, Mullakkadu, Thoothukudi -628005.",THOOTHUKUDI,141.5,96.5,96,87.5,114.5,Not Available,112.5,TNEA2025-00908,Artificial Intelligence and Data Science,ad
4931,"Grace College of Engineering, Chandy Nagar, Mullakkadu, Thoothukudi -628005.",THOOTHUKUDI,93,96.5,96,87.5,114.5,Not Available,112.5,TNEA2025-00909,CIVIL ENGINEERING,ce
4931,"Grace College of Engineering, Chandy Nagar, Mullakkadu, Thoothukudi -628005.",THOOTHUKUDI,145.5,103,138,98.5,125,Not Available,112.5,TNEA2025-00910,COMPUTER SCIENCE AND ENGINEERING,cs
4931,"Grace College of Engineering, Chandy Nagar, Mullakkadu, Thoothukudi -628005.",THOOTHUKUDI,96,103,138,98.5,125,Not Available,112.5,TNEA2025-00911,ELECTRICAL AND ELECTRONICS ENGINEERING,ee
4931,"Grace College of Engineering, Chandy Nagar, Mullakkadu, Thoothukudi -628005.",THOOTHUKUDI,126,101.5,138,89,100.5,Not Available,112.5,TNEA2025-00912,ELECTRONICS AND COMMUNICATION ENGINEERING,ec
4931,"Grace College of Engineering, Chandy Nagar, Mullakkadu, Thoothukudi -628005.",THOOTHUKUDI,96.5,101.5,138,89,100.5,Not Available,112.5,TNEA2025-00913,MECHANICAL ENGINEERING,me
2708,"Hindusthan College of Engineering and Technology(Autonomous), Othakkalmandapam Village, Coimbatore South Taluk, Coimbatore District-641032.",COIMBATORE,167.5,156,149,142.5,121,154.5,118,TNEA2025-00914,AERONAUTICAL ENGINEERING,ae
2708,"Hindusthan College of Engineering and Technology(Autonomous), Othakkalmandapam Village, Coimbatore South Taluk, Coimbatore District-641032.",COIMBATORE,137,102,112,89,108.5,130,118,TNEA2025-00915,AGRICULTURAL ENGINEERING,ag
2708,"Hindusthan College of Engineering and Technology(Autonomous), Othakkalmandapam Village, Coimbatore South Taluk, Coimbatore District-641032.",COIMBATORE,130,91.5,83.5,100.5,102,124,118,TNEA2025-00916,AUTOMOBILE ENGINEERING,au
2708,"Hindusthan College of Engineering and Technology(Autonomous), Othakkalmandapam Village, Coimbatore South Taluk, Coimbatore District-641032.",COIMBATORE,183,165.5,153.5,165,140,125,123,TNEA2025-00917,Artificial Intelligence and Machine Learning,al
2708,"Hindusthan College of Engineering and Technology(Autonomous), Othakkalmandapam Village, Coimbatore South Taluk, Coimbatore District-641032.",COIMBATORE,154.5,138.5,143,114.5,105.5,105.5,123,TNEA2025-00918,BIO MEDICAL ENGINEERING,bm
2708,"Hindusthan College of Engineering and Technology(Autonomous), Othakkalmandapam Village, Coimbatore South Taluk, Coimbatore District-641032.",COIMBATORE,155,136,142,121.5,117.5,105.5,123,TNEA2025-00919,CHEMICAL ENGINEERING,ch
2708,"Hindusthan College of Engineering and Technology(Autonomous), Othakkalmandapam Village, Coimbatore South Taluk, Coimbatore District-641032.",COIMBATORE,146.5,107.5,119.5,111,110.5,105.5,123,TNEA2025-00920,CIVIL ENGINEERING,ce
2708,"Hindusthan College of Engineering and Technology(Autonomous), Othakkalmandapam Village, Coimbatore South Taluk, Coimbatore District-641032.",COIMBATORE,173.5,165,158.5,161.5,134,126.5,132,TNEA2025-00921,COMPUTER SCIENCE AND ENGINEERING,cs
2708,"Hindusthan College of Engineering and Technology(Autonomous), Othakkalmandapam Village, Coimbatore South Taluk, Coimbatore District-641032.",COIMBATORE,168.5,162.75,151.5,158,132.5,146.5,132,TNEA2025-00922,Computer Science and Engineering (Cyber Security),sc
2708,"Hindusthan College of Engineering and Technology(Autonomous), Othakkalmandapam Village, Coimbatore South Taluk, Coimbatore District-641032.",COIMBATORE,157,149,151.5,145.5,111,146.5,132,TNEA2025-00923,ELECTRICAL AND ELECTRONICS ENGINEERING,ee
2708,"Hindusthan College of Engineering and Technology(Autonomous), Othakkalmandapam Village, Coimbatore South Taluk, Coimbatore District-641032.",COIMBATORE,166.5,158,155.5,158.5,131.5,130.5,117.5,TNEA2025-00924,ELECTRONICS AND COMMUNICATION ENGINEERING,ec
2708,"Hindusthan College of Engineering and Technology(Autonomous), Othakkalmandapam Village, Coimbatore South Taluk, Coimbatore District-641032.",COIMBATORE,152,149.5,155.5,141.5,93.5,130.5,117.5,TNEA2025-00925,ELECTRONICS AND INSTRUMENTATION ENGINEERING,ei
2708,"Hindusthan College of Engineering and Technology(Autonomous), Othakkalmandapam Village, Coimbatore South Taluk, Coimbatore District-641032.",COIMBATORE,134.5,81,155.5,90.5,125.5,130.5,117.5,TNEA2025-00926,FOOD TECHNOLOGY,fd
2708,"Hindusthan College of Engineering and Technology(Autonomous), Othakkalmandapam Village, Coimbatore South Taluk, Coimbatore District-641032.",COIMBATORE,180,164,157.5,159.5,125.5,104.5,117.5,TNEA2025-00927,INFORMATION TECHNOLOGY,it
2708,"Hindusthan College of Engineering and Technology(Autonomous), Othakkalmandapam Village, Coimbatore South Taluk, Coimbatore District-641032.",COIMBATORE,142,124.5,117.5,105.5,107.5,108,117.5,TNEA2025-00928,MECHANICAL ENGINEERING,me
2708,"Hindusthan College of Engineering and Technology(Autonomous), Othakkalmandapam Village, Coimbatore South Taluk, Coimbatore District-641032.",COIMBATORE,145.5,134,133,115,83.5,100,117.5,TNEA2025-00929,Mechatronics Engineering,mz
2740,"Hindusthan Institute of Technology (Autonomous), Othakkalmandapam Post, Coimbatore-641032.",COIMBATORE,151,138.5,144,137.5,139,108,126.5,TNEA2025-00930,AERONAUTICAL ENGINEERING,ae
2740,"Hindusthan Institute of Technology (Autonomous), Othakkalmandapam Post, Coimbatore-641032.",COIMBATORE,179,165.5,161.5,159.38,130,108,126.5,TNEA2025-00931,Artificial Intelligence and Data Science,ad
2740,"Hindusthan Institute of Technology (Autonomous), Othakkalmandapam Post, Coimbatore-641032.",COIMBATORE,177.5,161.5,176,157.5,120.5,123.5,126.5,TNEA2025-00932,COMPUTER SCIENCE AND ENGINEERING,cs
2740,"Hindusthan Institute of Technology (Autonomous), Othakkalmandapam Post, Coimbatore-641032.",COIMBATORE,163,153.5,156,148.5,89.5,89,135,TNEA2025-00933,ELECTRONICS AND COMMUNICATION ENGINEERING,ec
2740,"Hindusthan Institute of Technology (Autonomous), Othakkalmandapam Post, Coimbatore-641032.",COIMBATORE,175.5,158.5,151.5,157,122.5,116,135,TNEA2025-00934,INFORMATION TECHNOLOGY,it
2740,"Hindusthan Institute of Technology (Autonomous), Othakkalmandapam Post, Coimbatore-641032.",COIMBATORE,133.5,118,123,111,84,116,105.5,TNEA2025-00935,MECHANICAL ENGINEERING,me
4934,"Holy Cross Engineering College, 7/131, Vagaikulam Srivaikuntam Express Road, Sri Mulakarai, Thannoothu Village, Srivaikuntam Taluk, Thoothukudi-628851.",THOOTHUKUDI,145,85.5,134,101,83,119,Not Available,TNEA2025-00936,Artificial Intelligence and Data Science,ad
4934,"Holy Cross Engineering College, 7/131, Vagaikulam Srivaikuntam Express Road, Sri Mulakarai, Thannoothu Village, Srivaikuntam Taluk, Thoothukudi-628851.",THOOTHUKUDI,131,81.5,96,93,117,119,Not Available,TNEA2025-00937,BIO MEDICAL ENGINEERING,bm
4934,"Holy Cross Engineering College, 7/131, Vagaikulam Srivaikuntam Express Road, Sri Mulakarai, Thannoothu Village, Srivaikuntam Taluk, Thoothukudi-628851.",THOOTHUKUDI,128,82.5,84.5,107.5,104.5,119,Not Available,TNEA2025-00938,COMPUTER SCIENCE AND ENGINEERING,cs
4934,"Holy Cross Engineering College, 7/131, Vagaikulam Srivaikuntam Express Road, Sri Mulakarai, Thannoothu Village, Srivaikuntam Taluk, Thoothukudi-628851.",THOOTHUKUDI,84.5,82.5,84.5,107.5,104.5,119,Not Available,TNEA2025-00939,ELECTRICAL AND ELECTRONICS ENGINEERING,ee
4934,"Holy Cross Engineering College, 7/131, Vagaikulam Srivaikuntam Express Road, Sri Mulakarai, Thannoothu Village, Srivaikuntam Taluk, Thoothukudi-628851.",THOOTHUKUDI,122,93,103.5,83,104.5,94,Not Available,TNEA2025-00940,ELECTRONICS AND COMMUNICATION ENGINEERING,ec
4934,"Holy Cross Engineering College, 7/131, Vagaikulam Srivaikuntam Express Road, Sri Mulakarai, Thannoothu Village, Srivaikuntam Taluk, Thoothukudi-628851.",THOOTHUKUDI,105.5,88,103.5,83,96,94,Not Available,TNEA2025-00941,INFORMATION TECHNOLOGY,it
4934,"Holy Cross Engineering College, 7/131, Vagaikulam Srivaikuntam Express Road, Sri Mulakarai, Thannoothu Village, Srivaikuntam Taluk, Thoothukudi-628851.",THOOTHUKUDI,86.5,82,103.5,83,96,94,Not Available,TNEA2025-00942,MECHANICAL ENGINEERING,me
1408,"IFET College of Engineering (Autonomous), IFET Nagar, Gangarampalayam, Valavanur Post, Villupuram District-605108.",VILUPPURAM,158.5,131,128.5,144,112.5,Not Available,122.5,TNEA2025-00943,Artificial Intelligence and Data Science,ad
1408,"IFET College of Engineering (Autonomous), IFET Nagar, Gangarampalayam, Valavanur Post, Villupuram District-605108.",VILUPPURAM,152,125.5,136,138,104.5,Not Available,122.5,TNEA2025-00944,Artificial Intelligence and Machine Learning,al
1408,"IFET College of Engineering (Autonomous), IFET Nagar, Gangarampalayam, Valavanur Post, Villupuram District-605108.",VILUPPURAM,167,139,144.5,144.5,107,Not Available,122.5,TNEA2025-00945,COMPUTER SCIENCE AND ENGINEERING,cs
1408,"IFET College of Engineering (Autonomous), IFET Nagar, Gangarampalayam, Valavanur Post, Villupuram District-605108.",VILUPPURAM,146,121.5,134.5,137,90,Not Available,122.5,TNEA2025-00946,Computer Science and Engineering (Cyber Security),sc
1408,"IFET College of Engineering (Autonomous), IFET Nagar, Gangarampalayam, Valavanur Post, Villupuram District-605108.",VILUPPURAM,133,103,134.5,124.5,96.5,Not Available,122.5,TNEA2025-00947,ELECTRICAL AND ELECTRONICS ENGINEERING,ee
1408,"IFET College of Engineering (Autonomous), IFET Nagar, Gangarampalayam, Valavanur Post, Villupuram District-605108.",VILUPPURAM,147,113,99,139,107,Not Available,108,TNEA2025-00948,ELECTRONICS AND COMMUNICATION ENGINEERING,ec
1408,"IFET College of Engineering (Autonomous), IFET Nagar, Gangarampalayam, Valavanur Post, Villupuram District-605108.",VILUPPURAM,154.5,130.5,139,142.5,104,Not Available,108,TNEA2025-00949,INFORMATION TECHNOLOGY,it
1408,"IFET College of Engineering (Autonomous), IFET Nagar, Gangarampalayam, Valavanur Post, Villupuram District-605108.",VILUPPURAM,118,87,87,101,101.5,Not Available,108,TNEA2025-00950,MECHANICAL ENGINEERING,me
1605,"Idhaya Engineering College for Women, Nainarpalayam Road, Chinna Salem, Villupuram District.-606201.",KALLAKURICHI,123.5,88,113.5,90.5,96,119,Not Available,TNEA2025-00951,COMPUTER SCIENCE AND ENGINEERING,cs
1605,"Idhaya Engineering College for Women, Nainarpalayam Road, Chinna Salem, Villupuram District.-606201.",KALLAKURICHI,135,88,113.5,90.5,96,119,Not Available,TNEA2025-00952,ELECTRICAL AND ELECTRONICS ENGINEERING,ee
1605,"Idhaya Engineering College for Women, Nainarpalayam Road, Chinna Salem, Villupuram District.-606201.",KALLAKURICHI,86.5,88,113.5,90.5,85.5,119,Not Available,TNEA2025-00953,ELECTRONICS AND COMMUNICATION ENGINEERING,ec
1605,"Idhaya Engineering College for Women, Nainarpalayam Road, Chinna Salem, Villupuram District.-606201.",KALLAKURICHI,130.5,95,121.5,103,111,119,Not Available,TNEA2025-00954,INFORMATION TECHNOLOGY,it
3845,"Imayam College of Engineering, Kannanur Post, Thuraiyur Taluk, Tiruchirappalli-621206.",TIRUCHIRAPPALLI,114,91.5,109,106.5,91.5,103,Not Available,TNEA2025-00955,Artificial Intelligence and Data Science,ad
3845,"Imayam College of Engineering, Kannanur Post, Thuraiyur Taluk, Tiruchirappalli-621206.",TIRUCHIRAPPALLI,117.5,95.5,109,104.5,91.5,97.5,Not Available,TNEA2025-00956,COMPUTER SCIENCE AND ENGINEERING,cs
3845,"Imayam College of Engineering, Kannanur Post, Thuraiyur Taluk, Tiruchirappalli-621206.",TIRUCHIRAPPALLI,92.5,95.5,87.5,86,91.5,97.5,Not Available,TNEA2025-00957,COMPUTER SCIENCE AND ENGINEERING (AI AND MACHINE LEARNING),am
3845,"Imayam College of Engineering, Kannanur Post, Thuraiyur Taluk, Tiruchirappalli-621206.",TIRUCHIRAPPALLI,101,82,87.5,86,91.5,97.5,Not Available,TNEA2025-00958,Computer Science and Engineering (Cyber Security),sc
3845,"Imayam College of Engineering, Kannanur Post, Thuraiyur Taluk, Tiruchirappalli-621206.",TIRUCHIRAPPALLI,84,82,87.5,86,91.5,97.5,Not Available,TNEA2025-00959,ELECTRICAL AND ELECTRONICS ENGINEERING,ee
3845,"Imayam College of Engineering, Kannanur Post, Thuraiyur Taluk, Tiruchirappalli-621206.",TIRUCHIRAPPALLI,83,82,87.5,86,91.5,97.5,Not Available,TNEA2025-00960,ELECTRONICS AND COMMUNICATION ENGINEERING,ec
3845,"Imayam College of Engineering, Kannanur Post, Thuraiyur Taluk, Tiruchirappalli-621206.",TIRUCHIRAPPALLI,80,82,87.5,86,91.5,97.5,Not Available,TNEA2025-00961,MECHANICAL ENGINEERING,me
4932,"Immanuel Arasar JJ College of Engineering, Edavilagam, Nattalam, Marthandam, Kanyakumari-629195.",KANNIYAKUMARI,181.5,Not Available,Not Available,Not Available,Not Available,Not Available,Not Available,TNEA2025-00962,AERONAUTICAL ENGINEERING,ae
4932,"Immanuel Arasar JJ College of Engineering, Edavilagam, Nattalam, Marthandam, Kanyakumari-629195.",KANNIYAKUMARI,181.5,Not Available,Not Available,Not Available,Not Available,Not Available,Not Available,TNEA2025-00963,AGRICULTURAL ENGINEERING,ag
4932,"Immanuel Arasar JJ College of Engineering, Edavilagam, Nattalam, Marthandam, Kanyakumari-629195.",KANNIYAKUMARI,181.5,Not Available,Not Available,Not Available,Not Available,Not Available,Not Available,TNEA2025-00964,Artificial Intelligence and Data Science,ad
4932,"Immanuel Arasar JJ College of Engineering, Edavilagam, Nattalam, Marthandam, Kanyakumari-629195.",KANNIYAKUMARI,181.5,Not Available,Not Available,Not Available,Not Available,Not Available,Not Available,TNEA2025-00965,BIO MEDICAL ENGINEERING,bm
4932,"Immanuel Arasar JJ College of Engineering, Edavilagam, Nattalam, Marthandam, Kanyakumari-629195.",KANNIYAKUMARI,181.5,Not Available,Not Available,Not Available,Not Available,Not Available,Not Available,TNEA2025-00966,CIVIL ENGINEERING,ce
4932,"Immanuel Arasar JJ College of Engineering, Edavilagam, Nattalam, Marthandam, Kanyakumari-629195.",KANNIYAKUMARI,93,Not Available,Not Available,Not Available,Not Available,Not Available,Not Available,TNEA2025-00967,COMPUTER SCIENCE AND ENGINEERING,cs
4932,"Immanuel Arasar JJ College of Engineering, Edavilagam, Nattalam, Marthandam, Kanyakumari-629195.",KANNIYAKUMARI,93,Not Available,Not Available,Not Available,Not Available,Not Available,Not Available,TNEA2025-00968,ELECTRICAL AND ELECTRONICS ENGINEERING,ee
4932,"Immanuel Arasar JJ College of Engineering, Edavilagam, Nattalam, Marthandam, Kanyakumari-629195.",KANNIYAKUMARI,93,Not Available,Not Available,Not Available,Not Available,Not Available,Not Available,TNEA2025-00969,ELECTRONICS AND COMMUNICATION ENGINEERING,ec
4932,"Immanuel Arasar JJ College of Engineering, Edavilagam, Nattalam, Marthandam, Kanyakumari-629195.",KANNIYAKUMARI,109.5,Not Available,Not Available,Not Available,Not Available,Not Available,Not Available,TNEA2025-00970,INFORMATION TECHNOLOGY,it
4932,"Immanuel Arasar JJ College of Engineering, Edavilagam, Nattalam, Marthandam, Kanyakumari-629195.",KANNIYAKUMARI,109.5,Not Available,Not Available,Not Available,Not Available,Not Available,Not Available,TNEA2025-00971,MECHANICAL ENGINEERING,me
4932,"Immanuel Arasar JJ College of Engineering, Edavilagam, Nattalam, Marthandam, Kanyakumari-629195.",KANNIYAKUMARI,109.5,Not Available,Not Available,Not Available,Not Available,Not Available,Not Available,TNEA2025-00972,ROBOTICS AND AUTOMATION,rm
2343,Indian Institute of Handloom Technology Foulke's Compound Thillai Nagar Salem District 636001,SALEM,163.5,157,158,152.5,139,135,116.5,TNEA2025-00973,HANDLOOM AND TEXTILE TECHNOLOGY,ht
1229,"Indira Institute of Engineering and Technology, No.1, V.G.R Nagar, V.G.R Gardens, Pandur, Thiruvallur -631203.",TIRUVALLUR,97,Not Available,Not Available,93,80.5,Not Available,Not Available,TNEA2025-00974,Artificial Intelligence and Data Science,ad
1229,"Indira Institute of Engineering and Technology, No.1, V.G.R Nagar, V.G.R Gardens, Pandur, Thiruvallur -631203.",TIRUVALLUR,97,Not Available,Not Available,93,80.5,Not Available,Not Available,TNEA2025-00975,CIVIL ENGINEERING,ce
1229,"Indira Institute of Engineering and Technology, No.1, V.G.R Nagar, V.G.R Gardens, Pandur, Thiruvallur -631203.",TIRUVALLUR,102,Not Available,Not Available,93,80.5,Not Available,Not Available,TNEA2025-00976,COMPUTER SCIENCE AND ENGINEERING,cs
1229,"Indira Institute of Engineering and Technology, No.1, V.G.R Nagar, V.G.R Gardens, Pandur, Thiruvallur -631203.",TIRUVALLUR,83,Not Available,Not Available,93,80.5,Not Available,Not Available,TNEA2025-00977,ELECTRICAL AND ELECTRONICS ENGINEERING,ee
1229,"Indira Institute of Engineering and Technology, No.1, V.G.R Nagar, V.G.R Gardens, Pandur, Thiruvallur -631203.",TIRUVALLUR,105,Not Available,Not Available,93,80.5,Not Available,Not Available,TNEA2025-00978,ELECTRONICS AND COMMUNICATION ENGINEERING,ec
1229,"Indira Institute of Engineering and Technology, No.1, V.G.R Nagar, V.G.R Gardens, Pandur, Thiruvallur -631203.",TIRUVALLUR,105,Not Available,Not Available,93,80.5,Not Available,Not Available,TNEA2025-00979,MECHANICAL ENGINEERING,me
3831,"Indra Ganesan College of Engineering, Madurai Main Road, Manikandam, Tiruchirappalli-620012.",TIRUCHIRAPPALLI,96.5,103.5,114,97,101,Not Available,Not Available,TNEA2025-00980,AGRICULTURAL ENGINEERING,ag
3831,"Indra Ganesan College of Engineering, Madurai Main Road, Manikandam, Tiruchirappalli-620012.",TIRUCHIRAPPALLI,129.5,103.5,114,97,101,Not Available,Not Available,TNEA2025-00981,Artificial Intelligence and Data Science,ad
3831,"Indra Ganesan College of Engineering, Madurai Main Road, Manikandam, Tiruchirappalli-620012.",TIRUCHIRAPPALLI,97,103.5,114,97,101,Not Available,Not Available,TNEA2025-00982,BIO MEDICAL ENGINEERING,bm
3831,"Indra Ganesan College of Engineering, Madurai Main Road, Manikandam, Tiruchirappalli-620012.",TIRUCHIRAPPALLI,109,89,103.5,83.5,81,Not Available,Not Available,TNEA2025-00983,COMPUTER SCIENCE AND ENGINEERING,cs
3831,"Indra Ganesan College of Engineering, Madurai Main Road, Manikandam, Tiruchirappalli-620012.",TIRUCHIRAPPALLI,109,89,103.5,83.5,81,Not Available,Not Available,TNEA2025-00984,ELECTRICAL AND ELECTRONICS ENGINEERING,ee
3831,"Indra Ganesan College of Engineering, Madurai Main Road, Manikandam, Tiruchirappalli-620012.",TIRUCHIRAPPALLI,89,89,103.5,83.5,81,Not Available,Not Available,TNEA2025-00985,ELECTRONICS AND COMMUNICATION ENGINEERING,ec
3831,"Indra Ganesan College of Engineering, Madurai Main Road, Manikandam, Tiruchirappalli-620012.",TIRUCHIRAPPALLI,81.5,89,103.5,83.5,81,Not Available,Not Available,TNEA2025-00986,INFORMATION TECHNOLOGY,it
3831,"Indra Ganesan College of Engineering, Madurai Main Road, Manikandam, Tiruchirappalli-620012.",TIRUCHIRAPPALLI,100,89,103.5,83.5,81,Not Available,Not Available,TNEA2025-00987,MECHANICAL ENGINEERING,me
4976,"Infant Jesus College of Engineering, Kamarajar Nagar, Tirunelveli-Thoothukudi Highway (NH-7A), Keelavallanadu Village, Ellanayakkan Patti Post, Srivaikundam Taluk, Thoothukudi District-628851.",THOOTHUKUDI,94,95,Not Available,85,89.5,Not Available,Not Available,TNEA2025-00988,AERONAUTICAL ENGINEERING,ae
4976,"Infant Jesus College of Engineering, Kamarajar Nagar, Tirunelveli-Thoothukudi Highway (NH-7A), Keelavallanadu Village, Ellanayakkan Patti Post, Srivaikundam Taluk, Thoothukudi District-628851.",THOOTHUKUDI,85,95,Not Available,85,89.5,Not Available,Not Available,TNEA2025-00989,AGRICULTURAL ENGINEERING,ag
4976,"Infant Jesus College of Engineering, Kamarajar Nagar, Tirunelveli-Thoothukudi Highway (NH-7A), Keelavallanadu Village, Ellanayakkan Patti Post, Srivaikundam Taluk, Thoothukudi District-628851.",THOOTHUKUDI,102.5,95,Not Available,85,89.5,Not Available,Not Available,TNEA2025-00990,COMPUTER SCIENCE AND ENGINEERING,cs
4976,"Infant Jesus College of Engineering, Kamarajar Nagar, Tirunelveli-Thoothukudi Highway (NH-7A), Keelavallanadu Village, Ellanayakkan Patti Post, Srivaikundam Taluk, Thoothukudi District-628851.",THOOTHUKUDI,113,95,Not Available,85,89.5,Not Available,Not Available,TNEA2025-00991,ELECTRONICS AND COMMUNICATION ENGINEERING,ec
4976,"Infant Jesus College of Engineering, Kamarajar Nagar, Tirunelveli-Thoothukudi Highway (NH-7A), Keelavallanadu Village, Ellanayakkan Patti Post, Srivaikundam Taluk, Thoothukudi District-628851.",THOOTHUKUDI,102.5,95,Not Available,85,89.5,Not Available,Not Available,TNEA2025-00992,MECHANICAL ENGINEERING,me
2732,"Info Institute of Engineering, S F No.194-200, N.H.209, Sathy Road, Sarakarsamakulam, Kovilpalayam, Coimbatore-641107.",COIMBATORE,132,100,111.5,105.5,98,107.5,Not Available,TNEA2025-00993,Artificial Intelligence and Data Science,ad
2732,"Info Institute of Engineering, S F No.194-200, N.H.209, Sathy Road, Sarakarsamakulam, Kovilpalayam, Coimbatore-641107.",COIMBATORE,111,91,89,81.5,98,106.5,Not Available,TNEA2025-00994,COMPUTER SCIENCE AND ENGINEERING,cs
2732,"Info Institute of Engineering, S F No.194-200, N.H.209, Sathy Road, Sarakarsamakulam, Kovilpalayam, Coimbatore-641107.",COIMBATORE,100,95.5,89,81.5,90.5,106.5,Not Available,TNEA2025-00995,ELECTRICAL AND ELECTRONICS ENGINEERING,ee
2732,"Info Institute of Engineering, S F No.194-200, N.H.209, Sathy Road, Sarakarsamakulam, Kovilpalayam, Coimbatore-641107.",COIMBATORE,107.5,83.5,89,105,90.5,101,Not Available,TNEA2025-00996,ELECTRONICS AND COMMUNICATION ENGINEERING,ec
2732,"Info Institute of Engineering, S F No.194-200, N.H.209, Sathy Road, Sarakarsamakulam, Kovilpalayam, Coimbatore-641107.",COIMBATORE,114.5,85.5,89,93,104,94,Not Available,TNEA2025-00997,INFORMATION TECHNOLOGY,it
2732,"Info Institute of Engineering, S F No.194-200, N.H.209, Sathy Road, Sarakarsamakulam, Kovilpalayam, Coimbatore-641107.",COIMBATORE,100,85.5,89,93,104,94,Not Available,TNEA2025-00998,MECHANICAL ENGINEERING,me
3807,"J.J. College of Engineering and Technology, Ammapettai, Poolankulathupatti Post, Tiruchirappalli-620009.",TIRUCHIRAPPALLI,110.5,127,121.5,101.5,100.5,107.5,Not Available,TNEA2025-00999,AERONAUTICAL ENGINEERING,ae
3807,"J.J. College of Engineering and Technology, Ammapettai, Poolankulathupatti Post, Tiruchirappalli-620009.",TIRUCHIRAPPALLI,142.5,127,121.5,96.5,100.5,107.5,Not Available,TNEA2025-01000,Artificial Intelligence and Data Science,ad
3807,"J.J. College of Engineering and Technology, Ammapettai, Poolankulathupatti Post, Tiruchirappalli-620009.",TIRUCHIRAPPALLI,106.5,94.5,121.5,83,91.5,107.5,Not Available,TNEA2025-01001,CIVIL ENGINEERING,ce
3807,"J.J. College of Engineering and Technology, Ammapettai, Poolankulathupatti Post, Tiruchirappalli-620009.",TIRUCHIRAPPALLI,148,134.5,138.5,106,103.5,107.5,Not Available,TNEA2025-01002,COMPUTER SCIENCE AND ENGINEERING,cs
3807,"J.J. College of Engineering and Technology, Ammapettai, Poolankulathupatti Post, Tiruchirappalli-620009.",TIRUCHIRAPPALLI,140,123,136,115,103.5,107.5,Not Available,TNEA2025-01003,Computer Science and Engineering (Cyber Security),sc
3807,"J.J. College of Engineering and Technology, Ammapettai, Poolankulathupatti Post, Tiruchirappalli-620009.",TIRUCHIRAPPALLI,129.5,92,124,92,112,107.5,Not Available,TNEA2025-01004,ELECTRICAL AND ELECTRONICS ENGINEERING,ee
3807,"J.J. College of Engineering and Technology, Ammapettai, Poolankulathupatti Post, Tiruchirappalli-620009.",TIRUCHIRAPPALLI,154.5,127.5,139,123.5,112.5,110.5,Not Available,TNEA2025-01005,ELECTRONICS AND COMMUNICATION ENGINEERING,ec
3807,"J.J. College of Engineering and Technology, Ammapettai, Poolankulathupatti Post, Tiruchirappalli-620009.",TIRUCHIRAPPALLI,144.5,126.5,123,88.5,91,110.5,Not Available,TNEA2025-01006,INFORMATION TECHNOLOGY,it
3807,"J.J. College of Engineering and Technology, Ammapettai, Poolankulathupatti Post, Tiruchirappalli-620009.",TIRUCHIRAPPALLI,116.5,90.5,89.5,89,98,110.5,Not Available,TNEA2025-01007,MECHANICAL ENGINEERING,me
2647,"J.K.K.Nataraja College of Engineering and Technology, Sf No. 147/1, 2, 4 Komarapalayam Amani, Thattankuttai Panchayat, Tiruchengode, Namakkal-638183.",NAMAKKAL,122,115,Not Available,100.5,102.5,121.5,Not Available,TNEA2025-01008,COMPUTER SCIENCE AND ENGINEERING,cs
2647,"J.K.K.Nataraja College of Engineering and Technology, Sf No. 147/1, 2, 4 Komarapalayam Amani, Thattankuttai Panchayat, Tiruchengode, Namakkal-638183.",NAMAKKAL,87.5,115,Not Available,100.5,102.5,121.5,Not Available,TNEA2025-01009,ELECTRICAL AND ELECTRONICS ENGINEERING,ee
2647,"J.K.K.Nataraja College of Engineering and Technology, Sf No. 147/1, 2, 4 Komarapalayam Amani, Thattankuttai Panchayat, Tiruchengode, Namakkal-638183.",NAMAKKAL,101,86.5,Not Available,84.5,102.5,85,Not Available,TNEA2025-01010,ELECTRONICS AND COMMUNICATION ENGINEERING,ec
2647,"J.K.K.Nataraja College of Engineering and Technology, Sf No. 147/1, 2, 4 Komarapalayam Amani, Thattankuttai Panchayat, Tiruchengode, Namakkal-638183.",NAMAKKAL,113,83,Not Available,103.5,102.5,84,Not Available,TNEA2025-01011,INFORMATION TECHNOLOGY,it
2647,"J.K.K.Nataraja College of Engineering and Technology, Sf No. 147/1, 2, 4 Komarapalayam Amani, Thattankuttai Panchayat, Tiruchengode, Namakkal-638183.",NAMAKKAL,80,83,Not Available,103.5,102.5,84,Not Available,TNEA2025-01012,MECHANICAL ENGINEERING,me
4994,"J.P. College of Engineering, College Road, Ayikudy, Tenkasi Taluk, Tirunelveli District-627852.",TENKASI,130.5,91,92,105.5,87.5,89,Not Available,TNEA2025-01013,Artificial Intelligence and Data Science,ad
4994,"J.P. College of Engineering, College Road, Ayikudy, Tenkasi Taluk, Tirunelveli District-627852.",TENKASI,124,116,92,94.5,87.5,89,Not Available,TNEA2025-01014,CIVIL ENGINEERING,ce
4994,"J.P. College of Engineering, College Road, Ayikudy, Tenkasi Taluk, Tirunelveli District-627852.",TENKASI,128.5,88.5,116.5,88.5,91,118.5,Not Available,TNEA2025-01015,COMPUTER SCIENCE AND ENGINEERING,cs
4994,"J.P. College of Engineering, College Road, Ayikudy, Tenkasi Taluk, Tirunelveli District-627852.",TENKASI,95,86.5,94.5,88.5,91,118.5,Not Available,TNEA2025-01016,ELECTRICAL AND ELECTRONICS ENGINEERING,ee
4994,"J.P. College of Engineering, College Road, Ayikudy, Tenkasi Taluk, Tirunelveli District-627852.",TENKASI,133,91.5,122.5,100,95.5,118.5,Not Available,TNEA2025-01017,ELECTRONICS AND COMMUNICATION ENGINEERING,ec
4994,"J.P. College of Engineering, College Road, Ayikudy, Tenkasi Taluk, Tirunelveli District-627852.",TENKASI,128,95.5,112,82.5,107,118.5,Not Available,TNEA2025-01018,INFORMATION TECHNOLOGY,it
4994,"J.P. College of Engineering, College Road, Ayikudy, Tenkasi Taluk, Tirunelveli District-627852.",TENKASI,105,91.5,112,82.5,107,118.5,Not Available,TNEA2025-01019,MECHANICAL ENGINEERING,me
2769,"JCT College of Engineering and Technology (Autonomous), Pichanur, Coimbatore South Taluk, Coimbatore-641105.",COIMBATORE,142,114.5,122.5,121.5,90.5,100.5,127.5,TNEA2025-01020,Artificial Intelligence and Data Science,ad
2769,"JCT College of Engineering and Technology (Autonomous), Pichanur, Coimbatore South Taluk, Coimbatore-641105.",COIMBATORE,131,99.5,101.5,103,98.5,100.5,127.5,TNEA2025-01021,Bio Technology and Bio Chemical Engineering,bc
2769,"JCT College of Engineering and Technology (Autonomous), Pichanur, Coimbatore South Taluk, Coimbatore-641105.",COIMBATORE,112.5,92.5,101.5,90.5,91,100.5,127.5,TNEA2025-01022,CIVIL ENGINEERING,ce
2769,"JCT College of Engineering and Technology (Autonomous), Pichanur, Coimbatore South Taluk, Coimbatore-641105.",COIMBATORE,128.5,106,128.5,103,106,105.5,127.5,TNEA2025-01023,COMPUTER SCIENCE AND BUSSINESS SYSTEM,cb
2769,"JCT College of Engineering and Technology (Autonomous), Pichanur, Coimbatore South Taluk, Coimbatore-641105.",COIMBATORE,138,113.5,122,110.5,87.5,106.5,127.5,TNEA2025-01024,COMPUTER SCIENCE AND ENGINEERING,cs
2769,"JCT College of Engineering and Technology (Autonomous), Pichanur, Coimbatore South Taluk, Coimbatore-641105.",COIMBATORE,127,114,99,102,116.5,106.5,127.5,TNEA2025-01025,ELECTRICAL AND ELECTRONICS ENGINEERING,ee
2769,"JCT College of Engineering and Technology (Autonomous), Pichanur, Coimbatore South Taluk, Coimbatore-641105.",COIMBATORE,140,118,132.5,121,96,106.5,127.5,TNEA2025-01026,ELECTRONICS AND COMMUNICATION ENGINEERING,ec
2769,"JCT College of Engineering and Technology (Autonomous), Pichanur, Coimbatore South Taluk, Coimbatore-641105.",COIMBATORE,140.5,101,133,95.5,82,101,127.5,TNEA2025-01027,FOOD TECHNOLOGY,fd
2769,"JCT College of Engineering and Technology (Autonomous), Pichanur, Coimbatore South Taluk, Coimbatore-641105.",COIMBATORE,123.5,100.5,123,100.5,97,101,127.5,TNEA2025-01028,MECHANICAL ENGINEERING,me
2769,"JCT College of Engineering and Technology (Autonomous), Pichanur, Coimbatore South Taluk, Coimbatore-641105.",COIMBATORE,136.5,121.5,122.5,117,127.5,124.5,127.5,TNEA2025-01029,PETRO CHEMICAL TECHNOLOGY,pc
2769,"JCT College of Engineering and Technology (Autonomous), Pichanur, Coimbatore South Taluk, Coimbatore-641105.",COIMBATORE,154.5,117,122.5,110.5,136,124.5,127.5,TNEA2025-01030,PETROLEUM ENGINEERING,pe
2758,"JKK Munirajah College of Technology (Autonomous), 377/1A, Punjai Thurayampalayam, Thookkanickenpalayam (Post), Thookkanickenpalayam, Gobi (Tk), Erode-638506.",ERODE,98.5,Not Available,Not Available,Not Available,Not Available,Not Available,Not Available,TNEA2025-01031,AUTOMOBILE ENGINEERING,au
2758,"JKK Munirajah College of Technology (Autonomous), 377/1A, Punjai Thurayampalayam, Thookkanickenpalayam (Post), Thookkanickenpalayam, Gobi (Tk), Erode-638506.",ERODE,95,Not Available,Not Available,Not Available,Not Available,Not Available,Not Available,TNEA2025-01032,Artificial Intelligence and Data Science,ad
2758,"JKK Munirajah College of Technology (Autonomous), 377/1A, Punjai Thurayampalayam, Thookkanickenpalayam (Post), Thookkanickenpalayam, Gobi (Tk), Erode-638506.",ERODE,126.5,Not Available,Not Available,Not Available,Not Available,Not Available,Not Available,TNEA2025-01033,CIVIL ENGINEERING,ce
2758,"JKK Munirajah College of Technology (Autonomous), 377/1A, Punjai Thurayampalayam, Thookkanickenpalayam (Post), Thookkanickenpalayam, Gobi (Tk), Erode-638506.",ERODE,82.5,Not Available,Not Available,Not Available,Not Available,Not Available,Not Available,TNEA2025-01034,COMPUTER SCIENCE AND ENGINEERING,cs
2758,"JKK Munirajah College of Technology (Autonomous), 377/1A, Punjai Thurayampalayam, Thookkanickenpalayam (Post), Thookkanickenpalayam, Gobi (Tk), Erode-638506.",ERODE,86,Not Available,Not Available,Not Available,Not Available,Not Available,Not Available,TNEA2025-01035,Computer Science and Engineering (Cyber Security),sc
2758,"JKK Munirajah College of Technology (Autonomous), 377/1A, Punjai Thurayampalayam, Thookkanickenpalayam (Post), Thookkanickenpalayam, Gobi (Tk), Erode-638506.",ERODE,94,Not Available,Not Available,Not Available,Not Available,Not Available,Not Available,TNEA2025-01036,ELECTRICAL AND ELECTRONICS ENGINEERING,ee
2758,"JKK Munirajah College of Technology (Autonomous), 377/1A, Punjai Thurayampalayam, Thookkanickenpalayam (Post), Thookkanickenpalayam, Gobi (Tk), Erode-638506.",ERODE,86,Not Available,Not Available,Not Available,Not Available,Not Available,Not Available,TNEA2025-01037,ELECTRONICS AND COMMUNICATION ENGINEERING,ec
2758,"JKK Munirajah College of Technology (Autonomous), 377/1A, Punjai Thurayampalayam, Thookkanickenpalayam (Post), Thookkanickenpalayam, Gobi (Tk), Erode-638506.",ERODE,96,Not Available,Not Available,Not Available,Not Available,Not Available,Not Available,TNEA2025-01038,INFORMATION TECHNOLOGY,it
2758,"JKK Munirajah College of Technology (Autonomous), 377/1A, Punjai Thurayampalayam, Thookkanickenpalayam (Post), Thookkanickenpalayam, Gobi (Tk), Erode-638506.",ERODE,89,Not Available,Not Available,Not Available,Not Available,Not Available,Not Available,TNEA2025-01039,MECHANICAL ENGINEERING,me
1126,"JNN Institute of Engineering (Autonomous), Ushaa Garden, 90, Kannigaipair Village, Uthukottai Taluk, Thiruvallur-601102.",TIRUVALLUR,122.5,102,155.5,142.5,88,122,Not Available,TNEA2025-01040,AGRICULTURAL ENGINEERING,ag
1126,"JNN Institute of Engineering (Autonomous), Ushaa Garden, 90, Kannigaipair Village, Uthukottai Taluk, Thiruvallur-601102.",TIRUVALLUR,159.5,137.5,155.5,142.5,105.5,122,Not Available,TNEA2025-01041,Artificial Intelligence and Data Science,ad
1126,"JNN Institute of Engineering (Autonomous), Ushaa Garden, 90, Kannigaipair Village, Uthukottai Taluk, Thiruvallur-601102.",TIRUVALLUR,165.5,129,155.5,80.5,141,122,Not Available,TNEA2025-01042,BIO MEDICAL ENGINEERING,bm
1126,"JNN Institute of Engineering (Autonomous), Ushaa Garden, 90, Kannigaipair Village, Uthukottai Taluk, Thiruvallur-601102.",TIRUVALLUR,155.5,134.5,135,132.5,101.5,122,Not Available,TNEA2025-01043,COMPUTER SCIENCE AND ENGINEERING,cs
1126,"JNN Institute of Engineering (Autonomous), Ushaa Garden, 90, Kannigaipair Village, Uthukottai Taluk, Thiruvallur-601102.",TIRUVALLUR,152.5,132,151,136.5,89.5,110.5,Not Available,TNEA2025-01044,Computer Science and Engineering (Cyber Security),sc
1126,"JNN Institute of Engineering (Autonomous), Ushaa Garden, 90, Kannigaipair Village, Uthukottai Taluk, Thiruvallur-601102.",TIRUVALLUR,167,142.5,142,129.5,83,110.5,Not Available,TNEA2025-01045,ELECTRONICS AND COMMUNICATION ENGINEERING,ec
1126,"JNN Institute of Engineering (Autonomous), Ushaa Garden, 90, Kannigaipair Village, Uthukottai Taluk, Thiruvallur-601102.",TIRUVALLUR,144,113,109,107.5,125,110.5,Not Available,TNEA2025-01046,Electronics Engineering (VLSI Design and Technology),ev
1126,"JNN Institute of Engineering (Autonomous), Ushaa Garden, 90, Kannigaipair Village, Uthukottai Taluk, Thiruvallur-601102.",TIRUVALLUR,163,128.5,160,132,101,110.5,Not Available,TNEA2025-01047,ROBOTICS AND AUTOMATION,rm
2651,"Jai Shriram Engineering College, Dharapuram Road, Tirupur-638660.",TIRUPPUR,146,133.5,97,94.5,129,123.5,Not Available,TNEA2025-01048,Artificial Intelligence and Data Science,ad
2651,"Jai Shriram Engineering College, Dharapuram Road, Tirupur-638660.",TIRUPPUR,112,86.5,97,106.5,129,123.5,Not Available,TNEA2025-01049,CIVIL ENGINEERING,ce
2651,"Jai Shriram Engineering College, Dharapuram Road, Tirupur-638660.",TIRUPPUR,135,109,97,114.5,97,123,Not Available,TNEA2025-01050,COMPUTER SCIENCE AND ENGINEERING,cs
2651,"Jai Shriram Engineering College, Dharapuram Road, Tirupur-638660.",TIRUPPUR,106.5,86,97,97,90.5,123,Not Available,TNEA2025-01051,ELECTRICAL AND ELECTRONICS ENGINEERING,ee
2651,"Jai Shriram Engineering College, Dharapuram Road, Tirupur-638660.",TIRUPPUR,132,116.5,97,91,90.5,101,Not Available,TNEA2025-01052,ELECTRONICS AND COMMUNICATION ENGINEERING,ec
2651,"Jai Shriram Engineering College, Dharapuram Road, Tirupur-638660.",TIRUPPUR,113.5,84,104.5,88.5,89,93,Not Available,TNEA2025-01053,FASHION TECHNOLOGY,ft
2651,"Jai Shriram Engineering College, Dharapuram Road, Tirupur-638660.",TIRUPPUR,127.5,114,104.5,100,83,119.5,Not Available,TNEA2025-01054,INFORMATION TECHNOLOGY,it
2651,"Jai Shriram Engineering College, Dharapuram Road, Tirupur-638660.",TIRUPPUR,109,93,104.5,83,83.5,101.5,Not Available,TNEA2025-01055,MECHANICAL ENGINEERING,me
5537,"Jainee College of Engineering and Technology, Dindigul-Theni Main Road, (NHB Extn.), Aathupattiprivu, Veerakkal B.P.O.N. Panjampatti Post, Dindigul-624303.",DINDIGUL,86.5,Not Available,Not Available,Not Available,Not Available,Not Available,Not Available,TNEA2025-01056,Artificial Intelligence and Data Science,ad
5537,"Jainee College of Engineering and Technology, Dindigul-Theni Main Road, (NHB Extn.), Aathupattiprivu, Veerakkal B.P.O.N. Panjampatti Post, Dindigul-624303.",DINDIGUL,86.5,Not Available,Not Available,Not Available,Not Available,Not Available,Not Available,TNEA2025-01057,BIO MEDICAL ENGINEERING,bm
5537,"Jainee College of Engineering and Technology, Dindigul-Theni Main Road, (NHB Extn.), Aathupattiprivu, Veerakkal B.P.O.N. Panjampatti Post, Dindigul-624303.",DINDIGUL,86.5,Not Available,Not Available,Not Available,Not Available,Not Available,Not Available,TNEA2025-01058,CIVIL ENGINEERING,ce
5537,"Jainee College of Engineering and Technology, Dindigul-Theni Main Road, (NHB Extn.), Aathupattiprivu, Veerakkal B.P.O.N. Panjampatti Post, Dindigul-624303.",DINDIGUL,86.5,Not Available,Not Available,Not Available,Not Available,Not Available,Not Available,TNEA2025-01059,COMPUTER SCIENCE AND ENGINEERING,cs
5537,"Jainee College of Engineering and Technology, Dindigul-Theni Main Road, (NHB Extn.), Aathupattiprivu, Veerakkal B.P.O.N. Panjampatti Post, Dindigul-624303.",DINDIGUL,86.5,Not Available,Not Available,Not Available,Not Available,Not Available,Not Available,TNEA2025-01060,ELECTRICAL AND ELECTRONICS ENGINEERING,ee
5537,"Jainee College of Engineering and Technology, Dindigul-Theni Main Road, (NHB Extn.), Aathupattiprivu, Veerakkal B.P.O.N. Panjampatti Post, Dindigul-624303.",DINDIGUL,86.5,Not Available,Not Available,Not Available,Not Available,Not Available,Not Available,TNEA2025-01061,ELECTRONICS AND COMMUNICATION ENGINEERING,ec
5537,"Jainee College of Engineering and Technology, Dindigul-Theni Main Road, (NHB Extn.), Aathupattiprivu, Veerakkal B.P.O.N. Panjampatti Post, Dindigul-624303.",DINDIGUL,86.5,Not Available,Not Available,Not Available,Not Available,Not Available,Not Available,TNEA2025-01062,MECHANICAL ENGINEERING,me
2350,"Jairupaa College of Engineering, Thottiapalayam, Kathankanni-Po, Kangayam-Tk, Tiruppur-641604.",TIRUPPUR,195.5,Not Available,Not Available,Not Available,Not Available,Not Available,Not Available,TNEA2025-01063,CIVIL ENGINEERING,ce
2350,"Jairupaa College of Engineering, Thottiapalayam, Kathankanni-Po, Kangayam-Tk, Tiruppur-641604.",TIRUPPUR,81,Not Available,Not Available,Not Available,Not Available,Not Available,Not Available,TNEA2025-01064,COMPUTER SCIENCE AND ENGINEERING,cs
2350,"Jairupaa College of Engineering, Thottiapalayam, Kathankanni-Po, Kangayam-Tk, Tiruppur-641604.",TIRUPPUR,81,Not Available,Not Available,Not Available,Not Available,Not Available,Not Available,TNEA2025-01065,ELECTRICAL AND ELECTRONICS ENGINEERING,ee
2350,"Jairupaa College of Engineering, Thottiapalayam, Kathankanni-Po, Kangayam-Tk, Tiruppur-641604.",TIRUPPUR,81,Not Available,Not Available,Not Available,Not Available,Not Available,Not Available,TNEA2025-01066,ELECTRONICS AND COMMUNICATION ENGINEERING,ec
2350,"Jairupaa College of Engineering, Thottiapalayam, Kathankanni-Po, Kangayam-Tk, Tiruppur-641604.",TIRUPPUR,81,Not Available,Not Available,Not Available,Not Available,Not Available,Not Available,TNEA2025-01067,MECHANICAL ENGINEERING,me
2762,"Jansons Institute of Technology (Autonomous), SF.NO.443/1, 2, 442/1A & 442/1B Karumathampatty, Coimbatore-641659.",COIMBATORE,142,133.5,106.5,129.5,97.5,90.5,Not Available,TNEA2025-01068,Artificial Intelligence and Data Science,ad
2762,"Jansons Institute of Technology (Autonomous), SF.NO.443/1, 2, 442/1A & 442/1B Karumathampatty, Coimbatore-641659.",COIMBATORE,89.5,133.5,106.5,129.5,97.5,90.5,Not Available,TNEA2025-01069,CIVIL ENGINEERING,ce
2762,"Jansons Institute of Technology (Autonomous), SF.NO.443/1, 2, 442/1A & 442/1B Karumathampatty, Coimbatore-641659.",COIMBATORE,127,103,110.5,110,97.5,90.5,Not Available,TNEA2025-01070,COMPUTER SCIENCE AND BUSSINESS SYSTEM,cb
2762,"Jansons Institute of Technology (Autonomous), SF.NO.443/1, 2, 442/1A & 442/1B Karumathampatty, Coimbatore-641659.",COIMBATORE,147.5,137,95,130.5,97.5,90.5,Not Available,TNEA2025-01071,COMPUTER SCIENCE AND ENGINEERING,cs
2762,"Jansons Institute of Technology (Autonomous), SF.NO.443/1, 2, 442/1A & 442/1B Karumathampatty, Coimbatore-641659.",COIMBATORE,134.5,110.5,99,106,113,90.5,Not Available,TNEA2025-01072,ELECTRONICS AND COMMUNICATION ENGINEERING,ec
2762,"Jansons Institute of Technology (Autonomous), SF.NO.443/1, 2, 442/1A & 442/1B Karumathampatty, Coimbatore-641659.",COIMBATORE,98.5,89.5,88.5,89.5,84.5,90.5,Not Available,TNEA2025-01073,MECHANICAL ENGINEERING,me
1221,"Jaya College of Engineering and Technology, Poonamallee By Pass Road, Parivakkam, Chennai, Thiruvallur-600056.",Chennai,119,98,Not Available,102,Not Available,Not Available,Not Available,TNEA2025-01074,COMPUTER SCIENCE AND ENGINEERING,cs
1221,"Jaya College of Engineering and Technology, Poonamallee By Pass Road, Parivakkam, Chennai, Thiruvallur-600056.",Chennai,137.5,98,Not Available,102,Not Available,Not Available,Not Available,TNEA2025-01075,ELECTRONICS AND COMMUNICATION ENGINEERING,ec
1221,"Jaya College of Engineering and Technology, Poonamallee By Pass Road, Parivakkam, Chennai, Thiruvallur-600056.",Chennai,137.5,98,Not Available,102,Not Available,Not Available,Not Available,TNEA2025-01076,MECHANICAL ENGINEERING,me
1221,"Jaya College of Engineering and Technology, Poonamallee By Pass Road, Parivakkam, Chennai, Thiruvallur-600056.",Chennai,132.5,98,Not Available,102,Not Available,Not Available,Not Available,TNEA2025-01077,MEDICAL ELECTRONICS,md
1106,"Jaya Engineering College, Prakash Nagar, Thiruninravur, Thiruvallur District, Chennai-602024.",TIRUVALLUR,123.5,87.5,112,101,93,94.5,Not Available,TNEA2025-01078,AERONAUTICAL ENGINEERING,ae
1106,"Jaya Engineering College, Prakash Nagar, Thiruninravur, Thiruvallur District, Chennai-602024.",TIRUVALLUR,123.5,87.5,112,101,93,94.5,Not Available,TNEA2025-01079,CIVIL ENGINEERING,ce
1106,"Jaya Engineering College, Prakash Nagar, Thiruninravur, Thiruvallur District, Chennai-602024.",TIRUVALLUR,107,87.5,112,101,93,94.5,Not Available,TNEA2025-01080,COMPUTER AND COMMUNICATION ENGINEERING,co
1106,"Jaya Engineering College, Prakash Nagar, Thiruninravur, Thiruvallur District, Chennai-602024.",TIRUVALLUR,108.5,87.5,112,101,95.5,94.5,Not Available,TNEA2025-01081,COMPUTER SCIENCE AND BUSSINESS SYSTEM,cb
1106,"Jaya Engineering College, Prakash Nagar, Thiruninravur, Thiruvallur District, Chennai-602024.",TIRUVALLUR,130,104.5,112,114,87,94.5,Not Available,TNEA2025-01082,COMPUTER SCIENCE AND ENGINEERING,cs
1106,"Jaya Engineering College, Prakash Nagar, Thiruninravur, Thiruvallur District, Chennai-602024.",TIRUVALLUR,138.5,105,112,103.5,106,94.5,Not Available,TNEA2025-01083,COMPUTER SCIENCE AND ENGINEERING (AI AND MACHINE LEARNING),am
1106,"Jaya Engineering College, Prakash Nagar, Thiruninravur, Thiruvallur District, Chennai-602024.",TIRUVALLUR,80,105,112,103.5,106,94.5,Not Available,TNEA2025-01084,ELECTRICAL AND ELECTRONICS ENGINEERING,ee
1106,"Jaya Engineering College, Prakash Nagar, Thiruninravur, Thiruvallur District, Chennai-602024.",TIRUVALLUR,133.5,103,112,96.5,93.5,94.5,Not Available,TNEA2025-01085,ELECTRONICS AND COMMUNICATION ENGINEERING,ec
1106,"Jaya Engineering College, Prakash Nagar, Thiruninravur, Thiruvallur District, Chennai-602024.",TIRUVALLUR,101.5,103,112,96.5,87.5,94.5,Not Available,TNEA2025-01086,ELECTRONICS AND INSTRUMENTATION ENGINEERING,ei
1106,"Jaya Engineering College, Prakash Nagar, Thiruninravur, Thiruvallur District, Chennai-602024.",TIRUVALLUR,121.5,90,116,83.5,107,101,Not Available,TNEA2025-01087,INFORMATION TECHNOLOGY,it
1106,"Jaya Engineering College, Prakash Nagar, Thiruninravur, Thiruvallur District, Chennai-602024.",TIRUVALLUR,85.5,90,116,83.5,107,101,Not Available,TNEA2025-01088,MECHANICAL ENGINEERING,me
1106,"Jaya Engineering College, Prakash Nagar, Thiruninravur, Thiruvallur District, Chennai-602024.",TIRUVALLUR,91,90,116,83.5,107,101,Not Available,TNEA2025-01089,ROBOTICS AND AUTOMATION,rm
1106,"Jaya Engineering College, Prakash Nagar, Thiruninravur, Thiruvallur District, Chennai-602024.",TIRUVALLUR,120.5,90,116,83.5,107,101,Not Available,TNEA2025-01090,TEXTILE TECHNOLOGY,tx
1107,"Jaya Institute of Technology, Kanchipadi, Thiruvallur-Thiruthani NH Road, Thiruvallur Taluk & District-631204.",TIRUVALLUR,85.5,Not Available,Not Available,Not Available,83,Not Available,Not Available,TNEA2025-01091,COMPUTER SCIENCE AND ENGINEERING,cs
1107,"Jaya Institute of Technology, Kanchipadi, Thiruvallur-Thiruthani NH Road, Thiruvallur Taluk & District-631204.",TIRUVALLUR,85.5,Not Available,Not Available,Not Available,83,Not Available,Not Available,TNEA2025-01092,ELECTRICAL AND ELECTRONICS ENGINEERING,ee
1107,"Jaya Institute of Technology, Kanchipadi, Thiruvallur-Thiruthani NH Road, Thiruvallur Taluk & District-631204.",TIRUVALLUR,103.5,Not Available,Not Available,Not Available,83,Not Available,Not Available,TNEA2025-01093,ELECTRONICS AND COMMUNICATION ENGINEERING,ec
1107,"Jaya Institute of Technology, Kanchipadi, Thiruvallur-Thiruthani NH Road, Thiruvallur Taluk & District-631204.",TIRUVALLUR,143,Not Available,Not Available,Not Available,83,Not Available,Not Available,TNEA2025-01094,FOOD TECHNOLOGY,fd
1107,"Jaya Institute of Technology, Kanchipadi, Thiruvallur-Thiruthani NH Road, Thiruvallur Taluk & District-631204.",TIRUVALLUR,143,Not Available,Not Available,Not Available,83,Not Available,Not Available,TNEA2025-01095,MECHANICAL ENGINEERING,me
1416,"Jaya Sakthi Engineering College, St.Mary's Nagar, Thiruninravur, (Near Avadi), Thiruvallur, Chennai-602024.",TIRUVALLUR,113.5,86,99.5,83.5,99,Not Available,Not Available,TNEA2025-01096,Artificial Intelligence and Data Science,ad
1416,"Jaya Sakthi Engineering College, St.Mary's Nagar, Thiruninravur, (Near Avadi), Thiruvallur, Chennai-602024.",TIRUVALLUR,84,86,99.5,83.5,99,Not Available,Not Available,TNEA2025-01097,BIO MEDICAL ENGINEERING,bm
1416,"Jaya Sakthi Engineering College, St.Mary's Nagar, Thiruninravur, (Near Avadi), Thiruvallur, Chennai-602024.",TIRUVALLUR,122.5,86,99.5,83.5,99,Not Available,Not Available,TNEA2025-01098,BIO TECHNOLOGY,bt
1416,"Jaya Sakthi Engineering College, St.Mary's Nagar, Thiruninravur, (Near Avadi), Thiruvallur, Chennai-602024.",TIRUVALLUR,105,87.5,99.5,83,89,Not Available,Not Available,TNEA2025-01099,COMPUTER SCIENCE AND ENGINEERING,cs
1416,"Jaya Sakthi Engineering College, St.Mary's Nagar, Thiruninravur, (Near Avadi), Thiruvallur, Chennai-602024.",TIRUVALLUR,81,87.5,99.5,83,89,Not Available,Not Available,TNEA2025-01100,Computer Science and Engineering (Cyber Security),sc
1416,"Jaya Sakthi Engineering College, St.Mary's Nagar, Thiruninravur, (Near Avadi), Thiruvallur, Chennai-602024.",TIRUVALLUR,87.5,87.5,99.5,83,89,Not Available,Not Available,TNEA2025-01101,MECHANICAL ENGINEERING,me
1416,"Jaya Sakthi Engineering College, St.Mary's Nagar, Thiruninravur, (Near Avadi), Thiruvallur, Chennai-602024.",TIRUVALLUR,97.5,87.5,99.5,83,89,Not Available,Not Available,TNEA2025-01102,PHARMACEUTICAL TECHNOLOGY,ph
2640,"Jayalakshmi Institute of Technology, Thoppur, Dharmapuri District-636352.",DHARMAPURI,102.5,99,109,91.5,104.5,93.5,93,TNEA2025-01103,AGRICULTURAL ENGINEERING,ag
2640,"Jayalakshmi Institute of Technology, Thoppur, Dharmapuri District-636352.",DHARMAPURI,120,99,109,91.5,104.5,93.5,93,TNEA2025-01104,Artificial Intelligence and Data Science,ad
2640,"Jayalakshmi Institute of Technology, Thoppur, Dharmapuri District-636352.",DHARMAPURI,89,99,109,91.5,104.5,93.5,93,TNEA2025-01105,CIVIL ENGINEERING,ce
2640,"Jayalakshmi Institute of Technology, Thoppur, Dharmapuri District-636352.",DHARMAPURI,108,91,109,85.5,84.5,93.5,93,TNEA2025-01106,COMPUTER SCIENCE AND ENGINEERING,cs
2640,"Jayalakshmi Institute of Technology, Thoppur, Dharmapuri District-636352.",DHARMAPURI,80.5,91,109,85.5,84.5,93.5,93,TNEA2025-01107,ELECTRICAL AND ELECTRONICS ENGINEERING,ee
2640,"Jayalakshmi Institute of Technology, Thoppur, Dharmapuri District-636352.",DHARMAPURI,115.5,115,109,84.5,92.5,93.5,93,TNEA2025-01108,ELECTRONICS AND COMMUNICATION ENGINEERING,ec
2640,"Jayalakshmi Institute of Technology, Thoppur, Dharmapuri District-636352.",DHARMAPURI,129,117.5,109,86,121.5,93.5,93,TNEA2025-01109,INFORMATION TECHNOLOGY,it
2640,"Jayalakshmi Institute of Technology, Thoppur, Dharmapuri District-636352.",DHARMAPURI,85,117.5,109,86,121.5,93.5,93,TNEA2025-01110,MECHANICAL ENGINEERING,me
4956,"Jayamatha Engineering College, Thirurajapuram Muppandal, Aralvaimozhi, Kanyakumari-629301.",KANNIYAKUMARI,113.5,Not Available,Not Available,Not Available,Not Available,Not Available,Not Available,TNEA2025-01111,CIVIL ENGINEERING,ce
4956,"Jayamatha Engineering College, Thirurajapuram Muppandal, Aralvaimozhi, Kanyakumari-629301.",KANNIYAKUMARI,113.5,Not Available,Not Available,Not Available,Not Available,Not Available,Not Available,TNEA2025-01112,COMPUTER SCIENCE AND ENGINEERING,cs
4956,"Jayamatha Engineering College, Thirurajapuram Muppandal, Aralvaimozhi, Kanyakumari-629301.",KANNIYAKUMARI,113.5,Not Available,Not Available,Not Available,Not Available,Not Available,Not Available,TNEA2025-01113,ELECTRICAL AND ELECTRONICS ENGINEERING,ee
4956,"Jayamatha Engineering College, Thirurajapuram Muppandal, Aralvaimozhi, Kanyakumari-629301.",KANNIYAKUMARI,113.5,Not Available,Not Available,Not Available,Not Available,Not Available,Not Available,TNEA2025-01114,ELECTRONICS AND COMMUNICATION ENGINEERING,ec
4956,"Jayamatha Engineering College, Thirurajapuram Muppandal, Aralvaimozhi, Kanyakumari-629301.",KANNIYAKUMARI,111,Not Available,Not Available,Not Available,Not Available,Not Available,Not Available,TNEA2025-01115,INSTRUMENTATION AND CONTROL ENGINEERING,ic
4956,"Jayamatha Engineering College, Thirurajapuram Muppandal, Aralvaimozhi, Kanyakumari-629301.",KANNIYAKUMARI,111,Not Available,Not Available,Not Available,Not Available,Not Available,Not Available,TNEA2025-01116,MECHANICAL ENGINEERING,me
4957,"Jayaraj Annapackiam CSI College of Engineering, Margoschis Nagar, Nazareth, Thoothukudi District-628617.",THOOTHUKUDI,130,103.5,116,93.5,83.5,127.5,Not Available,TNEA2025-01117,Artificial Intelligence and Data Science,ad
4957,"Jayaraj Annapackiam CSI College of Engineering, Margoschis Nagar, Nazareth, Thoothukudi District-628617.",THOOTHUKUDI,142.5,124,116,93.5,116.5,127.5,Not Available,TNEA2025-01118,COMPUTER SCIENCE AND ENGINEERING,cs
4957,"Jayaraj Annapackiam CSI College of Engineering, Margoschis Nagar, Nazareth, Thoothukudi District-628617.",THOOTHUKUDI,113.5,97.5,116,99.5,116.5,127.5,Not Available,TNEA2025-01119,ELECTRONICS AND COMMUNICATION ENGINEERING,ec
4957,"Jayaraj Annapackiam CSI College of Engineering, Margoschis Nagar, Nazareth, Thoothukudi District-628617.",THOOTHUKUDI,127,104.5,116,107,93,127.5,Not Available,TNEA2025-01120,INFORMATION TECHNOLOGY,it
4957,"Jayaraj Annapackiam CSI College of Engineering, Margoschis Nagar, Nazareth, Thoothukudi District-628617.",THOOTHUKUDI,89.5,104.5,116,107,83,127.5,Not Available,TNEA2025-01121,MECHANICAL ENGINEERING,me
3808,"Jayaram College of Engineering and Technology, Karattampatty, Pagalavadi, Thuraiyur Taluk, Tiruchirappalli-621014.",TIRUCHIRAPPALLI,Not Available,Not Available,Not Available,Not Available,Not Available,Not Available,Not Available,TNEA2025-01122,CIVIL ENGINEERING,ce
3808,"Jayaram College of Engineering and Technology, Karattampatty, Pagalavadi, Thuraiyur Taluk, Tiruchirappalli-621014.",TIRUCHIRAPPALLI,Not Available,Not Available,Not Available,Not Available,Not Available,Not Available,Not Available,TNEA2025-01123,COMPUTER SCIENCE AND ENGINEERING,cs
3808,"Jayaram College of Engineering and Technology, Karattampatty, Pagalavadi, Thuraiyur Taluk, Tiruchirappalli-621014.",TIRUCHIRAPPALLI,Not Available,Not Available,Not Available,Not Available,Not Available,Not Available,Not Available,TNEA2025-01124,ELECTRICAL AND ELECTRONICS ENGINEERING,ee
3808,"Jayaram College of Engineering and Technology, Karattampatty, Pagalavadi, Thuraiyur Taluk, Tiruchirappalli-621014.",TIRUCHIRAPPALLI,Not Available,Not Available,Not Available,Not Available,Not Available,Not Available,Not Available,TNEA2025-01125,ELECTRONICS AND COMMUNICATION ENGINEERING,ec
3808,"Jayaram College of Engineering and Technology, Karattampatty, Pagalavadi, Thuraiyur Taluk, Tiruchirappalli-621014.",TIRUCHIRAPPALLI,Not Available,Not Available,Not Available,Not Available,Not Available,Not Available,Not Available,TNEA2025-01126,INFORMATION TECHNOLOGY,it
3808,"Jayaram College of Engineering and Technology, Karattampatty, Pagalavadi, Thuraiyur Taluk, Tiruchirappalli-621014.",TIRUCHIRAPPALLI,Not Available,Not Available,Not Available,Not Available,Not Available,Not Available,Not Available,TNEA2025-01127,MECHANICAL ENGINEERING,me
1235,"Jei Mathaajee College of Engineering, No.124, Vishakandikuppam Village, Siruvakkam Post, Kanchipuram-631552.",Kanchipuram,96.5,Not Available,Not Available,Not Available,Not Available,Not Available,Not Available,TNEA2025-01128,CIVIL ENGINEERING,ce
1235,"Jei Mathaajee College of Engineering, No.124, Vishakandikuppam Village, Siruvakkam Post, Kanchipuram-631552.",Kanchipuram,96.5,Not Available,Not Available,Not Available,Not Available,Not Available,Not Available,TNEA2025-01129,COMPUTER SCIENCE AND ENGINEERING,cs
1235,"Jei Mathaajee College of Engineering, No.124, Vishakandikuppam Village, Siruvakkam Post, Kanchipuram-631552.",Kanchipuram,85,Not Available,Not Available,Not Available,Not Available,Not Available,Not Available,TNEA2025-01130,ELECTRICAL AND ELECTRONICS ENGINEERING,ee
1235,"Jei Mathaajee College of Engineering, No.124, Vishakandikuppam Village, Siruvakkam Post, Kanchipuram-631552.",Kanchipuram,128.5,Not Available,Not Available,Not Available,Not Available,Not Available,Not Available,TNEA2025-01131,ELECTRONICS AND COMMUNICATION ENGINEERING,ec
1235,"Jei Mathaajee College of Engineering, No.124, Vishakandikuppam Village, Siruvakkam Post, Kanchipuram-631552.",Kanchipuram,94,Not Available,Not Available,Not Available,Not Available,Not Available,Not Available,TNEA2025-01132,INFORMATION TECHNOLOGY,it
1235,"Jei Mathaajee College of Engineering, No.124, Vishakandikuppam Village, Siruvakkam Post, Kanchipuram-631552.",Kanchipuram,82.5,Not Available,Not Available,Not Available,Not Available,Not Available,Not Available,TNEA2025-01133,MECHANICAL ENGINEERING,me
1306,"Jeppiaar Engineering College, Jeppiaar Nagar, Old Mammallapuram Road, Kanchipuram, Chennai-600119.",CHENGALPATTU,168.5,150.5,148.5,96.5,111.5,Not Available,Not Available,TNEA2025-01134,AEROSPACE ENGINEERING,ao
1306,"Jeppiaar Engineering College, Jeppiaar Nagar, Old Mammallapuram Road, Kanchipuram, Chennai-600119.",CHENGALPATTU,166,160,148.5,154,129,Not Available,Not Available,TNEA2025-01135,Artificial Intelligence and Data Science,ad
1306,"Jeppiaar Engineering College, Jeppiaar Nagar, Old Mammallapuram Road, Kanchipuram, Chennai-600119.",CHENGALPATTU,149.5,144.5,148.5,127.5,122,Not Available,Not Available,TNEA2025-01136,BIO TECHNOLOGY,bt
1306,"Jeppiaar Engineering College, Jeppiaar Nagar, Old Mammallapuram Road, Kanchipuram, Chennai-600119.",CHENGALPATTU,167,161,152,159,132,Not Available,Not Available,TNEA2025-01137,COMPUTER SCIENCE AND ENGINEERING,cs
1306,"Jeppiaar Engineering College, Jeppiaar Nagar, Old Mammallapuram Road, Kanchipuram, Chennai-600119.",CHENGALPATTU,161.5,157,152.5,152,122.5,Not Available,Not Available,TNEA2025-01138,COMPUTER SCIENCE AND ENGINEERING (AI AND MACHINE LEARNING),am
1306,"Jeppiaar Engineering College, Jeppiaar Nagar, Old Mammallapuram Road, Kanchipuram, Chennai-600119.",CHENGALPATTU,155,150,138.5,140,108.5,Not Available,Not Available,TNEA2025-01139,ELECTRICAL AND ELECTRONICS ENGINEERING,ee
1306,"Jeppiaar Engineering College, Jeppiaar Nagar, Old Mammallapuram Road, Kanchipuram, Chennai-600119.",CHENGALPATTU,161.5,155.5,144.5,152,113.5,Not Available,Not Available,TNEA2025-01140,ELECTRONICS AND COMMUNICATION ENGINEERING,ec
1306,"Jeppiaar Engineering College, Jeppiaar Nagar, Old Mammallapuram Road, Kanchipuram, Chennai-600119.",CHENGALPATTU,163,157,148,154.5,125,Not Available,Not Available,TNEA2025-01141,INFORMATION TECHNOLOGY,it
1306,"Jeppiaar Engineering College, Jeppiaar Nagar, Old Mammallapuram Road, Kanchipuram, Chennai-600119.",CHENGALPATTU,139,94.5,148,115,108.5,Not Available,Not Available,TNEA2025-01142,MECHANICAL ENGINEERING,me
1140,"Jeppiaar Institute of Technology (Autonomous), Jeppiaar Nagar, Kunnam Village, Sriperumbudur Taluk, Kanchipuram-631604.",KANCHIPURAM,165.5,153.5,139,148.5,114,101.5,Not Available,TNEA2025-01143,Artificial Intelligence and Data Science,ad
1140,"Jeppiaar Institute of Technology (Autonomous), Jeppiaar Nagar, Kunnam Village, Sriperumbudur Taluk, Kanchipuram-631604.",KANCHIPURAM,160,149.5,139,146,117.5,101.5,Not Available,TNEA2025-01144,COMPUTER SCIENCE AND BUSSINESS SYSTEM,cb
1140,"Jeppiaar Institute of Technology (Autonomous), Jeppiaar Nagar, Kunnam Village, Sriperumbudur Taluk, Kanchipuram-631604.",KANCHIPURAM,166,153.5,151,146,115.5,101.5,Not Available,TNEA2025-01145,COMPUTER SCIENCE AND ENGINEERING,cs
1140,"Jeppiaar Institute of Technology (Autonomous), Jeppiaar Nagar, Kunnam Village, Sriperumbudur Taluk, Kanchipuram-631604.",KANCHIPURAM,171.5,155.5,158,156.5,94.5,101.5,Not Available,TNEA2025-01146,ELECTRONICS AND COMMUNICATION ENGINEERING,ec
1140,"Jeppiaar Institute of Technology (Autonomous), Jeppiaar Nagar, Kunnam Village, Sriperumbudur Taluk, Kanchipuram-631604.",KANCHIPURAM,154.5,147,120.5,142.5,98,101.5,Not Available,TNEA2025-01147,INFORMATION TECHNOLOGY,it
1140,"Jeppiaar Institute of Technology (Autonomous), Jeppiaar Nagar, Kunnam Village, Sriperumbudur Taluk, Kanchipuram-631604.",KANCHIPURAM,146.5,130.5,128,109,86.5,101.5,Not Available,TNEA2025-01148,MECHANICAL ENGINEERING,me
1307,"Jerusalem College of Engineering (Autonomous), Velachery-Tambaram Main Road, Narayanapuram, Pallikkaranai, Chennai-600100.",CHENNAI,165,149.5,157.5,151.5,118.5,141,Not Available,TNEA2025-01149,Artificial Intelligence and Data Science,ad
1307,"Jerusalem College of Engineering (Autonomous), Velachery-Tambaram Main Road, Narayanapuram, Pallikkaranai, Chennai-600100.",CHENNAI,136.5,99,157.5,106,106,141,Not Available,TNEA2025-01150,BIO MEDICAL ENGINEERING,bm
1307,"Jerusalem College of Engineering (Autonomous), Velachery-Tambaram Main Road, Narayanapuram, Pallikkaranai, Chennai-600100.",CHENNAI,155,143.5,137.5,141,128,141,Not Available,TNEA2025-01151,COMPUTER SCIENCE AND BUSSINESS SYSTEM,cb
1307,"Jerusalem College of Engineering (Autonomous), Velachery-Tambaram Main Road, Narayanapuram, Pallikkaranai, Chennai-600100.",CHENNAI,159.5,150,154.5,146.5,132,121.5,Not Available,TNEA2025-01152,COMPUTER SCIENCE AND ENGINEERING,cs
1307,"Jerusalem College of Engineering (Autonomous), Velachery-Tambaram Main Road, Narayanapuram, Pallikkaranai, Chennai-600100.",CHENNAI,155,144,154.5,143.5,122.5,121.5,Not Available,TNEA2025-01153,COMPUTER SCIENCE AND ENGINEERING (AI AND MACHINE LEARNING),am
1307,"Jerusalem College of Engineering (Autonomous), Velachery-Tambaram Main Road, Narayanapuram, Pallikkaranai, Chennai-600100.",CHENNAI,152,142,146.5,139,112,121.5,Not Available,TNEA2025-01154,Computer Science and Engineering (Cyber Security),sc
1307,"Jerusalem College of Engineering (Autonomous), Velachery-Tambaram Main Road, Narayanapuram, Pallikkaranai, Chennai-600100.",CHENNAI,152.5,139,146.5,126,114.5,121.5,Not Available,TNEA2025-01155,ELECTRICAL AND ELECTRONICS ENGINEERING,ee
1307,"Jerusalem College of Engineering (Autonomous), Velachery-Tambaram Main Road, Narayanapuram, Pallikkaranai, Chennai-600100.",CHENNAI,156,143,146.5,142,123,121.5,Not Available,TNEA2025-01156,ELECTRONICS AND COMMUNICATION ENGINEERING,ec
1307,"Jerusalem College of Engineering (Autonomous), Velachery-Tambaram Main Road, Narayanapuram, Pallikkaranai, Chennai-600100.",CHENNAI,156,146.5,152.5,144.5,127.5,121.5,Not Available,TNEA2025-01157,INFORMATION TECHNOLOGY,it
3701,"K Ramakrishnan College of Technology (Autonomous), Kariyamanickam Road, Mannachanallur Taluk, Tiruchirappalli-621112.",TIRUCHIRAPPALLI,159.5,150.5,153,141.5,110.5,151.5,Not Available,TNEA2025-01158,Artificial Intelligence and Data Science,ad
3701,"K Ramakrishnan College of Technology (Autonomous), Kariyamanickam Road, Mannachanallur Taluk, Tiruchirappalli-621112.",TIRUCHIRAPPALLI,124,90.5,115.5,106.5,103,151.5,Not Available,TNEA2025-01159,CIVIL ENGINEERING,ce
3701,"K Ramakrishnan College of Technology (Autonomous), Kariyamanickam Road, Mannachanallur Taluk, Tiruchirappalli-621112.",TIRUCHIRAPPALLI,164.5,155.5,150,146,121,151.5,Not Available,TNEA2025-01160,COMPUTER SCIENCE AND ENGINEERING,cs
3701,"K Ramakrishnan College of Technology (Autonomous), Kariyamanickam Road, Mannachanallur Taluk, Tiruchirappalli-621112.",TIRUCHIRAPPALLI,157.5,149,154.5,142.5,106,151.5,Not Available,TNEA2025-01161,COMPUTER SCIENCE AND ENGINEERING (AI AND MACHINE LEARNING),am
3701,"K Ramakrishnan College of Technology (Autonomous), Kariyamanickam Road, Mannachanallur Taluk, Tiruchirappalli-621112.",TIRUCHIRAPPALLI,145.5,142.5,146,126.5,92,151.5,Not Available,TNEA2025-01162,ELECTRICAL AND ELECTRONICS ENGINEERING,ee
3701,"K Ramakrishnan College of Technology (Autonomous), Kariyamanickam Road, Mannachanallur Taluk, Tiruchirappalli-621112.",TIRUCHIRAPPALLI,158.5,150,155,140.5,113,106,Not Available,TNEA2025-01163,ELECTRONICS AND COMMUNICATION ENGINEERING,ec
3701,"K Ramakrishnan College of Technology (Autonomous), Kariyamanickam Road, Mannachanallur Taluk, Tiruchirappalli-621112.",TIRUCHIRAPPALLI,161.5,151,155,142.5,111,106,Not Available,TNEA2025-01164,INFORMATION TECHNOLOGY,it
3701,"K Ramakrishnan College of Technology (Autonomous), Kariyamanickam Road, Mannachanallur Taluk, Tiruchirappalli-621112.",TIRUCHIRAPPALLI,132,114,119.5,89.5,107.5,106,Not Available,TNEA2025-01165,MECHANICAL ENGINEERING,me
2613,"K S R College of Engineering (Autonomous), K S R Kalvi Nagar, Thokkavadi, Tiruchengode, Namakkal Dist-637215.",NAMAKKAL,108,90,115.5,83,85,96.5,101,TNEA2025-01166,AUTOMOBILE ENGINEERING,au
2613,"K S R College of Engineering (Autonomous), K S R Kalvi Nagar, Thokkavadi, Tiruchengode, Namakkal Dist-637215.",NAMAKKAL,136.5,114.5,115.5,97,85,105.5,101,TNEA2025-01167,BIO MEDICAL ENGINEERING,bm
2613,"K S R College of Engineering (Autonomous), K S R Kalvi Nagar, Thokkavadi, Tiruchengode, Namakkal Dist-637215.",NAMAKKAL,127,93.5,115.5,110,89.5,105.5,101,TNEA2025-01168,CIVIL ENGINEERING,ce
2613,"K S R College of Engineering (Autonomous), K S R Kalvi Nagar, Thokkavadi, Tiruchengode, Namakkal Dist-637215.",NAMAKKAL,143.5,141.5,115.5,141,108.5,105.5,101,TNEA2025-01169,COMPUTER SCIENCE AND DESIGN,cd
2613,"K S R College of Engineering (Autonomous), K S R Kalvi Nagar, Thokkavadi, Tiruchengode, Namakkal Dist-637215.",NAMAKKAL,160.5,148,132,142,91,125,101,TNEA2025-01170,COMPUTER SCIENCE AND ENGINEERING,cs
2613,"K S R College of Engineering (Autonomous), K S R Kalvi Nagar, Thokkavadi, Tiruchengode, Namakkal Dist-637215.",NAMAKKAL,160,144.5,141,143,83,115,101,TNEA2025-01171,Computer Science and Engineering (Cyber Security),sc
2613,"K S R College of Engineering (Autonomous), K S R Kalvi Nagar, Thokkavadi, Tiruchengode, Namakkal Dist-637215.",NAMAKKAL,145.5,142,141,139,83,115,101,TNEA2025-01172,Computer Science and Engineering (Internet of Things),ci
2613,"K S R College of Engineering (Autonomous), K S R Kalvi Nagar, Thokkavadi, Tiruchengode, Namakkal Dist-637215.",NAMAKKAL,139.5,125.5,112.5,126,91,109.5,101,TNEA2025-01173,ELECTRICAL AND ELECTRONICS ENGINEERING,ee
2613,"K S R College of Engineering (Autonomous), K S R Kalvi Nagar, Thokkavadi, Tiruchengode, Namakkal Dist-637215.",NAMAKKAL,155.5,146,142.5,142,92.5,137,101,TNEA2025-01174,ELECTRONICS AND COMMUNICATION ENGINEERING,ec
2613,"K S R College of Engineering (Autonomous), K S R Kalvi Nagar, Thokkavadi, Tiruchengode, Namakkal Dist-637215.",NAMAKKAL,152.5,145,119.5,142,81.5,101,101,TNEA2025-01175,INFORMATION TECHNOLOGY,it
2613,"K S R College of Engineering (Autonomous), K S R Kalvi Nagar, Thokkavadi, Tiruchengode, Namakkal Dist-637215.",NAMAKKAL,116.5,91,90.5,90.5,102.5,98,101,TNEA2025-01176,MECHANICAL ENGINEERING,me
2613,"K S R College of Engineering (Autonomous), K S R Kalvi Nagar, Thokkavadi, Tiruchengode, Namakkal Dist-637215.",NAMAKKAL,124.5,85,90.5,104.5,106.5,98,101,TNEA2025-01177,Safety and Fire Engineering,sf
2607,"K S Rangasamy College of Technology (Autonomous), K.S.R Kalvi Nagar, Thokkavadi, Tiruchengode Tk, Namakkal-637215.",NAMAKKAL,169.5,155,143,155,106.5,123,114,TNEA2025-01178,Artificial Intelligence and Data Science,ad
2607,"K S Rangasamy College of Technology (Autonomous), K.S.R Kalvi Nagar, Thokkavadi, Tiruchengode Tk, Namakkal-637215.",NAMAKKAL,156.5,132,143,126,104.5,111.5,114,TNEA2025-01179,BIO TECHNOLOGY,bt
2607,"K S Rangasamy College of Technology (Autonomous), K.S.R Kalvi Nagar, Thokkavadi, Tiruchengode Tk, Namakkal-637215.",NAMAKKAL,154,81.5,143,138,108,150.5,114,TNEA2025-01180,CIVIL ENGINEERING,ce
2607,"K S Rangasamy College of Technology (Autonomous), K.S.R Kalvi Nagar, Thokkavadi, Tiruchengode Tk, Namakkal-637215.",NAMAKKAL,149,143,125.5,143,90,109.5,114,TNEA2025-01181,COMPUTER SCIENCE AND BUSSINESS SYSTEM,cb
2607,"K S Rangasamy College of Technology (Autonomous), K.S.R Kalvi Nagar, Thokkavadi, Tiruchengode Tk, Namakkal-637215.",NAMAKKAL,170.5,159.5,139.5,160.5,121.5,129.5,114,TNEA2025-01182,COMPUTER SCIENCE AND ENGINEERING,cs
2607,"K S Rangasamy College of Technology (Autonomous), K.S.R Kalvi Nagar, Thokkavadi, Tiruchengode Tk, Namakkal-637215.",NAMAKKAL,155.5,148,144,142,110.5,146.5,114,TNEA2025-01183,COMPUTER SCIENCE AND ENGINEERING (AI AND MACHINE LEARNING),am
2607,"K S Rangasamy College of Technology (Autonomous), K.S.R Kalvi Nagar, Thokkavadi, Tiruchengode Tk, Namakkal-637215.",NAMAKKAL,150,142,106,141.5,87,133,114,TNEA2025-01184,ELECTRICAL AND ELECTRONICS ENGINEERING,ee
2607,"K S Rangasamy College of Technology (Autonomous), K.S.R Kalvi Nagar, Thokkavadi, Tiruchengode Tk, Namakkal-637215.",NAMAKKAL,161.5,151,127.5,147,91,107,114,TNEA2025-01185,ELECTRONICS AND COMMUNICATION ENGINEERING,ec
2607,"K S Rangasamy College of Technology (Autonomous), K.S.R Kalvi Nagar, Thokkavadi, Tiruchengode Tk, Namakkal-637215.",NAMAKKAL,145,139,102,140.5,91,107,114,TNEA2025-01186,Electronics Engineering (VLSI Design and Technology),ev
2607,"K S Rangasamy College of Technology (Autonomous), K.S.R Kalvi Nagar, Thokkavadi, Tiruchengode Tk, Namakkal-637215.",NAMAKKAL,131,109.5,128.5,86.5,91,107,114,TNEA2025-01187,FOOD TECHNOLOGY,fd
2607,"K S Rangasamy College of Technology (Autonomous), K.S.R Kalvi Nagar, Thokkavadi, Tiruchengode Tk, Namakkal-637215.",NAMAKKAL,162.5,151.5,119.5,145.5,89.5,143.5,114,TNEA2025-01188,INFORMATION TECHNOLOGY,it
2607,"K S Rangasamy College of Technology (Autonomous), K.S.R Kalvi Nagar, Thokkavadi, Tiruchengode Tk, Namakkal-637215.",NAMAKKAL,133.5,115.5,111.5,125,85.5,100.5,114,TNEA2025-01189,MECHANICAL ENGINEERING,me
2607,"K S Rangasamy College of Technology (Autonomous), K.S.R Kalvi Nagar, Thokkavadi, Tiruchengode Tk, Namakkal-637215.",NAMAKKAL,140.5,124.5,111.5,118.5,110,126.5,85.5,TNEA2025-01190,Mechatronics Engineering,mz
2607,"K S Rangasamy College of Technology (Autonomous), K.S.R Kalvi Nagar, Thokkavadi, Tiruchengode Tk, Namakkal-637215.",NAMAKKAL,115,92,83,104.5,110,113.5,85.5,TNEA2025-01191,TEXTILE TECHNOLOGY,tx
3830,"K. Ramakrishnan College of Engineering (Autonomous), Kariyamanickam Road, Samayapuram, Tiruchirappalli-621112.",TIRUCHIRAPPALLI,167.5,162,159.5,149.5,121,115,116,TNEA2025-01192,Artificial Intelligence and Data Science,ad
3830,"K. Ramakrishnan College of Engineering (Autonomous), Kariyamanickam Road, Samayapuram, Tiruchirappalli-621112.",TIRUCHIRAPPALLI,160,152,157.5,139,90,115,116,TNEA2025-01193,COMPUTER SCIENCE AND BUSSINESS SYSTEM,cb
3830,"K. Ramakrishnan College of Engineering (Autonomous), Kariyamanickam Road, Samayapuram, Tiruchirappalli-621112.",TIRUCHIRAPPALLI,179,169.5,170,160,144.5,121.5,116,TNEA2025-01194,COMPUTER SCIENCE AND ENGINEERING,cs
3830,"K. Ramakrishnan College of Engineering (Autonomous), Kariyamanickam Road, Samayapuram, Tiruchirappalli-621112.",TIRUCHIRAPPALLI,164,156.5,158.5,146,132,121.5,116,TNEA2025-01195,COMPUTER SCIENCE AND ENGINEERING (AI AND MACHINE LEARNING),am
3830,"K. Ramakrishnan College of Engineering (Autonomous), Kariyamanickam Road, Samayapuram, Tiruchirappalli-621112.",TIRUCHIRAPPALLI,151.5,145.5,143.5,129,102,121.5,116,TNEA2025-01196,ELECTRICAL AND ELECTRONICS ENGINEERING,ee
3830,"K. Ramakrishnan College of Engineering (Autonomous), Kariyamanickam Road, Samayapuram, Tiruchirappalli-621112.",TIRUCHIRAPPALLI,166.5,159,158.5,145,130,151.5,116,TNEA2025-01197,ELECTRONICS AND COMMUNICATION ENGINEERING,ec
3830,"K. Ramakrishnan College of Engineering (Autonomous), Kariyamanickam Road, Samayapuram, Tiruchirappalli-621112.",TIRUCHIRAPPALLI,169.5,159.5,151.5,149.5,116.5,151.5,116,TNEA2025-01198,INFORMATION TECHNOLOGY,it
3830,"K. Ramakrishnan College of Engineering (Autonomous), Kariyamanickam Road, Samayapuram, Tiruchirappalli-621112.",TIRUCHIRAPPALLI,136,122,132.5,119,111.5,151.5,116,TNEA2025-01199,MECHANICAL ENGINEERING,me
5904,"K.L.N.College of Engineering (Autonomous), Madurai - Nedunkulam Road, Pottapalayam, Sivagangai District-630611.",SIVAGANGAI f,162,156.5,149,124.5,91,112.5,Not Available,TNEA2025-01200,Artificial Intelligence and Data Science,ad
5904,"K.L.N.College of Engineering (Autonomous), Madurai - Nedunkulam Road, Pottapalayam, Sivagangai District-630611.",SIVAGANGAI f,169,166,156,138.5,101,112.5,Not Available,TNEA2025-01201,COMPUTER SCIENCE AND ENGINEERING,cs
5904,"K.L.N.College of Engineering (Autonomous), Madurai - Nedunkulam Road, Pottapalayam, Sivagangai District-630611.",SIVAGANGAI f,156,150,150.5,123.5,105.5,112.5,Not Available,TNEA2025-01202,Computer Science and Engineering (Cyber Security),sc
5904,"K.L.N.College of Engineering (Autonomous), Madurai - Nedunkulam Road, Pottapalayam, Sivagangai District-630611.",SIVAGANGAI f,149,142,126.5,123.5,105.5,112.5,Not Available,TNEA2025-01203,Computer Science and Engineering (Internet of Things),ci
5904,"K.L.N.College of Engineering (Autonomous), Madurai - Nedunkulam Road, Pottapalayam, Sivagangai District-630611.",SIVAGANGAI f,141,121.5,100.5,102,105.5,112.5,Not Available,TNEA2025-01204,ELECTRICAL AND ELECTRONICS ENGINEERING,ee
5904,"K.L.N.College of Engineering (Autonomous), Madurai - Nedunkulam Road, Pottapalayam, Sivagangai District-630611.",SIVAGANGAI f,158.5,153,130.5,132,113.5,114.5,Not Available,TNEA2025-01205,ELECTRONICS AND COMMUNICATION ENGINEERING,ec
5904,"K.L.N.College of Engineering (Autonomous), Madurai - Nedunkulam Road, Pottapalayam, Sivagangai District-630611.",SIVAGANGAI f,164,154.5,135.5,126,95,115,Not Available,TNEA2025-01206,INFORMATION TECHNOLOGY,it
5904,"K.L.N.College of Engineering (Autonomous), Madurai - Nedunkulam Road, Pottapalayam, Sivagangai District-630611.",SIVAGANGAI f,117,96,135.5,102,95,115,Not Available,TNEA2025-01207,MECHANICAL ENGINEERING,me
1311,"KCG college of Technology (Autonomous), Rajiv Gandhi Salai, Karapakkam, Chennai-600097.",CHENNAI,165.5,158,159,149,123.5,Not Available,103,TNEA2025-01208,AERONAUTICAL ENGINEERING,ae
1311,"KCG college of Technology (Autonomous), Rajiv Gandhi Salai, Karapakkam, Chennai-600097.",CHENNAI,178.5,164,148,167.5,150.5,Not Available,103,TNEA2025-01209,AEROSPACE ENGINEERING,ao
1311,"KCG college of Technology (Autonomous), Rajiv Gandhi Salai, Karapakkam, Chennai-600097.",CHENNAI,135,122,148,103,98,Not Available,103,TNEA2025-01210,AUTOMOBILE ENGINEERING,au
1311,"KCG college of Technology (Autonomous), Rajiv Gandhi Salai, Karapakkam, Chennai-600097.",CHENNAI,168,164,162.5,159.5,138,Not Available,103,TNEA2025-01211,Artificial Intelligence and Data Science,ad
1311,"KCG college of Technology (Autonomous), Rajiv Gandhi Salai, Karapakkam, Chennai-600097.",CHENNAI,111.5,98,162.5,159.5,138,Not Available,103,TNEA2025-01212,CIVIL ENGINEERING,ce
1311,"KCG college of Technology (Autonomous), Rajiv Gandhi Salai, Karapakkam, Chennai-600097.",CHENNAI,169.5,162.5,160.5,157.5,133.5,Not Available,133.5,TNEA2025-01213,COMPUTER SCIENCE AND ENGINEERING,cs
1311,"KCG college of Technology (Autonomous), Rajiv Gandhi Salai, Karapakkam, Chennai-600097.",CHENNAI,167,160.5,162.5,156,142.5,Not Available,133.5,TNEA2025-01214,Computer Science and Engineering (Cyber Security),sc
1311,"KCG college of Technology (Autonomous), Rajiv Gandhi Salai, Karapakkam, Chennai-600097.",CHENNAI,160,153.5,137.5,142.5,115,Not Available,133.5,TNEA2025-01215,ELECTRICAL AND ELECTRONICS ENGINEERING,ee
1311,"KCG college of Technology (Autonomous), Rajiv Gandhi Salai, Karapakkam, Chennai-600097.",CHENNAI,165.5,158,163,155,124.5,Not Available,133.5,TNEA2025-01216,ELECTRONICS AND COMMUNICATION ENGINEERING,ec
1311,"KCG college of Technology (Autonomous), Rajiv Gandhi Salai, Karapakkam, Chennai-600097.",CHENNAI,134,119.5,163,109.5,124.5,Not Available,133.5,TNEA2025-01217,FASHION TECHNOLOGY,ft
1311,"KCG college of Technology (Autonomous), Rajiv Gandhi Salai, Karapakkam, Chennai-600097.",CHENNAI,165.5,160,164,155.5,137,Not Available,133.5,TNEA2025-01218,INFORMATION TECHNOLOGY,it
1311,"KCG college of Technology (Autonomous), Rajiv Gandhi Salai, Karapakkam, Chennai-600097.",CHENNAI,152.5,146,123,129,106.5,Not Available,133.5,TNEA2025-01219,MECHANICAL ENGINEERING,me
1311,"KCG college of Technology (Autonomous), Rajiv Gandhi Salai, Karapakkam, Chennai-600097.",CHENNAI,155.5,152.5,144.5,148,114.5,Not Available,133.5,TNEA2025-01220,Mechatronics Engineering,mz
2751,"KGISL Institute of Technology, 365, KGISL Campus, Thudiyalur Road, Saravanampatti, Coimbatore-641035.",COIMBATORE,181.5,173,171.5,166.5,102.5,116.5,122,TNEA2025-01221,Artificial Intelligence and Data Science,ad
2751,"KGISL Institute of Technology, 365, KGISL Campus, Thudiyalur Road, Saravanampatti, Coimbatore-641035.",COIMBATORE,174.5,170,154.5,158,116,110.5,122,TNEA2025-01222,COMPUTER SCIENCE AND BUSSINESS SYSTEM,cb
2751,"KGISL Institute of Technology, 365, KGISL Campus, Thudiyalur Road, Saravanampatti, Coimbatore-641035.",COIMBATORE,180.5,172.5,173.5,165.5,126,127,122,TNEA2025-01223,COMPUTER SCIENCE AND ENGINEERING,cs
2751,"KGISL Institute of Technology, 365, KGISL Campus, Thudiyalur Road, Saravanampatti, Coimbatore-641035.",COIMBATORE,177.5,171.5,161,161.5,107.5,127,122,TNEA2025-01224,COMPUTER SCIENCE AND ENGINEERING (AI AND MACHINE LEARNING),am
2751,"KGISL Institute of Technology, 365, KGISL Campus, Thudiyalur Road, Saravanampatti, Coimbatore-641035.",COIMBATORE,176.5,171,168.5,160,121.5,89,122,TNEA2025-01225,Computer Science and Engineering (Cyber Security),sc
2751,"KGISL Institute of Technology, 365, KGISL Campus, Thudiyalur Road, Saravanampatti, Coimbatore-641035.",COIMBATORE,176.5,169.5,164,159,110,151.5,122,TNEA2025-01226,ELECTRONICS AND COMMUNICATION ENGINEERING,ec
2751,"KGISL Institute of Technology, 365, KGISL Campus, Thudiyalur Road, Saravanampatti, Coimbatore-641035.",COIMBATORE,180,171.5,175,163.5,121,161,122,TNEA2025-01227,INFORMATION TECHNOLOGY,it
2751,"KGISL Institute of Technology, 365, KGISL Campus, Thudiyalur Road, Saravanampatti, Coimbatore-641035.",COIMBATORE,161.5,147,120.5,129,94,161,122,TNEA2025-01228,MECHANICAL ENGINEERING,me
2750,"KIT - Kalaignarkarunanidhi Institute of Technology (Autonomous), S.F.No. 282, S.F.No. 283 Kannampalayam Post, Coimbatore-641402.",COIMBATORE f,139.5,126.5,133,123.5,109.5,90.5,104,TNEA2025-01229,AERONAUTICAL ENGINEERING,ae
2750,"KIT - Kalaignarkarunanidhi Institute of Technology (Autonomous), S.F.No. 282, S.F.No. 283 Kannampalayam Post, Coimbatore-641402.",COIMBATORE f,148,118,117,106.5,111.5,124.5,104,TNEA2025-01230,AGRICULTURAL ENGINEERING,ag
2750,"KIT - Kalaignarkarunanidhi Institute of Technology (Autonomous), S.F.No. 282, S.F.No. 283 Kannampalayam Post, Coimbatore-641402.",COIMBATORE f,165.5,156.5,152,154,131.5,138.5,107,TNEA2025-01231,Artificial Intelligence and Data Science,ad
2750,"KIT - Kalaignarkarunanidhi Institute of Technology (Autonomous), S.F.No. 282, S.F.No. 283 Kannampalayam Post, Coimbatore-641402.",COIMBATORE f,142,132,122,128,106.5,125.5,107,TNEA2025-01232,BIO MEDICAL ENGINEERING,bm
2750,"KIT - Kalaignarkarunanidhi Institute of Technology (Autonomous), S.F.No. 282, S.F.No. 283 Kannampalayam Post, Coimbatore-641402.",COIMBATORE f,148.5,135.5,156,120.5,110.5,108,107,TNEA2025-01233,BIO TECHNOLOGY,bt
2750,"KIT - Kalaignarkarunanidhi Institute of Technology (Autonomous), S.F.No. 282, S.F.No. 283 Kannampalayam Post, Coimbatore-641402.",COIMBATORE f,160.5,151.5,140,151,119,111.5,107,TNEA2025-01234,COMPUTER SCIENCE AND BUSSINESS SYSTEM,cb
2750,"KIT - Kalaignarkarunanidhi Institute of Technology (Autonomous), S.F.No. 282, S.F.No. 283 Kannampalayam Post, Coimbatore-641402.",COIMBATORE f,170.5,161.5,145.5,154.5,135,140.5,116.5,TNEA2025-01235,COMPUTER SCIENCE AND ENGINEERING,cs
2750,"KIT - Kalaignarkarunanidhi Institute of Technology (Autonomous), S.F.No. 282, S.F.No. 283 Kannampalayam Post, Coimbatore-641402.",COIMBATORE f,163,153,145,152.5,120,140.5,116.5,TNEA2025-01236,COMPUTER SCIENCE AND ENGINEERING (AI AND MACHINE LEARNING),am
2750,"KIT - Kalaignarkarunanidhi Institute of Technology (Autonomous), S.F.No. 282, S.F.No. 283 Kannampalayam Post, Coimbatore-641402.",COIMBATORE f,147,142,145,121.5,104.5,104,116.5,TNEA2025-01237,ELECTRICAL AND ELECTRONICS ENGINEERING,ee
2750,"KIT - Kalaignarkarunanidhi Institute of Technology (Autonomous), S.F.No. 282, S.F.No. 283 Kannampalayam Post, Coimbatore-641402.",COIMBATORE f,164.5,154,159,151,117,112,116.5,TNEA2025-01238,ELECTRONICS AND COMMUNICATION ENGINEERING,ec
2750,"KIT - Kalaignarkarunanidhi Institute of Technology (Autonomous), S.F.No. 282, S.F.No. 283 Kannampalayam Post, Coimbatore-641402.",COIMBATORE f,151,145.5,149,144.5,112,117.5,116.5,TNEA2025-01239,Electronics Engineering (VLSI Design and Technology),ev
2750,"KIT - Kalaignarkarunanidhi Institute of Technology (Autonomous), S.F.No. 282, S.F.No. 283 Kannampalayam Post, Coimbatore-641402.",COIMBATORE f,132,122.5,121,106.5,98.5,117,116.5,TNEA2025-01240,MECHANICAL ENGINEERING,me
2764,"KPR Institute of Engineering and Technology (Autonomous), SF:204/2 & 204/4, Kollupalayam Village, Arasur Panchayat, Coimbatore-641407.",COIMBATORE,187,184.5,182.5,180.5,163.5,143,157,TNEA2025-01241,Artificial Intelligence and Data Science,ad
2764,"KPR Institute of Engineering and Technology (Autonomous), SF:204/2 & 204/4, Kollupalayam Village, Arasur Panchayat, Coimbatore-641407.",COIMBATORE,179,170.5,175.5,164,136,143,149.5,TNEA2025-01242,BIO MEDICAL ENGINEERING,bm
2764,"KPR Institute of Engineering and Technology (Autonomous), SF:204/2 & 204/4, Kollupalayam Village, Arasur Panchayat, Coimbatore-641407.",COIMBATORE,174,164.5,175.5,157.5,130,143,149.5,TNEA2025-01243,CHEMICAL ENGINEERING,ch
2764,"KPR Institute of Engineering and Technology (Autonomous), SF:204/2 & 204/4, Kollupalayam Village, Arasur Panchayat, Coimbatore-641407.",COIMBATORE,173,165.5,156.5,154.5,132.5,128,149.5,TNEA2025-01244,CIVIL ENGINEERING,ce
2764,"KPR Institute of Engineering and Technology (Autonomous), SF:204/2 & 204/4, Kollupalayam Village, Arasur Panchayat, Coimbatore-641407.",COIMBATORE,183,181.5,181,178,152.5,147,149.5,TNEA2025-01245,COMPUTER SCIENCE AND BUSSINESS SYSTEM,cb
2764,"KPR Institute of Engineering and Technology (Autonomous), SF:204/2 & 204/4, Kollupalayam Village, Arasur Panchayat, Coimbatore-641407.",COIMBATORE,190,186.5,182,183,163,162,148,TNEA2025-01246,COMPUTER SCIENCE AND ENGINEERING,cs
2764,"KPR Institute of Engineering and Technology (Autonomous), SF:204/2 & 204/4, Kollupalayam Village, Arasur Panchayat, Coimbatore-641407.",COIMBATORE,187.5,185.5,186,180,155.5,149.5,158,TNEA2025-01247,COMPUTER SCIENCE AND ENGINEERING (AI AND MACHINE LEARNING),am
2764,"KPR Institute of Engineering and Technology (Autonomous), SF:204/2 & 204/4, Kollupalayam Village, Arasur Panchayat, Coimbatore-641407.",COIMBATORE,182,181,176.5,177,147.5,140,158,TNEA2025-01248,ELECTRICAL AND ELECTRONICS ENGINEERING,ee
2764,"KPR Institute of Engineering and Technology (Autonomous), SF:204/2 & 204/4, Kollupalayam Village, Arasur Panchayat, Coimbatore-641407.",COIMBATORE,186.5,184.5,176.5,179,158,154,158,TNEA2025-01249,ELECTRONICS AND COMMUNICATION ENGINEERING,ec
2764,"KPR Institute of Engineering and Technology (Autonomous), SF:204/2 & 204/4, Kollupalayam Village, Arasur Panchayat, Coimbatore-641407.",COIMBATORE,186,184,180.5,179,155.5,143,178.5,TNEA2025-01250,INFORMATION TECHNOLOGY,it
2764,"KPR Institute of Engineering and Technology (Autonomous), SF:204/2 & 204/4, Kollupalayam Village, Arasur Panchayat, Coimbatore-641407.",COIMBATORE,174,169.5,168,162.5,130.5,114.5,141.5,TNEA2025-01251,MECHANICAL ENGINEERING,me
2764,"KPR Institute of Engineering and Technology (Autonomous), SF:204/2 & 204/4, Kollupalayam Village, Arasur Panchayat, Coimbatore-641407.",COIMBATORE,177.5,172.5,166,165,136,117,141.5,TNEA2025-01252,Mechatronics Engineering,mz
3456,"KSK College of Engineering and Technology, Thanjavur Main Road, Ammapet (Village), Dharasuram Post, Kumbakonam Taluk, Thanjavur District-612702.",THANJAVUR fr,92.5,89.5,90,94,93.5,Not Available,Not Available,TNEA2025-01253,AGRICULTURAL ENGINEERING,ag
3456,"KSK College of Engineering and Technology, Thanjavur Main Road, Ammapet (Village), Dharasuram Post, Kumbakonam Taluk, Thanjavur District-612702.",THANJAVUR fr,102,89.5,90,94,93.5,Not Available,Not Available,TNEA2025-01254,Artificial Intelligence and Data Science,ad
3456,"KSK College of Engineering and Technology, Thanjavur Main Road, Ammapet (Village), Dharasuram Post, Kumbakonam Taluk, Thanjavur District-612702.",THANJAVUR fr,96,85,90,94,85.5,Not Available,Not Available,TNEA2025-01255,BIO MEDICAL ENGINEERING,bm
3456,"KSK College of Engineering and Technology, Thanjavur Main Road, Ammapet (Village), Dharasuram Post, Kumbakonam Taluk, Thanjavur District-612702.",THANJAVUR fr,100.5,82.5,90,89,85.5,Not Available,Not Available,TNEA2025-01256,COMPUTER SCIENCE AND ENGINEERING,cs
3456,"KSK College of Engineering and Technology, Thanjavur Main Road, Ammapet (Village), Dharasuram Post, Kumbakonam Taluk, Thanjavur District-612702.",THANJAVUR fr,84,82.5,90,89,85.5,Not Available,Not Available,TNEA2025-01257,COMPUTER SCIENCE AND ENGINEERING (AI AND MACHINE LEARNING),am
3456,"KSK College of Engineering and Technology, Thanjavur Main Road, Ammapet (Village), Dharasuram Post, Kumbakonam Taluk, Thanjavur District-612702.",THANJAVUR fr,98.5,82.5,90,89,85.5,Not Available,Not Available,TNEA2025-01258,ELECTRICAL AND ELECTRONICS ENGINEERING,ee
3456,"KSK College of Engineering and Technology, Thanjavur Main Road, Ammapet (Village), Dharasuram Post, Kumbakonam Taluk, Thanjavur District-612702.",THANJAVUR fr,92,82.5,90,89,85.5,Not Available,Not Available,TNEA2025-01259,ELECTRONICS AND COMMUNICATION ENGINEERING,ec
3456,"KSK College of Engineering and Technology, Thanjavur Main Road, Ammapet (Village), Dharasuram Post, Kumbakonam Taluk, Thanjavur District-612702.",THANJAVUR fr,86,82.5,90,89,85.5,Not Available,Not Available,TNEA2025-01260,MECHANICAL ENGINEERING,me
4959,"Kamaraj College of Engineering and Technology (Autonomous), S.P.G.C.Nagar Post Box12, K.Vellakulam, Virudhunagar-626001.",MADURAI,160,151,151.5,136,112,101,Not Available,TNEA2025-01261,Artificial Intelligence and Data Science,ad
4959,"Kamaraj College of Engineering and Technology (Autonomous), S.P.G.C.Nagar Post Box12, K.Vellakulam, Virudhunagar-626001.",MADURAI,157.5,139.5,139,102,151.5,101,Not Available,TNEA2025-01262,BIO TECHNOLOGY,bt
4959,"Kamaraj College of Engineering and Technology (Autonomous), S.P.G.C.Nagar Post Box12, K.Vellakulam, Virudhunagar-626001.",MADURAI,132.5,107,139,112.5,151.5,101,Not Available,TNEA2025-01263,CIVIL ENGINEERING,ce
4959,"Kamaraj College of Engineering and Technology (Autonomous), S.P.G.C.Nagar Post Box12, K.Vellakulam, Virudhunagar-626001.",MADURAI,169,157.5,145.5,140,91,109.5,Not Available,TNEA2025-01264,COMPUTER SCIENCE AND ENGINEERING,cs
4959,"Kamaraj College of Engineering and Technology (Autonomous), S.P.G.C.Nagar Post Box12, K.Vellakulam, Virudhunagar-626001.",MADURAI,145.5,143,139,120,133.5,109.5,Not Available,TNEA2025-01265,ELECTRICAL AND ELECTRONICS ENGINEERING,ee
4959,"Kamaraj College of Engineering and Technology (Autonomous), S.P.G.C.Nagar Post Box12, K.Vellakulam, Virudhunagar-626001.",MADURAI,161.5,151,152.5,135,133.5,122.5,Not Available,TNEA2025-01266,ELECTRONICS AND COMMUNICATION ENGINEERING,ec
4959,"Kamaraj College of Engineering and Technology (Autonomous), S.P.G.C.Nagar Post Box12, K.Vellakulam, Virudhunagar-626001.",MADURAI,162,151,93.5,133.5,89.5,122.5,Not Available,TNEA2025-01267,INFORMATION TECHNOLOGY,it
4959,"Kamaraj College of Engineering and Technology (Autonomous), S.P.G.C.Nagar Post Box12, K.Vellakulam, Virudhunagar-626001.",MADURAI,135.5,125.5,93.5,101,131,122.5,Not Available,TNEA2025-01268,MECHANICAL ENGINEERING,me
4959,"Kamaraj College of Engineering and Technology (Autonomous), S.P.G.C.Nagar Post Box12, K.Vellakulam, Virudhunagar-626001.",MADURAI,138.5,123.5,125,111,131,122.5,Not Available,TNEA2025-01269,Mechatronics Engineering,mz
5533,"Karaikudi Institute of Technology & Karaikudi Institute of Management, Keeranipatti Village, Thalakkavur Panchayat, Karaikudi, Sivaganga-630307.",SIVAGANGAI,124,Not Available,Not Available,Not Available,82.5,Not Available,Not Available,TNEA2025-01270,CIVIL ENGINEERING,ce
5533,"Karaikudi Institute of Technology & Karaikudi Institute of Management, Keeranipatti Village, Thalakkavur Panchayat, Karaikudi, Sivaganga-630307.",SIVAGANGAI,88.5,Not Available,Not Available,Not Available,82.5,Not Available,Not Available,TNEA2025-01271,COMPUTER SCIENCE AND ENGINEERING,cs
5533,"Karaikudi Institute of Technology & Karaikudi Institute of Management, Keeranipatti Village, Thalakkavur Panchayat, Karaikudi, Sivaganga-630307.",SIVAGANGAI,153.5,Not Available,Not Available,Not Available,82.5,Not Available,Not Available,TNEA2025-01272,ELECTRICAL AND ELECTRONICS ENGINEERING,ee
5533,"Karaikudi Institute of Technology & Karaikudi Institute of Management, Keeranipatti Village, Thalakkavur Panchayat, Karaikudi, Sivaganga-630307.",SIVAGANGAI,151,Not Available,Not Available,Not Available,82.5,Not Available,Not Available,TNEA2025-01273,ELECTRONICS AND COMMUNICATION ENGINEERING,ec
5533,"Karaikudi Institute of Technology & Karaikudi Institute of Management, Keeranipatti Village, Thalakkavur Panchayat, Karaikudi, Sivaganga-630307.",SIVAGANGAI,96,Not Available,Not Available,Not Available,82.5,Not Available,Not Available,TNEA2025-01274,MECHANICAL ENGINEERING,me
1409,"Karpaga Vinayaga College of Engineering and Technology, G.S.T. Road, Chinna Kolambakkam, Palayanoor Post, Madurantagam Taluk, Kancheepuram Dist-603308.",CHENGALPATTU,148,128.5,85,124.5,101,130,120.5,TNEA2025-01275,AUTOMOBILE ENGINEERING,au
1409,"Karpaga Vinayaga College of Engineering and Technology, G.S.T. Road, Chinna Kolambakkam, Palayanoor Post, Madurantagam Taluk, Kancheepuram Dist-603308.",CHENGALPATTU,148,128.5,85,124.5,101,130,120.5,TNEA2025-01276,Artificial Intelligence and Data Science,ad
1409,"Karpaga Vinayaga College of Engineering and Technology, G.S.T. Road, Chinna Kolambakkam, Palayanoor Post, Madurantagam Taluk, Kancheepuram Dist-603308.",CHENGALPATTU,117,97,85,103,102,130,120.5,TNEA2025-01277,BIO MEDICAL ENGINEERING,bm
1409,"Karpaga Vinayaga College of Engineering and Technology, G.S.T. Road, Chinna Kolambakkam, Palayanoor Post, Madurantagam Taluk, Kancheepuram Dist-603308.",CHENGALPATTU,125.5,100,111,99,89.5,130,120.5,TNEA2025-01278,BIO TECHNOLOGY,bt
1409,"Karpaga Vinayaga College of Engineering and Technology, G.S.T. Road, Chinna Kolambakkam, Palayanoor Post, Madurantagam Taluk, Kancheepuram Dist-603308.",CHENGALPATTU,89,100,111,99,89.5,130,120.5,TNEA2025-01279,CIVIL ENGINEERING,ce
1409,"Karpaga Vinayaga College of Engineering and Technology, G.S.T. Road, Chinna Kolambakkam, Palayanoor Post, Madurantagam Taluk, Kancheepuram Dist-603308.",CHENGALPATTU,143,130.5,115,118.5,118.5,130,101,TNEA2025-01280,COMPUTER SCIENCE AND ENGINEERING,cs
1409,"Karpaga Vinayaga College of Engineering and Technology, G.S.T. Road, Chinna Kolambakkam, Palayanoor Post, Madurantagam Taluk, Kancheepuram Dist-603308.",CHENGALPATTU,90,130.5,115,80,118.5,130,101,TNEA2025-01281,ELECTRICAL AND ELECTRONICS ENGINEERING,ee
1409,"Karpaga Vinayaga College of Engineering and Technology, G.S.T. Road, Chinna Kolambakkam, Palayanoor Post, Madurantagam Taluk, Kancheepuram Dist-603308.",CHENGALPATTU,147,129,131,106,108,130,101,TNEA2025-01282,ELECTRONICS AND COMMUNICATION ENGINEERING,ec
1409,"Karpaga Vinayaga College of Engineering and Technology, G.S.T. Road, Chinna Kolambakkam, Palayanoor Post, Madurantagam Taluk, Kancheepuram Dist-603308.",CHENGALPATTU,89.5,129,131,106,108,130,101,TNEA2025-01283,MECHANICAL ENGINEERING,me
1409,"Karpaga Vinayaga College of Engineering and Technology, G.S.T. Road, Chinna Kolambakkam, Palayanoor Post, Madurantagam Taluk, Kancheepuram Dist-603308.",CHENGALPATTU,112,91.5,131,99,108,130,101,TNEA2025-01284,ROBOTICS AND AUTOMATION,rm
2710,"Karpagam College of Engineering (Autonomous), S.F.No.758, 759, 760 Othakkal Mandapam, Coimbatore -641032.",COIMBATORE,190.5,186,177,186.5,160.5,163,158.5,TNEA2025-01285,Artificial Intelligence and Data Science,ad
2710,"Karpagam College of Engineering (Autonomous), S.F.No.758, 759, 760 Othakkal Mandapam, Coimbatore -641032.",COIMBATORE,167,154,147.5,150.5,130.5,156.5,158.5,TNEA2025-01286,CIVIL ENGINEERING,ce
2710,"Karpagam College of Engineering (Autonomous), S.F.No.758, 759, 760 Othakkal Mandapam, Coimbatore -641032.",COIMBATORE,189,185.5,185,184,160,172,158.5,TNEA2025-01287,COMPUTER SCIENCE AND ENGINEERING,cs
2710,"Karpagam College of Engineering (Autonomous), S.F.No.758, 759, 760 Othakkal Mandapam, Coimbatore -641032.",COIMBATORE,184,182.5,179,182,152.5,172,129,TNEA2025-01288,Computer Science and Engineering (Cyber Security),sc
2710,"Karpagam College of Engineering (Autonomous), S.F.No.758, 759, 760 Othakkal Mandapam, Coimbatore -641032.",COIMBATORE,179,172,162.5,169.5,137,88,150,TNEA2025-01289,ELECTRICAL AND ELECTRONICS ENGINEERING,ee
2710,"Karpagam College of Engineering (Autonomous), S.F.No.758, 759, 760 Othakkal Mandapam, Coimbatore -641032.",COIMBATORE,183,181,178.5,180,151,137.5,124.5,TNEA2025-01290,ELECTRONICS AND COMMUNICATION ENGINEERING,ec
2710,"Karpagam College of Engineering (Autonomous), S.F.No.758, 759, 760 Othakkal Mandapam, Coimbatore -641032.",COIMBATORE,181.5,172,166.5,173,126.5,137,124.5,TNEA2025-01291,Electronics Engineering (VLSI Design and Technology),ev
2710,"Karpagam College of Engineering (Autonomous), S.F.No.758, 759, 760 Othakkal Mandapam, Coimbatore -641032.",COIMBATORE,185,182.5,175,182,144,167,138.5,TNEA2025-01292,INFORMATION TECHNOLOGY,it
2710,"Karpagam College of Engineering (Autonomous), S.F.No.758, 759, 760 Othakkal Mandapam, Coimbatore -641032.",COIMBATORE,168.5,157.5,143.5,143,127.5,109,109.5,TNEA2025-01293,MECHANICAL ENGINEERING,me
2735,"Karpagam Institute of Technology (Autonomous), S.F. NO. 247, 248, L&T Bypass Road, Seerapalayam Village, Bodipalayam Post, Coimbatore-641105.",COIMBATORE,184,182.5,174.5,182.5,157.5,158,158,TNEA2025-01294,Artificial Intelligence and Data Science,ad
2735,"Karpagam Institute of Technology (Autonomous), S.F. NO. 247, 248, L&T Bypass Road, Seerapalayam Village, Bodipalayam Post, Coimbatore-641105.",COIMBATORE,182,179.5,172.5,177.5,145,133,158,TNEA2025-01295,COMPUTER SCIENCE AND ENGINEERING,cs
2735,"Karpagam Institute of Technology (Autonomous), S.F. NO. 247, 248, L&T Bypass Road, Seerapalayam Village, Bodipalayam Post, Coimbatore-641105.",COIMBATORE,170,166,167.5,162.5,134.5,126.5,158,TNEA2025-01296,ELECTRICAL AND ELECTRONICS ENGINEERING,ee
2735,"Karpagam Institute of Technology (Autonomous), S.F. NO. 247, 248, L&T Bypass Road, Seerapalayam Village, Bodipalayam Post, Coimbatore-641105.",COIMBATORE,176,173,164.5,170.5,133,130,100,TNEA2025-01297,ELECTRONICS AND COMMUNICATION ENGINEERING,ec
2735,"Karpagam Institute of Technology (Autonomous), S.F. NO. 247, 248, L&T Bypass Road, Seerapalayam Village, Bodipalayam Post, Coimbatore-641105.",COIMBATORE,180.5,178.5,164.5,176.5,142.5,132.5,100,TNEA2025-01298,INFORMATION TECHNOLOGY,it
2735,"Karpagam Institute of Technology (Autonomous), S.F. NO. 247, 248, L&T Bypass Road, Seerapalayam Village, Bodipalayam Post, Coimbatore-641105.",COIMBATORE,156.5,150,167,136,117.5,115,100,TNEA2025-01299,MECHANICAL ENGINEERING,me
2745,"Kathir College of Engineering (Autonomous), WISDOM TREE, Avinashi Road, Neelambur, Coimbatore-641062.",COIMBATORE,151,141,127.5,136,138,110,129.5,TNEA2025-01300,Artificial Intelligence and Data Science,ad
2745,"Kathir College of Engineering (Autonomous), WISDOM TREE, Avinashi Road, Neelambur, Coimbatore-641062.",COIMBATORE,136,126.5,112.5,131,112.5,110,129.5,TNEA2025-01301,COMPUTER AND COMMUNICATION ENGINEERING,co
2745,"Kathir College of Engineering (Autonomous), WISDOM TREE, Avinashi Road, Neelambur, Coimbatore-641062.",COIMBATORE,152.5,143.5,136,142.5,104.5,126,129.5,TNEA2025-01302,COMPUTER SCIENCE AND ENGINEERING,cs
2745,"Kathir College of Engineering (Autonomous), WISDOM TREE, Avinashi Road, Neelambur, Coimbatore-641062.",COIMBATORE,143.5,137.5,124.5,133,116,89.5,122,TNEA2025-01303,COMPUTER SCIENCE AND ENGINEERING (AI AND MACHINE LEARNING),am
2745,"Kathir College of Engineering (Autonomous), WISDOM TREE, Avinashi Road, Neelambur, Coimbatore-641062.",COIMBATORE,127.5,112,93,117,85,102.5,122,TNEA2025-01304,ELECTRICAL AND ELECTRONICS ENGINEERING,ee
2745,"Kathir College of Engineering (Autonomous), WISDOM TREE, Avinashi Road, Neelambur, Coimbatore-641062.",COIMBATORE,147.5,127,128.5,140.5,110,120,122,TNEA2025-01305,ELECTRONICS AND COMMUNICATION ENGINEERING,ec
2745,"Kathir College of Engineering (Autonomous), WISDOM TREE, Avinashi Road, Neelambur, Coimbatore-641062.",COIMBATORE,117.5,99.5,128.5,102,96.5,111.5,122,TNEA2025-01306,MECHANICAL ENGINEERING,me
3905,"Kings College of Engineering (Autonomous), Punalkulam Village, Gandarvakkottai Taluk, Pudukkottai District-613303.",PUDUKKOTTAI,145.5,130,122.5,117,89,86,Not Available,TNEA2025-01307,Artificial Intelligence and Data Science,ad
3905,"Kings College of Engineering (Autonomous), Punalkulam Village, Gandarvakkottai Taluk, Pudukkottai District-613303.",PUDUKKOTTAI,92.5,85,122.5,117,91.5,86,Not Available,TNEA2025-01308,CIVIL ENGINEERING,ce
3905,"Kings College of Engineering (Autonomous), Punalkulam Village, Gandarvakkottai Taluk, Pudukkottai District-613303.",PUDUKKOTTAI,143,125,127.5,110,96,86,Not Available,TNEA2025-01309,COMPUTER SCIENCE AND ENGINEERING,cs
3905,"Kings College of Engineering (Autonomous), Punalkulam Village, Gandarvakkottai Taluk, Pudukkottai District-613303.",PUDUKKOTTAI,92,90.5,127.5,110,90,86,Not Available,TNEA2025-01310,ELECTRICAL AND ELECTRONICS ENGINEERING,ee
3905,"Kings College of Engineering (Autonomous), Punalkulam Village, Gandarvakkottai Taluk, Pudukkottai District-613303.",PUDUKKOTTAI,116,81.5,107.5,86.5,90,86,Not Available,TNEA2025-01311,ELECTRONICS AND COMMUNICATION ENGINEERING,ec
3905,"Kings College of Engineering (Autonomous), Punalkulam Village, Gandarvakkottai Taluk, Pudukkottai District-613303.",PUDUKKOTTAI,137.5,118,107.5,106,105,86,Not Available,TNEA2025-01312,INFORMATION TECHNOLOGY,it
3905,"Kings College of Engineering (Autonomous), Punalkulam Village, Gandarvakkottai Taluk, Pudukkottai District-613303.",PUDUKKOTTAI,92.5,83,107.5,106,80,86,Not Available,TNEA2025-01313,MECHANICAL ENGINEERING,me
1207,"Kings Engineering College, Irungattukottai, Opp. Hyundai Car Company, Sriperumbudur, Kanchipuram-602117.",KANCHIPURAM,144.5,112,160.5,126.5,108.5,Not Available,Not Available,TNEA2025-01314,Artificial Intelligence and Data Science,ad
1207,"Kings Engineering College, Irungattukottai, Opp. Hyundai Car Company, Sriperumbudur, Kanchipuram-602117.",KANCHIPURAM,96.5,112,160.5,126.5,89,Not Available,Not Available,TNEA2025-01315,BIO MEDICAL ENGINEERING,bm
1207,"Kings Engineering College, Irungattukottai, Opp. Hyundai Car Company, Sriperumbudur, Kanchipuram-602117.",KANCHIPURAM,138.5,99.5,122,91,100,Not Available,Not Available,TNEA2025-01316,COMPUTER SCIENCE AND ENGINEERING,cs
1207,"Kings Engineering College, Irungattukottai, Opp. Hyundai Car Company, Sriperumbudur, Kanchipuram-602117.",KANCHIPURAM,123.5,89.5,99.5,85,84,Not Available,Not Available,TNEA2025-01317,COMPUTER SCIENCE AND ENGINEERING (AI AND MACHINE LEARNING),am
1207,"Kings Engineering College, Irungattukottai, Opp. Hyundai Car Company, Sriperumbudur, Kanchipuram-602117.",KANCHIPURAM,134,114,99.5,89,89,Not Available,Not Available,TNEA2025-01318,ELECTRONICS AND COMMUNICATION ENGINEERING,ec
1207,"Kings Engineering College, Irungattukottai, Opp. Hyundai Car Company, Sriperumbudur, Kanchipuram-602117.",KANCHIPURAM,112.5,86.5,99.5,91.5,85.5,Not Available,Not Available,TNEA2025-01319,INFORMATION TECHNOLOGY,it
1207,"Kings Engineering College, Irungattukottai, Opp. Hyundai Car Company, Sriperumbudur, Kanchipuram-602117.",KANCHIPURAM,93.5,86.5,99.5,91.5,88.5,Not Available,Not Available,TNEA2025-01320,MECHANICAL ENGINEERING,me
1207,"Kings Engineering College, Irungattukottai, Opp. Hyundai Car Company, Sriperumbudur, Kanchipuram-602117.",KANCHIPURAM,85,83.5,99.5,91.5,88.5,Not Available,Not Available,TNEA2025-01321,ROBOTICS AND AUTOMATION,rm
1520,"Kingston Engineering College, Chittoor Main Road, Chiristianpet Village, Mettukulam Panchayat, Katpadi Taluk, Vellore District-632059.",VELLORE,163,143,139.5,144.5,111,115.5,Not Available,TNEA2025-01322,Artificial Intelligence and Data Science,ad
1520,"Kingston Engineering College, Chittoor Main Road, Chiristianpet Village, Mettukulam Panchayat, Katpadi Taluk, Vellore District-632059.",VELLORE,130.5,108.5,139.5,110,111,115.5,Not Available,TNEA2025-01323,COMPUTER SCIENCE AND BUSSINESS SYSTEM,cb
1520,"Kingston Engineering College, Chittoor Main Road, Chiristianpet Village, Mettukulam Panchayat, Katpadi Taluk, Vellore District-632059.",VELLORE,153.5,137,117,138.5,84.5,97,Not Available,TNEA2025-01324,COMPUTER SCIENCE AND ENGINEERING,cs
1520,"Kingston Engineering College, Chittoor Main Road, Chiristianpet Village, Mettukulam Panchayat, Katpadi Taluk, Vellore District-632059.",VELLORE,148.5,124.5,139,123.5,108,97,Not Available,TNEA2025-01325,ELECTRONICS AND COMMUNICATION ENGINEERING,ec
1520,"Kingston Engineering College, Chittoor Main Road, Chiristianpet Village, Mettukulam Panchayat, Katpadi Taluk, Vellore District-632059.",VELLORE,151,135.5,139,135.5,100,97,Not Available,TNEA2025-01326,INFORMATION TECHNOLOGY,it
1520,"Kingston Engineering College, Chittoor Main Road, Chiristianpet Village, Mettukulam Panchayat, Katpadi Taluk, Vellore District-632059.",VELLORE,93,135.5,139,135.5,100,97,Not Available,TNEA2025-01327,MECHANICAL ENGINEERING,me
2653,"Knowledge Institute of Technology (Autonomous), KIOT Campus, Kakapalayam (PO), Salem-637504.",SALEM,163.5,150.5,143.5,147,98,102,109.5,TNEA2025-01328,Artificial Intelligence and Data Science,ad
2653,"Knowledge Institute of Technology (Autonomous), KIOT Campus, Kakapalayam (PO), Salem-637504.",SALEM,134.5,101.5,143.5,130,95,102,109.5,TNEA2025-01329,CIVIL ENGINEERING,ce
2653,"Knowledge Institute of Technology (Autonomous), KIOT Campus, Kakapalayam (PO), Salem-637504.",SALEM,157.5,147.5,142,143,89,102,109.5,TNEA2025-01330,COMPUTER SCIENCE AND BUSSINESS SYSTEM,cb
2653,"Knowledge Institute of Technology (Autonomous), KIOT Campus, Kakapalayam (PO), Salem-637504.",SALEM,170,159,131.5,154.5,90,166,165.5,TNEA2025-01331,COMPUTER SCIENCE AND ENGINEERING,cs
2653,"Knowledge Institute of Technology (Autonomous), KIOT Campus, Kakapalayam (PO), Salem-637504.",SALEM,153.5,146.5,132,143.5,96.5,151.5,165.5,TNEA2025-01332,ELECTRICAL AND ELECTRONICS ENGINEERING,ee
2653,"Knowledge Institute of Technology (Autonomous), KIOT Campus, Kakapalayam (PO), Salem-637504.",SALEM,163,151,133,150,106,151.5,94.5,TNEA2025-01333,ELECTRONICS AND COMMUNICATION ENGINEERING,ec
2653,"Knowledge Institute of Technology (Autonomous), KIOT Campus, Kakapalayam (PO), Salem-637504.",SALEM,160.5,149,128.5,149,86,102,129,TNEA2025-01334,INFORMATION TECHNOLOGY,it
2653,"Knowledge Institute of Technology (Autonomous), KIOT Campus, Kakapalayam (PO), Salem-637504.",SALEM,136,112,86.5,110.5,104.5,110,129,TNEA2025-01335,MECHANICAL ENGINEERING,me
2711,"Kongu Engineering College (Autonomous), Perundurai Railway Station Road, Thoppupalayam, Perundurai, Erode-638052.",ERODE,158,153,173.5,150,129,117.5,133.5,TNEA2025-01336,AUTOMOBILE ENGINEERING,au
2711,"Kongu Engineering College (Autonomous), Perundurai Railway Station Road, Thoppupalayam, Perundurai, Erode-638052.",ERODE,181.5,178,173.5,174,129,117.5,133.5,TNEA2025-01337,Artificial Intelligence and Data Science,ad
2711,"Kongu Engineering College (Autonomous), Perundurai Railway Station Road, Thoppupalayam, Perundurai, Erode-638052.",ERODE,178.5,177.5,173.5,173,125.5,100.5,133.5,TNEA2025-01338,Artificial Intelligence and Machine Learning,al
2711,"Kongu Engineering College (Autonomous), Perundurai Railway Station Road, Thoppupalayam, Perundurai, Erode-638052.",ERODE,167.5,152.5,154,147,102,100.5,133.5,TNEA2025-01339,CHEMICAL ENGINEERING,ch
2711,"Kongu Engineering College (Autonomous), Perundurai Railway Station Road, Thoppupalayam, Perundurai, Erode-638052.",ERODE,168,151.5,160.5,147,118.5,100.5,133.5,TNEA2025-01340,CIVIL ENGINEERING,ce
2711,"Kongu Engineering College (Autonomous), Perundurai Railway Station Road, Thoppupalayam, Perundurai, Erode-638052.",ERODE,177.5,175.5,169.5,169.5,108.5,115,133.5,TNEA2025-01341,COMPUTER SCIENCE AND DESIGN,cd
2711,"Kongu Engineering College (Autonomous), Perundurai Railway Station Road, Thoppupalayam, Perundurai, Erode-638052.",ERODE,185,180.5,172.5,176.5,135.5,117.5,133.5,TNEA2025-01342,COMPUTER SCIENCE AND ENGINEERING,cs
2711,"Kongu Engineering College (Autonomous), Perundurai Railway Station Road, Thoppupalayam, Perundurai, Erode-638052.",ERODE,176.5,174,160.5,165.5,106.5,149,133.5,TNEA2025-01343,ELECTRICAL AND ELECTRONICS ENGINEERING,ee
2711,"Kongu Engineering College (Autonomous), Perundurai Railway Station Road, Thoppupalayam, Perundurai, Erode-638052.",ERODE,182,179,173,173.5,128.5,119.5,133.5,TNEA2025-01344,ELECTRONICS AND COMMUNICATION ENGINEERING,ec
2711,"Kongu Engineering College (Autonomous), Perundurai Railway Station Road, Thoppupalayam, Perundurai, Erode-638052.",ERODE,172.5,170,158.5,162,106,119.5,133.5,TNEA2025-01345,ELECTRONICS AND INSTRUMENTATION ENGINEERING,ei
2711,"Kongu Engineering College (Autonomous), Perundurai Railway Station Road, Thoppupalayam, Perundurai, Erode-638052.",ERODE,165.5,155,155.5,139,106,119.5,133.5,TNEA2025-01346,FOOD TECHNOLOGY,fd
2711,"Kongu Engineering College (Autonomous), Perundurai Railway Station Road, Thoppupalayam, Perundurai, Erode-638052.",ERODE,180,178,172.5,174.5,130,104.5,136,TNEA2025-01347,INFORMATION TECHNOLOGY,it
2711,"Kongu Engineering College (Autonomous), Perundurai Railway Station Road, Thoppupalayam, Perundurai, Erode-638052.",ERODE,167.5,161,162.5,159,109,86.5,136,TNEA2025-01348,MECHANICAL ENGINEERING,me
2711,"Kongu Engineering College (Autonomous), Perundurai Railway Station Road, Thoppupalayam, Perundurai, Erode-638052.",ERODE,166.5,161,142,153.5,82.5,135.5,136,TNEA2025-01349,Mechatronics Engineering,mz
3826,"Kongunadu College of Engineering and Technology (Autonomous), Tholurpatti, Thottiam, Tiruchirappalli-621215.",TIRUCHIRAPPALLI,137.5,111.5,114,112.5,113,133.5,113.5,TNEA2025-01350,AGRICULTURAL ENGINEERING,ag
3826,"Kongunadu College of Engineering and Technology (Autonomous), Tholurpatti, Thottiam, Tiruchirappalli-621215.",TIRUCHIRAPPALLI,165,150,149,150,128.5,130.5,181,TNEA2025-01351,Artificial Intelligence and Data Science,ad
3826,"Kongunadu College of Engineering and Technology (Autonomous), Tholurpatti, Thottiam, Tiruchirappalli-621215.",TIRUCHIRAPPALLI,144,124,136,134,114.5,108.5,181,TNEA2025-01352,BIO MEDICAL ENGINEERING,bm
3826,"Kongunadu College of Engineering and Technology (Autonomous), Tholurpatti, Thottiam, Tiruchirappalli-621215.",TIRUCHIRAPPALLI,135,111,136,111.5,100.5,129.5,181,TNEA2025-01353,CIVIL ENGINEERING,ce
3826,"Kongunadu College of Engineering and Technology (Autonomous), Tholurpatti, Thottiam, Tiruchirappalli-621215.",TIRUCHIRAPPALLI,163.5,152.5,142,150,114.5,121,126,TNEA2025-01354,COMPUTER SCIENCE AND ENGINEERING,cs
3826,"Kongunadu College of Engineering and Technology (Autonomous), Tholurpatti, Thottiam, Tiruchirappalli-621215.",TIRUCHIRAPPALLI,149,142,124.5,141.5,108.5,121,126,TNEA2025-01355,ELECTRICAL AND ELECTRONICS ENGINEERING,ee
3826,"Kongunadu College of Engineering and Technology (Autonomous), Tholurpatti, Thottiam, Tiruchirappalli-621215.",TIRUCHIRAPPALLI,160.5,150,138.5,146.5,116.5,118.5,121.5,TNEA2025-01356,ELECTRONICS AND COMMUNICATION ENGINEERING,ec
3826,"Kongunadu College of Engineering and Technology (Autonomous), Tholurpatti, Thottiam, Tiruchirappalli-621215.",TIRUCHIRAPPALLI,162,151.5,142.5,147.5,134,125.5,121.5,TNEA2025-01357,INFORMATION TECHNOLOGY,it
3826,"Kongunadu College of Engineering and Technology (Autonomous), Tholurpatti, Thottiam, Tiruchirappalli-621215.",TIRUCHIRAPPALLI,135,116.5,114,122.5,119,126,89.5,TNEA2025-01358,MECHANICAL ENGINEERING,me
3410,"Krishnasamy College of Engineering and Technology, Nellikuppam Main Road, S.Kumarapuram, Cuddalore-607109.",CUDDALORE,134.5,105,166.5,123,118.5,Not Available,132,TNEA2025-01359,Artificial Intelligence and Data Science,ad
3410,"Krishnasamy College of Engineering and Technology, Nellikuppam Main Road, S.Kumarapuram, Cuddalore-607109.",CUDDALORE,96,105,166.5,123,118.5,Not Available,132,TNEA2025-01360,CIVIL ENGINEERING,ce
3410,"Krishnasamy College of Engineering and Technology, Nellikuppam Main Road, S.Kumarapuram, Cuddalore-607109.",CUDDALORE,149,127.5,166.5,128,125,Not Available,132,TNEA2025-01361,COMPUTER SCIENCE AND ENGINEERING,cs
3410,"Krishnasamy College of Engineering and Technology, Nellikuppam Main Road, S.Kumarapuram, Cuddalore-607109.",CUDDALORE,112,95,166.5,92.5,93,Not Available,132,TNEA2025-01362,ELECTRICAL AND ELECTRONICS ENGINEERING,ee
3410,"Krishnasamy College of Engineering and Technology, Nellikuppam Main Road, S.Kumarapuram, Cuddalore-607109.",CUDDALORE,135.5,93,98.5,124,111.5,Not Available,132,TNEA2025-01363,ELECTRONICS AND COMMUNICATION ENGINEERING,ec
3410,"Krishnasamy College of Engineering and Technology, Nellikuppam Main Road, S.Kumarapuram, Cuddalore-607109.",CUDDALORE,151,122,112.5,130,111.5,Not Available,132,TNEA2025-01364,INFORMATION TECHNOLOGY,it
3410,"Krishnasamy College of Engineering and Technology, Nellikuppam Main Road, S.Kumarapuram, Cuddalore-607109.",CUDDALORE,100,86.5,112.5,83,90,Not Available,132,TNEA2025-01365,MECHANICAL ENGINEERING,me
2712,"Kumaraguru College of Technology (Autonomous), Chinnavedampatti, Coimbatore-641049.",COIMBATORE,186.5,180,186,173.5,145.5,185,143.5,TNEA2025-01366,AERONAUTICAL ENGINEERING,ae
2712,"Kumaraguru College of Technology (Autonomous), Chinnavedampatti, Coimbatore-641049.",COIMBATORE,176.5,173,164.5,166.5,133,143,143.5,TNEA2025-01367,AUTOMOBILE ENGINEERING,au
2712,"Kumaraguru College of Technology (Autonomous), Chinnavedampatti, Coimbatore-641049.",COIMBATORE,192.5,191.5,188,189.5,176.5,174.5,143.5,TNEA2025-01368,Artificial Intelligence and Data Science,ad
2712,"Kumaraguru College of Technology (Autonomous), Chinnavedampatti, Coimbatore-641049.",COIMBATORE,186,181.5,180,176,151,162.5,143.5,TNEA2025-01369,BIO TECHNOLOGY,bt
2712,"Kumaraguru College of Technology (Autonomous), Chinnavedampatti, Coimbatore-641049.",COIMBATORE,177,174.5,161.5,164.5,141.5,149,154.5,TNEA2025-01370,CIVIL ENGINEERING,ce
2712,"Kumaraguru College of Technology (Autonomous), Chinnavedampatti, Coimbatore-641049.",COIMBATORE,194,192.5,192,191,177.5,176,171,TNEA2025-01371,COMPUTER SCIENCE AND ENGINEERING,cs
2712,"Kumaraguru College of Technology (Autonomous), Chinnavedampatti, Coimbatore-641049.",COIMBATORE,190,188,186,185.5,162,151.5,144,TNEA2025-01372,ELECTRICAL AND ELECTRONICS ENGINEERING,ee
2712,"Kumaraguru College of Technology (Autonomous), Chinnavedampatti, Coimbatore-641049.",COIMBATORE,193,191.5,190,190,172,167.5,140,TNEA2025-01373,ELECTRONICS AND COMMUNICATION ENGINEERING,ec
2712,"Kumaraguru College of Technology (Autonomous), Chinnavedampatti, Coimbatore-641049.",COIMBATORE,188,184.5,182,179.5,160.5,135,140,TNEA2025-01374,ELECTRONICS AND INSTRUMENTATION ENGINEERING,ei
2712,"Kumaraguru College of Technology (Autonomous), Chinnavedampatti, Coimbatore-641049.",COIMBATORE,168,162,145,149,123,95.5,140,TNEA2025-01375,FASHION TECHNOLOGY,ft
2712,"Kumaraguru College of Technology (Autonomous), Chinnavedampatti, Coimbatore-641049.",COIMBATORE,192.5,191.5,191.5,189.5,175,158,168.5,TNEA2025-01376,INFORMATION TECHNOLOGY,it
2712,"Kumaraguru College of Technology (Autonomous), Chinnavedampatti, Coimbatore-641049.",COIMBATORE,181,178,175.5,174,154,124.5,134.5,TNEA2025-01377,MECHANICAL ENGINEERING,me
2712,"Kumaraguru College of Technology (Autonomous), Chinnavedampatti, Coimbatore-641049.",COIMBATORE,184.5,179.5,176,173.5,145,119,134.5,TNEA2025-01378,Mechatronics Engineering,mz
2712,"Kumaraguru College of Technology (Autonomous), Chinnavedampatti, Coimbatore-641049.",COIMBATORE,168,161,176,151,125,119,134.5,TNEA2025-01379,TEXTILE TECHNOLOGY,tx
5990,"Latha Mathavan Engineering College, Latha Mathavan Nagar, Kidaripatti, Melur Taluk, Madurai-625301.",MADURAI,115,86.5,99.5,98,86,89,Not Available,TNEA2025-01380,CIVIL ENGINEERING,ce
5990,"Latha Mathavan Engineering College, Latha Mathavan Nagar, Kidaripatti, Melur Taluk, Madurai-625301.",MADURAI,115,86.5,99.5,98,86,89,Not Available,TNEA2025-01381,COMPUTER SCIENCE AND ENGINEERING,cs
5990,"Latha Mathavan Engineering College, Latha Mathavan Nagar, Kidaripatti, Melur Taluk, Madurai-625301.",MADURAI,102,86.5,99.5,98,86,89,Not Available,TNEA2025-01382,ELECTRICAL AND ELECTRONICS ENGINEERING,ee
5990,"Latha Mathavan Engineering College, Latha Mathavan Nagar, Kidaripatti, Melur Taluk, Madurai-625301.",MADURAI,85.5,86.5,99.5,98,86,89,Not Available,TNEA2025-01383,ELECTRONICS AND COMMUNICATION ENGINEERING,ec
5990,"Latha Mathavan Engineering College, Latha Mathavan Nagar, Kidaripatti, Melur Taluk, Madurai-625301.",MADURAI,98.5,86.5,99.5,98,86,89,Not Available,TNEA2025-01384,MECHANICAL ENGINEERING,me
4983,"Lord Jegannath College of Engineering and Technology, PSN Nagar, Ramanathichanputhur, Marungoor, Kanyakumari District, Nagercoil-629402.",KANNIYAKUMARI,91.5,Not Available,Not Available,Not Available,Not Available,Not Available,Not Available,TNEA2025-01385,AERONAUTICAL ENGINEERING,ae
4983,"Lord Jegannath College of Engineering and Technology, PSN Nagar, Ramanathichanputhur, Marungoor, Kanyakumari District, Nagercoil-629402.",KANNIYAKUMARI,91.5,Not Available,Not Available,Not Available,Not Available,Not Available,Not Available,TNEA2025-01386,AGRICULTURAL ENGINEERING,ag
4983,"Lord Jegannath College of Engineering and Technology, PSN Nagar, Ramanathichanputhur, Marungoor, Kanyakumari District, Nagercoil-629402.",KANNIYAKUMARI,91.5,Not Available,Not Available,Not Available,Not Available,Not Available,Not Available,TNEA2025-01387,CIVIL ENGINEERING,ce
4983,"Lord Jegannath College of Engineering and Technology, PSN Nagar, Ramanathichanputhur, Marungoor, Kanyakumari District, Nagercoil-629402.",KANNIYAKUMARI,91.5,Not Available,Not Available,Not Available,Not Available,Not Available,Not Available,TNEA2025-01388,COMPUTER SCIENCE AND ENGINEERING,cs
4983,"Lord Jegannath College of Engineering and Technology, PSN Nagar, Ramanathichanputhur, Marungoor, Kanyakumari District, Nagercoil-629402.",KANNIYAKUMARI,91.5,Not Available,Not Available,Not Available,Not Available,Not Available,Not Available,TNEA2025-01389,ELECTRICAL AND ELECTRONICS ENGINEERING,ee
4983,"Lord Jegannath College of Engineering and Technology, PSN Nagar, Ramanathichanputhur, Marungoor, Kanyakumari District, Nagercoil-629402.",KANNIYAKUMARI,91.5,Not Available,Not Available,Not Available,Not Available,Not Available,Not Available,TNEA2025-01390,ELECTRONICS AND COMMUNICATION ENGINEERING,ec
4983,"Lord Jegannath College of Engineering and Technology, PSN Nagar, Ramanathichanputhur, Marungoor, Kanyakumari District, Nagercoil-629402.",KANNIYAKUMARI,93,Not Available,Not Available,Not Available,Not Available,Not Available,Not Available,TNEA2025-01391,MECHANICAL ENGINEERING,me
4983,"Lord Jegannath College of Engineering and Technology, PSN Nagar, Ramanathichanputhur, Marungoor, Kanyakumari District, Nagercoil-629402.",KANNIYAKUMARI,137.5,Not Available,Not Available,Not Available,Not Available,Not Available,Not Available,TNEA2025-01392,ROBOTICS AND AUTOMATION,rm
4993,"Loyola Institute of Technology and Science, P.Bo. No.2, Thovalai - Rajavoor Road, Loyola Nagar, Theroor Village, Thovalai, Kanyakumari District-629302.",KANNIYAKUMARI,90,100.5,Not Available,103,Not Available,Not Available,Not Available,TNEA2025-01393,AGRICULTURAL ENGINEERING,ag
4993,"Loyola Institute of Technology and Science, P.Bo. No.2, Thovalai - Rajavoor Road, Loyola Nagar, Theroor Village, Thovalai, Kanyakumari District-629302.",KANNIYAKUMARI,134,100.5,Not Available,103,Not Available,Not Available,Not Available,TNEA2025-01394,Artificial Intelligence and Data Science,ad
4993,"Loyola Institute of Technology and Science, P.Bo. No.2, Thovalai - Rajavoor Road, Loyola Nagar, Theroor Village, Thovalai, Kanyakumari District-629302.",KANNIYAKUMARI,104,85.5,Not Available,85,Not Available,Not Available,Not Available,TNEA2025-01395,BIO MEDICAL ENGINEERING,bm
4993,"Loyola Institute of Technology and Science, P.Bo. No.2, Thovalai - Rajavoor Road, Loyola Nagar, Theroor Village, Thovalai, Kanyakumari District-629302.",KANNIYAKUMARI,91.5,81.5,Not Available,83.5,Not Available,Not Available,Not Available,TNEA2025-01396,COMPUTER SCIENCE AND ENGINEERING,cs
4993,"Loyola Institute of Technology and Science, P.Bo. No.2, Thovalai - Rajavoor Road, Loyola Nagar, Theroor Village, Thovalai, Kanyakumari District-629302.",KANNIYAKUMARI,101,98,Not Available,84,Not Available,Not Available,Not Available,TNEA2025-01397,COMPUTER SCIENCE AND ENGINEERING (AI AND MACHINE LEARNING),am
4993,"Loyola Institute of Technology and Science, P.Bo. No.2, Thovalai - Rajavoor Road, Loyola Nagar, Theroor Village, Thovalai, Kanyakumari District-629302.",KANNIYAKUMARI,80,98,Not Available,84,Not Available,Not Available,Not Available,TNEA2025-01398,ELECTRICAL AND ELECTRONICS ENGINEERING,ee
4993,"Loyola Institute of Technology and Science, P.Bo. No.2, Thovalai - Rajavoor Road, Loyola Nagar, Theroor Village, Thovalai, Kanyakumari District-629302.",KANNIYAKUMARI,105.5,97.5,Not Available,99.5,Not Available,Not Available,Not Available,TNEA2025-01399,ELECTRONICS AND COMMUNICATION ENGINEERING,ec
4993,"Loyola Institute of Technology and Science, P.Bo. No.2, Thovalai - Rajavoor Road, Loyola Nagar, Theroor Village, Thovalai, Kanyakumari District-629302.",KANNIYAKUMARI,104,88,Not Available,99.5,Not Available,Not Available,Not Available,TNEA2025-01400,INFORMATION TECHNOLOGY,it
4993,"Loyola Institute of Technology and Science, P.Bo. No.2, Thovalai - Rajavoor Road, Loyola Nagar, Theroor Village, Thovalai, Kanyakumari District-629302.",KANNIYAKUMARI,85.5,88,Not Available,99.5,Not Available,Not Available,Not Available,TNEA2025-01401,MECHANICAL ENGINEERING,me
1225,"Loyola Institute of Technology, Palanchur, Mevalurkuppam, B village, Nazarathpet Post, Sriperumpudur Taluk, Kanchipuram District, Chennai-600123.",KANCHIPURAM,157,143.5,142.5,143.5,118,Not Available,Not Available,TNEA2025-01402,Artificial Intelligence and Data Science,ad
1225,"Loyola Institute of Technology, Palanchur, Mevalurkuppam, B village, Nazarathpet Post, Sriperumpudur Taluk, Kanchipuram District, Chennai-600123.",KANCHIPURAM,165.5,156.5,145,150.5,128.5,Not Available,Not Available,TNEA2025-01403,COMPUTER SCIENCE AND ENGINEERING,cs
1225,"Loyola Institute of Technology, Palanchur, Mevalurkuppam, B village, Nazarathpet Post, Sriperumpudur Taluk, Kanchipuram District, Chennai-600123.",KANCHIPURAM,155,144,151.5,135,126,Not Available,Not Available,TNEA2025-01404,Computer Science and Engineering (Cyber Security),sc
1225,"Loyola Institute of Technology, Palanchur, Mevalurkuppam, B village, Nazarathpet Post, Sriperumpudur Taluk, Kanchipuram District, Chennai-600123.",KANCHIPURAM,143.5,126.5,151.5,113,126,Not Available,Not Available,TNEA2025-01405,ELECTRICAL AND ELECTRONICS ENGINEERING,ee
1225,"Loyola Institute of Technology, Palanchur, Mevalurkuppam, B village, Nazarathpet Post, Sriperumpudur Taluk, Kanchipuram District, Chennai-600123.",KANCHIPURAM,148.5,142,144,136.5,97.5,Not Available,Not Available,TNEA2025-01406,ELECTRONICS AND COMMUNICATION ENGINEERING,ec
1225,"Loyola Institute of Technology, Palanchur, Mevalurkuppam, B village, Nazarathpet Post, Sriperumpudur Taluk, Kanchipuram District, Chennai-600123.",KANCHIPURAM,155,144.5,144,139,125,Not Available,Not Available,TNEA2025-01407,INFORMATION TECHNOLOGY,it
1225,"Loyola Institute of Technology, Palanchur, Mevalurkuppam, B village, Nazarathpet Post, Sriperumpudur Taluk, Kanchipuram District, Chennai-600123.",KANCHIPURAM,131,108,124.5,118.5,125,Not Available,Not Available,TNEA2025-01408,MECHANICAL ENGINEERING,me
1450,"Loyola-ICAM College of Engineering and Technology, Loyola College Campus, Chennai-600034.",CHENNAI,185.5,182,184.5,182,176.5,141,136,TNEA2025-01409,Artificial Intelligence and Data Science,ad
1450,"Loyola-ICAM College of Engineering and Technology, Loyola College Campus, Chennai-600034.",CHENNAI,189,184.5,184.5,184.5,173.5,141,108,TNEA2025-01410,COMPUTER SCIENCE AND ENGINEERING,cs
1450,"Loyola-ICAM College of Engineering and Technology, Loyola College Campus, Chennai-600034.",CHENNAI,179,173.5,174,168.5,145.5,142,108,TNEA2025-01411,ELECTRICAL AND ELECTRONICS ENGINEERING,ee
1450,"Loyola-ICAM College of Engineering and Technology, Loyola College Campus, Chennai-600034.",CHENNAI,186,183,184.5,182.5,170.5,146,108,TNEA2025-01412,ELECTRONICS AND COMMUNICATION ENGINEERING,ec
1450,"Loyola-ICAM College of Engineering and Technology, Loyola College Campus, Chennai-600034.",CHENNAI,184.5,182,184,181,171,170.5,108,TNEA2025-01413,INFORMATION TECHNOLOGY,it
1450,"Loyola-ICAM College of Engineering and Technology, Loyola College Campus, Chennai-600034.",CHENNAI,174,171.5,157,162.5,163.5,170.5,108,TNEA2025-01414,MECHANICAL ENGINEERING,me
3810,"M A M College of Engineering, Trichy-Chennai Trunk Road, Siruganur, Tiruchirappalli-621105.",TIRUCHIRAPPALLI,84,115.5,173,137,134.5,101,Not Available,TNEA2025-01415,AGRICULTURAL ENGINEERING,ag
3810,"M A M College of Engineering, Trichy-Chennai Trunk Road, Siruganur, Tiruchirappalli-621105.",TIRUCHIRAPPALLI,155,115.5,173,137,134.5,101,Not Available,TNEA2025-01416,Artificial Intelligence and Data Science,ad
3810,"M A M College of Engineering, Trichy-Chennai Trunk Road, Siruganur, Tiruchirappalli-621105.",TIRUCHIRAPPALLI,124.5,89,173,99,95,101,Not Available,TNEA2025-01417,BIO MEDICAL ENGINEERING,bm
3810,"M A M College of Engineering, Trichy-Chennai Trunk Road, Siruganur, Tiruchirappalli-621105.",TIRUCHIRAPPALLI,99.5,89,173,99,95,101,Not Available,TNEA2025-01418,BIO TECHNOLOGY,bt
3810,"M A M College of Engineering, Trichy-Chennai Trunk Road, Siruganur, Tiruchirappalli-621105.",TIRUCHIRAPPALLI,96,89,173,99,94,101,Not Available,TNEA2025-01419,CIVIL ENGINEERING,ce
3810,"M A M College of Engineering, Trichy-Chennai Trunk Road, Siruganur, Tiruchirappalli-621105.",TIRUCHIRAPPALLI,125,91,103.5,115,88,121,Not Available,TNEA2025-01420,COMPUTER SCIENCE AND ENGINEERING,cs
3810,"M A M College of Engineering, Trichy-Chennai Trunk Road, Siruganur, Tiruchirappalli-621105.",TIRUCHIRAPPALLI,115.5,100.5,113,95,102.5,121,Not Available,TNEA2025-01421,COMPUTER SCIENCE AND ENGINEERING (AI AND MACHINE LEARNING),am
3810,"M A M College of Engineering, Trichy-Chennai Trunk Road, Siruganur, Tiruchirappalli-621105.",TIRUCHIRAPPALLI,111.5,101,113,102.5,107.5,121,Not Available,TNEA2025-01422,Computer Science and Engineering (Cyber Security),sc
3810,"M A M College of Engineering, Trichy-Chennai Trunk Road, Siruganur, Tiruchirappalli-621105.",TIRUCHIRAPPALLI,95,85.5,113,90,107.5,121,Not Available,TNEA2025-01423,ELECTRICAL AND ELECTRONICS ENGINEERING,ee
3810,"M A M College of Engineering, Trichy-Chennai Trunk Road, Siruganur, Tiruchirappalli-621105.",TIRUCHIRAPPALLI,121,94.5,89,97.5,87,121,Not Available,TNEA2025-01424,ELECTRONICS AND COMMUNICATION ENGINEERING,ec
3810,"M A M College of Engineering, Trichy-Chennai Trunk Road, Siruganur, Tiruchirappalli-621105.",TIRUCHIRAPPALLI,98.5,94.5,89,93,87,121,Not Available,TNEA2025-01425,ELECTRONICS AND INSTRUMENTATION ENGINEERING,ei
3810,"M A M College of Engineering, Trichy-Chennai Trunk Road, Siruganur, Tiruchirappalli-621105.",TIRUCHIRAPPALLI,90,94.5,89,93,87,121,Not Available,TNEA2025-01426,FOOD TECHNOLOGY,fd
3810,"M A M College of Engineering, Trichy-Chennai Trunk Road, Siruganur, Tiruchirappalli-621105.",TIRUCHIRAPPALLI,127.5,97.5,113.5,110,95.5,121,Not Available,TNEA2025-01427,INFORMATION TECHNOLOGY,it
3810,"M A M College of Engineering, Trichy-Chennai Trunk Road, Siruganur, Tiruchirappalli-621105.",TIRUCHIRAPPALLI,111,82.5,113.5,87,85,87,Not Available,TNEA2025-01428,MECHANICAL ENGINEERING,me
3829,"M.A.M. College of Engineering and Technology, Trichy-Chennai Trunk Road, Siruganur, Manachanallur Taluk, Tiruchirappalli-621105.",TIRUCHIRAPPALLI,158,138,142.5,120.5,125.5,116.5,Not Available,TNEA2025-01429,Artificial Intelligence and Data Science,ad
3829,"M.A.M. College of Engineering and Technology, Trichy-Chennai Trunk Road, Siruganur, Manachanallur Taluk, Tiruchirappalli-621105.",TIRUCHIRAPPALLI,155,85.5,142.5,95.5,96,116.5,Not Available,TNEA2025-01430,CIVIL ENGINEERING,ce
3829,"M.A.M. College of Engineering and Technology, Trichy-Chennai Trunk Road, Siruganur, Manachanallur Taluk, Tiruchirappalli-621105.",TIRUCHIRAPPALLI,137.5,116.5,132,111.5,100,116.5,Not Available,TNEA2025-01431,COMPUTER SCIENCE AND ENGINEERING,cs
3829,"M.A.M. College of Engineering and Technology, Trichy-Chennai Trunk Road, Siruganur, Manachanallur Taluk, Tiruchirappalli-621105.",TIRUCHIRAPPALLI,122,80,132,107,89,116.5,Not Available,TNEA2025-01432,ELECTRICAL AND ELECTRONICS ENGINEERING,ee
3829,"M.A.M. College of Engineering and Technology, Trichy-Chennai Trunk Road, Siruganur, Manachanallur Taluk, Tiruchirappalli-621105.",TIRUCHIRAPPALLI,144,113,86,103.5,104,116.5,Not Available,TNEA2025-01433,ELECTRONICS AND COMMUNICATION ENGINEERING,ec
3829,"M.A.M. College of Engineering and Technology, Trichy-Chennai Trunk Road, Siruganur, Manachanallur Taluk, Tiruchirappalli-621105.",TIRUCHIRAPPALLI,145.5,116,129.5,92,93.5,140,Not Available,TNEA2025-01434,INFORMATION TECHNOLOGY,it
3829,"M.A.M. College of Engineering and Technology, Trichy-Chennai Trunk Road, Siruganur, Manachanallur Taluk, Tiruchirappalli-621105.",TIRUCHIRAPPALLI,107,92,129.5,100,82.5,140,Not Available,TNEA2025-01435,MECHANICAL ENGINEERING,me
3786,"M.A.M. School of Engineering (Autonomous), Trichy-Chennai Trunk Road, Siruganur, Tiruchirappalli-621105.",TIRUCHIRAPPALLI,96.5,102,96,87,117,141.5,Not Available,TNEA2025-01436,AERONAUTICAL ENGINEERING,ae
3786,"M.A.M. School of Engineering (Autonomous), Trichy-Chennai Trunk Road, Siruganur, Tiruchirappalli-621105.",TIRUCHIRAPPALLI,152,102,96,127,117,141.5,Not Available,TNEA2025-01437,Artificial Intelligence and Data Science,ad
3786,"M.A.M. School of Engineering (Autonomous), Trichy-Chennai Trunk Road, Siruganur, Tiruchirappalli-621105.",TIRUCHIRAPPALLI,135.5,96,96,117,109,100.5,Not Available,TNEA2025-01438,BIO MEDICAL ENGINEERING,bm
3786,"M.A.M. School of Engineering (Autonomous), Trichy-Chennai Trunk Road, Siruganur, Tiruchirappalli-621105.",TIRUCHIRAPPALLI,144.5,116.5,137,118,124,100.5,Not Available,TNEA2025-01439,COMPUTER SCIENCE AND ENGINEERING,cs
3786,"M.A.M. School of Engineering (Autonomous), Trichy-Chennai Trunk Road, Siruganur, Tiruchirappalli-621105.",TIRUCHIRAPPALLI,96,116.5,137,118,124,100.5,Not Available,TNEA2025-01440,ELECTRICAL AND ELECTRONICS ENGINEERING,ee
3786,"M.A.M. School of Engineering (Autonomous), Trichy-Chennai Trunk Road, Siruganur, Tiruchirappalli-621105.",TIRUCHIRAPPALLI,125,110,122.5,106.5,104,100.5,Not Available,TNEA2025-01441,ELECTRONICS AND COMMUNICATION ENGINEERING,ec
3786,"M.A.M. School of Engineering (Autonomous), Trichy-Chennai Trunk Road, Siruganur, Tiruchirappalli-621105.",TIRUCHIRAPPALLI,154.5,118.5,122.5,118.5,88,126.5,Not Available,TNEA2025-01442,INFORMATION TECHNOLOGY,it
3786,"M.A.M. School of Engineering (Autonomous), Trichy-Chennai Trunk Road, Siruganur, Tiruchirappalli-621105.",TIRUCHIRAPPALLI,96,90,122.5,118.5,88,126.5,Not Available,TNEA2025-01443,MECHANICAL ENGINEERING,me
3786,"M.A.M. School of Engineering (Autonomous), Trichy-Chennai Trunk Road, Siruganur, Tiruchirappalli-621105.",TIRUCHIRAPPALLI,88,90,122.5,118.5,88,126.5,Not Available,TNEA2025-01444,Mechatronics Engineering,mz
4929,"M.E.T. Engineering College, No.13/142A9/9, Mogals Garden, Chenbagaramanputhur, Thovalai Taluk, Kanyakumari district, Nagercoil-629304.",KANNIYAKUMARI,86,Not Available,Not Available,Not Available,Not Available,Not Available,Not Available,TNEA2025-01445,Artificial Intelligence and Data Science,ad
4929,"M.E.T. Engineering College, No.13/142A9/9, Mogals Garden, Chenbagaramanputhur, Thovalai Taluk, Kanyakumari district, Nagercoil-629304.",KANNIYAKUMARI,86,Not Available,Not Available,Not Available,Not Available,Not Available,Not Available,TNEA2025-01446,CIVIL ENGINEERING,ce
4929,"M.E.T. Engineering College, No.13/142A9/9, Mogals Garden, Chenbagaramanputhur, Thovalai Taluk, Kanyakumari district, Nagercoil-629304.",KANNIYAKUMARI,89.5,Not Available,Not Available,Not Available,Not Available,Not Available,Not Available,TNEA2025-01447,COMPUTER SCIENCE AND ENGINEERING,cs
4929,"M.E.T. Engineering College, No.13/142A9/9, Mogals Garden, Chenbagaramanputhur, Thovalai Taluk, Kanyakumari district, Nagercoil-629304.",KANNIYAKUMARI,89.5,Not Available,Not Available,Not Available,Not Available,Not Available,Not Available,TNEA2025-01448,ELECTRICAL AND ELECTRONICS ENGINEERING,ee
4929,"M.E.T. Engineering College, No.13/142A9/9, Mogals Garden, Chenbagaramanputhur, Thovalai Taluk, Kanyakumari district, Nagercoil-629304.",KANNIYAKUMARI,104,Not Available,Not Available,Not Available,Not Available,Not Available,Not Available,TNEA2025-01449,ELECTRONICS AND COMMUNICATION ENGINEERING,ec
4929,"M.E.T. Engineering College, No.13/142A9/9, Mogals Garden, Chenbagaramanputhur, Thovalai Taluk, Kanyakumari district, Nagercoil-629304.",KANNIYAKUMARI,104,Not Available,Not Available,Not Available,Not Available,Not Available,Not Available,TNEA2025-01450,MECHANICAL ENGINEERING,me
3811,"M.I.E.T. Engineering College (Autonomous), Trichy - Pudukkottai Road, Gundur, Tiruchirappalli-620007.",TIRUCHIRAPPALLI,146.5,112,145,110,100,111,113.5,TNEA2025-01451,Artificial Intelligence and Data Science,ad
3811,"M.I.E.T. Engineering College (Autonomous), Trichy - Pudukkottai Road, Gundur, Tiruchirappalli-620007.",TIRUCHIRAPPALLI,97.5,112,145,110,100,111,113.5,TNEA2025-01452,BIO MEDICAL ENGINEERING,bm
3811,"M.I.E.T. Engineering College (Autonomous), Trichy - Pudukkottai Road, Gundur, Tiruchirappalli-620007.",TIRUCHIRAPPALLI,87.5,112,145,110,100,111,113.5,TNEA2025-01453,CIVIL ENGINEERING,ce
3811,"M.I.E.T. Engineering College (Autonomous), Trichy - Pudukkottai Road, Gundur, Tiruchirappalli-620007.",TIRUCHIRAPPALLI,125.5,89,95,99.5,84.5,111,113.5,TNEA2025-01454,COMPUTER SCIENCE AND ENGINEERING,cs
3811,"M.I.E.T. Engineering College (Autonomous), Trichy - Pudukkottai Road, Gundur, Tiruchirappalli-620007.",TIRUCHIRAPPALLI,86.5,89,95,99.5,84.5,111,113.5,TNEA2025-01455,ELECTRICAL AND ELECTRONICS ENGINEERING,ee
3811,"M.I.E.T. Engineering College (Autonomous), Trichy - Pudukkottai Road, Gundur, Tiruchirappalli-620007.",TIRUCHIRAPPALLI,117.5,96.5,117,103,84.5,111,113.5,TNEA2025-01456,ELECTRONICS AND COMMUNICATION ENGINEERING,ec
3811,"M.I.E.T. Engineering College (Autonomous), Trichy - Pudukkottai Road, Gundur, Tiruchirappalli-620007.",TIRUCHIRAPPALLI,122.5,88.5,94.5,95.5,89.5,111,113.5,TNEA2025-01457,INFORMATION TECHNOLOGY,it
3811,"M.I.E.T. Engineering College (Autonomous), Trichy - Pudukkottai Road, Gundur, Tiruchirappalli-620007.",TIRUCHIRAPPALLI,87,88.5,94.5,95.5,89.5,111,113.5,TNEA2025-01458,MECHANICAL ENGINEERING,me
2608,"M.Kumarasamy College of Engineering (Autonomous), Thalavapalayam Post, Punjai Thottakkurichi Village, Karur Tk, Karur-639113.",KARUR f,168.5,159,148.5,148.5,101.5,108,Not Available,TNEA2025-01459,Artificial Intelligence and Data Science,ad
2608,"M.Kumarasamy College of Engineering (Autonomous), Thalavapalayam Post, Punjai Thottakkurichi Village, Karur Tk, Karur-639113.",KARUR f,143.5,107,148.5,124,112,110,Not Available,TNEA2025-01460,CIVIL ENGINEERING,ce
2608,"M.Kumarasamy College of Engineering (Autonomous), Thalavapalayam Post, Punjai Thottakkurichi Village, Karur Tk, Karur-639113.",KARUR f,160.5,151,140,141.5,102,110,Not Available,TNEA2025-01461,COMPUTER SCIENCE AND BUSSINESS SYSTEM,cb
2608,"M.Kumarasamy College of Engineering (Autonomous), Thalavapalayam Post, Punjai Thottakkurichi Village, Karur Tk, Karur-639113.",KARUR f,174.5,169,130.5,155.5,95.5,108.5,Not Available,TNEA2025-01462,COMPUTER SCIENCE AND ENGINEERING,cs
2608,"M.Kumarasamy College of Engineering (Autonomous), Thalavapalayam Post, Punjai Thottakkurichi Village, Karur Tk, Karur-639113.",KARUR f,165,156.5,150,143.5,118.5,108.5,Not Available,TNEA2025-01463,COMPUTER SCIENCE AND ENGINEERING (AI AND MACHINE LEARNING),am
2608,"M.Kumarasamy College of Engineering (Autonomous), Thalavapalayam Post, Punjai Thottakkurichi Village, Karur Tk, Karur-639113.",KARUR f,145,136.5,100.5,120.5,118.5,108.5,Not Available,TNEA2025-01464,ELECTRICAL AND ELECTRONICS ENGINEERING,ee
2608,"M.Kumarasamy College of Engineering (Autonomous), Thalavapalayam Post, Punjai Thottakkurichi Village, Karur Tk, Karur-639113.",KARUR f,163.5,152.5,113,142,86,127,Not Available,TNEA2025-01465,ELECTRONICS AND COMMUNICATION ENGINEERING,ec
2608,"M.Kumarasamy College of Engineering (Autonomous), Thalavapalayam Post, Punjai Thottakkurichi Village, Karur Tk, Karur-639113.",KARUR f,152,137.5,113,118.5,86,127,Not Available,TNEA2025-01466,Electronics Engineering (VLSI Design and Technology),ev
2608,"M.Kumarasamy College of Engineering (Autonomous), Thalavapalayam Post, Punjai Thottakkurichi Village, Karur Tk, Karur-639113.",KARUR f,167.5,160.5,133.5,147.5,111.5,116.5,Not Available,TNEA2025-01467,INFORMATION TECHNOLOGY,it
2608,"M.Kumarasamy College of Engineering (Autonomous), Thalavapalayam Post, Punjai Thottakkurichi Village, Karur Tk, Karur-639113.",KARUR f,129.5,99,133.5,95,111.5,116.5,Not Available,TNEA2025-01468,MECHANICAL ENGINEERING,me
2713,"M.P.Nachimuthu M.Jaganathan Engineering College, Chennimalai, Erode-638112.",ERODE,105,86.5,Not Available,86.5,93,89,108,TNEA2025-01469,CIVIL ENGINEERING,ce
2713,"M.P.Nachimuthu M.Jaganathan Engineering College, Chennimalai, Erode-638112.",ERODE,132,86.5,Not Available,86.5,93,89,108,TNEA2025-01470,COMPUTER SCIENCE AND ENGINEERING,cs
2713,"M.P.Nachimuthu M.Jaganathan Engineering College, Chennimalai, Erode-638112.",ERODE,83.5,86.5,Not Available,86.5,93,89,108,TNEA2025-01471,ELECTRICAL AND ELECTRONICS ENGINEERING,ee
2713,"M.P.Nachimuthu M.Jaganathan Engineering College, Chennimalai, Erode-638112.",ERODE,116.5,102.5,Not Available,97,85,96.5,108,TNEA2025-01472,ELECTRONICS AND COMMUNICATION ENGINEERING,ec
2713,"M.P.Nachimuthu M.Jaganathan Engineering College, Chennimalai, Erode-638112.",ERODE,125.5,84.5,Not Available,80.5,90,106,106.5,TNEA2025-01473,INFORMATION TECHNOLOGY,it
2713,"M.P.Nachimuthu M.Jaganathan Engineering College, Chennimalai, Erode-638112.",ERODE,88.5,84.5,Not Available,80.5,80,106,106.5,TNEA2025-01474,MECHANICAL ENGINEERING,me
3923,"MNSK College of Engineering, Dhakshinapuram Village, Vallathirakottai (Post), Alangudi Taluk, Pudukkottai-622305.",PUDUKKOTTAI,96.5,Not Available,Not Available,Not Available,Not Available,Not Available,Not Available,TNEA2025-01475,AGRICULTURAL ENGINEERING,ag
3923,"MNSK College of Engineering, Dhakshinapuram Village, Vallathirakottai (Post), Alangudi Taluk, Pudukkottai-622305.",PUDUKKOTTAI,85,Not Available,Not Available,Not Available,Not Available,Not Available,Not Available,TNEA2025-01476,Artificial Intelligence and Data Science,ad
3923,"MNSK College of Engineering, Dhakshinapuram Village, Vallathirakottai (Post), Alangudi Taluk, Pudukkottai-622305.",PUDUKKOTTAI,85,Not Available,Not Available,Not Available,Not Available,Not Available,Not Available,TNEA2025-01477,CIVIL ENGINEERING,ce
3923,"MNSK College of Engineering, Dhakshinapuram Village, Vallathirakottai (Post), Alangudi Taluk, Pudukkottai-622305.",PUDUKKOTTAI,99.5,Not Available,Not Available,Not Available,Not Available,Not Available,Not Available,TNEA2025-01478,COMPUTER SCIENCE AND ENGINEERING,cs
3923,"MNSK College of Engineering, Dhakshinapuram Village, Vallathirakottai (Post), Alangudi Taluk, Pudukkottai-622305.",PUDUKKOTTAI,99.5,Not Available,Not Available,Not Available,Not Available,Not Available,Not Available,TNEA2025-01479,ELECTRICAL AND ELECTRONICS ENGINEERING,ee
3923,"MNSK College of Engineering, Dhakshinapuram Village, Vallathirakottai (Post), Alangudi Taluk, Pudukkottai-622305.",PUDUKKOTTAI,99.5,Not Available,Not Available,Not Available,Not Available,Not Available,Not Available,TNEA2025-01480,ELECTRONICS AND COMMUNICATION ENGINEERING,ec
3923,"MNSK College of Engineering, Dhakshinapuram Village, Vallathirakottai (Post), Alangudi Taluk, Pudukkottai-622305.",PUDUKKOTTAI,99.5,Not Available,Not Available,Not Available,Not Available,Not Available,Not Available,TNEA2025-01481,MECHANICAL ENGINEERING,me
3843,"MRK Institute of Technology, Nattarmangalam Post, Kattumannarkoil, Cuddalore-608301.",CUDDALORE,155,109.5,135,124.5,134,Not Available,Not Available,TNEA2025-01482,Artificial Intelligence and Data Science,ad
3843,"MRK Institute of Technology, Nattarmangalam Post, Kattumannarkoil, Cuddalore-608301.",CUDDALORE,114,109.5,135,87.5,134,Not Available,Not Available,TNEA2025-01483,CIVIL ENGINEERING,ce
3843,"MRK Institute of Technology, Nattarmangalam Post, Kattumannarkoil, Cuddalore-608301.",CUDDALORE,142,114,135,127.5,108.5,Not Available,Not Available,TNEA2025-01484,COMPUTER SCIENCE AND ENGINEERING,cs
3843,"MRK Institute of Technology, Nattarmangalam Post, Kattumannarkoil, Cuddalore-608301.",CUDDALORE,128.5,102.5,135,119,108.5,Not Available,Not Available,TNEA2025-01485,COMPUTER SCIENCE AND ENGINEERING (AI AND MACHINE LEARNING),am
3843,"MRK Institute of Technology, Nattarmangalam Post, Kattumannarkoil, Cuddalore-608301.",CUDDALORE,133.5,86.5,135,92.5,95,Not Available,Not Available,TNEA2025-01486,ELECTRICAL AND ELECTRONICS ENGINEERING,ee
3843,"MRK Institute of Technology, Nattarmangalam Post, Kattumannarkoil, Cuddalore-608301.",CUDDALORE,124.5,97.5,101,102,106.5,Not Available,Not Available,TNEA2025-01487,ELECTRONICS AND COMMUNICATION ENGINEERING,ec
3843,"MRK Institute of Technology, Nattarmangalam Post, Kattumannarkoil, Cuddalore-608301.",CUDDALORE,151.5,105.5,141,132,132.5,Not Available,Not Available,TNEA2025-01488,INFORMATION TECHNOLOGY,it
3843,"MRK Institute of Technology, Nattarmangalam Post, Kattumannarkoil, Cuddalore-608301.",CUDDALORE,112,108.5,108.5,95,91,Not Available,Not Available,TNEA2025-01489,MECHANICAL ENGINEERING,me
1411,"Madha Engineering College, Madha Nagar, Somangalam Road, Kundrathur, Kanchipuram, Chennai-600069.",KANCHIPURAM,110.5,129.5,124,118.5,113,Not Available,Not Available,TNEA2025-01490,AERONAUTICAL ENGINEERING,ae
1411,"Madha Engineering College, Madha Nagar, Somangalam Road, Kundrathur, Kanchipuram, Chennai-600069.",KANCHIPURAM,150.5,129.5,124,118.5,113,Not Available,Not Available,TNEA2025-01491,Artificial Intelligence and Data Science,ad
1411,"Madha Engineering College, Madha Nagar, Somangalam Road, Kundrathur, Kanchipuram, Chennai-600069.",KANCHIPURAM,124.5,129.5,124,86,104,Not Available,Not Available,TNEA2025-01492,BIO MEDICAL ENGINEERING,bm
1411,"Madha Engineering College, Madha Nagar, Somangalam Road, Kundrathur, Kanchipuram, Chennai-600069.",KANCHIPURAM,125,121,124,107.5,115.5,Not Available,Not Available,TNEA2025-01493,BIO TECHNOLOGY,bt
1411,"Madha Engineering College, Madha Nagar, Somangalam Road, Kundrathur, Kanchipuram, Chennai-600069.",KANCHIPURAM,98,121,124,107.5,115.5,Not Available,Not Available,TNEA2025-01494,COMPUTER SCIENCE AND BUSSINESS SYSTEM,cb
1411,"Madha Engineering College, Madha Nagar, Somangalam Road, Kundrathur, Kanchipuram, Chennai-600069.",KANCHIPURAM,141,93,124,98.5,119,Not Available,Not Available,TNEA2025-01495,COMPUTER SCIENCE AND ENGINEERING,cs
1411,"Madha Engineering College, Madha Nagar, Somangalam Road, Kundrathur, Kanchipuram, Chennai-600069.",KANCHIPURAM,125,100.5,124,98.5,119,Not Available,Not Available,TNEA2025-01496,COMPUTER SCIENCE AND ENGINEERING (AI AND MACHINE LEARNING),am
1411,"Madha Engineering College, Madha Nagar, Somangalam Road, Kundrathur, Kanchipuram, Chennai-600069.",KANCHIPURAM,90.5,100.5,124,98.5,119,Not Available,Not Available,TNEA2025-01497,ELECTRICAL AND ELECTRONICS ENGINEERING,ee
1411,"Madha Engineering College, Madha Nagar, Somangalam Road, Kundrathur, Kanchipuram, Chennai-600069.",KANCHIPURAM,118,94.5,124,105,119,Not Available,Not Available,TNEA2025-01498,ELECTRONICS AND COMMUNICATION ENGINEERING,ec
1411,"Madha Engineering College, Madha Nagar, Somangalam Road, Kundrathur, Kanchipuram, Chennai-600069.",KANCHIPURAM,134.5,118,124,117.5,100.5,Not Available,Not Available,TNEA2025-01499,INFORMATION TECHNOLOGY,it
1411,"Madha Engineering College, Madha Nagar, Somangalam Road, Kundrathur, Kanchipuram, Chennai-600069.",KANCHIPURAM,92,118,124,117.5,100.5,Not Available,Not Available,TNEA2025-01500,MECHANICAL ENGINEERING,me
1243,"Madha Institute of Engineering and Technology, Irandaam Kattalai, Sadhananthapuram, Thandalam post, Chennai-600122.",KANCHIPURAM,111.5,84.5,Not Available,94,83.5,Not Available,Not Available,TNEA2025-01501,Artificial Intelligence and Data Science,ad
1243,"Madha Institute of Engineering and Technology, Irandaam Kattalai, Sadhananthapuram, Thandalam post, Chennai-600122.",KANCHIPURAM,111.5,84.5,Not Available,94,83.5,Not Available,Not Available,TNEA2025-01502,CIVIL ENGINEERING,ce
1243,"Madha Institute of Engineering and Technology, Irandaam Kattalai, Sadhananthapuram, Thandalam post, Chennai-600122.",KANCHIPURAM,103.5,102.5,Not Available,94,100.5,Not Available,Not Available,TNEA2025-01503,COMPUTER SCIENCE AND ENGINEERING,cs
1243,"Madha Institute of Engineering and Technology, Irandaam Kattalai, Sadhananthapuram, Thandalam post, Chennai-600122.",KANCHIPURAM,103.5,102.5,Not Available,94,100.5,Not Available,Not Available,TNEA2025-01504,Computer Science and Engineering (Cyber Security),sc
1243,"Madha Institute of Engineering and Technology, Irandaam Kattalai, Sadhananthapuram, Thandalam post, Chennai-600122.",KANCHIPURAM,103.5,102.5,Not Available,94,100.5,Not Available,Not Available,TNEA2025-01505,ELECTRICAL AND ELECTRONICS ENGINEERING,ee
1243,"Madha Institute of Engineering and Technology, Irandaam Kattalai, Sadhananthapuram, Thandalam post, Chennai-600122.",KANCHIPURAM,97,102.5,Not Available,94,100.5,Not Available,Not Available,TNEA2025-01506,ELECTRONICS AND COMMUNICATION ENGINEERING,ec
1243,"Madha Institute of Engineering and Technology, Irandaam Kattalai, Sadhananthapuram, Thandalam post, Chennai-600122.",KANCHIPURAM,84,102.5,Not Available,94,100.5,Not Available,Not Available,TNEA2025-01507,INFORMATION TECHNOLOGY,it
1243,"Madha Institute of Engineering and Technology, Irandaam Kattalai, Sadhananthapuram, Thandalam post, Chennai-600122.",KANCHIPURAM,84,102.5,Not Available,94,100.5,Not Available,Not Available,TNEA2025-01508,MECHANICAL ENGINEERING,me
1430,"Maha Barathi Engineering College, A. Vasudevanur (post), Chinnasalem, Kallakurichi (Taluk), Villupuram-606201.",KALLAKURICHI fr,108.5,99,92.5,97.5,80.5,101,Not Available,TNEA2025-01509,Artificial Intelligence and Data Science,ad
1430,"Maha Barathi Engineering College, A. Vasudevanur (post), Chinnasalem, Kallakurichi (Taluk), Villupuram-606201.",KALLAKURICHI fr,86,99,92.5,97.5,80.5,101,Not Available,TNEA2025-01510,CIVIL ENGINEERING,ce
1430,"Maha Barathi Engineering College, A. Vasudevanur (post), Chinnasalem, Kallakurichi (Taluk), Villupuram-606201.",KALLAKURICHI fr,99.5,89.5,92.5,87.5,84.5,92,Not Available,TNEA2025-01511,COMPUTER SCIENCE AND ENGINEERING,cs
1430,"Maha Barathi Engineering College, A. Vasudevanur (post), Chinnasalem, Kallakurichi (Taluk), Villupuram-606201.",KALLAKURICHI fr,107,89.5,92.5,99,98.5,87,Not Available,TNEA2025-01512,ELECTRICAL AND ELECTRONICS ENGINEERING,ee
1430,"Maha Barathi Engineering College, A. Vasudevanur (post), Chinnasalem, Kallakurichi (Taluk), Villupuram-606201.",KALLAKURICHI fr,122.5,87,92.5,86.5,99.5,105,Not Available,TNEA2025-01513,ELECTRONICS AND COMMUNICATION ENGINEERING,ec
1430,"Maha Barathi Engineering College, A. Vasudevanur (post), Chinnasalem, Kallakurichi (Taluk), Villupuram-606201.",KALLAKURICHI fr,104.5,87,92.5,88,86,84,Not Available,TNEA2025-01514,MECHANICAL ENGINEERING,me
4998,"Mahakavi Bharathiyar College of Engineering and Technology, Kovil Nagar, Vasudevanallur, Sivagiri Taluk, Tirunelveli District -627758.",TENKASI fr,87.5,Not Available,Not Available,Not Available,Not Available,Not Available,Not Available,TNEA2025-01515,CIVIL ENGINEERING,ce
4998,"Mahakavi Bharathiyar College of Engineering and Technology, Kovil Nagar, Vasudevanallur, Sivagiri Taluk, Tirunelveli District -627758.",TENKASI fr,87.5,Not Available,Not Available,Not Available,Not Available,Not Available,Not Available,TNEA2025-01516,COMPUTER SCIENCE AND ENGINEERING,cs
4998,"Mahakavi Bharathiyar College of Engineering and Technology, Kovil Nagar, Vasudevanallur, Sivagiri Taluk, Tirunelveli District -627758.",TENKASI fr,87.5,Not Available,Not Available,Not Available,Not Available,Not Available,Not Available,TNEA2025-01517,ELECTRICAL AND ELECTRONICS ENGINEERING,ee
4998,"Mahakavi Bharathiyar College of Engineering and Technology, Kovil Nagar, Vasudevanallur, Sivagiri Taluk, Tirunelveli District -627758.",TENKASI fr,87.5,Not Available,Not Available,Not Available,Not Available,Not Available,Not Available,TNEA2025-01518,ELECTRONICS AND COMMUNICATION ENGINEERING,ec
4998,"Mahakavi Bharathiyar College of Engineering and Technology, Kovil Nagar, Vasudevanallur, Sivagiri Taluk, Tirunelveli District -627758.",TENKASI fr,87.5,Not Available,Not Available,Not Available,Not Available,Not Available,Not Available,TNEA2025-01519,MECHANICAL ENGINEERING,me
1339,"Mahalakshmi Tech Campus (formerly Mahalakshmi Engineering College), No.1 Bharathiyar Street, Prashanthi Nagar, Chromepet, Chennai-600044.",Chennai,107,Not Available,Not Available,Not Available,Not Available,Not Available,Not Available,TNEA2025-01520,Artificial Intelligence and Data Science,ad
1339,"Mahalakshmi Tech Campus (formerly Mahalakshmi Engineering College), No.1 Bharathiyar Street, Prashanthi Nagar, Chromepet, Chennai-600044.",Chennai,107,Not Available,Not Available,Not Available,Not Available,Not Available,Not Available,TNEA2025-01521,CIVIL ENGINEERING,ce
1339,"Mahalakshmi Tech Campus (formerly Mahalakshmi Engineering College), No.1 Bharathiyar Street, Prashanthi Nagar, Chromepet, Chennai-600044.",Chennai,85,Not Available,Not Available,Not Available,Not Available,Not Available,Not Available,TNEA2025-01522,COMPUTER SCIENCE AND ENGINEERING,cs
1339,"Mahalakshmi Tech Campus (formerly Mahalakshmi Engineering College), No.1 Bharathiyar Street, Prashanthi Nagar, Chromepet, Chennai-600044.",Chennai,85,Not Available,Not Available,Not Available,Not Available,Not Available,Not Available,TNEA2025-01523,ELECTRICAL AND ELECTRONICS ENGINEERING,ee
1339,"Mahalakshmi Tech Campus (formerly Mahalakshmi Engineering College), No.1 Bharathiyar Street, Prashanthi Nagar, Chromepet, Chennai-600044.",Chennai,162,Not Available,Not Available,Not Available,Not Available,Not Available,Not Available,TNEA2025-01524,ELECTRONICS AND COMMUNICATION ENGINEERING,ec
1339,"Mahalakshmi Tech Campus (formerly Mahalakshmi Engineering College), No.1 Bharathiyar Street, Prashanthi Nagar, Chromepet, Chennai-600044.",Chennai,162,Not Available,Not Available,Not Available,Not Available,Not Available,Not Available,TNEA2025-01525,MECHANICAL ENGINEERING,me
3854,"Mahath Amma Institute of Engineering and Technology, Ariyur, Mathiyanaloor-Post, Annavasal Road, Illupur Taluk, Pudukkottai-622101.",PUDUKKOTTAI,87.5,88.5,Not Available,Not Available,Not Available,Not Available,Not Available,TNEA2025-01526,AGRICULTURAL ENGINEERING,ag
3854,"Mahath Amma Institute of Engineering and Technology, Ariyur, Mathiyanaloor-Post, Annavasal Road, Illupur Taluk, Pudukkottai-622101.",PUDUKKOTTAI,101,88.5,Not Available,Not Available,Not Available,Not Available,Not Available,TNEA2025-01527,Artificial Intelligence and Data Science,ad
3854,"Mahath Amma Institute of Engineering and Technology, Ariyur, Mathiyanaloor-Post, Annavasal Road, Illupur Taluk, Pudukkottai-622101.",PUDUKKOTTAI,101,88.5,Not Available,Not Available,Not Available,Not Available,Not Available,TNEA2025-01528,CIVIL ENGINEERING,ce
3854,"Mahath Amma Institute of Engineering and Technology, Ariyur, Mathiyanaloor-Post, Annavasal Road, Illupur Taluk, Pudukkottai-622101.",PUDUKKOTTAI,80,88.5,Not Available,Not Available,Not Available,Not Available,Not Available,TNEA2025-01529,COMPUTER SCIENCE AND ENGINEERING,cs
3854,"Mahath Amma Institute of Engineering and Technology, Ariyur, Mathiyanaloor-Post, Annavasal Road, Illupur Taluk, Pudukkottai-622101.",PUDUKKOTTAI,93.5,88.5,Not Available,Not Available,Not Available,Not Available,Not Available,TNEA2025-01530,Computer Science and Engineering (Cyber Security),sc
3854,"Mahath Amma Institute of Engineering and Technology, Ariyur, Mathiyanaloor-Post, Annavasal Road, Illupur Taluk, Pudukkottai-622101.",PUDUKKOTTAI,97,88.5,Not Available,Not Available,Not Available,Not Available,Not Available,TNEA2025-01531,ELECTRICAL AND ELECTRONICS ENGINEERING,ee
3854,"Mahath Amma Institute of Engineering and Technology, Ariyur, Mathiyanaloor-Post, Annavasal Road, Illupur Taluk, Pudukkottai-622101.",PUDUKKOTTAI,89,88.5,Not Available,Not Available,Not Available,Not Available,Not Available,TNEA2025-01532,INFORMATION TECHNOLOGY,it
3854,"Mahath Amma Institute of Engineering and Technology, Ariyur, Mathiyanaloor-Post, Annavasal Road, Illupur Taluk, Pudukkottai-622101.",PUDUKKOTTAI,90.5,88.5,Not Available,Not Available,Not Available,Not Available,Not Available,TNEA2025-01533,MECHANICAL ENGINEERING,me
2623,"Mahendra College of Engineering, 12th KM Attur Main Road, Minnampalli, Salem-636106.",SALEM,132.5,92,106,103,105.5,107.5,95,TNEA2025-01534,Artificial Intelligence and Data Science,ad
2623,"Mahendra College of Engineering, 12th KM Attur Main Road, Minnampalli, Salem-636106.",SALEM,110.5,89,108,99,105,107.5,95,TNEA2025-01535,BIO MEDICAL ENGINEERING,bm
2623,"Mahendra College of Engineering, 12th KM Attur Main Road, Minnampalli, Salem-636106.",SALEM,130,93,92,108,92.5,107.5,95,TNEA2025-01536,COMPUTER SCIENCE AND ENGINEERING,cs
2623,"Mahendra College of Engineering, 12th KM Attur Main Road, Minnampalli, Salem-636106.",SALEM,138.5,105.5,112.5,127.5,91,115.5,95,TNEA2025-01537,ELECTRONICS AND COMMUNICATION ENGINEERING,ec
2623,"Mahendra College of Engineering, 12th KM Attur Main Road, Minnampalli, Salem-636106.",SALEM,124.5,80.5,100,107.5,89,115.5,95,TNEA2025-01538,INFORMATION TECHNOLOGY,it
2609,"Mahendra Engineering College (Autonomous), Mahendhirapuri, Mallasamudram West, Vadugapalayam Post, Tiruchengodu Taluk, Namakkal District-637503.",NAMAKKAL,116,89,115.5,100,103.5,116,104.5,TNEA2025-01539,AERONAUTICAL ENGINEERING,ae
2609,"Mahendra Engineering College (Autonomous), Mahendhirapuri, Mallasamudram West, Vadugapalayam Post, Tiruchengodu Taluk, Namakkal District-637503.",NAMAKKAL,121,80,115.5,96,103.5,116,104.5,TNEA2025-01540,AGRICULTURAL ENGINEERING,ag
2609,"Mahendra Engineering College (Autonomous), Mahendhirapuri, Mallasamudram West, Vadugapalayam Post, Tiruchengodu Taluk, Namakkal District-637503.",NAMAKKAL,145.5,117.5,116.5,122,94.5,116,99,TNEA2025-01541,Artificial Intelligence and Data Science,ad
2609,"Mahendra Engineering College (Autonomous), Mahendhirapuri, Mallasamudram West, Vadugapalayam Post, Tiruchengodu Taluk, Namakkal District-637503.",NAMAKKAL,96.5,87.5,116.5,86,94.5,116,99,TNEA2025-01542,CIVIL ENGINEERING,ce
2609,"Mahendra Engineering College (Autonomous), Mahendhirapuri, Mallasamudram West, Vadugapalayam Post, Tiruchengodu Taluk, Namakkal District-637503.",NAMAKKAL,147,131.5,83,132.5,90.5,104.5,108.5,TNEA2025-01543,COMPUTER SCIENCE AND ENGINEERING,cs
2609,"Mahendra Engineering College (Autonomous), Mahendhirapuri, Mallasamudram West, Vadugapalayam Post, Tiruchengodu Taluk, Namakkal District-637503.",NAMAKKAL,130,115.5,87,116,80.5,98,83,TNEA2025-01544,Cyber Security,cy
2609,"Mahendra Engineering College (Autonomous), Mahendhirapuri, Mallasamudram West, Vadugapalayam Post, Tiruchengodu Taluk, Namakkal District-637503.",NAMAKKAL,115,92.5,82,101.5,83,95,83,TNEA2025-01545,ELECTRICAL AND ELECTRONICS ENGINEERING,ee
2609,"Mahendra Engineering College (Autonomous), Mahendhirapuri, Mallasamudram West, Vadugapalayam Post, Tiruchengodu Taluk, Namakkal District-637503.",NAMAKKAL,136.5,118.5,100,116,82.5,103.5,83,TNEA2025-01546,ELECTRONICS AND COMMUNICATION ENGINEERING,ec
2609,"Mahendra Engineering College (Autonomous), Mahendhirapuri, Mallasamudram West, Vadugapalayam Post, Tiruchengodu Taluk, Namakkal District-637503.",NAMAKKAL,144.5,116.5,101,135.5,115,112.5,83,TNEA2025-01547,INFORMATION TECHNOLOGY,it
2609,"Mahendra Engineering College (Autonomous), Mahendhirapuri, Mallasamudram West, Vadugapalayam Post, Tiruchengodu Taluk, Namakkal District-637503.",NAMAKKAL,122,93,95.5,100.5,94,97.5,83,TNEA2025-01548,MECHANICAL ENGINEERING,me
2609,"Mahendra Engineering College (Autonomous), Mahendhirapuri, Mallasamudram West, Vadugapalayam Post, Tiruchengodu Taluk, Namakkal District-637503.",NAMAKKAL,111,91.5,95.5,98,89.5,97.5,83,TNEA2025-01549,Mechatronics Engineering,mz
2609,"Mahendra Engineering College (Autonomous), Mahendhirapuri, Mallasamudram West, Vadugapalayam Post, Tiruchengodu Taluk, Namakkal District-637503.",NAMAKKAL,108,94.5,95.5,85,102,101,83,TNEA2025-01550,PHARMACEUTICAL TECHNOLOGY,ph
2638,"Mahendra Engineering College for Women, Komaramanagalam Post, Tiruchengode Taluk, Namakkal District-637205.",NAMAKKAL,109,86.5,Not Available,91,85,Not Available,Not Available,TNEA2025-01551,COMPUTER SCIENCE AND ENGINEERING,cs
2638,"Mahendra Engineering College for Women, Komaramanagalam Post, Tiruchengode Taluk, Namakkal District-637205.",NAMAKKAL,98.5,86.5,Not Available,91,85,Not Available,Not Available,TNEA2025-01552,ELECTRICAL AND ELECTRONICS ENGINEERING,ee
2638,"Mahendra Engineering College for Women, Komaramanagalam Post, Tiruchengode Taluk, Namakkal District-637205.",NAMAKKAL,97.5,95.5,Not Available,83,86,Not Available,Not Available,TNEA2025-01553,INFORMATION TECHNOLOGY,it
2632,"Mahendra Institute of Technology (Autonomous), Mahendhirapuri, Mallasamudram West, Vadugapalayam Post, Tiruchengodu Taluk, Namakkal District-637503.",NAMAKKAL,124.5,98,84,109,109,118,91.5,TNEA2025-01554,BIO MEDICAL ENGINEERING,bm
2632,"Mahendra Institute of Technology (Autonomous), Mahendhirapuri, Mallasamudram West, Vadugapalayam Post, Tiruchengodu Taluk, Namakkal District-637503.",NAMAKKAL,132.5,105.5,84,116.5,82,87,91.5,TNEA2025-01555,COMPUTER SCIENCE AND ENGINEERING,cs
2632,"Mahendra Institute of Technology (Autonomous), Mahendhirapuri, Mallasamudram West, Vadugapalayam Post, Tiruchengodu Taluk, Namakkal District-637503.",NAMAKKAL,125.5,90.5,84,113.5,82,87.5,91.5,TNEA2025-01556,COMPUTER SCIENCE AND ENGINEERING (AI AND MACHINE LEARNING),am
2632,"Mahendra Institute of Technology (Autonomous), Mahendhirapuri, Mallasamudram West, Vadugapalayam Post, Tiruchengodu Taluk, Namakkal District-637503.",NAMAKKAL,119,88.5,84,106.5,87.5,87.5,91.5,TNEA2025-01557,ELECTRICAL AND ELECTRONICS ENGINEERING,ee
2632,"Mahendra Institute of Technology (Autonomous), Mahendhirapuri, Mallasamudram West, Vadugapalayam Post, Tiruchengodu Taluk, Namakkal District-637503.",NAMAKKAL,145.5,124,122.5,122,107.5,110,94.5,TNEA2025-01558,ELECTRONICS AND COMMUNICATION ENGINEERING,ec
2632,"Mahendra Institute of Technology (Autonomous), Mahendhirapuri, Mallasamudram West, Vadugapalayam Post, Tiruchengodu Taluk, Namakkal District-637503.",NAMAKKAL,131,110,86.5,121.5,96.5,121.5,94.5,TNEA2025-01559,INFORMATION TECHNOLOGY,it
1412,"Mailam Engineering College, Mailam, Tindivanam Taluk, Villupuram District-604304.",VILUPPURAM,163.5,131.5,124,143.5,93,106.5,Not Available,TNEA2025-01560,Artificial Intelligence and Data Science,ad
1412,"Mailam Engineering College, Mailam, Tindivanam Taluk, Villupuram District-604304.",VILUPPURAM,101.5,85.5,124,87,85,106.5,Not Available,TNEA2025-01561,CIVIL ENGINEERING,ce
1412,"Mailam Engineering College, Mailam, Tindivanam Taluk, Villupuram District-604304.",VILUPPURAM,136.5,106,119,133,93.5,106.5,Not Available,TNEA2025-01562,COMPUTER SCIENCE AND BUSSINESS SYSTEM,cb
1412,"Mailam Engineering College, Mailam, Tindivanam Taluk, Villupuram District-604304.",VILUPPURAM,163.5,141.5,132,148,134.5,106.5,Not Available,TNEA2025-01563,COMPUTER SCIENCE AND ENGINEERING,cs
1412,"Mailam Engineering College, Mailam, Tindivanam Taluk, Villupuram District-604304.",VILUPPURAM,128,91,132,115.5,85.5,106.5,Not Available,TNEA2025-01564,ELECTRICAL AND ELECTRONICS ENGINEERING,ee
1412,"Mailam Engineering College, Mailam, Tindivanam Taluk, Villupuram District-604304.",VILUPPURAM,142.5,96.5,108,136,87,106.5,Not Available,TNEA2025-01565,ELECTRONICS AND COMMUNICATION ENGINEERING,ec
1412,"Mailam Engineering College, Mailam, Tindivanam Taluk, Villupuram District-604304.",VILUPPURAM,155,124.5,131.5,142.5,131,106.5,Not Available,TNEA2025-01566,INFORMATION TECHNOLOGY,it
1412,"Mailam Engineering College, Mailam, Tindivanam Taluk, Villupuram District-604304.",VILUPPURAM,97.5,124.5,131.5,85,82.5,106.5,Not Available,TNEA2025-01567,MECHANICAL ENGINEERING,me
5536,"Mangayarkarasi College of Engineering, 7-1-139, 1st Street, Mangayarkarasi Nagar, Paravai, Madurai-625402.",MADURAI,119,83.5,87.5,84,92.5,88.5,Not Available,TNEA2025-01568,AGRICULTURAL ENGINEERING,ag
5536,"Mangayarkarasi College of Engineering, 7-1-139, 1st Street, Mangayarkarasi Nagar, Paravai, Madurai-625402.",MADURAI,156.5,132.5,103.5,100,100.5,107.5,Not Available,TNEA2025-01569,COMPUTER SCIENCE AND ENGINEERING,cs
5536,"Mangayarkarasi College of Engineering, 7-1-139, 1st Street, Mangayarkarasi Nagar, Paravai, Madurai-625402.",MADURAI,147.5,119,124.5,120.5,110.5,129,Not Available,TNEA2025-01570,COMPUTER SCIENCE AND ENGINEERING (AI AND MACHINE LEARNING),am
5536,"Mangayarkarasi College of Engineering, 7-1-139, 1st Street, Mangayarkarasi Nagar, Paravai, Madurai-625402.",MADURAI,115.5,92.5,108,93,87,95,Not Available,TNEA2025-01571,ELECTRICAL AND ELECTRONICS ENGINEERING,ee
5536,"Mangayarkarasi College of Engineering, 7-1-139, 1st Street, Mangayarkarasi Nagar, Paravai, Madurai-625402.",MADURAI,132,115,120.5,101,104,126,Not Available,TNEA2025-01572,ELECTRONICS AND COMMUNICATION ENGINEERING,ec
5536,"Mangayarkarasi College of Engineering, 7-1-139, 1st Street, Mangayarkarasi Nagar, Paravai, Madurai-625402.",MADURAI,93.5,92.5,84,87.5,88.5,126,Not Available,TNEA2025-01573,MECHANICAL ENGINEERING,me
4928,"Mar Ephraem College of Engineering and Technology, Malankara Hills, Elavuvillai, Kanyakumari-629171.",KANNIYAKUMARI,134.5,105,Not Available,89,121.5,Not Available,Not Available,TNEA2025-01574,Artificial Intelligence and Data Science,ad
4928,"Mar Ephraem College of Engineering and Technology, Malankara Hills, Elavuvillai, Kanyakumari-629171.",KANNIYAKUMARI,92.5,105,Not Available,89,121.5,Not Available,Not Available,TNEA2025-01575,CIVIL ENGINEERING,ce
4928,"Mar Ephraem College of Engineering and Technology, Malankara Hills, Elavuvillai, Kanyakumari-629171.",KANNIYAKUMARI,137,108,Not Available,97.5,121.5,Not Available,Not Available,TNEA2025-01576,COMPUTER SCIENCE AND ENGINEERING,cs
4928,"Mar Ephraem College of Engineering and Technology, Malankara Hills, Elavuvillai, Kanyakumari-629171.",KANNIYAKUMARI,91.5,108,Not Available,97.5,121.5,Not Available,Not Available,TNEA2025-01577,ELECTRICAL AND ELECTRONICS ENGINEERING,ee
4928,"Mar Ephraem College of Engineering and Technology, Malankara Hills, Elavuvillai, Kanyakumari-629171.",KANNIYAKUMARI,105,94,Not Available,96,121.5,Not Available,Not Available,TNEA2025-01578,ELECTRONICS AND COMMUNICATION ENGINEERING,ec
4928,"Mar Ephraem College of Engineering and Technology, Malankara Hills, Elavuvillai, Kanyakumari-629171.",KANNIYAKUMARI,105.5,85,Not Available,96,121.5,Not Available,Not Available,TNEA2025-01579,MECHANICAL ENGINEERING,me
4927,"Maria College of Engineering and Technology, Attoor Puliyamoodu Junction, Thiruvattar P.O, Attoor, Kanyakumari-629177.",KANNIYAKUMARI,113.5,86.5,86,Not Available,Not Available,Not Available,Not Available,TNEA2025-01580,AUTOMOBILE ENGINEERING,au
4927,"Maria College of Engineering and Technology, Attoor Puliyamoodu Junction, Thiruvattar P.O, Attoor, Kanyakumari-629177.",KANNIYAKUMARI,113.5,86.5,86,Not Available,Not Available,Not Available,Not Available,TNEA2025-01581,CIVIL ENGINEERING,ce
4927,"Maria College of Engineering and Technology, Attoor Puliyamoodu Junction, Thiruvattar P.O, Attoor, Kanyakumari-629177.",KANNIYAKUMARI,113.5,86.5,86,Not Available,Not Available,Not Available,Not Available,TNEA2025-01582,COMPUTER SCIENCE AND ENGINEERING,cs
4927,"Maria College of Engineering and Technology, Attoor Puliyamoodu Junction, Thiruvattar P.O, Attoor, Kanyakumari-629177.",KANNIYAKUMARI,101,86.5,86,Not Available,Not Available,Not Available,Not Available,TNEA2025-01583,ELECTRICAL AND ELECTRONICS ENGINEERING,ee
4927,"Maria College of Engineering and Technology, Attoor Puliyamoodu Junction, Thiruvattar P.O, Attoor, Kanyakumari-629177.",KANNIYAKUMARI,101,86.5,86,Not Available,Not Available,Not Available,Not Available,TNEA2025-01584,ELECTRONICS AND COMMUNICATION ENGINEERING,ec
4927,"Maria College of Engineering and Technology, Attoor Puliyamoodu Junction, Thiruvattar P.O, Attoor, Kanyakumari-629177.",KANNIYAKUMARI,95.5,86.5,86,Not Available,Not Available,Not Available,Not Available,TNEA2025-01585,MECHANICAL ENGINEERING,me
4984,"Marthandam College of Engineering and Technology, P.M.Village Road, Kuttakuzhi, Veeyannoor Post, Marthandam, Kanyakumari District-629177.",KANNIYAKUMARI,97.5,Not Available,Not Available,Not Available,Not Available,Not Available,Not Available,TNEA2025-01586,Artificial Intelligence and Data Science,ad
4984,"Marthandam College of Engineering and Technology, P.M.Village Road, Kuttakuzhi, Veeyannoor Post, Marthandam, Kanyakumari District-629177.",KANNIYAKUMARI,97.5,Not Available,Not Available,Not Available,Not Available,Not Available,Not Available,TNEA2025-01587,CIVIL ENGINEERING,ce
4984,"Marthandam College of Engineering and Technology, P.M.Village Road, Kuttakuzhi, Veeyannoor Post, Marthandam, Kanyakumari District-629177.",KANNIYAKUMARI,89.5,Not Available,Not Available,Not Available,Not Available,Not Available,Not Available,TNEA2025-01588,COMPUTER SCIENCE AND ENGINEERING,cs
4984,"Marthandam College of Engineering and Technology, P.M.Village Road, Kuttakuzhi, Veeyannoor Post, Marthandam, Kanyakumari District-629177.",KANNIYAKUMARI,89.5,Not Available,Not Available,Not Available,Not Available,Not Available,Not Available,TNEA2025-01589,ELECTRICAL AND ELECTRONICS ENGINEERING,ee
4984,"Marthandam College of Engineering and Technology, P.M.Village Road, Kuttakuzhi, Veeyannoor Post, Marthandam, Kanyakumari District-629177.",KANNIYAKUMARI,97.5,Not Available,Not Available,Not Available,Not Available,Not Available,Not Available,TNEA2025-01590,ELECTRONICS AND COMMUNICATION ENGINEERING,ec
4984,"Marthandam College of Engineering and Technology, P.M.Village Road, Kuttakuzhi, Veeyannoor Post, Marthandam, Kanyakumari District-629177.",KANNIYAKUMARI,91.5,Not Available,Not Available,Not Available,Not Available,Not Available,Not Available,TNEA2025-01591,INFORMATION TECHNOLOGY,it
4984,"Marthandam College of Engineering and Technology, P.M.Village Road, Kuttakuzhi, Veeyannoor Post, Marthandam, Kanyakumari District-629177.",KANNIYAKUMARI,83.5,Not Available,Not Available,Not Available,Not Available,Not Available,Not Available,TNEA2025-01592,MECHANICAL ENGINEERING,me
1509,"Meenakshi College of Engineering, 12, Vembuli Amman Koil Street, West K K Nagar, Chennai-600078.",CHENNAI,157,143.5,135,150.5,127.5,107.5,Not Available,TNEA2025-01593,Artificial Intelligence and Data Science,ad
1509,"Meenakshi College of Engineering, 12, Vembuli Amman Koil Street, West K K Nagar, Chennai-600078.",CHENNAI,119.5,143.5,135,150.5,127.5,107.5,Not Available,TNEA2025-01594,CIVIL ENGINEERING,ce
1509,"Meenakshi College of Engineering, 12, Vembuli Amman Koil Street, West K K Nagar, Chennai-600078.",CHENNAI,155.5,136,147.5,142,114,99.5,Not Available,TNEA2025-01595,COMPUTER SCIENCE AND ENGINEERING,cs
1509,"Meenakshi College of Engineering, 12, Vembuli Amman Koil Street, West K K Nagar, Chennai-600078.",CHENNAI,140.5,125,131,127.5,108.5,109,Not Available,TNEA2025-01596,COMPUTER SCIENCE AND ENGINEERING (AI AND MACHINE LEARNING),am
1509,"Meenakshi College of Engineering, 12, Vembuli Amman Koil Street, West K K Nagar, Chennai-600078.",CHENNAI,111.5,125,131,127.5,108.5,109,Not Available,TNEA2025-01597,ELECTRICAL AND ELECTRONICS ENGINEERING,ee
1509,"Meenakshi College of Engineering, 12, Vembuli Amman Koil Street, West K K Nagar, Chennai-600078.",CHENNAI,130.5,100.5,131,87,102,109,Not Available,TNEA2025-01598,ELECTRONICS AND COMMUNICATION ENGINEERING,ec
1509,"Meenakshi College of Engineering, 12, Vembuli Amman Koil Street, West K K Nagar, Chennai-600078.",CHENNAI,87,100.5,131,87,102,109,Not Available,TNEA2025-01599,ELECTRONICS AND INSTRUMENTATION ENGINEERING,ei
1509,"Meenakshi College of Engineering, 12, Vembuli Amman Koil Street, West K K Nagar, Chennai-600078.",CHENNAI,147,131,125,131.5,107,109,Not Available,TNEA2025-01600,INFORMATION TECHNOLOGY,it
1509,"Meenakshi College of Engineering, 12, Vembuli Amman Koil Street, West K K Nagar, Chennai-600078.",CHENNAI,94,131,125,131.5,107,109,Not Available,TNEA2025-01601,MECHANICAL ENGINEERING,me
3857,"Meenakshi Ramaswamy Engineering College, M.R.Kalvi Nagar, Thathanur Post, Udayarpalayam Taluk, Ariyalur District-621804.",ARIYALUR,86.5,99.5,Not Available,88,95,Not Available,Not Available,TNEA2025-01602,AGRICULTURAL ENGINEERING,ag
3857,"Meenakshi Ramaswamy Engineering College, M.R.Kalvi Nagar, Thathanur Post, Udayarpalayam Taluk, Ariyalur District-621804.",ARIYALUR,115.5,99.5,Not Available,88,95,Not Available,Not Available,TNEA2025-01603,BIO MEDICAL ENGINEERING,bm
3857,"Meenakshi Ramaswamy Engineering College, M.R.Kalvi Nagar, Thathanur Post, Udayarpalayam Taluk, Ariyalur District-621804.",ARIYALUR,115.5,99.5,Not Available,88,95,Not Available,Not Available,TNEA2025-01604,CIVIL ENGINEERING,ce
3857,"Meenakshi Ramaswamy Engineering College, M.R.Kalvi Nagar, Thathanur Post, Udayarpalayam Taluk, Ariyalur District-621804.",ARIYALUR,122.5,86.5,Not Available,87,83,Not Available,Not Available,TNEA2025-01605,COMPUTER SCIENCE AND ENGINEERING,cs
3857,"Meenakshi Ramaswamy Engineering College, M.R.Kalvi Nagar, Thathanur Post, Udayarpalayam Taluk, Ariyalur District-621804.",ARIYALUR,98.5,84.5,Not Available,87,83,Not Available,Not Available,TNEA2025-01606,COMPUTER SCIENCE AND ENGINEERING (AI AND MACHINE LEARNING),am
3857,"Meenakshi Ramaswamy Engineering College, M.R.Kalvi Nagar, Thathanur Post, Udayarpalayam Taluk, Ariyalur District-621804.",ARIYALUR,88,84.5,Not Available,87,83,Not Available,Not Available,TNEA2025-01607,ELECTRICAL AND ELECTRONICS ENGINEERING,ee
3857,"Meenakshi Ramaswamy Engineering College, M.R.Kalvi Nagar, Thathanur Post, Udayarpalayam Taluk, Ariyalur District-621804.",ARIYALUR,111,84.5,Not Available,87,96.5,Not Available,Not Available,TNEA2025-01608,ELECTRONICS AND COMMUNICATION ENGINEERING,ec
3857,"Meenakshi Ramaswamy Engineering College, M.R.Kalvi Nagar, Thathanur Post, Udayarpalayam Taluk, Ariyalur District-621804.",ARIYALUR,91,84.5,Not Available,87,96.5,Not Available,Not Available,TNEA2025-01609,MECHANICAL ENGINEERING,me
1309,"Meenakshi Sundararajan Engineering College (Autonomous), C/O I.I.E.T Society No.363, Arcot Road, Kodambakkam, Chennai-600024.",CHENNAI,172,166,170,163.5,142.5,134.5,133,TNEA2025-01610,Artificial Intelligence and Data Science,ad
1309,"Meenakshi Sundararajan Engineering College (Autonomous), C/O I.I.E.T Society No.363, Arcot Road, Kodambakkam, Chennai-600024.",CHENNAI,128,105,110.5,97.5,104.5,134.5,133,TNEA2025-01611,CIVIL ENGINEERING,ce
1309,"Meenakshi Sundararajan Engineering College (Autonomous), C/O I.I.E.T Society No.363, Arcot Road, Kodambakkam, Chennai-600024.",CHENNAI,179.5,173.5,172.5,165,164,132,133,TNEA2025-01612,COMPUTER SCIENCE AND ENGINEERING,cs
1309,"Meenakshi Sundararajan Engineering College (Autonomous), C/O I.I.E.T Society No.363, Arcot Road, Kodambakkam, Chennai-600024.",CHENNAI,160.5,154,143,146,117.5,132,133,TNEA2025-01613,ELECTRICAL AND ELECTRONICS ENGINEERING,ee
1309,"Meenakshi Sundararajan Engineering College (Autonomous), C/O I.I.E.T Society No.363, Arcot Road, Kodambakkam, Chennai-600024.",CHENNAI,172.5,165.5,169.5,161.5,132,116,133,TNEA2025-01614,ELECTRONICS AND COMMUNICATION ENGINEERING,ec
1309,"Meenakshi Sundararajan Engineering College (Autonomous), C/O I.I.E.T Society No.363, Arcot Road, Kodambakkam, Chennai-600024.",CHENNAI,172.5,167.5,170.5,162.5,146.5,112.5,112,TNEA2025-01615,INFORMATION TECHNOLOGY,it
1309,"Meenakshi Sundararajan Engineering College (Autonomous), C/O I.I.E.T Society No.363, Arcot Road, Kodambakkam, Chennai-600024.",CHENNAI,149,125,113,120.5,118.5,112.5,112,TNEA2025-01616,MECHANICAL ENGINEERING,me
4960,"Mepco Schlenk Engineering College (Autonomous), Sivakasi, Mepco Engineering College Post, Virudhunagar District-626005.",VIRUDHUNAGAR,177,172.5,169.5,161,118.5,114,126,TNEA2025-01617,Artificial Intelligence and Data Science,ad
4960,"Mepco Schlenk Engineering College (Autonomous), Sivakasi, Mepco Engineering College Post, Virudhunagar District-626005.",VIRUDHUNAGAR,160.5,142.5,152,133,118.5,114,126,TNEA2025-01618,BIO MEDICAL ENGINEERING,bm
4960,"Mepco Schlenk Engineering College (Autonomous), Sivakasi, Mepco Engineering College Post, Virudhunagar District-626005.",VIRUDHUNAGAR,162.5,147.5,152,136,89.5,121.5,126,TNEA2025-01619,BIO TECHNOLOGY,bt
4960,"Mepco Schlenk Engineering College (Autonomous), Sivakasi, Mepco Engineering College Post, Virudhunagar District-626005.",VIRUDHUNAGAR,149,130.5,121.5,108.5,111.5,121.5,126,TNEA2025-01620,CIVIL ENGINEERING,ce
4960,"Mepco Schlenk Engineering College (Autonomous), Sivakasi, Mepco Engineering College Post, Virudhunagar District-626005.",VIRUDHUNAGAR,186.07,178,177,171.5,131,148,126,TNEA2025-01621,COMPUTER SCIENCE AND ENGINEERING,cs
4960,"Mepco Schlenk Engineering College (Autonomous), Sivakasi, Mepco Engineering College Post, Virudhunagar District-626005.",VIRUDHUNAGAR,169,161.5,160.5,153.5,109,90.5,126,TNEA2025-01622,ELECTRICAL AND ELECTRONICS ENGINEERING,ee
4960,"Mepco Schlenk Engineering College (Autonomous), Sivakasi, Mepco Engineering College Post, Virudhunagar District-626005.",VIRUDHUNAGAR,179.5,175.5,167,161,128.5,90.5,126,TNEA2025-01623,ELECTRONICS AND COMMUNICATION ENGINEERING,ec
4960,"Mepco Schlenk Engineering College (Autonomous), Sivakasi, Mepco Engineering College Post, Virudhunagar District-626005.",VIRUDHUNAGAR,177,174,166.5,163.5,130,90.5,126,TNEA2025-01624,INFORMATION TECHNOLOGY,it
4960,"Mepco Schlenk Engineering College (Autonomous), Sivakasi, Mepco Engineering College Post, Virudhunagar District-626005.",VIRUDHUNAGAR,156,141.5,142.5,129.5,90,90.5,126,TNEA2025-01625,MECHANICAL ENGINEERING,me
1310,"Misrimal Navajee Munoth Jain Engineering College, Guru Marudhar Kesari Building, Jyothi Nagar, Thorapakkam, Chennai-600097.",CHENGALPATTU,154,136.5,125,135.5,112,Not Available,Not Available,TNEA2025-01626,Artificial Intelligence and Data Science,ad
1310,"Misrimal Navajee Munoth Jain Engineering College, Guru Marudhar Kesari Building, Jyothi Nagar, Thorapakkam, Chennai-600097.",CHENGALPATTU,107,136.5,125,135.5,112,Not Available,Not Available,TNEA2025-01627,CIVIL ENGINEERING,ce
1310,"Misrimal Navajee Munoth Jain Engineering College, Guru Marudhar Kesari Building, Jyothi Nagar, Thorapakkam, Chennai-600097.",CHENGALPATTU,147,126.5,125,125,107,Not Available,Not Available,TNEA2025-01628,COMPUTER SCIENCE AND BUSSINESS SYSTEM,cb
1310,"Misrimal Navajee Munoth Jain Engineering College, Guru Marudhar Kesari Building, Jyothi Nagar, Thorapakkam, Chennai-600097.",CHENGALPATTU,164,142.5,125,151,114.5,Not Available,Not Available,TNEA2025-01629,COMPUTER SCIENCE AND ENGINEERING,cs
1310,"Misrimal Navajee Munoth Jain Engineering College, Guru Marudhar Kesari Building, Jyothi Nagar, Thorapakkam, Chennai-600097.",CHENGALPATTU,101,142.5,125,151,114.5,Not Available,Not Available,TNEA2025-01630,ELECTRICAL AND ELECTRONICS ENGINEERING,ee
1310,"Misrimal Navajee Munoth Jain Engineering College, Guru Marudhar Kesari Building, Jyothi Nagar, Thorapakkam, Chennai-600097.",CHENGALPATTU,142,116.5,134.5,109.5,107,Not Available,Not Available,TNEA2025-01631,ELECTRONICS AND COMMUNICATION ENGINEERING,ec
1310,"Misrimal Navajee Munoth Jain Engineering College, Guru Marudhar Kesari Building, Jyothi Nagar, Thorapakkam, Chennai-600097.",CHENGALPATTU,151.5,129,139.5,129.5,104,Not Available,Not Available,TNEA2025-01632,INFORMATION TECHNOLOGY,it
1310,"Misrimal Navajee Munoth Jain Engineering College, Guru Marudhar Kesari Building, Jyothi Nagar, Thorapakkam, Chennai-600097.",CHENGALPATTU,105.5,129,139.5,129.5,104,Not Available,Not Available,TNEA2025-01633,MECHANICAL ENGINEERING,me
1301,"Mohamed Sathak A J College of Engineering (Autonomous), #34, Rajiv Gandhi Road(OMR), IT Highway, Siruseri, Egattur, Chennai-603103.",CHENGALPATTU,146,111,145.5,113,112,Not Available,Not Available,TNEA2025-01634,Artificial Intelligence and Data Science,ad
1301,"Mohamed Sathak A J College of Engineering (Autonomous), #34, Rajiv Gandhi Road(OMR), IT Highway, Siruseri, Egattur, Chennai-603103.",CHENGALPATTU,118,116.5,86,113,112,Not Available,Not Available,TNEA2025-01635,CIVIL ENGINEERING,ce
1301,"Mohamed Sathak A J College of Engineering (Autonomous), #34, Rajiv Gandhi Road(OMR), IT Highway, Siruseri, Egattur, Chennai-603103.",CHENGALPATTU,148.5,111.5,86,113,92,Not Available,Not Available,TNEA2025-01636,COMPUTER SCIENCE AND BUSSINESS SYSTEM,cb
1301,"Mohamed Sathak A J College of Engineering (Autonomous), #34, Rajiv Gandhi Road(OMR), IT Highway, Siruseri, Egattur, Chennai-603103.",CHENGALPATTU,162.5,123,160.5,125,114,Not Available,Not Available,TNEA2025-01637,COMPUTER SCIENCE AND ENGINEERING,cs
1301,"Mohamed Sathak A J College of Engineering (Autonomous), #34, Rajiv Gandhi Road(OMR), IT Highway, Siruseri, Egattur, Chennai-603103.",CHENGALPATTU,143,109.5,142,99,103,Not Available,Not Available,TNEA2025-01638,COMPUTER SCIENCE AND ENGINEERING (AI AND MACHINE LEARNING),am
1301,"Mohamed Sathak A J College of Engineering (Autonomous), #34, Rajiv Gandhi Road(OMR), IT Highway, Siruseri, Egattur, Chennai-603103.",CHENGALPATTU,140,112,142,113.5,104,Not Available,Not Available,TNEA2025-01639,Computer Science and Engineering (Cyber Security),sc
1301,"Mohamed Sathak A J College of Engineering (Autonomous), #34, Rajiv Gandhi Road(OMR), IT Highway, Siruseri, Egattur, Chennai-603103.",CHENGALPATTU,116.5,112,104,113.5,104,Not Available,Not Available,TNEA2025-01640,ELECTRICAL AND ELECTRONICS ENGINEERING,ee
1301,"Mohamed Sathak A J College of Engineering (Autonomous), #34, Rajiv Gandhi Road(OMR), IT Highway, Siruseri, Egattur, Chennai-603103.",CHENGALPATTU,135.5,116.5,133.5,105,104,Not Available,Not Available,TNEA2025-01641,ELECTRONICS AND COMMUNICATION ENGINEERING,ec
1301,"Mohamed Sathak A J College of Engineering (Autonomous), #34, Rajiv Gandhi Road(OMR), IT Highway, Siruseri, Egattur, Chennai-603103.",CHENGALPATTU,104,116.5,88,105,104,Not Available,Not Available,TNEA2025-01642,Electronics Engineering (VLSI Design and Technology),ev
1301,"Mohamed Sathak A J College of Engineering (Autonomous), #34, Rajiv Gandhi Road(OMR), IT Highway, Siruseri, Egattur, Chennai-603103.",CHENGALPATTU,113,92,112.5,88,104,Not Available,Not Available,TNEA2025-01643,Electronics and Communication (Advanced Communication Technology),ea
1301,"Mohamed Sathak A J College of Engineering (Autonomous), #34, Rajiv Gandhi Road(OMR), IT Highway, Siruseri, Egattur, Chennai-603103.",CHENGALPATTU,146.5,82.5,112.5,112.5,116.5,Not Available,Not Available,TNEA2025-01644,INFORMATION TECHNOLOGY,it
1301,"Mohamed Sathak A J College of Engineering (Autonomous), #34, Rajiv Gandhi Road(OMR), IT Highway, Siruseri, Egattur, Chennai-603103.",CHENGALPATTU,116.5,82.5,112.5,106,116.5,Not Available,Not Available,TNEA2025-01645,MECHANICAL ENGINEERING,me
1400,"Mohamed Sathak A.J. Academy of Architecture, IT Highway, 34, Old Mahabalipuram Road, Egattur, Chenglepet Taluk, Kancheepuram District-603103.",CHENGALPATTU,141,Not Available,Not Available,Not Available,Not Available,Not Available,Not Available,TNEA2025-01646,Bachelor of Design,da
5907,"Mohamed Sathak Engineering College, Sathak Nagar, East Coast Road, Pudhu Mayakulam, Kilakarai, Ramanathapuram District-623806.",RAMANATHAPURAM,108.5,97.5,95.5,128.5,96,109.5,Not Available,TNEA2025-01647,AERONAUTICAL ENGINEERING,ae
5907,"Mohamed Sathak Engineering College, Sathak Nagar, East Coast Road, Pudhu Mayakulam, Kilakarai, Ramanathapuram District-623806.",RAMANATHAPURAM,123,97.5,95.5,128.5,96,109.5,Not Available,TNEA2025-01648,AGRICULTURAL ENGINEERING,ag
5907,"Mohamed Sathak Engineering College, Sathak Nagar, East Coast Road, Pudhu Mayakulam, Kilakarai, Ramanathapuram District-623806.",RAMANATHAPURAM,161,115.5,95.5,128.5,96,109.5,Not Available,TNEA2025-01649,Artificial Intelligence and Data Science,ad
5907,"Mohamed Sathak Engineering College, Sathak Nagar, East Coast Road, Pudhu Mayakulam, Kilakarai, Ramanathapuram District-623806.",RAMANATHAPURAM,92.5,115.5,91,128.5,96,109.5,Not Available,TNEA2025-01650,CHEMICAL ENGINEERING,ch
5907,"Mohamed Sathak Engineering College, Sathak Nagar, East Coast Road, Pudhu Mayakulam, Kilakarai, Ramanathapuram District-623806.",RAMANATHAPURAM,126.5,99.5,91,126,96,109.5,Not Available,TNEA2025-01651,CIVIL ENGINEERING,ce
5907,"Mohamed Sathak Engineering College, Sathak Nagar, East Coast Road, Pudhu Mayakulam, Kilakarai, Ramanathapuram District-623806.",RAMANATHAPURAM,115,97,91,126,96,109.5,Not Available,TNEA2025-01652,COMPUTER SCIENCE AND BUSSINESS SYSTEM,cb
5907,"Mohamed Sathak Engineering College, Sathak Nagar, East Coast Road, Pudhu Mayakulam, Kilakarai, Ramanathapuram District-623806.",RAMANATHAPURAM,154,112.5,148.5,86.5,110.5,109.5,Not Available,TNEA2025-01653,COMPUTER SCIENCE AND ENGINEERING,cs
5907,"Mohamed Sathak Engineering College, Sathak Nagar, East Coast Road, Pudhu Mayakulam, Kilakarai, Ramanathapuram District-623806.",RAMANATHAPURAM,145,111.5,138,86.5,110.5,109.5,Not Available,TNEA2025-01654,COMPUTER SCIENCE AND ENGINEERING (AI AND MACHINE LEARNING),am
5907,"Mohamed Sathak Engineering College, Sathak Nagar, East Coast Road, Pudhu Mayakulam, Kilakarai, Ramanathapuram District-623806.",RAMANATHAPURAM,138,121.5,118.5,95,110.5,109.5,Not Available,TNEA2025-01655,Computer Science and Engineering (Cyber Security),sc
5907,"Mohamed Sathak Engineering College, Sathak Nagar, East Coast Road, Pudhu Mayakulam, Kilakarai, Ramanathapuram District-623806.",RAMANATHAPURAM,113,101.5,112,95,110.5,109.5,Not Available,TNEA2025-01656,ELECTRICAL AND ELECTRONICS ENGINEERING,ee
5907,"Mohamed Sathak Engineering College, Sathak Nagar, East Coast Road, Pudhu Mayakulam, Kilakarai, Ramanathapuram District-623806.",RAMANATHAPURAM,118.5,102.5,113,106.5,99,109.5,Not Available,TNEA2025-01657,ELECTRONICS AND COMMUNICATION ENGINEERING,ec
5907,"Mohamed Sathak Engineering College, Sathak Nagar, East Coast Road, Pudhu Mayakulam, Kilakarai, Ramanathapuram District-623806.",RAMANATHAPURAM,130.5,102.5,123.5,87,97.5,109.5,Not Available,TNEA2025-01658,INFORMATION TECHNOLOGY,it
5907,"Mohamed Sathak Engineering College, Sathak Nagar, East Coast Road, Pudhu Mayakulam, Kilakarai, Ramanathapuram District-623806.",RAMANATHAPURAM,160.5,102.5,123.5,87,97.5,109.5,Not Available,TNEA2025-01659,MARINE ENGINEERING,mr
5907,"Mohamed Sathak Engineering College, Sathak Nagar, East Coast Road, Pudhu Mayakulam, Kilakarai, Ramanathapuram District-623806.",RAMANATHAPURAM,101,98,98.5,97.5,88,109.5,Not Available,TNEA2025-01660,MECHANICAL ENGINEERING,me
3812,"Mookambigai College of Engineering, Srinivasa Nagar, Kalamavur (PO), Keeranur, Pudukkottai-622502.",PUDUKKOTTAI,102.5,80,Not Available,80,88.5,91,Not Available,TNEA2025-01661,Artificial Intelligence and Data Science,ad
3812,"Mookambigai College of Engineering, Srinivasa Nagar, Kalamavur (PO), Keeranur, Pudukkottai-622502.",PUDUKKOTTAI,87,80,Not Available,80,88.5,91,Not Available,TNEA2025-01662,CIVIL ENGINEERING,ce
3812,"Mookambigai College of Engineering, Srinivasa Nagar, Kalamavur (PO), Keeranur, Pudukkottai-622502.",PUDUKKOTTAI,106.5,87,Not Available,102.5,88.5,91,Not Available,TNEA2025-01663,COMPUTER SCIENCE AND ENGINEERING,cs
3812,"Mookambigai College of Engineering, Srinivasa Nagar, Kalamavur (PO), Keeranur, Pudukkottai-622502.",PUDUKKOTTAI,92,87,Not Available,102.5,88.5,91,Not Available,TNEA2025-01664,COMPUTER SCIENCE AND ENGINEERING (AI AND MACHINE LEARNING),am
3812,"Mookambigai College of Engineering, Srinivasa Nagar, Kalamavur (PO), Keeranur, Pudukkottai-622502.",PUDUKKOTTAI,106.5,87,Not Available,102.5,88.5,91,Not Available,TNEA2025-01665,ELECTRICAL AND ELECTRONICS ENGINEERING,ee
3812,"Mookambigai College of Engineering, Srinivasa Nagar, Kalamavur (PO), Keeranur, Pudukkottai-622502.",PUDUKKOTTAI,94,87,Not Available,83.5,89.5,91,Not Available,TNEA2025-01666,ELECTRONICS AND COMMUNICATION ENGINEERING,ec
3812,"Mookambigai College of Engineering, Srinivasa Nagar, Kalamavur (PO), Keeranur, Pudukkottai-622502.",PUDUKKOTTAI,95,87,Not Available,83.5,89.5,91,Not Available,TNEA2025-01667,ELECTRONICS AND INSTRUMENTATION ENGINEERING,ei
3812,"Mookambigai College of Engineering, Srinivasa Nagar, Kalamavur (PO), Keeranur, Pudukkottai-622502.",PUDUKKOTTAI,85,87,Not Available,83.5,89.5,91,Not Available,TNEA2025-01668,INFORMATION TECHNOLOGY,it
3812,"Mookambigai College of Engineering, Srinivasa Nagar, Kalamavur (PO), Keeranur, Pudukkottai-622502.",PUDUKKOTTAI,97.5,87,Not Available,83.5,89.5,91,Not Available,TNEA2025-01669,MECHANICAL ENGINEERING,me
3846,"Mother Terasa College of Engineering and Technology, Mettusalai, Illuppur (Post & Taluk), Pudukkottai District-622102.",PUDUKKOTTAI,130,104,Not Available,105,91.5,101,Not Available,TNEA2025-01670,Artificial Intelligence and Data Science,ad
3846,"Mother Terasa College of Engineering and Technology, Mettusalai, Illuppur (Post & Taluk), Pudukkottai District-622102.",PUDUKKOTTAI,93.5,104,Not Available,105,91.5,101,Not Available,TNEA2025-01671,CIVIL ENGINEERING,ce
3846,"Mother Terasa College of Engineering and Technology, Mettusalai, Illuppur (Post & Taluk), Pudukkottai District-622102.",PUDUKKOTTAI,88,104,Not Available,87,80.5,101,Not Available,TNEA2025-01672,COMPUTER SCIENCE AND BUSSINESS SYSTEM,cb
3846,"Mother Terasa College of Engineering and Technology, Mettusalai, Illuppur (Post & Taluk), Pudukkottai District-622102.",PUDUKKOTTAI,109,82.5,Not Available,88,100,101,Not Available,TNEA2025-01673,COMPUTER SCIENCE AND ENGINEERING,cs
3846,"Mother Terasa College of Engineering and Technology, Mettusalai, Illuppur (Post & Taluk), Pudukkottai District-622102.",PUDUKKOTTAI,114.5,82.5,Not Available,88,100,101,Not Available,TNEA2025-01674,ELECTRICAL AND ELECTRONICS ENGINEERING,ee
3846,"Mother Terasa College of Engineering and Technology, Mettusalai, Illuppur (Post & Taluk), Pudukkottai District-622102.",PUDUKKOTTAI,98,82.5,Not Available,88,100,101,Not Available,TNEA2025-01675,ELECTRONICS AND COMMUNICATION ENGINEERING,ec
3846,"Mother Terasa College of Engineering and Technology, Mettusalai, Illuppur (Post & Taluk), Pudukkottai District-622102.",PUDUKKOTTAI,86,82.5,Not Available,88,100,101,Not Available,TNEA2025-01676,MECHANICAL ENGINEERING,me
3908,"Mount Zion College of Engineering and Technology, Lena vilakku, Pilivalam Post, Pudukkottai-622507.",PUDUKKOTTAI,147,139,145,123.5,96.5,102,Not Available,TNEA2025-01677,Artificial Intelligence and Data Science,ad
3908,"Mount Zion College of Engineering and Technology, Lena vilakku, Pilivalam Post, Pudukkottai-622507.",PUDUKKOTTAI,125,103.5,145,94.5,96.5,102,Not Available,TNEA2025-01678,CIVIL ENGINEERING,ce
3908,"Mount Zion College of Engineering and Technology, Lena vilakku, Pilivalam Post, Pudukkottai-622507.",PUDUKKOTTAI,158,140,143.5,129.5,104.5,134.5,Not Available,TNEA2025-01679,COMPUTER SCIENCE AND ENGINEERING,cs
3908,"Mount Zion College of Engineering and Technology, Lena vilakku, Pilivalam Post, Pudukkottai-622507.",PUDUKKOTTAI,115,92.5,143.5,100,106.5,134.5,Not Available,TNEA2025-01680,ELECTRICAL AND ELECTRONICS ENGINEERING,ee
3908,"Mount Zion College of Engineering and Technology, Lena vilakku, Pilivalam Post, Pudukkottai-622507.",PUDUKKOTTAI,140,132,98.5,103,86.5,134.5,Not Available,TNEA2025-01681,ELECTRONICS AND COMMUNICATION ENGINEERING,ec
3908,"Mount Zion College of Engineering and Technology, Lena vilakku, Pilivalam Post, Pudukkottai-622507.",PUDUKKOTTAI,145,135,98.5,117.5,87.5,134.5,Not Available,TNEA2025-01682,INFORMATION TECHNOLOGY,it
3908,"Mount Zion College of Engineering and Technology, Lena vilakku, Pilivalam Post, Pudukkottai-622507.",PUDUKKOTTAI,123,96,98.5,81,87.5,134.5,Not Available,TNEA2025-01683,MECHANICAL ENGINEERING,me
2610,"Muthayammal Engineering College (Autonomous), Kakkaveri, Rasipuram (Tk), Namakkal District-637408.",NAMAKKAL,100.5,121,131,94.5,99.5,83.5,138.5,TNEA2025-01684,AGRICULTURAL ENGINEERING,ag
2610,"Muthayammal Engineering College (Autonomous), Kakkaveri, Rasipuram (Tk), Namakkal District-637408.",NAMAKKAL,144,121,131,114,99.5,96,138.5,TNEA2025-01685,Artificial Intelligence and Data Science,ad
2610,"Muthayammal Engineering College (Autonomous), Kakkaveri, Rasipuram (Tk), Namakkal District-637408.",NAMAKKAL,112.5,92,131,85,99.5,95,138.5,TNEA2025-01686,BIO MEDICAL ENGINEERING,bm
2610,"Muthayammal Engineering College (Autonomous), Kakkaveri, Rasipuram (Tk), Namakkal District-637408.",NAMAKKAL,120.5,95.5,98.5,100.5,97,114.5,138.5,TNEA2025-01687,BIO TECHNOLOGY,bt
2610,"Muthayammal Engineering College (Autonomous), Kakkaveri, Rasipuram (Tk), Namakkal District-637408.",NAMAKKAL,110.5,99,98.5,95,110.5,114.5,138.5,TNEA2025-01688,CIVIL ENGINEERING,ce
2610,"Muthayammal Engineering College (Autonomous), Kakkaveri, Rasipuram (Tk), Namakkal District-637408.",NAMAKKAL,112,106,98.5,93,80,114.5,138.5,TNEA2025-01689,COMPUTER SCIENCE AND BUSSINESS SYSTEM,cb
2610,"Muthayammal Engineering College (Autonomous), Kakkaveri, Rasipuram (Tk), Namakkal District-637408.",NAMAKKAL,139,93,100,106,91.5,88.5,138.5,TNEA2025-01690,COMPUTER SCIENCE AND ENGINEERING,cs
2610,"Muthayammal Engineering College (Autonomous), Kakkaveri, Rasipuram (Tk), Namakkal District-637408.",NAMAKKAL,126,101,100,99,97.5,88.5,138.5,TNEA2025-01691,COMPUTER SCIENCE AND ENGINEERING (AI AND MACHINE LEARNING),am
2610,"Muthayammal Engineering College (Autonomous), Kakkaveri, Rasipuram (Tk), Namakkal District-637408.",NAMAKKAL,117.5,113,101,98,97.5,93.5,138.5,TNEA2025-01692,Computer Science and Engineering (Cyber Security),sc
2610,"Muthayammal Engineering College (Autonomous), Kakkaveri, Rasipuram (Tk), Namakkal District-637408.",NAMAKKAL,117.5,94.5,101,92,92,106,81,TNEA2025-01693,ELECTRICAL AND ELECTRONICS ENGINEERING,ee
2610,"Muthayammal Engineering College (Autonomous), Kakkaveri, Rasipuram (Tk), Namakkal District-637408.",NAMAKKAL,132.5,80,101,103,104,91,117,TNEA2025-01694,ELECTRONICS AND COMMUNICATION ENGINEERING,ec
2610,"Muthayammal Engineering College (Autonomous), Kakkaveri, Rasipuram (Tk), Namakkal District-637408.",NAMAKKAL,99.5,82.5,101,80.5,104,91,117,TNEA2025-01695,Electronics Engineering (VLSI Design and Technology),ev
2610,"Muthayammal Engineering College (Autonomous), Kakkaveri, Rasipuram (Tk), Namakkal District-637408.",NAMAKKAL,132,90.5,101,101,102.5,103.5,117,TNEA2025-01696,INFORMATION TECHNOLOGY,it
2610,"Muthayammal Engineering College (Autonomous), Kakkaveri, Rasipuram (Tk), Namakkal District-637408.",NAMAKKAL,92.5,85,81,80,83,84.5,117,TNEA2025-01697,MECHANICAL ENGINEERING,me
2610,"Muthayammal Engineering College (Autonomous), Kakkaveri, Rasipuram (Tk), Namakkal District-637408.",NAMAKKAL,98.5,82.5,81,90.5,83,84.5,117,TNEA2025-01698,Mechatronics Engineering,mz
5832,"N.P.R College of Engineering and Technology (Autonomous), Punnappatti Village, Uluppakudi, Natham, Dindigul District-624401.",624401,152,140,140.5,118.5,94.5,110,Not Available,TNEA2025-01699,Artificial Intelligence and Data Science,ad
5832,"N.P.R College of Engineering and Technology (Autonomous), Punnappatti Village, Uluppakudi, Natham, Dindigul District-624401.",624401,97,90,140.5,95,94.5,110,Not Available,TNEA2025-01700,CIVIL ENGINEERING,ce
5832,"N.P.R College of Engineering and Technology (Autonomous), Punnappatti Village, Uluppakudi, Natham, Dindigul District-624401.",624401,150,139.5,132.5,118,113,110,Not Available,TNEA2025-01701,COMPUTER SCIENCE AND ENGINEERING,cs
5832,"N.P.R College of Engineering and Technology (Autonomous), Punnappatti Village, Uluppakudi, Natham, Dindigul District-624401.",624401,132.5,125,123,105.5,113,110,Not Available,TNEA2025-01702,COMPUTER SCIENCE AND ENGINEERING (AI AND MACHINE LEARNING),am
5832,"N.P.R College of Engineering and Technology (Autonomous), Punnappatti Village, Uluppakudi, Natham, Dindigul District-624401.",624401,126,108,121.5,107,87.5,110,Not Available,TNEA2025-01703,ELECTRICAL AND ELECTRONICS ENGINEERING,ee
5832,"N.P.R College of Engineering and Technology (Autonomous), Punnappatti Village, Uluppakudi, Natham, Dindigul District-624401.",624401,138,126.5,123.5,93.5,87.5,110,Not Available,TNEA2025-01704,ELECTRONICS AND COMMUNICATION ENGINEERING,ec
5832,"N.P.R College of Engineering and Technology (Autonomous), Punnappatti Village, Uluppakudi, Natham, Dindigul District-624401.",624401,146,141,132,107.5,90,110,Not Available,TNEA2025-01705,INFORMATION TECHNOLOGY,it
5832,"N.P.R College of Engineering and Technology (Autonomous), Punnappatti Village, Uluppakudi, Natham, Dindigul District-624401.",624401,111.5,94,132,96.5,90,110,Not Available,TNEA2025-01706,MECHANICAL ENGINEERING,me
2327,"N.S.N. College of Engineering and Technology, N.S.N, Kalvi Nagar, Karur - Madurai NH-7, Manalmedu, Karur-639003.",KARUR,126.5,88,100.5,83,100,108.5,Not Available,TNEA2025-01707,Artificial Intelligence and Data Science,ad
2327,"N.S.N. College of Engineering and Technology, N.S.N, Kalvi Nagar, Karur - Madurai NH-7, Manalmedu, Karur-639003.",KARUR,123,88,100.5,83,100,108.5,Not Available,TNEA2025-01708,CIVIL ENGINEERING,ce
2327,"N.S.N. College of Engineering and Technology, N.S.N, Kalvi Nagar, Karur - Madurai NH-7, Manalmedu, Karur-639003.",KARUR,118.5,81,100.5,81,83,96.5,Not Available,TNEA2025-01709,COMPUTER SCIENCE AND ENGINEERING,cs
2327,"N.S.N. College of Engineering and Technology, N.S.N, Kalvi Nagar, Karur - Madurai NH-7, Manalmedu, Karur-639003.",KARUR,99.5,80,90,80,97.5,97.5,Not Available,TNEA2025-01710,ELECTRICAL AND ELECTRONICS ENGINEERING,ee
2327,"N.S.N. College of Engineering and Technology, N.S.N, Kalvi Nagar, Karur - Madurai NH-7, Manalmedu, Karur-639003.",KARUR,107,87,90,81,86,104,Not Available,TNEA2025-01711,ELECTRONICS AND COMMUNICATION ENGINEERING,ec
2327,"N.S.N. College of Engineering and Technology, N.S.N, Kalvi Nagar, Karur - Madurai NH-7, Manalmedu, Karur-639003.",KARUR,103,82.5,90,81,83.5,89.5,Not Available,TNEA2025-01712,INFORMATION TECHNOLOGY,it
2327,"N.S.N. College of Engineering and Technology, N.S.N, Kalvi Nagar, Karur - Madurai NH-7, Manalmedu, Karur-639003.",KARUR,90,82.5,90,81,83.5,89.5,Not Available,TNEA2025-01713,MECHANICAL ENGINEERING,me
5865,"Nadar Saraswathi College of Engineering and Technology, Vadapudupatti, Annanji Post, Theni -625531.",THENI,147,110.5,129.5,121,93,99,Not Available,TNEA2025-01714,Artificial Intelligence and Data Science,ad
5865,"Nadar Saraswathi College of Engineering and Technology, Vadapudupatti, Annanji Post, Theni -625531.",THENI,81,110.5,129.5,121,93,99,Not Available,TNEA2025-01715,CIVIL ENGINEERING,ce
5865,"Nadar Saraswathi College of Engineering and Technology, Vadapudupatti, Annanji Post, Theni -625531.",THENI,156,117.5,135,117.5,111.5,99,Not Available,TNEA2025-01716,COMPUTER SCIENCE AND ENGINEERING,cs
5865,"Nadar Saraswathi College of Engineering and Technology, Vadapudupatti, Annanji Post, Theni -625531.",THENI,94.5,117.5,85.5,117.5,111.5,99,Not Available,TNEA2025-01717,ELECTRICAL AND ELECTRONICS ENGINEERING,ee
5865,"Nadar Saraswathi College of Engineering and Technology, Vadapudupatti, Annanji Post, Theni -625531.",THENI,137,111.5,85.5,116.5,111.5,99,Not Available,TNEA2025-01718,ELECTRONICS AND COMMUNICATION ENGINEERING,ec
5865,"Nadar Saraswathi College of Engineering and Technology, Vadapudupatti, Annanji Post, Theni -625531.",THENI,146,116.5,110,106.5,104,99,Not Available,TNEA2025-01719,INFORMATION TECHNOLOGY,it
5865,"Nadar Saraswathi College of Engineering and Technology, Vadapudupatti, Annanji Post, Theni -625531.",THENI,95,93.5,110,89.5,104,99,Not Available,TNEA2025-01720,MECHANICAL ENGINEERING,me
2752,"Nandha College of Technology, 235, Chennimalaipalayam Road, Pitchandampalayam Post, Veppampalayam Village, Erode-638052.",ERODE,138,128.5,110,121.5,95,116.5,Not Available,TNEA2025-01721,COMPUTER SCIENCE AND ENGINEERING,cs
2752,"Nandha College of Technology, 235, Chennimalaipalayam Road, Pitchandampalayam Post, Veppampalayam Village, Erode-638052.",ERODE,126,87,110,98,97.5,116.5,Not Available,TNEA2025-01722,ELECTRICAL AND ELECTRONICS ENGINEERING,ee
2752,"Nandha College of Technology, 235, Chennimalaipalayam Road, Pitchandampalayam Post, Veppampalayam Village, Erode-638052.",ERODE,149.5,137.5,110,115,87.5,104,Not Available,TNEA2025-01723,ELECTRONICS AND COMMUNICATION ENGINEERING,ec
2752,"Nandha College of Technology, 235, Chennimalaipalayam Road, Pitchandampalayam Post, Veppampalayam Village, Erode-638052.",ERODE,129,119,101,111,114,113,Not Available,TNEA2025-01724,INFORMATION TECHNOLOGY,it
2715,"Nandha Engineering College (Autonomous), 28, Chennimalaipalayam Road, Pitchandampalayam Post, Erode-638052.",ERODE,122.5,87.5,105,84.5,84.5,101.5,Not Available,TNEA2025-01725,AGRICULTURAL ENGINEERING,ag
2715,"Nandha Engineering College (Autonomous), 28, Chennimalaipalayam Road, Pitchandampalayam Post, Erode-638052.",ERODE,156,141,105,139.5,89,111.5,Not Available,TNEA2025-01726,Artificial Intelligence and Data Science,ad
2715,"Nandha Engineering College (Autonomous), 28, Chennimalaipalayam Road, Pitchandampalayam Post, Erode-638052.",ERODE,134.5,86,105,99,110.5,122,Not Available,TNEA2025-01727,BIO MEDICAL ENGINEERING,bm
2715,"Nandha Engineering College (Autonomous), 28, Chennimalaipalayam Road, Pitchandampalayam Post, Erode-638052.",ERODE,127,119,99,114,105,105,Not Available,TNEA2025-01728,CHEMICAL ENGINEERING,ch
2715,"Nandha Engineering College (Autonomous), 28, Chennimalaipalayam Road, Pitchandampalayam Post, Erode-638052.",ERODE,127.5,105,99,91,105,105,Not Available,TNEA2025-01729,CIVIL ENGINEERING,ce
2715,"Nandha Engineering College (Autonomous), 28, Chennimalaipalayam Road, Pitchandampalayam Post, Erode-638052.",ERODE,156,141,133,136,92,106,Not Available,TNEA2025-01730,COMPUTER SCIENCE AND ENGINEERING,cs
2715,"Nandha Engineering College (Autonomous), 28, Chennimalaipalayam Road, Pitchandampalayam Post, Erode-638052.",ERODE,147,138.5,133,134.5,103.5,111.5,Not Available,TNEA2025-01731,Computer Science and Engineering (Cyber Security),sc
2715,"Nandha Engineering College (Autonomous), 28, Chennimalaipalayam Road, Pitchandampalayam Post, Erode-638052.",ERODE,145,131.5,133,135.5,103.5,111.5,Not Available,TNEA2025-01732,Computer Science and Engineering (Internet of Things),ci
2715,"Nandha Engineering College (Autonomous), 28, Chennimalaipalayam Road, Pitchandampalayam Post, Erode-638052.",ERODE,140,127,133,122,100,85,Not Available,TNEA2025-01733,ELECTRICAL AND ELECTRONICS ENGINEERING,ee
2715,"Nandha Engineering College (Autonomous), 28, Chennimalaipalayam Road, Pitchandampalayam Post, Erode-638052.",ERODE,154,143,119,132,93,122.5,Not Available,TNEA2025-01734,ELECTRONICS AND COMMUNICATION ENGINEERING,ec
2715,"Nandha Engineering College (Autonomous), 28, Chennimalaipalayam Road, Pitchandampalayam Post, Erode-638052.",ERODE,148.5,140.5,114,138,84,134.5,Not Available,TNEA2025-01735,INFORMATION TECHNOLOGY,it
2715,"Nandha Engineering College (Autonomous), 28, Chennimalaipalayam Road, Pitchandampalayam Post, Erode-638052.",ERODE,124.5,111,111.5,94,90.5,109.5,Not Available,TNEA2025-01736,MECHANICAL ENGINEERING,me
4977,"Narayanaguru College of Engineering, Chittadavu, Manjalumoodu, Vilavancode Taluk, Kuzhithurai, Kanyakumari District-629151.",KANNIYAKUMARI,104,86.5,Not Available,89.5,105.5,Not Available,Not Available,TNEA2025-01737,Artificial Intelligence and Data Science,ad
4977,"Narayanaguru College of Engineering, Chittadavu, Manjalumoodu, Vilavancode Taluk, Kuzhithurai, Kanyakumari District-629151.",KANNIYAKUMARI,104,86.5,Not Available,89.5,105.5,Not Available,Not Available,TNEA2025-01738,CIVIL ENGINEERING,ce
4977,"Narayanaguru College of Engineering, Chittadavu, Manjalumoodu, Vilavancode Taluk, Kuzhithurai, Kanyakumari District-629151.",KANNIYAKUMARI,85.5,86.5,Not Available,89.5,105.5,Not Available,Not Available,TNEA2025-01739,COMPUTER SCIENCE AND ENGINEERING,cs
4977,"Narayanaguru College of Engineering, Chittadavu, Manjalumoodu, Vilavancode Taluk, Kuzhithurai, Kanyakumari District-629151.",KANNIYAKUMARI,104,86.5,Not Available,89.5,105.5,Not Available,Not Available,TNEA2025-01740,ELECTRICAL AND ELECTRONICS ENGINEERING,ee
4977,"Narayanaguru College of Engineering, Chittadavu, Manjalumoodu, Vilavancode Taluk, Kuzhithurai, Kanyakumari District-629151.",KANNIYAKUMARI,81,86.5,Not Available,89.5,105.5,Not Available,Not Available,TNEA2025-01741,ELECTRONICS AND COMMUNICATION ENGINEERING,ec
4977,"Narayanaguru College of Engineering, Chittadavu, Manjalumoodu, Vilavancode Taluk, Kuzhithurai, Kanyakumari District-629151.",KANNIYAKUMARI,118,109.5,Not Available,89.5,105.5,Not Available,Not Available,TNEA2025-01742,INFORMATION TECHNOLOGY,it
4977,"Narayanaguru College of Engineering, Chittadavu, Manjalumoodu, Vilavancode Taluk, Kuzhithurai, Kanyakumari District-629151.",KANNIYAKUMARI,112.5,109.5,Not Available,89.5,105.5,Not Available,Not Available,TNEA2025-01743,MECHANICAL ENGINEERING,me
4962,"National Engineering College (Autonomous), K.R. Nagar, Nalattinputhur, Kovilpatti, Tuticorin District-628503.",THOOTHUKUDI,180.5,176,177,168,138,Not Available,Not Available,TNEA2025-01744,Artificial Intelligence and Data Science,ad
4962,"National Engineering College (Autonomous), K.R. Nagar, Nalattinputhur, Kovilpatti, Tuticorin District-628503.",THOOTHUKUDI,156.5,142.5,126,133,115.5,Not Available,Not Available,TNEA2025-01745,CIVIL ENGINEERING,ce
4962,"National Engineering College (Autonomous), K.R. Nagar, Nalattinputhur, Kovilpatti, Tuticorin District-628503.",THOOTHUKUDI,184,180,179.5,168.5,144,Not Available,Not Available,TNEA2025-01746,COMPUTER SCIENCE AND ENGINEERING,cs
4962,"National Engineering College (Autonomous), K.R. Nagar, Nalattinputhur, Kovilpatti, Tuticorin District-628503.",THOOTHUKUDI,173,165.5,168,166,118,Not Available,Not Available,TNEA2025-01747,ELECTRICAL AND ELECTRONICS ENGINEERING,ee
4962,"National Engineering College (Autonomous), K.R. Nagar, Nalattinputhur, Kovilpatti, Tuticorin District-628503.",THOOTHUKUDI,181.5,177,180,168,137,Not Available,Not Available,TNEA2025-01748,ELECTRONICS AND COMMUNICATION ENGINEERING,ec
4962,"National Engineering College (Autonomous), K.R. Nagar, Nalattinputhur, Kovilpatti, Tuticorin District-628503.",THOOTHUKUDI,179.5,177,176,170,126.5,Not Available,Not Available,TNEA2025-01749,INFORMATION TECHNOLOGY,it
4962,"National Engineering College (Autonomous), K.R. Nagar, Nalattinputhur, Kovilpatti, Tuticorin District-628503.",THOOTHUKUDI,158,145,176,142,127.5,Not Available,Not Available,TNEA2025-01750,MECHANICAL ENGINEERING,me
2729,"Nehru Institute of Engineering and Technology (Autonomous), Nehru Gardens, Thirumalayampalayam (Post), Coimbatore-641105.",COIMBATORE,163,147,154,142.5,133,101.5,142,TNEA2025-01751,AERONAUTICAL ENGINEERING,ae
2729,"Nehru Institute of Engineering and Technology (Autonomous), Nehru Gardens, Thirumalayampalayam (Post), Coimbatore-641105.",COIMBATORE,168,156.5,161,153.5,119.5,120.5,142,TNEA2025-01752,Artificial Intelligence and Data Science,ad
2729,"Nehru Institute of Engineering and Technology (Autonomous), Nehru Gardens, Thirumalayampalayam (Post), Coimbatore-641105.",COIMBATORE,155,148,151,146.5,88.5,123.5,142,TNEA2025-01753,COMPUTER SCIENCE AND BUSSINESS SYSTEM,cb
2729,"Nehru Institute of Engineering and Technology (Autonomous), Nehru Gardens, Thirumalayampalayam (Post), Coimbatore-641105.",COIMBATORE,170.5,161,161,159,147,135.5,142,TNEA2025-01754,COMPUTER SCIENCE AND ENGINEERING,cs
2729,"Nehru Institute of Engineering and Technology (Autonomous), Nehru Gardens, Thirumalayampalayam (Post), Coimbatore-641105.",COIMBATORE,145.5,132,132,132.5,116.5,101,142,TNEA2025-01755,ELECTRICAL AND ELECTRONICS ENGINEERING,ee
2729,"Nehru Institute of Engineering and Technology (Autonomous), Nehru Gardens, Thirumalayampalayam (Post), Coimbatore-641105.",COIMBATORE,161,150.5,144,150.5,86.5,117.5,142,TNEA2025-01756,ELECTRONICS AND COMMUNICATION ENGINEERING,ec
2729,"Nehru Institute of Engineering and Technology (Autonomous), Nehru Gardens, Thirumalayampalayam (Post), Coimbatore-641105.",COIMBATORE,163.5,155,162,153.5,141.5,100,142,TNEA2025-01757,INFORMATION TECHNOLOGY,it
2729,"Nehru Institute of Engineering and Technology (Autonomous), Nehru Gardens, Thirumalayampalayam (Post), Coimbatore-641105.",COIMBATORE,141.5,119,102.5,102.5,106,115,142,TNEA2025-01758,MECHANICAL ENGINEERING,me
2729,"Nehru Institute of Engineering and Technology (Autonomous), Nehru Gardens, Thirumalayampalayam (Post), Coimbatore-641105.",COIMBATORE,141,134,137.5,120.5,85.5,113.5,142,TNEA2025-01759,Mechatronics Engineering,mz
2755,"Nehru Institute of Technology (Autonomous), Jawahar Gardens, Kaliapuram, Thirumalayampalayam, Coimbatore-641105.",641105,147,136.5,130,138,129,121,126.5,TNEA2025-01760,AERONAUTICAL ENGINEERING,ae
2755,"Nehru Institute of Technology (Autonomous), Jawahar Gardens, Kaliapuram, Thirumalayampalayam, Coimbatore-641105.",641105,162.5,130,130,101,122.5,121,126.5,TNEA2025-01761,AGRICULTURAL ENGINEERING,ag
2755,"Nehru Institute of Technology (Autonomous), Jawahar Gardens, Kaliapuram, Thirumalayampalayam, Coimbatore-641105.",641105,113.5,87.5,130,84.5,104.5,121,126.5,TNEA2025-01762,CIVIL ENGINEERING,ce
2755,"Nehru Institute of Technology (Autonomous), Jawahar Gardens, Kaliapuram, Thirumalayampalayam, Coimbatore-641105.",641105,157,147.5,138.5,147.67,116.5,121,126.5,TNEA2025-01763,COMPUTER SCIENCE AND ENGINEERING,cs
2755,"Nehru Institute of Technology (Autonomous), Jawahar Gardens, Kaliapuram, Thirumalayampalayam, Coimbatore-641105.",641105,157,148.5,125.5,145.5,113.5,121,126.5,TNEA2025-01764,COMPUTER SCIENCE AND ENGINEERING (AI AND MACHINE LEARNING),am
2755,"Nehru Institute of Technology (Autonomous), Jawahar Gardens, Kaliapuram, Thirumalayampalayam, Coimbatore-641105.",641105,157.5,144.5,157,144.5,112.5,92.5,126.5,TNEA2025-01765,Computer Science and Engineering (Cyber Security),sc
2755,"Nehru Institute of Technology (Autonomous), Jawahar Gardens, Kaliapuram, Thirumalayampalayam, Coimbatore-641105.",641105,134,82.5,94.5,97.5,109,92.5,126.5,TNEA2025-01766,FOOD TECHNOLOGY,fd
2755,"Nehru Institute of Technology (Autonomous), Jawahar Gardens, Kaliapuram, Thirumalayampalayam, Coimbatore-641105.",641105,155.5,146.5,94.5,147.5,124,151.5,126.5,TNEA2025-01767,INFORMATION TECHNOLOGY,it
4961,"Nellai College of Engineering, Maruthakulam P.O, Nanguneri Taluk, Tirunelveli-627151.",TIRUNELVELI,128,Not Available,Not Available,Not Available,Not Available,Not Available,Not Available,TNEA2025-01768,Artificial Intelligence and Data Science,ad
4961,"Nellai College of Engineering, Maruthakulam P.O, Nanguneri Taluk, Tirunelveli-627151.",TIRUNELVELI,111.5,Not Available,Not Available,Not Available,Not Available,Not Available,Not Available,TNEA2025-01769,CIVIL ENGINEERING,ce
4961,"Nellai College of Engineering, Maruthakulam P.O, Nanguneri Taluk, Tirunelveli-627151.",TIRUNELVELI,80,Not Available,Not Available,Not Available,Not Available,Not Available,Not Available,TNEA2025-01770,COMPUTER SCIENCE AND ENGINEERING,cs
4961,"Nellai College of Engineering, Maruthakulam P.O, Nanguneri Taluk, Tirunelveli-627151.",TIRUNELVELI,86,Not Available,Not Available,Not Available,Not Available,Not Available,Not Available,TNEA2025-01771,Computer Science and Engineering (Cyber Security),sc
4961,"Nellai College of Engineering, Maruthakulam P.O, Nanguneri Taluk, Tirunelveli-627151.",TIRUNELVELI,85.5,Not Available,Not Available,Not Available,Not Available,Not Available,Not Available,TNEA2025-01772,ELECTRICAL AND ELECTRONICS ENGINEERING,ee
4961,"Nellai College of Engineering, Maruthakulam P.O, Nanguneri Taluk, Tirunelveli-627151.",TIRUNELVELI,92,Not Available,Not Available,Not Available,Not Available,Not Available,Not Available,TNEA2025-01773,ELECTRONICS AND COMMUNICATION ENGINEERING,ec
4961,"Nellai College of Engineering, Maruthakulam P.O, Nanguneri Taluk, Tirunelveli-627151.",TIRUNELVELI,88,Not Available,Not Available,Not Available,Not Available,Not Available,Not Available,TNEA2025-01774,MECHANICAL ENGINEERING,me
3466,"Nelliandavar Institute of Technology, Nerunjikorai Village, Pudhupalayam, Ariyalur Taluk & District-621704.",ARIYALUR,107,91,Not Available,84.5,88,Not Available,Not Available,TNEA2025-01775,Artificial Intelligence and Data Science,ad
3466,"Nelliandavar Institute of Technology, Nerunjikorai Village, Pudhupalayam, Ariyalur Taluk & District-621704.",ARIYALUR,128.5,87,Not Available,103,88,Not Available,Not Available,TNEA2025-01776,COMPUTER SCIENCE AND ENGINEERING,cs
3466,"Nelliandavar Institute of Technology, Nerunjikorai Village, Pudhupalayam, Ariyalur Taluk & District-621704.",ARIYALUR,88.5,87,Not Available,103,88,Not Available,Not Available,TNEA2025-01777,ELECTRICAL AND ELECTRONICS ENGINEERING,ee
3466,"Nelliandavar Institute of Technology, Nerunjikorai Village, Pudhupalayam, Ariyalur Taluk & District-621704.",ARIYALUR,81.5,87,Not Available,103,88,Not Available,Not Available,TNEA2025-01778,ELECTRONICS AND COMMUNICATION ENGINEERING,ec
3466,"Nelliandavar Institute of Technology, Nerunjikorai Village, Pudhupalayam, Ariyalur Taluk & District-621704.",ARIYALUR,87,87,Not Available,103,88,Not Available,Not Available,TNEA2025-01779,MECHANICAL ENGINEERING,me
1431,"New Prince Shri Bhavani College of Engineering and Technology (Autonomous), Vengaivasal Main Road, Gowrivakkam, Chennai-600073.",CHENGALPATTU,142.5,118,112.5,107,100.5,114.5,84,TNEA2025-01780,Artificial Intelligence and Data Science,ad
1431,"New Prince Shri Bhavani College of Engineering and Technology (Autonomous), Vengaivasal Main Road, Gowrivakkam, Chennai-600073.",CHENGALPATTU,142.5,118,112.5,107,100.5,114.5,84,TNEA2025-01781,CIVIL ENGINEERING,ce
1431,"New Prince Shri Bhavani College of Engineering and Technology (Autonomous), Vengaivasal Main Road, Gowrivakkam, Chennai-600073.",CHENGALPATTU,140,106.5,113.5,109.5,93.5,82.5,84,TNEA2025-01782,COMPUTER SCIENCE AND ENGINEERING,cs
1431,"New Prince Shri Bhavani College of Engineering and Technology (Autonomous), Vengaivasal Main Road, Gowrivakkam, Chennai-600073.",CHENGALPATTU,121,92.5,113,95.5,86,82.5,84,TNEA2025-01783,Computer Science and Engineering (Cyber Security),sc
1431,"New Prince Shri Bhavani College of Engineering and Technology (Autonomous), Vengaivasal Main Road, Gowrivakkam, Chennai-600073.",CHENGALPATTU,102,98,113,95,94.5,82.5,84,TNEA2025-01784,ELECTRICAL AND ELECTRONICS ENGINEERING,ee
1431,"New Prince Shri Bhavani College of Engineering and Technology (Autonomous), Vengaivasal Main Road, Gowrivakkam, Chennai-600073.",CHENGALPATTU,123.5,83,108.5,94.5,81.5,82.5,84,TNEA2025-01785,ELECTRONICS AND COMMUNICATION ENGINEERING,ec
1431,"New Prince Shri Bhavani College of Engineering and Technology (Autonomous), Vengaivasal Main Road, Gowrivakkam, Chennai-600073.",CHENGALPATTU,138.5,96,127,114,99.5,82.5,84,TNEA2025-01786,INFORMATION TECHNOLOGY,it
1431,"New Prince Shri Bhavani College of Engineering and Technology (Autonomous), Vengaivasal Main Road, Gowrivakkam, Chennai-600073.",CHENGALPATTU,95.5,87.5,127,114,80.5,82.5,84,TNEA2025-01787,MECHANICAL ENGINEERING,me
4986,"Noorul Islam College of Engineering and Technology, Punkarai, Thiruvithancode (PO), Kanyakumari-629174.",,127,Not Available,Not Available,Not Available,Not Available,Not Available,Not Available,TNEA2025-01788,Artificial Intelligence and Data Science,ad
4986,"Noorul Islam College of Engineering and Technology, Punkarai, Thiruvithancode (PO), Kanyakumari-629174.",,129.5,Not Available,Not Available,Not Available,Not Available,Not Available,Not Available,TNEA2025-01789,COMPUTER SCIENCE AND ENGINEERING,cs
4986,"Noorul Islam College of Engineering and Technology, Punkarai, Thiruvithancode (PO), Kanyakumari-629174.",,129.5,Not Available,Not Available,Not Available,Not Available,Not Available,Not Available,TNEA2025-01790,ELECTRICAL AND ELECTRONICS ENGINEERING,ee
4986,"Noorul Islam College of Engineering and Technology, Punkarai, Thiruvithancode (PO), Kanyakumari-629174.",,129.5,Not Available,Not Available,Not Available,Not Available,Not Available,Not Available,TNEA2025-01791,ELECTRONICS AND COMMUNICATION ENGINEERING,ec
4986,"Noorul Islam College of Engineering and Technology, Punkarai, Thiruvithancode (PO), Kanyakumari-629174.",,129.5,Not Available,Not Available,Not Available,Not Available,Not Available,Not Available,TNEA2025-01792,INFORMATION TECHNOLOGY,it
4986,"Noorul Islam College of Engineering and Technology, Punkarai, Thiruvithancode (PO), Kanyakumari-629174.",,117.5,Not Available,Not Available,Not Available,Not Available,Not Available,Not Available,TNEA2025-01793,MECHANICAL ENGINEERING,me
3782,"OASYS Institute of Technology, Tiruchirappalli-Thuraiyur Mani Road, Pulivalam P.O Musiri Taluk, Tiruchirappalli-621006.",TIRUCHIRAPPALLI,124.5,100,105,96,103,86,113.5,TNEA2025-01794,Artificial Intelligence and Data Science,ad
3782,"OASYS Institute of Technology, Tiruchirappalli-Thuraiyur Mani Road, Pulivalam P.O Musiri Taluk, Tiruchirappalli-621006.",TIRUCHIRAPPALLI,80.5,100,105,96,103,86,113.5,TNEA2025-01795,COMPUTER SCIENCE AND BUSSINESS SYSTEM,cb
3782,"OASYS Institute of Technology, Tiruchirappalli-Thuraiyur Mani Road, Pulivalam P.O Musiri Taluk, Tiruchirappalli-621006.",TIRUCHIRAPPALLI,116,100,105,87,97,81,113.5,TNEA2025-01796,COMPUTER SCIENCE AND ENGINEERING,cs
3782,"OASYS Institute of Technology, Tiruchirappalli-Thuraiyur Mani Road, Pulivalam P.O Musiri Taluk, Tiruchirappalli-621006.",TIRUCHIRAPPALLI,83,100,105,87,97,81,113.5,TNEA2025-01797,COMPUTER SCIENCE AND ENGINEERING (AI AND MACHINE LEARNING),am
3782,"OASYS Institute of Technology, Tiruchirappalli-Thuraiyur Mani Road, Pulivalam P.O Musiri Taluk, Tiruchirappalli-621006.",TIRUCHIRAPPALLI,100.5,91,105,82.5,97,81,113.5,TNEA2025-01798,ELECTRICAL AND ELECTRONICS ENGINEERING,ee
3782,"OASYS Institute of Technology, Tiruchirappalli-Thuraiyur Mani Road, Pulivalam P.O Musiri Taluk, Tiruchirappalli-621006.",TIRUCHIRAPPALLI,108.5,91,105,91,87,81,113.5,TNEA2025-01799,ELECTRONICS AND COMMUNICATION ENGINEERING,ec
3782,"OASYS Institute of Technology, Tiruchirappalli-Thuraiyur Mani Road, Pulivalam P.O Musiri Taluk, Tiruchirappalli-621006.",TIRUCHIRAPPALLI,125.5,97,105,95.5,104.5,91.5,113.5,TNEA2025-01800,INFORMATION TECHNOLOGY,it
1529,"Oxford College of Engineering, Venmani Village, Karaipoondi Post, Polur, Tiruvannamalai-606803.",TIRUVANNAMALAI,Not Available,Not Available,Not Available,Not Available,Not Available,Not Available,Not Available,TNEA2025-01801,CIVIL ENGINEERING,ce
1529,"Oxford College of Engineering, Venmani Village, Karaipoondi Post, Polur, Tiruvannamalai-606803.",TIRUVANNAMALAI,Not Available,Not Available,Not Available,Not Available,Not Available,Not Available,Not Available,TNEA2025-01802,COMPUTER SCIENCE AND ENGINEERING,cs
1529,"Oxford College of Engineering, Venmani Village, Karaipoondi Post, Polur, Tiruvannamalai-606803.",TIRUVANNAMALAI,Not Available,Not Available,Not Available,Not Available,Not Available,Not Available,Not Available,TNEA2025-01803,ELECTRICAL AND ELECTRONICS ENGINEERING,ee
1529,"Oxford College of Engineering, Venmani Village, Karaipoondi Post, Polur, Tiruvannamalai-606803.",TIRUVANNAMALAI,Not Available,Not Available,Not Available,Not Available,Not Available,Not Available,Not Available,TNEA2025-01804,ELECTRONICS AND COMMUNICATION ENGINEERING,ec
1529,"Oxford College of Engineering, Venmani Village, Karaipoondi Post, Polur, Tiruvannamalai-606803.",TIRUVANNAMALAI,Not Available,Not Available,Not Available,Not Available,Not Available,Not Available,Not Available,TNEA2025-01805,MECHANICAL ENGINEERING,me
3813,"Oxford Engineering College, Pirattiyur, Tiruchirappalli-620009.",TIRUCHIRAPPALLI,91.5,Not Available,Not Available,Not Available,Not Available,Not Available,Not Available,TNEA2025-01806,CIVIL ENGINEERING,ce
3813,"Oxford Engineering College, Pirattiyur, Tiruchirappalli-620009.",TIRUCHIRAPPALLI,97,Not Available,Not Available,Not Available,Not Available,Not Available,Not Available,TNEA2025-01807,COMPUTER SCIENCE AND ENGINEERING,cs
3813,"Oxford Engineering College, Pirattiyur, Tiruchirappalli-620009.",TIRUCHIRAPPALLI,97,Not Available,Not Available,Not Available,Not Available,Not Available,Not Available,TNEA2025-01808,ELECTRICAL AND ELECTRONICS ENGINEERING,ee
3813,"Oxford Engineering College, Pirattiyur, Tiruchirappalli-620009.",TIRUCHIRAPPALLI,97,Not Available,Not Available,Not Available,Not Available,Not Available,Not Available,TNEA2025-01809,ELECTRONICS AND COMMUNICATION ENGINEERING,ec
3813,"Oxford Engineering College, Pirattiyur, Tiruchirappalli-620009.",TIRUCHIRAPPALLI,111,Not Available,Not Available,Not Available,Not Available,Not Available,Not Available,TNEA2025-01810,INFORMATION TECHNOLOGY,it
3813,"Oxford Engineering College, Pirattiyur, Tiruchirappalli-620009.",TIRUCHIRAPPALLI,111,Not Available,Not Available,Not Available,Not Available,Not Available,Not Available,TNEA2025-01811,MECHANICAL ENGINEERING,me
2741,"P A College of Engineering and Technology (Autonomous), Palladam Road, Pollachi, Coimbatore Dt.-642002.",COIMBATORE,145.5,134,84.5,117,81.5,129,Not Available,TNEA2025-01812,Artificial Intelligence and Data Science,ad
2741,"P A College of Engineering and Technology (Autonomous), Palladam Road, Pollachi, Coimbatore Dt.-642002.",COIMBATORE,109,96,84.5,107.5,81.5,82.5,Not Available,TNEA2025-01813,CIVIL ENGINEERING,ce
2741,"P A College of Engineering and Technology (Autonomous), Palladam Road, Pollachi, Coimbatore Dt.-642002.",COIMBATORE,156.5,145,115,130.5,90,119.5,Not Available,TNEA2025-01814,COMPUTER SCIENCE AND ENGINEERING,cs
2741,"P A College of Engineering and Technology (Autonomous), Palladam Road, Pollachi, Coimbatore Dt.-642002.",COIMBATORE,123.5,109.5,116,91.5,80.5,116.5,Not Available,TNEA2025-01815,ELECTRICAL AND ELECTRONICS ENGINEERING,ee
2741,"P A College of Engineering and Technology (Autonomous), Palladam Road, Pollachi, Coimbatore Dt.-642002.",COIMBATORE,135.5,124.5,94,109,87,114,Not Available,TNEA2025-01816,ELECTRONICS AND COMMUNICATION ENGINEERING,ec
2741,"P A College of Engineering and Technology (Autonomous), Palladam Road, Pollachi, Coimbatore Dt.-642002.",COIMBATORE,145,133,119,114.5,125,144.5,Not Available,TNEA2025-01817,INFORMATION TECHNOLOGY,it
2741,"P A College of Engineering and Technology (Autonomous), Palladam Road, Pollachi, Coimbatore Dt.-642002.",COIMBATORE,107.5,84.5,106,86.5,125,89.5,Not Available,TNEA2025-01818,MECHANICAL ENGINEERING,me
1222,"P.B. College of Engineering, Chennai-Bangalore High Way, Irungkattukottai, Sriperumbudur Taluk, Kancheepuram District, Chennai -602117.",KANCHIPURAM,109.5,121,Not Available,100.5,119.5,Not Available,Not Available,TNEA2025-01819,AERONAUTICAL ENGINEERING,ae
1222,"P.B. College of Engineering, Chennai-Bangalore High Way, Irungkattukottai, Sriperumbudur Taluk, Kancheepuram District, Chennai -602117.",KANCHIPURAM,101.5,121,Not Available,100.5,119.5,Not Available,Not Available,TNEA2025-01820,AUTOMOBILE ENGINEERING,au
1222,"P.B. College of Engineering, Chennai-Bangalore High Way, Irungkattukottai, Sriperumbudur Taluk, Kancheepuram District, Chennai -602117.",KANCHIPURAM,136,121,Not Available,99,119.5,Not Available,Not Available,TNEA2025-01821,Artificial Intelligence and Data Science,ad
1222,"P.B. College of Engineering, Chennai-Bangalore High Way, Irungkattukottai, Sriperumbudur Taluk, Kancheepuram District, Chennai -602117.",KANCHIPURAM,136,121,Not Available,99,119.5,Not Available,Not Available,TNEA2025-01822,CIVIL ENGINEERING,ce
1222,"P.B. College of Engineering, Chennai-Bangalore High Way, Irungkattukottai, Sriperumbudur Taluk, Kancheepuram District, Chennai -602117.",KANCHIPURAM,107.5,94.5,Not Available,95,119.5,Not Available,Not Available,TNEA2025-01823,COMPUTER SCIENCE AND ENGINEERING,cs
1222,"P.B. College of Engineering, Chennai-Bangalore High Way, Irungkattukottai, Sriperumbudur Taluk, Kancheepuram District, Chennai -602117.",KANCHIPURAM,89,94.5,Not Available,95,119.5,Not Available,Not Available,TNEA2025-01824,Computer Science and Engineering (Cyber Security),sc
1222,"P.B. College of Engineering, Chennai-Bangalore High Way, Irungkattukottai, Sriperumbudur Taluk, Kancheepuram District, Chennai -602117.",KANCHIPURAM,84.5,94.5,Not Available,95,119.5,Not Available,Not Available,TNEA2025-01825,ELECTRICAL AND ELECTRONICS ENGINEERING,ee
1222,"P.B. College of Engineering, Chennai-Bangalore High Way, Irungkattukottai, Sriperumbudur Taluk, Kancheepuram District, Chennai -602117.",KANCHIPURAM,110.5,94.5,Not Available,95,119.5,Not Available,Not Available,TNEA2025-01826,ELECTRONICS AND COMMUNICATION ENGINEERING,ec
1222,"P.B. College of Engineering, Chennai-Bangalore High Way, Irungkattukottai, Sriperumbudur Taluk, Kancheepuram District, Chennai -602117.",KANCHIPURAM,91,94.5,Not Available,95,119.5,Not Available,Not Available,TNEA2025-01827,INFORMATION TECHNOLOGY,it
1222,"P.B. College of Engineering, Chennai-Bangalore High Way, Irungkattukottai, Sriperumbudur Taluk, Kancheepuram District, Chennai -602117.",KANCHIPURAM,88,94.5,Not Available,95,119.5,Not Available,Not Available,TNEA2025-01828,MECHANICAL ENGINEERING,me
3814,"P.R. Engineering College, Thanjavur-Trichy High ways, Vallam, Thanjavur-613403.",THANJAVUR,88.5,Not Available,Not Available,Not Available,Not Available,Not Available,Not Available,TNEA2025-01829,Artificial Intelligence and Data Science,ad
3814,"P.R. Engineering College, Thanjavur-Trichy High ways, Vallam, Thanjavur-613403.",THANJAVUR,109.5,Not Available,Not Available,Not Available,Not Available,Not Available,Not Available,TNEA2025-01830,CIVIL ENGINEERING,ce
3814,"P.R. Engineering College, Thanjavur-Trichy High ways, Vallam, Thanjavur-613403.",THANJAVUR,96,Not Available,Not Available,Not Available,Not Available,Not Available,Not Available,TNEA2025-01831,COMPUTER SCIENCE AND ENGINEERING,cs
3814,"P.R. Engineering College, Thanjavur-Trichy High ways, Vallam, Thanjavur-613403.",THANJAVUR,96,Not Available,Not Available,Not Available,Not Available,Not Available,Not Available,TNEA2025-01832,ELECTRICAL AND ELECTRONICS ENGINEERING,ee
3814,"P.R. Engineering College, Thanjavur-Trichy High ways, Vallam, Thanjavur-613403.",THANJAVUR,118.5,Not Available,Not Available,Not Available,Not Available,Not Available,Not Available,TNEA2025-01833,ELECTRONICS AND COMMUNICATION ENGINEERING,ec
3814,"P.R. Engineering College, Thanjavur-Trichy High ways, Vallam, Thanjavur-613403.",THANJAVUR,118.5,Not Available,Not Available,Not Available,Not Available,Not Available,Not Available,TNEA2025-01834,MECHANICAL ENGINEERING,me
4965,"P.S.R. Engineering College (Autonomous), Appayanaickenpatty, Sevalpatty, Sivakasi, Virudhunagar District -626140.",VIRUDHUNAGAR,158.5,146,131.5,143,80,102,Not Available,TNEA2025-01835,Artificial Intelligence and Data Science,ad
4965,"P.S.R. Engineering College (Autonomous), Appayanaickenpatty, Sevalpatty, Sivakasi, Virudhunagar District -626140.",VIRUDHUNAGAR,127,94,118.5,105.5,105.5,102,Not Available,TNEA2025-01836,BIO MEDICAL ENGINEERING,bm
4965,"P.S.R. Engineering College (Autonomous), Appayanaickenpatty, Sevalpatty, Sivakasi, Virudhunagar District -626140.",VIRUDHUNAGAR,128.5,101,118.5,99,113.5,102,Not Available,TNEA2025-01837,BIO TECHNOLOGY,bt
4965,"P.S.R. Engineering College (Autonomous), Appayanaickenpatty, Sevalpatty, Sivakasi, Virudhunagar District -626140.",VIRUDHUNAGAR,128,98,110,89,93.5,102,Not Available,TNEA2025-01838,CIVIL ENGINEERING,ce
4965,"P.S.R. Engineering College (Autonomous), Appayanaickenpatty, Sevalpatty, Sivakasi, Virudhunagar District -626140.",VIRUDHUNAGAR,155,142,136,139.5,104.5,102,Not Available,TNEA2025-01839,COMPUTER SCIENCE AND ENGINEERING,cs
4965,"P.S.R. Engineering College (Autonomous), Appayanaickenpatty, Sevalpatty, Sivakasi, Virudhunagar District -626140.",VIRUDHUNAGAR,130.5,112.5,104,116,92.5,102,Not Available,TNEA2025-01840,ELECTRICAL AND ELECTRONICS ENGINEERING,ee
4965,"P.S.R. Engineering College (Autonomous), Appayanaickenpatty, Sevalpatty, Sivakasi, Virudhunagar District -626140.",VIRUDHUNAGAR,146,139.5,118.5,130,128,102,Not Available,TNEA2025-01841,ELECTRONICS AND COMMUNICATION ENGINEERING,ec
4965,"P.S.R. Engineering College (Autonomous), Appayanaickenpatty, Sevalpatty, Sivakasi, Virudhunagar District -626140.",VIRUDHUNAGAR,146.5,139.5,113,127.5,107.5,102,Not Available,TNEA2025-01842,INFORMATION TECHNOLOGY,it
4965,"P.S.R. Engineering College (Autonomous), Appayanaickenpatty, Sevalpatty, Sivakasi, Virudhunagar District -626140.",VIRUDHUNAGAR,107.5,84.5,97.5,82,107.5,102,Not Available,TNEA2025-01843,MECHANICAL ENGINEERING,me
4995,"P.S.R.R College of Engineering, Appayanaickenpatti, Sevalpatti, Sivakasi, Virudhunagar -626140.",VIRUDHUNAGAR,127.5,108.5,111.5,100,103.5,Not Available,Not Available,TNEA2025-01844,Artificial Intelligence and Data Science,ad
4995,"P.S.R.R College of Engineering, Appayanaickenpatti, Sevalpatti, Sivakasi, Virudhunagar -626140.",VIRUDHUNAGAR,137.5,124.5,111.5,105.5,103.5,Not Available,Not Available,TNEA2025-01845,COMPUTER SCIENCE AND ENGINEERING,cs
4995,"P.S.R.R College of Engineering, Appayanaickenpatti, Sevalpatti, Sivakasi, Virudhunagar -626140.",VIRUDHUNAGAR,80.5,124.5,111.5,105.5,103.5,Not Available,Not Available,TNEA2025-01846,ELECTRICAL AND ELECTRONICS ENGINEERING,ee
4995,"P.S.R.R College of Engineering, Appayanaickenpatti, Sevalpatti, Sivakasi, Virudhunagar -626140.",VIRUDHUNAGAR,117.5,91,111.5,96,99,Not Available,Not Available,TNEA2025-01847,ELECTRONICS AND COMMUNICATION ENGINEERING,ec
2642,"P.S.V.College of Engineering and Technology, Mittapalli, Balinayanapalli Post, Krishnagiri-635108.",KRISHNAGIRI,159.5,124.5,124,146.5,127,92,Not Available,TNEA2025-01848,Artificial Intelligence and Data Science,ad
2642,"P.S.V.College of Engineering and Technology, Mittapalli, Balinayanapalli Post, Krishnagiri-635108.",KRISHNAGIRI,102.5,95,124,89,90,92,Not Available,TNEA2025-01849,BIO MEDICAL ENGINEERING,bm
2642,"P.S.V.College of Engineering and Technology, Mittapalli, Balinayanapalli Post, Krishnagiri-635108.",KRISHNAGIRI,104,101,124,92,81.5,92,Not Available,TNEA2025-01850,CIVIL ENGINEERING,ce
2642,"P.S.V.College of Engineering and Technology, Mittapalli, Balinayanapalli Post, Krishnagiri-635108.",KRISHNAGIRI,139.5,105.5,124,117,108.5,92,Not Available,TNEA2025-01851,COMPUTER SCIENCE AND ENGINEERING,cs
2642,"P.S.V.College of Engineering and Technology, Mittapalli, Balinayanapalli Post, Krishnagiri-635108.",KRISHNAGIRI,123.5,101.5,120,108,99.5,92,Not Available,TNEA2025-01852,Computer Science and Engineering (Cyber Security),sc
2642,"P.S.V.College of Engineering and Technology, Mittapalli, Balinayanapalli Post, Krishnagiri-635108.",KRISHNAGIRI,109.5,90,120,83.5,80,92,Not Available,TNEA2025-01853,ELECTRICAL AND ELECTRONICS ENGINEERING,ee
2642,"P.S.V.College of Engineering and Technology, Mittapalli, Balinayanapalli Post, Krishnagiri-635108.",KRISHNAGIRI,135,117.5,114.5,109.5,106,92,Not Available,TNEA2025-01854,ELECTRONICS AND COMMUNICATION ENGINEERING,ec
2642,"P.S.V.College of Engineering and Technology, Mittapalli, Balinayanapalli Post, Krishnagiri-635108.",KRISHNAGIRI,137,81,128.5,110,112,92,Not Available,TNEA2025-01855,INFORMATION TECHNOLOGY,it
2642,"P.S.V.College of Engineering and Technology, Mittapalli, Balinayanapalli Post, Krishnagiri-635108.",KRISHNAGIRI,97,80.5,128.5,80,82.5,92,Not Available,TNEA2025-01856,MECHANICAL ENGINEERING,me
1226,"P.T.Lee Chengalvaraya Naicker College of Engineering and Technology, Oovery, Veliyur Post, Kanchipuram District-631502.",KANCHIPURAM,175,99.5,Not Available,162.5,92.5,90,Not Available,TNEA2025-01857,Artificial Intelligence and Data Science,ad
1226,"P.T.Lee Chengalvaraya Naicker College of Engineering and Technology, Oovery, Veliyur Post, Kanchipuram District-631502.",KANCHIPURAM,156.5,93,Not Available,149,92.5,90,Not Available,TNEA2025-01858,COMPUTER SCIENCE AND ENGINEERING,cs
1226,"P.T.Lee Chengalvaraya Naicker College of Engineering and Technology, Oovery, Veliyur Post, Kanchipuram District-631502.",KANCHIPURAM,127,106,Not Available,108.5,91,90,Not Available,TNEA2025-01859,ELECTRICAL AND ELECTRONICS ENGINEERING,ee
1226,"P.T.Lee Chengalvaraya Naicker College of Engineering and Technology, Oovery, Veliyur Post, Kanchipuram District-631502.",KANCHIPURAM,149.5,105,Not Available,145,98,90,Not Available,TNEA2025-01860,ELECTRONICS AND COMMUNICATION ENGINEERING,ec
1226,"P.T.Lee Chengalvaraya Naicker College of Engineering and Technology, Oovery, Veliyur Post, Kanchipuram District-631502.",KANCHIPURAM,167,111.5,Not Available,160,120.5,90,Not Available,TNEA2025-01861,INFORMATION TECHNOLOGY,it
1226,"P.T.Lee Chengalvaraya Naicker College of Engineering and Technology, Oovery, Veliyur Post, Kanchipuram District-631502.",KANCHIPURAM,115.5,92,Not Available,99,105,90,Not Available,TNEA2025-01862,MECHANICAL ENGINEERING,me
5911,"P.T.R. College of Engineering and Technology, Thanapandiyan Nagar, Madurai - Tirumangalam Road, Madurai-625008.",MADURAI,99.5,96,Not Available,Not Available,82,Not Available,Not Available,TNEA2025-01863,Artificial Intelligence and Data Science,ad
5911,"P.T.R. College of Engineering and Technology, Thanapandiyan Nagar, Madurai - Tirumangalam Road, Madurai-625008.",MADURAI,99.5,96,Not Available,Not Available,82,Not Available,Not Available,TNEA2025-01864,BIO MEDICAL ENGINEERING,bm
5911,"P.T.R. College of Engineering and Technology, Thanapandiyan Nagar, Madurai - Tirumangalam Road, Madurai-625008.",MADURAI,110,96,Not Available,Not Available,82,Not Available,Not Available,TNEA2025-01865,CIVIL ENGINEERING,ce
5911,"P.T.R. College of Engineering and Technology, Thanapandiyan Nagar, Madurai - Tirumangalam Road, Madurai-625008.",MADURAI,110,96,Not Available,Not Available,82,Not Available,Not Available,TNEA2025-01866,COMPUTER SCIENCE AND BUSSINESS SYSTEM,cb
5911,"P.T.R. College of Engineering and Technology, Thanapandiyan Nagar, Madurai - Tirumangalam Road, Madurai-625008.",MADURAI,117.5,96,Not Available,Not Available,82,Not Available,Not Available,TNEA2025-01867,COMPUTER SCIENCE AND ENGINEERING,cs
5911,"P.T.R. College of Engineering and Technology, Thanapandiyan Nagar, Madurai - Tirumangalam Road, Madurai-625008.",MADURAI,107,96,Not Available,Not Available,82,Not Available,Not Available,TNEA2025-01868,Computer Science and Engineering (Cyber Security),sc
5911,"P.T.R. College of Engineering and Technology, Thanapandiyan Nagar, Madurai - Tirumangalam Road, Madurai-625008.",MADURAI,107,96,Not Available,Not Available,82,Not Available,Not Available,TNEA2025-01869,ELECTRICAL AND ELECTRONICS ENGINEERING,ee
5911,"P.T.R. College of Engineering and Technology, Thanapandiyan Nagar, Madurai - Tirumangalam Road, Madurai-625008.",MADURAI,96,96,Not Available,Not Available,82,Not Available,Not Available,TNEA2025-01870,ELECTRONICS AND COMMUNICATION ENGINEERING,ec
5911,"P.T.R. College of Engineering and Technology, Thanapandiyan Nagar, Madurai - Tirumangalam Road, Madurai-625008.",MADURAI,96,96,Not Available,Not Available,82,Not Available,Not Available,TNEA2025-01871,MECHANICAL ENGINEERING,me
1452,"PERI Institute of Technology (Autonomous), Mannivakkam, Tambaram, Kancheepuram, Chennai-600048.",CHENGALPATTU,154,130,118,124.5,110.5,Not Available,Not Available,TNEA2025-01872,Artificial Intelligence and Data Science,ad
1452,"PERI Institute of Technology (Autonomous), Mannivakkam, Tambaram, Kancheepuram, Chennai-600048.",CHENGALPATTU,89,130,118,124.5,110.5,Not Available,Not Available,TNEA2025-01873,CIVIL ENGINEERING,ce
1452,"PERI Institute of Technology (Autonomous), Mannivakkam, Tambaram, Kancheepuram, Chennai-600048.",CHENGALPATTU,107,130,118,102.5,110.5,Not Available,Not Available,TNEA2025-01874,COMPUTER SCIENCE AND BUSSINESS SYSTEM,cb
1452,"PERI Institute of Technology (Autonomous), Mannivakkam, Tambaram, Kancheepuram, Chennai-600048.",CHENGALPATTU,142,105,118,109,93,Not Available,Not Available,TNEA2025-01875,COMPUTER SCIENCE AND ENGINEERING,cs
1452,"PERI Institute of Technology (Autonomous), Mannivakkam, Tambaram, Kancheepuram, Chennai-600048.",CHENGALPATTU,142.5,110,118,108.5,93,Not Available,Not Available,TNEA2025-01876,COMPUTER SCIENCE AND ENGINEERING (AI AND MACHINE LEARNING),am
1452,"PERI Institute of Technology (Autonomous), Mannivakkam, Tambaram, Kancheepuram, Chennai-600048.",CHENGALPATTU,111,90,118,108.5,97.5,Not Available,Not Available,TNEA2025-01877,Computer Science and Engineering (Cyber Security),sc
1452,"PERI Institute of Technology (Autonomous), Mannivakkam, Tambaram, Kancheepuram, Chennai-600048.",CHENGALPATTU,87.5,90,118,108.5,97.5,Not Available,Not Available,TNEA2025-01878,ELECTRICAL AND ELECTRONICS ENGINEERING,ee
1452,"PERI Institute of Technology (Autonomous), Mannivakkam, Tambaram, Kancheepuram, Chennai-600048.",CHENGALPATTU,144,98.5,118,95.5,105.5,Not Available,Not Available,TNEA2025-01879,ELECTRONICS AND COMMUNICATION ENGINEERING,ec
1452,"PERI Institute of Technology (Autonomous), Mannivakkam, Tambaram, Kancheepuram, Chennai-600048.",CHENGALPATTU,137.5,107.5,118,115.5,128.5,Not Available,Not Available,TNEA2025-01880,INFORMATION TECHNOLOGY,it
1452,"PERI Institute of Technology (Autonomous), Mannivakkam, Tambaram, Kancheepuram, Chennai-600048.",CHENGALPATTU,87,107.5,118,115.5,128.5,Not Available,Not Available,TNEA2025-01881,MECHANICAL ENGINEERING,me
4966,"PET Engineering College, Thiruchendur Road, Vallioor, Tirunelveli -627117.",TIRUNELVELI,130.5,109,117.5,95,83.5,Not Available,Not Available,TNEA2025-01882,Artificial Intelligence and Data Science,ad
4966,"PET Engineering College, Thiruchendur Road, Vallioor, Tirunelveli -627117.",TIRUNELVELI,94,109,117.5,95,83.5,Not Available,Not Available,TNEA2025-01883,CIVIL ENGINEERING,ce
4966,"PET Engineering College, Thiruchendur Road, Vallioor, Tirunelveli -627117.",TIRUNELVELI,137.5,90.5,128.5,93,81.5,Not Available,Not Available,TNEA2025-01884,COMPUTER SCIENCE AND ENGINEERING,cs
4966,"PET Engineering College, Thiruchendur Road, Vallioor, Tirunelveli -627117.",TIRUNELVELI,104.5,89.5,128.5,85.5,81.5,Not Available,Not Available,TNEA2025-01885,ELECTRICAL AND ELECTRONICS ENGINEERING,ee
4966,"PET Engineering College, Thiruchendur Road, Vallioor, Tirunelveli -627117.",TIRUNELVELI,125.5,88.5,116,111,90.5,Not Available,Not Available,TNEA2025-01886,ELECTRONICS AND COMMUNICATION ENGINEERING,ec
4966,"PET Engineering College, Thiruchendur Road, Vallioor, Tirunelveli -627117.",TIRUNELVELI,85,80.5,116,111,90.5,Not Available,Not Available,TNEA2025-01887,MECHANICAL ENGINEERING,me
2612,"PGP College of Engineering and Technology, Namakkal-Paramathi NH 7 Road, Namakkal-637207.",NAMAKKAL,123,84.5,Not Available,104.5,80,93.5,Not Available,TNEA2025-01888,Artificial Intelligence and Data Science,ad
2612,"PGP College of Engineering and Technology, Namakkal-Paramathi NH 7 Road, Namakkal-637207.",NAMAKKAL,90,84.5,Not Available,104.5,80,93.5,Not Available,TNEA2025-01889,BIO MEDICAL ENGINEERING,bm
2612,"PGP College of Engineering and Technology, Namakkal-Paramathi NH 7 Road, Namakkal-637207.",NAMAKKAL,90.5,84.5,Not Available,104.5,80,93.5,Not Available,TNEA2025-01890,CIVIL ENGINEERING,ce
2612,"PGP College of Engineering and Technology, Namakkal-Paramathi NH 7 Road, Namakkal-637207.",NAMAKKAL,99.5,84.5,Not Available,93,89,84.5,Not Available,TNEA2025-01891,COMPUTER SCIENCE AND ENGINEERING,cs
2612,"PGP College of Engineering and Technology, Namakkal-Paramathi NH 7 Road, Namakkal-637207.",NAMAKKAL,90,84.5,Not Available,93,89,84.5,Not Available,TNEA2025-01892,ELECTRICAL AND ELECTRONICS ENGINEERING,ee
2612,"PGP College of Engineering and Technology, Namakkal-Paramathi NH 7 Road, Namakkal-637207.",NAMAKKAL,87,84.5,Not Available,82.5,85.5,84.5,Not Available,TNEA2025-01893,ELECTRONICS AND COMMUNICATION ENGINEERING,ec
2612,"PGP College of Engineering and Technology, Namakkal-Paramathi NH 7 Road, Namakkal-637207.",NAMAKKAL,94.5,84.5,Not Available,85,80.5,84.5,Not Available,TNEA2025-01894,INFORMATION TECHNOLOGY,it
2612,"PGP College of Engineering and Technology, Namakkal-Paramathi NH 7 Road, Namakkal-637207.",NAMAKKAL,88.5,84.5,Not Available,85,80.5,84.5,Not Available,TNEA2025-01895,MECHANICAL ENGINEERING,me
1125,"PMR Engineering College, Adayalampattu, Tiruvallur, Chennai-600095.",Tiruvallur,121,Not Available,Not Available,Not Available,Not Available,Not Available,Not Available,TNEA2025-01896,AERONAUTICAL ENGINEERING,ae
1125,"PMR Engineering College, Adayalampattu, Tiruvallur, Chennai-600095.",Tiruvallur,121,Not Available,Not Available,Not Available,Not Available,Not Available,Not Available,TNEA2025-01897,Artificial Intelligence and Data Science,ad
1125,"PMR Engineering College, Adayalampattu, Tiruvallur, Chennai-600095.",Tiruvallur,121,Not Available,Not Available,Not Available,Not Available,Not Available,Not Available,TNEA2025-01898,CIVIL ENGINEERING,ce
1125,"PMR Engineering College, Adayalampattu, Tiruvallur, Chennai-600095.",Tiruvallur,121,Not Available,Not Available,Not Available,Not Available,Not Available,Not Available,TNEA2025-01899,COMPUTER SCIENCE AND ENGINEERING,cs
1125,"PMR Engineering College, Adayalampattu, Tiruvallur, Chennai-600095.",Tiruvallur,107.5,Not Available,Not Available,Not Available,Not Available,Not Available,Not Available,TNEA2025-01900,Computer Science and Engineering (Cyber Security),sc
1125,"PMR Engineering College, Adayalampattu, Tiruvallur, Chennai-600095.",Tiruvallur,107.5,Not Available,Not Available,Not Available,Not Available,Not Available,Not Available,TNEA2025-01901,ELECTRICAL AND ELECTRONICS ENGINEERING,ee
1125,"PMR Engineering College, Adayalampattu, Tiruvallur, Chennai-600095.",Tiruvallur,107.5,Not Available,Not Available,Not Available,Not Available,Not Available,Not Available,TNEA2025-01902,ELECTRONICS AND COMMUNICATION ENGINEERING,ec
1125,"PMR Engineering College, Adayalampattu, Tiruvallur, Chennai-600095.",Tiruvallur,107.5,Not Available,Not Available,Not Available,Not Available,Not Available,Not Available,TNEA2025-01903,MECHANICAL ENGINEERING,me
2753,"PPG Institute of Technology, Rathnagiri Road, Saravanampatti, Coimbatore-641035.",COIMBATORE,106.5,102.5,106.5,99.5,91.5,125.5,124.5,TNEA2025-01904,AGRICULTURAL ENGINEERING,ag
2753,"PPG Institute of Technology, Rathnagiri Road, Saravanampatti, Coimbatore-641035.",COIMBATORE,144.5,119.5,106.5,113,106.5,125.5,124.5,TNEA2025-01905,Artificial Intelligence and Data Science,ad
2753,"PPG Institute of Technology, Rathnagiri Road, Saravanampatti, Coimbatore-641035.",COIMBATORE,111,94.5,106.5,104,106.5,108,124.5,TNEA2025-01906,BIO MEDICAL ENGINEERING,bm
2753,"PPG Institute of Technology, Rathnagiri Road, Saravanampatti, Coimbatore-641035.",COIMBATORE,142.5,115.5,127.5,87.5,88,108,124.5,TNEA2025-01907,COMPUTER SCIENCE AND ENGINEERING,cs
2753,"PPG Institute of Technology, Rathnagiri Road, Saravanampatti, Coimbatore-641035.",COIMBATORE,120,89,127.5,115,88,108,124.5,TNEA2025-01908,COMPUTER SCIENCE AND ENGINEERING (AI AND MACHINE LEARNING),am
2753,"PPG Institute of Technology, Rathnagiri Road, Saravanampatti, Coimbatore-641035.",COIMBATORE,139,93,116,112.5,102.5,125.5,124.5,TNEA2025-01909,ELECTRONICS AND COMMUNICATION ENGINEERING,ec
2753,"PPG Institute of Technology, Rathnagiri Road, Saravanampatti, Coimbatore-641035.",COIMBATORE,122.5,93.5,106,100,90,125.5,124.5,TNEA2025-01910,INFORMATION TECHNOLOGY,it
2753,"PPG Institute of Technology, Rathnagiri Road, Saravanampatti, Coimbatore-641035.",COIMBATORE,107.5,96.5,106,93,87.5,125.5,124.5,TNEA2025-01911,MECHANICAL ENGINEERING,me
2006,PSG College of Technology (Autonomous) Peelamedu Coimbatore District 641004,COIMBATORE,182.5,180,168,173,166,155,178.5,TNEA2025-01912,AUTOMOBILE ENGINEERING (SS),as
2006,PSG College of Technology (Autonomous) Peelamedu Coimbatore District 641004,COIMBATORE,190,186.5,188,183,161,165,178.5,TNEA2025-01913,BIO MEDICAL ENGINEERING (SS),by
2006,PSG College of Technology (Autonomous) Peelamedu Coimbatore District 641004,COIMBATORE,192.5,187.5,188.5,184,163.5,186.5,178.5,TNEA2025-01914,BIO TECHNOLOGY (SS),bs
2006,PSG College of Technology (Autonomous) Peelamedu Coimbatore District 641004,COIMBATORE,191.5,190,186.5,187.5,177,178.5,178.5,TNEA2025-01915,CIVIL ENGINEERING,ce
2006,PSG College of Technology (Autonomous) Peelamedu Coimbatore District 641004,COIMBATORE,187,184,186.5,182.5,175,179.5,178.5,TNEA2025-01916,CIVIL ENGINEERING (SS),cn
2006,PSG College of Technology (Autonomous) Peelamedu Coimbatore District 641004,COIMBATORE,198.5,198,196.5,196.5,188.5,191,178.5,TNEA2025-01917,COMPUTER SCIENCE AND ENGINEERING (SS),cm
2006,PSG College of Technology (Autonomous) Peelamedu Coimbatore District 641004,COIMBATORE,197,196.5,196.5,195.5,187.5,183,178.5,TNEA2025-01918,Computer Science and Engineering (Artificial Intelligence and Machine Learning) (SS),cg
2006,PSG College of Technology (Autonomous) Peelamedu Coimbatore District 641004,COIMBATORE,190,188.5,188,184.5,170.5,160,178.5,TNEA2025-01919,ELECTRICAL AND ELECTRONICS (SANDWICH) (SS),es
2006,PSG College of Technology (Autonomous) Peelamedu Coimbatore District 641004,COIMBATORE,196,195.5,194,194.5,186.5,185.5,168,TNEA2025-01920,ELECTRICAL AND ELECTRONICS ENGINEERING,ee
2006,PSG College of Technology (Autonomous) Peelamedu Coimbatore District 641004,COIMBATORE,198.5,198,196.5,196,190,190.5,181.5,TNEA2025-01921,ELECTRONICS AND COMMUNICATION ENGINEERING,ec
2006,PSG College of Technology (Autonomous) Peelamedu Coimbatore District 641004,COIMBATORE,197,196.5,195.5,195,187.5,186,176.5,TNEA2025-01922,ELECTRONICS AND COMMUNICATION ENGINEERING (SS),em
2006,PSG College of Technology (Autonomous) Peelamedu Coimbatore District 641004,COIMBATORE,176,170.5,153,157.5,133.5,126,110,TNEA2025-01923,FASHION TECHNOLOGY (SS),fy
2006,PSG College of Technology (Autonomous) Peelamedu Coimbatore District 641004,COIMBATORE,197.5,196.5,195,195,188.5,182.5,184,TNEA2025-01924,INFORMATION TECHNOLOGY (SS),im
2006,PSG College of Technology (Autonomous) Peelamedu Coimbatore District 641004,COIMBATORE,191,189.5,185.5,188.5,180,170.16,121,TNEA2025-01925,INSTRUMENTATION AND CONTROL ENGINEERING (SS),iy
2006,PSG College of Technology (Autonomous) Peelamedu Coimbatore District 641004,COIMBATORE,193,191,192,190,179.5,185.5,181,TNEA2025-01926,MECHANICAL ENGINEERING,me
2006,PSG College of Technology (Autonomous) Peelamedu Coimbatore District 641004,COIMBATORE,184,180,177.5,177.5,162,134.5,144,TNEA2025-01927,MECHANICAL ENGINEERING (SANDWICH) (SS),ms
2006,PSG College of Technology (Autonomous) Peelamedu Coimbatore District 641004,COIMBATORE,190,189.5,190,188,175.5,173,144,TNEA2025-01928,MECHANICAL ENGINEERING (SS),mf
2006,PSG College of Technology (Autonomous) Peelamedu Coimbatore District 641004,COIMBATORE,183.5,179.5,183,181,173,173,144,TNEA2025-01929,METALLURGICAL ENGINEERING,mt
2006,PSG College of Technology (Autonomous) Peelamedu Coimbatore District 641004,COIMBATORE,181,177,183,176,157.5,146.5,144,TNEA2025-01930,METALLURGICAL ENGINEERING (SS),my
2006,PSG College of Technology (Autonomous) Peelamedu Coimbatore District 641004,COIMBATORE,187,184,184.5,182,173,160,144,TNEA2025-01931,PRODUCTION ENGINEERING,pr
2006,PSG College of Technology (Autonomous) Peelamedu Coimbatore District 641004,COIMBATORE,176.5,173,154,168.5,147,123.5,124,TNEA2025-01932,PRODUCTION ENGINEERING (SANDWICH) (SS),ps
2006,PSG College of Technology (Autonomous) Peelamedu Coimbatore District 641004,COIMBATORE,183,181.5,178.5,179,157.5,152.5,124,TNEA2025-01933,PRODUCTION ENGINEERING (SS),pn
2006,PSG College of Technology (Autonomous) Peelamedu Coimbatore District 641004,COIMBATORE,194,192,190,190,177,168.5,124,TNEA2025-01934,ROBOTICS AND AUTOMATION (SS),ra
2006,PSG College of Technology (Autonomous) Peelamedu Coimbatore District 641004,COIMBATORE,178.5,174.5,159,158,147.5,117.5,124,TNEA2025-01935,TEXTILE TECHNOLOGY,tx
2006,PSG College of Technology (Autonomous) Peelamedu Coimbatore District 641004,COIMBATORE,172.5,169,158.5,149.5,138,141,124,TNEA2025-01936,TEXTILE TECHNOLOGY (SS),tt
2377,"PSG Institute of Technology and Applied Research, Avinashi Road, Neelambur, Sulur, Coimbatore -641062.",COIMBATORE,195,193.5,195,192.5,184.5,177,168,TNEA2025-01937,Artificial Intelligence and Data Science,ad
2377,"PSG Institute of Technology and Applied Research, Avinashi Road, Neelambur, Sulur, Coimbatore -641062.",COIMBATORE,181,176,168,175.5,155.5,154,168,TNEA2025-01938,CIVIL ENGINEERING,ce
2377,"PSG Institute of Technology and Applied Research, Avinashi Road, Neelambur, Sulur, Coimbatore -641062.",COIMBATORE,196,194.5,194,193.5,181.5,179,171,TNEA2025-01939,COMPUTER SCIENCE AND ENGINEERING,cs
2377,"PSG Institute of Technology and Applied Research, Avinashi Road, Neelambur, Sulur, Coimbatore -641062.",COIMBATORE,193,191,191,188.5,175.5,152.5,171,TNEA2025-01940,ELECTRICAL AND ELECTRONICS ENGINEERING,ee
2377,"PSG Institute of Technology and Applied Research, Avinashi Road, Neelambur, Sulur, Coimbatore -641062.",COIMBATORE,195,194,192.5,192.5,181.5,180.5,163,TNEA2025-01941,ELECTRONICS AND COMMUNICATION ENGINEERING,ec
2377,"PSG Institute of Technology and Applied Research, Avinashi Road, Neelambur, Sulur, Coimbatore -641062.",COIMBATORE,188,185,188,184,159,162,163,TNEA2025-01942,INSTRUMENTATION AND CONTROL ENGINEERING,ic
2377,"PSG Institute of Technology and Applied Research, Avinashi Road, Neelambur, Sulur, Coimbatore -641062.",COIMBATORE,188,185.5,184.5,182.5,170,130,163,TNEA2025-01943,MECHANICAL ENGINEERING,me
4964,PSN College of Engineering and Technology (Autonomous) Melathediyoor Tirunelveli-627 152,TIRUNELVELI,88,100,99.5,103.5,103.5,96,Not Available,TNEA2025-01944,AERONAUTICAL ENGINEERING,ae
4964,PSN College of Engineering and Technology (Autonomous) Melathediyoor Tirunelveli-627 152,TIRUNELVELI,125.5,100,99.5,103.5,103.5,96,Not Available,TNEA2025-01945,Artificial Intelligence and Data Science,ad
4964,PSN College of Engineering and Technology (Autonomous) Melathediyoor Tirunelveli-627 152,TIRUNELVELI,82,100,99.5,103.5,103.5,96,Not Available,TNEA2025-01946,BIO MEDICAL ENGINEERING,bm
4964,PSN College of Engineering and Technology (Autonomous) Melathediyoor Tirunelveli-627 152,TIRUNELVELI,82,100,99.5,103.5,103.5,96,Not Available,TNEA2025-01947,CIVIL ENGINEERING,ce
4964,PSN College of Engineering and Technology (Autonomous) Melathediyoor Tirunelveli-627 152,TIRUNELVELI,132,97.5,99.5,97,80,96,Not Available,TNEA2025-01948,COMPUTER SCIENCE AND ENGINEERING,cs
4964,PSN College of Engineering and Technology (Autonomous) Melathediyoor Tirunelveli-627 152,TIRUNELVELI,114.5,98.5,99.5,97,91.5,96,Not Available,TNEA2025-01949,COMPUTER SCIENCE AND ENGINEERING (AI AND MACHINE LEARNING),am
4964,PSN College of Engineering and Technology (Autonomous) Melathediyoor Tirunelveli-627 152,TIRUNELVELI,86.5,98.5,99.5,97,91.5,96,Not Available,TNEA2025-01950,ELECTRICAL AND ELECTRONICS ENGINEERING,ee
4964,PSN College of Engineering and Technology (Autonomous) Melathediyoor Tirunelveli-627 152,TIRUNELVELI,88.5,98.5,99.5,97,91.5,96,Not Available,TNEA2025-01951,ELECTRONICS AND COMMUNICATION ENGINEERING,ec
4964,PSN College of Engineering and Technology (Autonomous) Melathediyoor Tirunelveli-627 152,TIRUNELVELI,88.5,98.5,99.5,97,91.5,96,Not Available,TNEA2025-01952,MARINE ENGINEERING,mr
4964,PSN College of Engineering and Technology (Autonomous) Melathediyoor Tirunelveli-627 152,TIRUNELVELI,82.5,98.5,99.5,97,91.5,96,Not Available,TNEA2025-01953,MECHANICAL AND AUTOMATION ENGINEERING,mu
4964,PSN College of Engineering and Technology (Autonomous) Melathediyoor Tirunelveli-627 152,TIRUNELVELI,84.5,98.5,99.5,97,91.5,96,Not Available,TNEA2025-01954,MECHANICAL ENGINEERING,me
4989,"PSN Engineering College, Melathediyoor, Palayamkottai, Tirunelveli-627152.",TIRUNELVELI,102,91.5,85.5,Not Available,94,Not Available,Not Available,TNEA2025-01955,AGRICULTURAL ENGINEERING,ag
4989,"PSN Engineering College, Melathediyoor, Palayamkottai, Tirunelveli-627152.",TIRUNELVELI,102,91.5,85.5,Not Available,94,Not Available,Not Available,TNEA2025-01956,AUTOMOBILE ENGINEERING,au
4989,"PSN Engineering College, Melathediyoor, Palayamkottai, Tirunelveli-627152.",TIRUNELVELI,102,91.5,85.5,Not Available,94,Not Available,Not Available,TNEA2025-01957,Artificial Intelligence and Data Science,ad
4989,"PSN Engineering College, Melathediyoor, Palayamkottai, Tirunelveli-627152.",TIRUNELVELI,118.5,91.5,85.5,Not Available,94,Not Available,Not Available,TNEA2025-01958,BIO MEDICAL ENGINEERING,bm
4989,"PSN Engineering College, Melathediyoor, Palayamkottai, Tirunelveli-627152.",TIRUNELVELI,118.5,91.5,85.5,Not Available,94,Not Available,Not Available,TNEA2025-01959,CIVIL ENGINEERING,ce
4989,"PSN Engineering College, Melathediyoor, Palayamkottai, Tirunelveli-627152.",TIRUNELVELI,97,91.5,85.5,Not Available,94,Not Available,Not Available,TNEA2025-01960,COMPUTER SCIENCE AND ENGINEERING,cs
4989,"PSN Engineering College, Melathediyoor, Palayamkottai, Tirunelveli-627152.",TIRUNELVELI,85,91.5,85.5,Not Available,94,Not Available,Not Available,TNEA2025-01961,ELECTRONICS AND COMMUNICATION ENGINEERING,ec
4989,"PSN Engineering College, Melathediyoor, Palayamkottai, Tirunelveli-627152.",TIRUNELVELI,99.5,91.5,85.5,Not Available,94,Not Available,Not Available,TNEA2025-01962,INFORMATION TECHNOLOGY,it
4989,"PSN Engineering College, Melathediyoor, Palayamkottai, Tirunelveli-627152.",TIRUNELVELI,99.5,91.5,85.5,Not Available,94,Not Available,Not Available,TNEA2025-01963,MECHANICAL ENGINEERING,me
4949,"PSN Institute of Technology and Science, Melathediyoor, Palayamkottai Taluk, Tirunelveli-627152.",TIRUNELVELI,86,Not Available,Not Available,89.5,86.5,Not Available,Not Available,TNEA2025-01964,Artificial Intelligence and Data Science,ad
4949,"PSN Institute of Technology and Science, Melathediyoor, Palayamkottai Taluk, Tirunelveli-627152.",TIRUNELVELI,89.5,Not Available,Not Available,89.5,86.5,Not Available,Not Available,TNEA2025-01965,CIVIL ENGINEERING,ce
4949,"PSN Institute of Technology and Science, Melathediyoor, Palayamkottai Taluk, Tirunelveli-627152.",TIRUNELVELI,98.5,Not Available,Not Available,89.5,86.5,Not Available,Not Available,TNEA2025-01966,COMPUTER SCIENCE AND ENGINEERING,cs
4949,"PSN Institute of Technology and Science, Melathediyoor, Palayamkottai Taluk, Tirunelveli-627152.",TIRUNELVELI,92,Not Available,Not Available,89.5,86.5,Not Available,Not Available,TNEA2025-01967,ELECTRICAL AND ELECTRONICS ENGINEERING,ee
4949,"PSN Institute of Technology and Science, Melathediyoor, Palayamkottai Taluk, Tirunelveli-627152.",TIRUNELVELI,85,Not Available,Not Available,89.5,86.5,Not Available,Not Available,TNEA2025-01968,ELECTRONICS AND COMMUNICATION ENGINEERING,ec
4949,"PSN Institute of Technology and Science, Melathediyoor, Palayamkottai Taluk, Tirunelveli-627152.",TIRUNELVELI,82,Not Available,Not Available,89.5,86.5,Not Available,Not Available,TNEA2025-01969,INDUSTRIAL ENGINEERING AND MANAGEMENT,in
4949,"PSN Institute of Technology and Science, Melathediyoor, Palayamkottai Taluk, Tirunelveli-627152.",TIRUNELVELI,85,Not Available,Not Available,89.5,86.5,Not Available,Not Available,TNEA2025-01970,INFORMATION TECHNOLOGY,it
4949,"PSN Institute of Technology and Science, Melathediyoor, Palayamkottai Taluk, Tirunelveli-627152.",TIRUNELVELI,85,Not Available,Not Available,89.5,86.5,Not Available,Not Available,TNEA2025-01971,MECHANICAL ENGINEERING,me
4949,"PSN Institute of Technology and Science, Melathediyoor, Palayamkottai Taluk, Tirunelveli-627152.",TIRUNELVELI,136.5,Not Available,Not Available,89.5,86.5,Not Available,Not Available,TNEA2025-01972,Mechatronics Engineering,mz
5910,"PSNA College of Engineering and Technology (Autonomous), Kothandaraman Nagar, Muthanampatti (PO), Dindigul-624622.",DINDIGUL,176,172.5,174,162.5,120.5,125,Not Available,TNEA2025-01973,Artificial Intelligence and Data Science,ad
5910,"PSNA College of Engineering and Technology (Autonomous), Kothandaraman Nagar, Muthanampatti (PO), Dindigul-624622.",DINDIGUL,154,146,144.5,113.5,112,125,Not Available,TNEA2025-01974,BIO MEDICAL ENGINEERING,bm
5910,"PSNA College of Engineering and Technology (Autonomous), Kothandaraman Nagar, Muthanampatti (PO), Dindigul-624622.",DINDIGUL,154.5,138.5,128,113.5,116.5,125,Not Available,TNEA2025-01975,CIVIL ENGINEERING,ce
5910,"PSNA College of Engineering and Technology (Autonomous), Kothandaraman Nagar, Muthanampatti (PO), Dindigul-624622.",DINDIGUL,170,166.5,166.5,152,112.5,125,Not Available,TNEA2025-01976,COMPUTER SCIENCE AND BUSSINESS SYSTEM,cb
5910,"PSNA College of Engineering and Technology (Autonomous), Kothandaraman Nagar, Muthanampatti (PO), Dindigul-624622.",DINDIGUL,181.5,177,173,162,123.5,125,Not Available,TNEA2025-01977,COMPUTER SCIENCE AND ENGINEERING,cs
5910,"PSNA College of Engineering and Technology (Autonomous), Kothandaraman Nagar, Muthanampatti (PO), Dindigul-624622.",DINDIGUL,170.5,168,170.5,154.5,137.5,123.5,Not Available,TNEA2025-01978,COMPUTER SCIENCE AND ENGINEERING (AI AND MACHINE LEARNING),am
5910,"PSNA College of Engineering and Technology (Autonomous), Kothandaraman Nagar, Muthanampatti (PO), Dindigul-624622.",DINDIGUL,170,168,167.5,154.5,136.5,123.5,Not Available,TNEA2025-01979,Computer Science and Engineering (Cyber Security),sc
5910,"PSNA College of Engineering and Technology (Autonomous), Kothandaraman Nagar, Muthanampatti (PO), Dindigul-624622.",DINDIGUL,166,157.5,156.5,147.5,83.5,123.5,Not Available,TNEA2025-01980,ELECTRICAL AND ELECTRONICS ENGINEERING,ee
5910,"PSNA College of Engineering and Technology (Autonomous), Kothandaraman Nagar, Muthanampatti (PO), Dindigul-624622.",DINDIGUL,174.5,169,168,159.5,112.5,133,Not Available,TNEA2025-01981,ELECTRONICS AND COMMUNICATION ENGINEERING,ec
5910,"PSNA College of Engineering and Technology (Autonomous), Kothandaraman Nagar, Muthanampatti (PO), Dindigul-624622.",DINDIGUL,165,159,162.5,148.5,110.5,133,Not Available,TNEA2025-01982,Electronics Engineering (VLSI Design and Technology),ev
5910,"PSNA College of Engineering and Technology (Autonomous), Kothandaraman Nagar, Muthanampatti (PO), Dindigul-624622.",DINDIGUL,173,169,169.5,158,123,81.5,Not Available,TNEA2025-01983,INFORMATION TECHNOLOGY,it
5910,"PSNA College of Engineering and Technology (Autonomous), Kothandaraman Nagar, Muthanampatti (PO), Dindigul-624622.",DINDIGUL,148,130,146,108,96,81.5,Not Available,TNEA2025-01984,MECHANICAL ENGINEERING,me
2628,"Paavai College of Engineering, Paavai Nagar, NH-7, Pachal, Namakkal-637018.",NAMAKKAL,102,141,144,141.5,118,116.5,102,TNEA2025-01985,AUTOMOBILE ENGINEERING,au
2628,"Paavai College of Engineering, Paavai Nagar, NH-7, Pachal, Namakkal-637018.",NAMAKKAL,155.5,141,144,141.5,118,116.5,102,TNEA2025-01986,Artificial Intelligence and Data Science,ad
2628,"Paavai College of Engineering, Paavai Nagar, NH-7, Pachal, Namakkal-637018.",NAMAKKAL,117.5,98.5,144,88.5,84.5,116.5,102,TNEA2025-01987,BIO MEDICAL ENGINEERING,bm
2628,"Paavai College of Engineering, Paavai Nagar, NH-7, Pachal, Namakkal-637018.",NAMAKKAL,135.5,88,121.5,123,88.5,116.5,102,TNEA2025-01988,COMPUTER SCIENCE AND ENGINEERING,cs
2628,"Paavai College of Engineering, Paavai Nagar, NH-7, Pachal, Namakkal-637018.",NAMAKKAL,129,95,101.5,121.5,88,116.5,102,TNEA2025-01989,COMPUTER SCIENCE AND ENGINEERING (AI AND MACHINE LEARNING),am
2628,"Paavai College of Engineering, Paavai Nagar, NH-7, Pachal, Namakkal-637018.",NAMAKKAL,123.5,90,101.5,118,94.5,97,102,TNEA2025-01990,Computer Science and Engineering (Cyber Security),sc
2628,"Paavai College of Engineering, Paavai Nagar, NH-7, Pachal, Namakkal-637018.",NAMAKKAL,114,108,101.5,94.5,94.5,114,102,TNEA2025-01991,ELECTRICAL AND ELECTRONICS ENGINEERING,ee
2628,"Paavai College of Engineering, Paavai Nagar, NH-7, Pachal, Namakkal-637018.",NAMAKKAL,124.5,114,101.5,110.5,88.5,114,102,TNEA2025-01992,ELECTRONICS AND COMMUNICATION ENGINEERING,ec
2628,"Paavai College of Engineering, Paavai Nagar, NH-7, Pachal, Namakkal-637018.",NAMAKKAL,102.5,89.5,101.5,97.5,88.5,114,102,TNEA2025-01993,MECHANICAL ENGINEERING,me
2611,"Paavai Engineering College (Autonomous), NH-7, Paavai Nagar, Pachal, Namakkal-637018.",NAMAKKAL,121.5,90.5,150.5,89.5,96.5,85.5,101,TNEA2025-01994,AERONAUTICAL ENGINEERING,ae
2611,"Paavai Engineering College (Autonomous), NH-7, Paavai Nagar, Pachal, Namakkal-637018.",NAMAKKAL,108,90.5,150.5,97,100.5,85.5,101,TNEA2025-01995,AGRICULTURAL ENGINEERING,ag
2611,"Paavai Engineering College (Autonomous), NH-7, Paavai Nagar, Pachal, Namakkal-637018.",NAMAKKAL,166.5,145.5,150.5,144,118.5,143,101,TNEA2025-01996,Artificial Intelligence and Data Science,ad
2611,"Paavai Engineering College (Autonomous), NH-7, Paavai Nagar, Pachal, Namakkal-637018.",NAMAKKAL,153.5,127,129,100.5,125,135,101,TNEA2025-01997,BIO MEDICAL ENGINEERING,bm
2611,"Paavai Engineering College (Autonomous), NH-7, Paavai Nagar, Pachal, Namakkal-637018.",NAMAKKAL,121,85.5,129,95.5,102.5,94,101,TNEA2025-01998,BIO TECHNOLOGY,bt
2611,"Paavai Engineering College (Autonomous), NH-7, Paavai Nagar, Pachal, Namakkal-637018.",NAMAKKAL,116,92,129,85.5,87.5,94,101,TNEA2025-01999,CHEMICAL ENGINEERING,ch
2611,"Paavai Engineering College (Autonomous), NH-7, Paavai Nagar, Pachal, Namakkal-637018.",NAMAKKAL,96,92,129,91,83.5,94,101,TNEA2025-02000,CIVIL ENGINEERING,ce
2611,"Paavai Engineering College (Autonomous), NH-7, Paavai Nagar, Pachal, Namakkal-637018.",NAMAKKAL,150.5,135,99.5,133,97,97.5,101,TNEA2025-02001,COMPUTER SCIENCE AND ENGINEERING,cs
2611,"Paavai Engineering College (Autonomous), NH-7, Paavai Nagar, Pachal, Namakkal-637018.",NAMAKKAL,146,126.5,129,139.5,84.5,127,101,TNEA2025-02002,COMPUTER SCIENCE AND ENGINEERING (AI AND MACHINE LEARNING),am
2611,"Paavai Engineering College (Autonomous), NH-7, Paavai Nagar, Pachal, Namakkal-637018.",NAMAKKAL,129,104.5,91.5,119,97.5,127,101,TNEA2025-02003,Computer Science and Engineering (Internet of Things),ci
2611,"Paavai Engineering College (Autonomous), NH-7, Paavai Nagar, Pachal, Namakkal-637018.",NAMAKKAL,135.5,82,98,122.5,108,85,101,TNEA2025-02004,Cyber Security,cy
2611,"Paavai Engineering College (Autonomous), NH-7, Paavai Nagar, Pachal, Namakkal-637018.",NAMAKKAL,125,100,98,103,92,110,101,TNEA2025-02005,ELECTRICAL AND ELECTRONICS ENGINEERING,ee
2611,"Paavai Engineering College (Autonomous), NH-7, Paavai Nagar, Pachal, Namakkal-637018.",NAMAKKAL,142,87.5,113.5,120.5,82,82.5,101,TNEA2025-02006,ELECTRONICS AND COMMUNICATION ENGINEERING,ec
2611,"Paavai Engineering College (Autonomous), NH-7, Paavai Nagar, Pachal, Namakkal-637018.",NAMAKKAL,121,93,109.5,97.5,105,94.5,116.5,TNEA2025-02007,FOOD TECHNOLOGY,fd
2611,"Paavai Engineering College (Autonomous), NH-7, Paavai Nagar, Pachal, Namakkal-637018.",NAMAKKAL,144,113.5,112.5,133.5,100.5,119.5,116.5,TNEA2025-02008,INFORMATION TECHNOLOGY,it
2611,"Paavai Engineering College (Autonomous), NH-7, Paavai Nagar, Pachal, Namakkal-637018.",NAMAKKAL,106.5,95.5,93,82,98,119.5,116.5,TNEA2025-02009,MECHANICAL ENGINEERING,me
2611,"Paavai Engineering College (Autonomous), NH-7, Paavai Nagar, Pachal, Namakkal-637018.",NAMAKKAL,114.5,100,93,83,83,119.5,116.5,TNEA2025-02010,Mechatronics Engineering,mz
2611,"Paavai Engineering College (Autonomous), NH-7, Paavai Nagar, Pachal, Namakkal-637018.",NAMAKKAL,117.5,88,93,96,105.5,97.5,116.5,TNEA2025-02011,PHARMACEUTICAL TECHNOLOGY,ph
2611,"Paavai Engineering College (Autonomous), NH-7, Paavai Nagar, Pachal, Namakkal-637018.",NAMAKKAL,109,100,96,84,105.5,101,116.5,TNEA2025-02012,ROBOTICS AND AUTOMATION,rm
1209,"Pallavan College of Engineering, Thimmasamudram, Kanchipuram -631502.",KANCHIPURAM,83,Not Available,Not Available,Not Available,Not Available,Not Available,Not Available,TNEA2025-02013,CIVIL ENGINEERING,ce
1209,"Pallavan College of Engineering, Thimmasamudram, Kanchipuram -631502.",KANCHIPURAM,83,Not Available,Not Available,Not Available,Not Available,Not Available,Not Available,TNEA2025-02014,COMPUTER SCIENCE AND ENGINEERING,cs
1209,"Pallavan College of Engineering, Thimmasamudram, Kanchipuram -631502.",KANCHIPURAM,83,Not Available,Not Available,Not Available,Not Available,Not Available,Not Available,TNEA2025-02015,ELECTRICAL AND ELECTRONICS ENGINEERING,ee
1209,"Pallavan College of Engineering, Thimmasamudram, Kanchipuram -631502.",KANCHIPURAM,105.5,Not Available,Not Available,Not Available,Not Available,Not Available,Not Available,TNEA2025-02016,ELECTRONICS AND COMMUNICATION ENGINEERING,ec
1209,"Pallavan College of Engineering, Thimmasamudram, Kanchipuram -631502.",KANCHIPURAM,116.5,Not Available,Not Available,Not Available,Not Available,Not Available,Not Available,TNEA2025-02017,INFORMATION TECHNOLOGY,it
1209,"Pallavan College of Engineering, Thimmasamudram, Kanchipuram -631502.",KANCHIPURAM,116.5,Not Available,Not Available,Not Available,Not Available,Not Available,Not Available,TNEA2025-02018,MECHANICAL ENGINEERING,me
5912,"Pandian Saraswathi Yadav Engineering College, Arasanoor Village, Thirumansolai Post, Sivaganagi District-630561.",SIVAGANGAI,135.5,90.5,Not Available,114,122,Not Available,Not Available,TNEA2025-02019,Artificial Intelligence and Data Science,ad
5912,"Pandian Saraswathi Yadav Engineering College, Arasanoor Village, Thirumansolai Post, Sivaganagi District-630561.",SIVAGANGAI,84.5,90.5,Not Available,114,122,Not Available,Not Available,TNEA2025-02020,CIVIL ENGINEERING,ce
5912,"Pandian Saraswathi Yadav Engineering College, Arasanoor Village, Thirumansolai Post, Sivaganagi District-630561.",SIVAGANGAI,124.5,97,Not Available,99,87.5,Not Available,Not Available,TNEA2025-02021,COMPUTER SCIENCE AND ENGINEERING,cs
5912,"Pandian Saraswathi Yadav Engineering College, Arasanoor Village, Thirumansolai Post, Sivaganagi District-630561.",SIVAGANGAI,99.5,96,Not Available,85,87.5,Not Available,Not Available,TNEA2025-02022,COMPUTER SCIENCE AND ENGINEERING (AI AND MACHINE LEARNING),am
5912,"Pandian Saraswathi Yadav Engineering College, Arasanoor Village, Thirumansolai Post, Sivaganagi District-630561.",SIVAGANGAI,108,96,Not Available,85,87.5,Not Available,Not Available,TNEA2025-02023,Computer Science and Engineering (Cyber Security),sc
5912,"Pandian Saraswathi Yadav Engineering College, Arasanoor Village, Thirumansolai Post, Sivaganagi District-630561.",SIVAGANGAI,100,96,Not Available,85,87.5,Not Available,Not Available,TNEA2025-02024,ELECTRICAL AND ELECTRONICS ENGINEERING,ee
5912,"Pandian Saraswathi Yadav Engineering College, Arasanoor Village, Thirumansolai Post, Sivaganagi District-630561.",SIVAGANGAI,92.5,85.5,Not Available,85,87.5,Not Available,Not Available,TNEA2025-02025,ELECTRONICS AND COMMUNICATION ENGINEERING,ec
5912,"Pandian Saraswathi Yadav Engineering College, Arasanoor Village, Thirumansolai Post, Sivaganagi District-630561.",SIVAGANGAI,136.5,99,Not Available,103.5,100,Not Available,Not Available,TNEA2025-02026,INFORMATION TECHNOLOGY,it
5912,"Pandian Saraswathi Yadav Engineering College, Arasanoor Village, Thirumansolai Post, Sivaganagi District-630561.",SIVAGANGAI,92.5,99,Not Available,103.5,100,Not Available,Not Available,TNEA2025-02027,MECHANICAL ENGINEERING,me
1210,"Panimalar Engineering College (Autonomous), Bangalore Trunk Road, NazarathPet, Varadharajapuram, Poonamallee, Thiruvallur (DT), Chennai-600123.",TIRUVALLUR,170.5,162.5,155,160,128,99.5,118.5,TNEA2025-02028,Artificial Intelligence and Data Science,ad
1210,"Panimalar Engineering College (Autonomous), Bangalore Trunk Road, NazarathPet, Varadharajapuram, Poonamallee, Thiruvallur (DT), Chennai-600123.",TIRUVALLUR,166.5,160,154,156,126,99.5,118.5,TNEA2025-02029,Artificial Intelligence and Machine Learning,al
1210,"Panimalar Engineering College (Autonomous), Bangalore Trunk Road, NazarathPet, Varadharajapuram, Poonamallee, Thiruvallur (DT), Chennai-600123.",TIRUVALLUR,163.5,158,158.5,155.5,120,99.5,103.5,TNEA2025-02030,COMPUTER SCIENCE AND BUSSINESS SYSTEM,cb
1210,"Panimalar Engineering College (Autonomous), Bangalore Trunk Road, NazarathPet, Varadharajapuram, Poonamallee, Thiruvallur (DT), Chennai-600123.",TIRUVALLUR,172.5,165,158.5,161.5,133.5,101.5,115,TNEA2025-02031,COMPUTER SCIENCE AND ENGINEERING,cs
1210,"Panimalar Engineering College (Autonomous), Bangalore Trunk Road, NazarathPet, Varadharajapuram, Poonamallee, Thiruvallur (DT), Chennai-600123.",TIRUVALLUR,159,153.5,142,147.5,122,101.5,115,TNEA2025-02032,ELECTRICAL AND ELECTRONICS ENGINEERING,ee
1210,"Panimalar Engineering College (Autonomous), Bangalore Trunk Road, NazarathPet, Varadharajapuram, Poonamallee, Thiruvallur (DT), Chennai-600123.",TIRUVALLUR,168.5,162.5,156.5,156.5,127,129.5,117.5,TNEA2025-02033,ELECTRONICS AND COMMUNICATION ENGINEERING,ec
1210,"Panimalar Engineering College (Autonomous), Bangalore Trunk Road, NazarathPet, Varadharajapuram, Poonamallee, Thiruvallur (DT), Chennai-600123.",TIRUVALLUR,168,161.5,154,159,130,129.5,90,TNEA2025-02034,INFORMATION TECHNOLOGY,it
1210,"Panimalar Engineering College (Autonomous), Bangalore Trunk Road, NazarathPet, Varadharajapuram, Poonamallee, Thiruvallur (DT), Chennai-600123.",TIRUVALLUR,144,135.5,142.5,132.5,105.5,128.5,90,TNEA2025-02035,MECHANICAL ENGINEERING,me
3833,"Parisutham Institute of Technology and Science (Autonomous), NH 67 Ring Road, Nanjikottai, Thanjavur-613006.",THANJAVUR,102,90,108.5,83,98,86,Not Available,TNEA2025-02036,AERONAUTICAL ENGINEERING,ae
3833,"Parisutham Institute of Technology and Science (Autonomous), NH 67 Ring Road, Nanjikottai, Thanjavur-613006.",THANJAVUR,102,90,108.5,83,98,86,Not Available,TNEA2025-02037,CIVIL ENGINEERING,ce
3833,"Parisutham Institute of Technology and Science (Autonomous), NH 67 Ring Road, Nanjikottai, Thanjavur-613006.",THANJAVUR,125.5,90,108.5,83,98,86,Not Available,TNEA2025-02038,COMPUTER SCIENCE AND ENGINEERING,cs
3833,"Parisutham Institute of Technology and Science (Autonomous), NH 67 Ring Road, Nanjikottai, Thanjavur-613006.",THANJAVUR,100,90,108.5,83,98,86,Not Available,TNEA2025-02039,ELECTRICAL AND ELECTRONICS ENGINEERING,ee
3833,"Parisutham Institute of Technology and Science (Autonomous), NH 67 Ring Road, Nanjikottai, Thanjavur-613006.",THANJAVUR,89,90,108.5,83,98,86,Not Available,TNEA2025-02040,ELECTRONICS AND COMMUNICATION ENGINEERING,ec
3833,"Parisutham Institute of Technology and Science (Autonomous), NH 67 Ring Road, Nanjikottai, Thanjavur-613006.",THANJAVUR,115.5,89.5,108.5,106.5,98,86,Not Available,TNEA2025-02041,INFORMATION TECHNOLOGY,it
3833,"Parisutham Institute of Technology and Science (Autonomous), NH 67 Ring Road, Nanjikottai, Thanjavur-613006.",THANJAVUR,95,89.5,108.5,106.5,98,86,Not Available,TNEA2025-02042,MECHANICAL ENGINEERING,me
2716,"Park College of Engineering and Technology, Avinashi Road (NH-47), Kaniyur, Coimbatore-641659.",COIMBATORE,111.5,104.5,108.5,96.5,98,109.5,102.5,TNEA2025-02043,AERONAUTICAL ENGINEERING,ae
2716,"Park College of Engineering and Technology, Avinashi Road (NH-47), Kaniyur, Coimbatore-641659.",COIMBATORE,94,104.5,108.5,96.5,98,109.5,102.5,TNEA2025-02044,AGRICULTURAL ENGINEERING,ag
2716,"Park College of Engineering and Technology, Avinashi Road (NH-47), Kaniyur, Coimbatore-641659.",COIMBATORE,133,106.5,108.5,98.5,114,109.5,102.5,TNEA2025-02045,Artificial Intelligence and Data Science,ad
2716,"Park College of Engineering and Technology, Avinashi Road (NH-47), Kaniyur, Coimbatore-641659.",COIMBATORE,113,102,108.5,104.5,104,109.5,102.5,TNEA2025-02046,BIO MEDICAL ENGINEERING,bm
2716,"Park College of Engineering and Technology, Avinashi Road (NH-47), Kaniyur, Coimbatore-641659.",COIMBATORE,138,90,132,87.5,88.5,134.5,102.5,TNEA2025-02047,COMPUTER SCIENCE AND ENGINEERING,cs
2716,"Park College of Engineering and Technology, Avinashi Road (NH-47), Kaniyur, Coimbatore-641659.",COIMBATORE,131.5,124.5,132,121,109,134.5,102.5,TNEA2025-02048,Computer Science and Engineering (Cyber Security),sc
2716,"Park College of Engineering and Technology, Avinashi Road (NH-47), Kaniyur, Coimbatore-641659.",COIMBATORE,103,124.5,132,121,109,134.5,102.5,TNEA2025-02049,ELECTRICAL AND ELECTRONICS ENGINEERING,ee
2716,"Park College of Engineering and Technology, Avinashi Road (NH-47), Kaniyur, Coimbatore-641659.",COIMBATORE,136,103.5,132,123.5,106.5,134.5,102.5,TNEA2025-02050,ELECTRONICS AND COMMUNICATION ENGINEERING,ec
2716,"Park College of Engineering and Technology, Avinashi Road (NH-47), Kaniyur, Coimbatore-641659.",COIMBATORE,86,103.5,132,123.5,106.5,134.5,102.5,TNEA2025-02051,GEO INFORMATICS,gi
2716,"Park College of Engineering and Technology, Avinashi Road (NH-47), Kaniyur, Coimbatore-641659.",COIMBATORE,126.5,110,132,102,102.5,134.5,102.5,TNEA2025-02052,INFORMATION TECHNOLOGY,it
2716,"Park College of Engineering and Technology, Avinashi Road (NH-47), Kaniyur, Coimbatore-641659.",COIMBATORE,95,110,132,95,102.5,134.5,102.5,TNEA2025-02053,MECHANICAL ENGINEERING,me
2716,"Park College of Engineering and Technology, Avinashi Road (NH-47), Kaniyur, Coimbatore-641659.",COIMBATORE,104,110,132,95,102.5,134.5,102.5,TNEA2025-02054,MEDICAL ELECTRONICS,md
2716,"Park College of Engineering and Technology, Avinashi Road (NH-47), Kaniyur, Coimbatore-641659.",COIMBATORE,99,110,132,95,102.5,134.5,102.5,TNEA2025-02055,Mechatronics Engineering,mz
2716,"Park College of Engineering and Technology, Avinashi Road (NH-47), Kaniyur, Coimbatore-641659.",COIMBATORE,114.5,86.5,132,109.5,90,134.5,102.5,TNEA2025-02056,ROBOTICS AND AUTOMATION,rm
2716,"Park College of Engineering and Technology, Avinashi Road (NH-47), Kaniyur, Coimbatore-641659.",COIMBATORE,93,86.5,132,109.5,90,134.5,102.5,TNEA2025-02057,TEXTILE TECHNOLOGY,tx
2768,"Park College of Technology, Prema Ravi Nagar, Karumathampatty, Coimbatore-641659.",COIMBATORE,138,96.5,Not Available,Not Available,Not Available,Not Available,Not Available,TNEA2025-02058,AEROSPACE ENGINEERING,ao
2768,"Park College of Technology, Prema Ravi Nagar, Karumathampatty, Coimbatore-641659.",COIMBATORE,104.5,96.5,Not Available,Not Available,Not Available,Not Available,Not Available,TNEA2025-02059,Artificial Intelligence and Data Science,ad
2768,"Park College of Technology, Prema Ravi Nagar, Karumathampatty, Coimbatore-641659.",COIMBATORE,87.5,96.5,Not Available,Not Available,Not Available,Not Available,Not Available,TNEA2025-02060,CIVIL ENGINEERING,ce
2768,"Park College of Technology, Prema Ravi Nagar, Karumathampatty, Coimbatore-641659.",COIMBATORE,80,96.5,Not Available,Not Available,Not Available,Not Available,Not Available,TNEA2025-02061,COMPUTER SCIENCE AND ENGINEERING,cs
2768,"Park College of Technology, Prema Ravi Nagar, Karumathampatty, Coimbatore-641659.",COIMBATORE,105,96.5,Not Available,Not Available,Not Available,Not Available,Not Available,TNEA2025-02062,COMPUTER SCIENCE AND ENGINEERING (AI AND MACHINE LEARNING),am
2768,"Park College of Technology, Prema Ravi Nagar, Karumathampatty, Coimbatore-641659.",COIMBATORE,96,96.5,Not Available,Not Available,Not Available,Not Available,Not Available,TNEA2025-02063,ELECTRONICS AND COMMUNICATION ENGINEERING,ec
2768,"Park College of Technology, Prema Ravi Nagar, Karumathampatty, Coimbatore-641659.",COIMBATORE,101.5,96.5,Not Available,Not Available,Not Available,Not Available,Not Available,TNEA2025-02064,ENVIRONMENTAL ENGINEERING,en
2768,"Park College of Technology, Prema Ravi Nagar, Karumathampatty, Coimbatore-641659.",COIMBATORE,101.5,96.5,Not Available,Not Available,Not Available,Not Available,Not Available,TNEA2025-02065,MECHANICAL ENGINEERING,me
3815,"Pavendar Bharathidasan College of Engineering and Technology, Thanjai Natarajan Nagar, Opp. to Bharathidasan University, Pudukkottai Main Raod, Mathur, Kulathur, Pudukkottai-622515.",PUDUKKOTTAI,139,138,106,131,110.5,Not Available,118,TNEA2025-02066,Artificial Intelligence and Data Science,ad
3815,"Pavendar Bharathidasan College of Engineering and Technology, Thanjai Natarajan Nagar, Opp. to Bharathidasan University, Pudukkottai Main Raod, Mathur, Kulathur, Pudukkottai-622515.",PUDUKKOTTAI,131.5,106.5,106,131,116.5,Not Available,118,TNEA2025-02067,BIO MEDICAL ENGINEERING,bm
3815,"Pavendar Bharathidasan College of Engineering and Technology, Thanjai Natarajan Nagar, Opp. to Bharathidasan University, Pudukkottai Main Raod, Mathur, Kulathur, Pudukkottai-622515.",PUDUKKOTTAI,108.5,101.5,106,86,107,Not Available,118,TNEA2025-02068,BIO TECHNOLOGY,bt
3815,"Pavendar Bharathidasan College of Engineering and Technology, Thanjai Natarajan Nagar, Opp. to Bharathidasan University, Pudukkottai Main Raod, Mathur, Kulathur, Pudukkottai-622515.",PUDUKKOTTAI,118.5,103,106,86,110,Not Available,118,TNEA2025-02069,COMPUTER SCIENCE AND ENGINEERING,cs
3815,"Pavendar Bharathidasan College of Engineering and Technology, Thanjai Natarajan Nagar, Opp. to Bharathidasan University, Pudukkottai Main Raod, Mathur, Kulathur, Pudukkottai-622515.",PUDUKKOTTAI,118.5,103,106,86,110,Not Available,118,TNEA2025-02070,ELECTRICAL AND ELECTRONICS ENGINEERING,ee
3815,"Pavendar Bharathidasan College of Engineering and Technology, Thanjai Natarajan Nagar, Opp. to Bharathidasan University, Pudukkottai Main Raod, Mathur, Kulathur, Pudukkottai-622515.",PUDUKKOTTAI,88,87,106,86,110,Not Available,118,TNEA2025-02071,ELECTRONICS AND COMMUNICATION ENGINEERING,ec
3815,"Pavendar Bharathidasan College of Engineering and Technology, Thanjai Natarajan Nagar, Opp. to Bharathidasan University, Pudukkottai Main Raod, Mathur, Kulathur, Pudukkottai-622515.",PUDUKKOTTAI,129,86.5,106,91.5,91,Not Available,118,TNEA2025-02072,INFORMATION TECHNOLOGY,it
3815,"Pavendar Bharathidasan College of Engineering and Technology, Thanjai Natarajan Nagar, Opp. to Bharathidasan University, Pudukkottai Main Raod, Mathur, Kulathur, Pudukkottai-622515.",PUDUKKOTTAI,108,86.5,106,91.5,91,Not Available,118,TNEA2025-02073,MECHANICAL ENGINEERING,me
3815,"Pavendar Bharathidasan College of Engineering and Technology, Thanjai Natarajan Nagar, Opp. to Bharathidasan University, Pudukkottai Main Raod, Mathur, Kulathur, Pudukkottai-622515.",PUDUKKOTTAI,108,86.5,106,91.5,91,Not Available,118,TNEA2025-02074,TEXTILE TECHNOLOGY,tx
1525,"Podhigai College of Engineering and Technology, Salem Main Road, Adiyur Post, Tirupattur Taluk, Tirupattur, Vellore District.-635601.",TIRUPATHUR,96.5,89,Not Available,86,91,Not Available,Not Available,TNEA2025-02075,CIVIL ENGINEERING,ce
1525,"Podhigai College of Engineering and Technology, Salem Main Road, Adiyur Post, Tirupattur Taluk, Tirupattur, Vellore District.-635601.",TIRUPATHUR,96.5,89,Not Available,86,91,Not Available,Not Available,TNEA2025-02076,COMPUTER SCIENCE AND ENGINEERING,cs
1525,"Podhigai College of Engineering and Technology, Salem Main Road, Adiyur Post, Tirupattur Taluk, Tirupattur, Vellore District.-635601.",TIRUPATHUR,89.5,89,Not Available,86,91,Not Available,Not Available,TNEA2025-02077,ELECTRICAL AND ELECTRONICS ENGINEERING,ee
1525,"Podhigai College of Engineering and Technology, Salem Main Road, Adiyur Post, Tirupattur Taluk, Tirupattur, Vellore District.-635601.",TIRUPATHUR,94.5,89,Not Available,86,91,Not Available,Not Available,TNEA2025-02078,ELECTRONICS AND COMMUNICATION ENGINEERING,ec
1525,"Podhigai College of Engineering and Technology, Salem Main Road, Adiyur Post, Tirupattur Taluk, Tirupattur, Vellore District.-635601.",TIRUPATHUR,90,89,Not Available,86,91,Not Available,Not Available,TNEA2025-02079,INFORMATION TECHNOLOGY,it
1525,"Podhigai College of Engineering and Technology, Salem Main Road, Adiyur Post, Tirupattur Taluk, Tirupattur, Vellore District.-635601.",TIRUPATHUR,83,89,Not Available,86,91,Not Available,Not Available,TNEA2025-02080,MECHANICAL ENGINEERING,me
2354,"Pollachi Institute of Engineering and Technology, 107/1, Poosaripatti Village, Pollachi to Dharapuram road, Poosaripatti(post) Pollachi, Coimbatore-642205.",COIMBATORE,114.5,99.5,Not Available,113,108,94.5,Not Available,TNEA2025-02081,Artificial Intelligence and Data Science,ad
2354,"Pollachi Institute of Engineering and Technology, 107/1, Poosaripatti Village, Pollachi to Dharapuram road, Poosaripatti(post) Pollachi, Coimbatore-642205.",COIMBATORE,90.5,99.5,Not Available,113,108,94.5,Not Available,TNEA2025-02082,CIVIL ENGINEERING,ce
2354,"Pollachi Institute of Engineering and Technology, 107/1, Poosaripatti Village, Pollachi to Dharapuram road, Poosaripatti(post) Pollachi, Coimbatore-642205.",COIMBATORE,120.5,99.5,Not Available,109.5,108,110.5,Not Available,TNEA2025-02083,COMPUTER SCIENCE AND ENGINEERING,cs
2354,"Pollachi Institute of Engineering and Technology, 107/1, Poosaripatti Village, Pollachi to Dharapuram road, Poosaripatti(post) Pollachi, Coimbatore-642205.",COIMBATORE,102,99.5,Not Available,96.5,108,110.5,Not Available,TNEA2025-02084,ELECTRICAL AND ELECTRONICS ENGINEERING,ee
2354,"Pollachi Institute of Engineering and Technology, 107/1, Poosaripatti Village, Pollachi to Dharapuram road, Poosaripatti(post) Pollachi, Coimbatore-642205.",COIMBATORE,109,99.5,Not Available,102,93,110.5,Not Available,TNEA2025-02085,ELECTRONICS AND COMMUNICATION ENGINEERING,ec
2354,"Pollachi Institute of Engineering and Technology, 107/1, Poosaripatti Village, Pollachi to Dharapuram road, Poosaripatti(post) Pollachi, Coimbatore-642205.",COIMBATORE,88,83.5,Not Available,81,93,110.5,Not Available,TNEA2025-02086,MECHANICAL ENGINEERING,me
4981,"Ponjesly College of Engineering, Near Parvathipuram, Alamparai, Veturnimadam Post, Nagercoil-629003.",KANNIYAKUMARI,149,139,145.5,105,87.5,Not Available,Not Available,TNEA2025-02087,Artificial Intelligence and Data Science,ad
4981,"Ponjesly College of Engineering, Near Parvathipuram, Alamparai, Veturnimadam Post, Nagercoil-629003.",KANNIYAKUMARI,96,139,145.5,105,87.5,Not Available,Not Available,TNEA2025-02088,CIVIL ENGINEERING,ce
4981,"Ponjesly College of Engineering, Near Parvathipuram, Alamparai, Veturnimadam Post, Nagercoil-629003.",KANNIYAKUMARI,158,143.5,145,111.5,87.5,Not Available,Not Available,TNEA2025-02089,COMPUTER SCIENCE AND ENGINEERING,cs
4981,"Ponjesly College of Engineering, Near Parvathipuram, Alamparai, Veturnimadam Post, Nagercoil-629003.",KANNIYAKUMARI,149,139,140,102.5,96.5,Not Available,Not Available,TNEA2025-02090,COMPUTER SCIENCE AND ENGINEERING (AI AND MACHINE LEARNING),am
4981,"Ponjesly College of Engineering, Near Parvathipuram, Alamparai, Veturnimadam Post, Nagercoil-629003.",KANNIYAKUMARI,121,101,140,120.5,96.5,Not Available,Not Available,TNEA2025-02091,ELECTRICAL AND ELECTRONICS ENGINEERING,ee
4981,"Ponjesly College of Engineering, Near Parvathipuram, Alamparai, Veturnimadam Post, Nagercoil-629003.",KANNIYAKUMARI,148.5,134.5,147,120.5,119.5,Not Available,Not Available,TNEA2025-02092,ELECTRONICS AND COMMUNICATION ENGINEERING,ec
4981,"Ponjesly College of Engineering, Near Parvathipuram, Alamparai, Veturnimadam Post, Nagercoil-629003.",KANNIYAKUMARI,150,143.5,143,86,119.5,Not Available,Not Available,TNEA2025-02093,INFORMATION TECHNOLOGY,it
4981,"Ponjesly College of Engineering, Near Parvathipuram, Alamparai, Veturnimadam Post, Nagercoil-629003.",KANNIYAKUMARI,118,89.5,97.5,84.5,119.5,Not Available,Not Available,TNEA2025-02094,MECHANICAL ENGINEERING,me
1110,"Prathyusha Engineering College (Autonomous), Poonamallee-Tiruvallur High Road, Aranvoyalkuppam, Tiruvallur-602025.",602025,144.5,132.5,115,130,98.5,82.5,Not Available,TNEA2025-02095,Artificial Intelligence and Data Science,ad
1110,"Prathyusha Engineering College (Autonomous), Poonamallee-Tiruvallur High Road, Aranvoyalkuppam, Tiruvallur-602025.",602025,105.5,132.5,115,130,98.5,82.5,Not Available,TNEA2025-02096,BIO TECHNOLOGY,bt
1110,"Prathyusha Engineering College (Autonomous), Poonamallee-Tiruvallur High Road, Aranvoyalkuppam, Tiruvallur-602025.",602025,143,118,115,126,87,82.5,Not Available,TNEA2025-02097,COMPUTER SCIENCE AND BUSSINESS SYSTEM,cb
1110,"Prathyusha Engineering College (Autonomous), Poonamallee-Tiruvallur High Road, Aranvoyalkuppam, Tiruvallur-602025.",602025,152,136,120.5,134.5,103,82.5,Not Available,TNEA2025-02098,COMPUTER SCIENCE AND ENGINEERING,cs
1110,"Prathyusha Engineering College (Autonomous), Poonamallee-Tiruvallur High Road, Aranvoyalkuppam, Tiruvallur-602025.",602025,138,124.5,102,115.5,92.5,82.5,Not Available,TNEA2025-02099,COMPUTER SCIENCE AND ENGINEERING (AI AND MACHINE LEARNING),am
1110,"Prathyusha Engineering College (Autonomous), Poonamallee-Tiruvallur High Road, Aranvoyalkuppam, Tiruvallur-602025.",602025,141,127,123.5,118,116,82.5,Not Available,TNEA2025-02100,Computer Science and Engineering (Cyber Security),sc
1110,"Prathyusha Engineering College (Autonomous), Poonamallee-Tiruvallur High Road, Aranvoyalkuppam, Tiruvallur-602025.",602025,93.5,91.5,123.5,88,116,82.5,Not Available,TNEA2025-02101,ELECTRICAL AND ELECTRONICS ENGINEERING,ee
1110,"Prathyusha Engineering College (Autonomous), Poonamallee-Tiruvallur High Road, Aranvoyalkuppam, Tiruvallur-602025.",602025,146,125.5,121,129,118,82.5,Not Available,TNEA2025-02102,ELECTRONICS AND COMMUNICATION ENGINEERING,ec
1110,"Prathyusha Engineering College (Autonomous), Poonamallee-Tiruvallur High Road, Aranvoyalkuppam, Tiruvallur-602025.",602025,144.5,137,121,137.5,111,82.5,Not Available,TNEA2025-02103,INFORMATION TECHNOLOGY,it
1110,"Prathyusha Engineering College (Autonomous), Poonamallee-Tiruvallur High Road, Aranvoyalkuppam, Tiruvallur-602025.",602025,90.5,137,121,137.5,111,82.5,Not Available,TNEA2025-02104,MECHANICAL ENGINEERING,me
1442,"Prince Dr. K. Vasudevan College of Engineering and Technology, Medavakkam-Mambakkam Road, Ponmar, Chennai-600127.",CHENGALPATTU f,192,190.5,185.5,188.5,185,Not Available,Not Available,TNEA2025-02105,Artificial Intelligence and Data Science,ad
1442,"Prince Dr. K. Vasudevan College of Engineering and Technology, Medavakkam-Mambakkam Road, Ponmar, Chennai-600127.",CHENGALPATTU f,96,190.5,185.5,188.5,185,Not Available,Not Available,TNEA2025-02106,BIO MEDICAL ENGINEERING,bm
1442,"Prince Dr. K. Vasudevan College of Engineering and Technology, Medavakkam-Mambakkam Road, Ponmar, Chennai-600127.",CHENGALPATTU f,187,157,149.5,149.5,101.5,Not Available,Not Available,TNEA2025-02107,COMPUTER SCIENCE AND ENGINEERING,cs
1442,"Prince Dr. K. Vasudevan College of Engineering and Technology, Medavakkam-Mambakkam Road, Ponmar, Chennai-600127.",CHENGALPATTU f,187,149.5,137,129.5,97,Not Available,Not Available,TNEA2025-02108,Computer Science and Engineering (Cyber Security),sc
1414,"Prince Shri Venkateshwaraa Padmavathy Engineering College (Autonomous), Medavakkam - Mambakkam Road, Ponmar, Kanchipuram, Chennai-600127.",CHENGALPATTU f,118.5,191,192,190,187,Not Available,185.5,TNEA2025-02109,CIVIL ENGINEERING,ce
1414,"Prince Shri Venkateshwaraa Padmavathy Engineering College (Autonomous), Medavakkam - Mambakkam Road, Ponmar, Kanchipuram, Chennai-600127.",CHENGALPATTU f,193,191,192,190,187,Not Available,185.5,TNEA2025-02110,COMPUTER SCIENCE AND ENGINEERING,cs
1414,"Prince Shri Venkateshwaraa Padmavathy Engineering College (Autonomous), Medavakkam - Mambakkam Road, Ponmar, Kanchipuram, Chennai-600127.",CHENGALPATTU f,154.5,148.5,192,121,108.5,Not Available,185.5,TNEA2025-02111,ELECTRICAL AND ELECTRONICS ENGINEERING,ee
1414,"Prince Shri Venkateshwaraa Padmavathy Engineering College (Autonomous), Medavakkam - Mambakkam Road, Ponmar, Kanchipuram, Chennai-600127.",CHENGALPATTU f,185,152.5,146,148.5,103,Not Available,185.5,TNEA2025-02112,ELECTRONICS AND COMMUNICATION ENGINEERING,ec
1414,"Prince Shri Venkateshwaraa Padmavathy Engineering College (Autonomous), Medavakkam - Mambakkam Road, Ponmar, Kanchipuram, Chennai-600127.",CHENGALPATTU f,192,188.5,183,188,121,Not Available,185.5,TNEA2025-02113,INFORMATION TECHNOLOGY,it
1414,"Prince Shri Venkateshwaraa Padmavathy Engineering College (Autonomous), Medavakkam - Mambakkam Road, Ponmar, Kanchipuram, Chennai-600127.",CHENGALPATTU f,125.5,113.5,183,101,121,Not Available,185.5,TNEA2025-02114,MECHANICAL ENGINEERING,me
1510,"Priyadarshini Engineering College, Chettiyappanur Village & Post, Vaniyambadi, Vellore-635751.",TIRUPATHUR,133,111,130.5,99.5,98,98.5,Not Available,TNEA2025-02115,Artificial Intelligence and Data Science,ad
1510,"Priyadarshini Engineering College, Chettiyappanur Village & Post, Vaniyambadi, Vellore-635751.",TIRUPATHUR,104.5,111,130.5,99.5,98,98.5,Not Available,TNEA2025-02116,CIVIL ENGINEERING,ce
1510,"Priyadarshini Engineering College, Chettiyappanur Village & Post, Vaniyambadi, Vellore-635751.",TIRUPATHUR,131,96.5,118.5,111.5,99.5,98.5,Not Available,TNEA2025-02117,COMPUTER SCIENCE AND ENGINEERING,cs
1510,"Priyadarshini Engineering College, Chettiyappanur Village & Post, Vaniyambadi, Vellore-635751.",TIRUPATHUR,87.5,96.5,118.5,84.5,99.5,98.5,Not Available,TNEA2025-02118,ELECTRICAL AND ELECTRONICS ENGINEERING,ee
1510,"Priyadarshini Engineering College, Chettiyappanur Village & Post, Vaniyambadi, Vellore-635751.",TIRUPATHUR,110,95.5,118.5,93,84,98.5,Not Available,TNEA2025-02119,ELECTRONICS AND COMMUNICATION ENGINEERING,ec
1510,"Priyadarshini Engineering College, Chettiyappanur Village & Post, Vaniyambadi, Vellore-635751.",TIRUPATHUR,132.5,101,99,114.5,97.5,98.5,Not Available,TNEA2025-02120,INFORMATION TECHNOLOGY,it
1510,"Priyadarshini Engineering College, Chettiyappanur Village & Post, Vaniyambadi, Vellore-635751.",TIRUPATHUR,93,101,99,90.5,97.5,86.5,Not Available,TNEA2025-02121,MECHANICAL ENGINEERING,me
2639,"R P Sarathy Institute of Technology, Poosaripatty(PO), Omalur Taluk, Salem-636305.",SALEM,139.5,110,119,121,115,85,Not Available,TNEA2025-02122,Artificial Intelligence and Data Science,ad
2639,"R P Sarathy Institute of Technology, Poosaripatty(PO), Omalur Taluk, Salem-636305.",SALEM,139,108,95,119.5,87,85,Not Available,TNEA2025-02123,COMPUTER SCIENCE AND ENGINEERING,cs
2639,"R P Sarathy Institute of Technology, Poosaripatty(PO), Omalur Taluk, Salem-636305.",SALEM,119.5,90.5,104,105.5,87,85,Not Available,TNEA2025-02124,Computer Science and Engineering (Cyber Security),sc
2639,"R P Sarathy Institute of Technology, Poosaripatty(PO), Omalur Taluk, Salem-636305.",SALEM,90.5,90.5,104,84.5,87,85,Not Available,TNEA2025-02125,ELECTRICAL AND ELECTRONICS ENGINEERING,ee
2639,"R P Sarathy Institute of Technology, Poosaripatty(PO), Omalur Taluk, Salem-636305.",SALEM,120,89.5,104,101,112.5,85,Not Available,TNEA2025-02126,ELECTRONICS AND COMMUNICATION ENGINEERING,ec
2639,"R P Sarathy Institute of Technology, Poosaripatty(PO), Omalur Taluk, Salem-636305.",SALEM,129,82.5,104.5,112.5,109.5,85,Not Available,TNEA2025-02127,INFORMATION TECHNOLOGY,it
2639,"R P Sarathy Institute of Technology, Poosaripatty(PO), Omalur Taluk, Salem-636305.",SALEM,88,82.5,104.5,81.5,109.5,85,Not Available,TNEA2025-02128,MECHANICAL ENGINEERING,me
5862,"R V S Educational Trust's Group of Institutions, RVS Nagar, N.Paraipatti Post, Dindigul-624005.",DINDIGUL,119,86,104.5,92.5,95,85.5,Not Available,TNEA2025-02129,AERONAUTICAL ENGINEERING,ae
5862,"R V S Educational Trust's Group of Institutions, RVS Nagar, N.Paraipatti Post, Dindigul-624005.",DINDIGUL,94.5,86,104.5,92.5,95,85.5,Not Available,TNEA2025-02130,AGRICULTURAL ENGINEERING,ag
5862,"R V S Educational Trust's Group of Institutions, RVS Nagar, N.Paraipatti Post, Dindigul-624005.",DINDIGUL,90.5,86,104.5,92.5,95,85.5,Not Available,TNEA2025-02131,AUTOMOBILE ENGINEERING,au
5862,"R V S Educational Trust's Group of Institutions, RVS Nagar, N.Paraipatti Post, Dindigul-624005.",DINDIGUL,120,86,104.5,92.5,95,85.5,Not Available,TNEA2025-02132,BIO MEDICAL ENGINEERING,bm
5862,"R V S Educational Trust's Group of Institutions, RVS Nagar, N.Paraipatti Post, Dindigul-624005.",DINDIGUL,120,86,104.5,92.5,95,85.5,Not Available,TNEA2025-02133,CIVIL ENGINEERING,ce
5862,"R V S Educational Trust's Group of Institutions, RVS Nagar, N.Paraipatti Post, Dindigul-624005.",DINDIGUL,85,86,104.5,92.5,95,85.5,Not Available,TNEA2025-02134,COMPUTER SCIENCE AND BUSSINESS SYSTEM,cb
5862,"R V S Educational Trust's Group of Institutions, RVS Nagar, N.Paraipatti Post, Dindigul-624005.",DINDIGUL,122,87,104.5,102,94.5,85.5,Not Available,TNEA2025-02135,COMPUTER SCIENCE AND ENGINEERING,cs
5862,"R V S Educational Trust's Group of Institutions, RVS Nagar, N.Paraipatti Post, Dindigul-624005.",DINDIGUL,113.5,92.5,104.5,100,90.5,91.5,Not Available,TNEA2025-02136,Computer Science and Engineering (Cyber Security),sc
5862,"R V S Educational Trust's Group of Institutions, RVS Nagar, N.Paraipatti Post, Dindigul-624005.",DINDIGUL,100,92.5,104.5,100,90.5,91.5,Not Available,TNEA2025-02137,MECHANICAL ENGINEERING,me
2776,"R V S Technical Campus Coimbatore, Kumaran Kottam Campus, Kannampalayam, Sulur, Coimbatore-641402.",COIMBATORE,116,89,82,81,95.5,125,118,TNEA2025-02138,AGRICULTURAL ENGINEERING,ag
2776,"R V S Technical Campus Coimbatore, Kumaran Kottam Campus, Kannampalayam, Sulur, Coimbatore-641402.",COIMBATORE,100.5,87.5,82,81,95.5,125,118,TNEA2025-02139,AUTOMOBILE ENGINEERING,au
2776,"R V S Technical Campus Coimbatore, Kumaran Kottam Campus, Kannampalayam, Sulur, Coimbatore-641402.",COIMBATORE,157,139.5,135.5,137,110,125,118,TNEA2025-02140,Artificial Intelligence and Data Science,ad
2776,"R V S Technical Campus Coimbatore, Kumaran Kottam Campus, Kannampalayam, Sulur, Coimbatore-641402.",COIMBATORE,108,98,135.5,88,110,125,118,TNEA2025-02141,CIVIL ENGINEERING,ce
2776,"R V S Technical Campus Coimbatore, Kumaran Kottam Campus, Kannampalayam, Sulur, Coimbatore-641402.",COIMBATORE,155.5,146,130.5,138,116.5,130,118,TNEA2025-02142,COMPUTER SCIENCE AND ENGINEERING,cs
2776,"R V S Technical Campus Coimbatore, Kumaran Kottam Campus, Kannampalayam, Sulur, Coimbatore-641402.",COIMBATORE,143.5,132.5,130.5,137,108.5,130,118,TNEA2025-02143,COMPUTER SCIENCE AND ENGINEERING (AI AND MACHINE LEARNING),am
2776,"R V S Technical Campus Coimbatore, Kumaran Kottam Campus, Kannampalayam, Sulur, Coimbatore-641402.",COIMBATORE,144.5,130,125,140.5,107.5,129,118,TNEA2025-02144,Computer Science and Engineering (Cyber Security),sc
2776,"R V S Technical Campus Coimbatore, Kumaran Kottam Campus, Kannampalayam, Sulur, Coimbatore-641402.",COIMBATORE,107.5,87,125,96.5,83,129,118,TNEA2025-02145,MECHANICAL ENGINEERING,me
2776,"R V S Technical Campus Coimbatore, Kumaran Kottam Campus, Kannampalayam, Sulur, Coimbatore-641402.",COIMBATORE,126.5,110,125,120.5,83,129,118,TNEA2025-02146,Mechatronics Engineering,mz
1112,"R.M.D. Engineering College (Autonomous), R.S.M. Nagar, Gummidipoondi Taluk, Kavaraipettai, Thiruvallur-601206.",TIRUVALLUR,177,172.5,171.5,167,140,118,132,TNEA2025-02147,Artificial Intelligence and Machine Learning,al
1112,"R.M.D. Engineering College (Autonomous), R.S.M. Nagar, Gummidipoondi Taluk, Kavaraipettai, Thiruvallur-601206.",TIRUVALLUR,175.5,173,171.5,165.28,137.5,118,132,TNEA2025-02148,COMPUTER SCIENCE AND BUSSINESS SYSTEM,cb
1112,"R.M.D. Engineering College (Autonomous), R.S.M. Nagar, Gummidipoondi Taluk, Kavaraipettai, Thiruvallur-601206.",TIRUVALLUR,181,176.5,167.5,174,150,118,132,TNEA2025-02149,COMPUTER SCIENCE AND ENGINEERING,cs
1112,"R.M.D. Engineering College (Autonomous), R.S.M. Nagar, Gummidipoondi Taluk, Kavaraipettai, Thiruvallur-601206.",TIRUVALLUR,177,174,162.5,167.5,143,111.5,132,TNEA2025-02150,ELECTRONICS AND COMMUNICATION ENGINEERING,ec
1112,"R.M.D. Engineering College (Autonomous), R.S.M. Nagar, Gummidipoondi Taluk, Kavaraipettai, Thiruvallur-601206.",TIRUVALLUR,177.5,173,166.5,170,139,113,132,TNEA2025-02151,INFORMATION TECHNOLOGY,it
1444,"R.M.Engineering College, Zamin Endathur Village, Madurantakam, Kanchipuram-603311.",CHENGALPATTU,81,Not Available,104.5,83.5,91.5,81.5,Not Available,TNEA2025-02152,Artificial Intelligence and Data Science,ad
1444,"R.M.Engineering College, Zamin Endathur Village, Madurantakam, Kanchipuram-603311.",CHENGALPATTU,81,Not Available,104.5,83.5,91.5,81.5,Not Available,TNEA2025-02153,CIVIL ENGINEERING,ce
1444,"R.M.Engineering College, Zamin Endathur Village, Madurantakam, Kanchipuram-603311.",CHENGALPATTU,107.5,Not Available,104.5,83.5,91.5,81.5,Not Available,TNEA2025-02154,COMPUTER SCIENCE AND ENGINEERING,cs
1444,"R.M.Engineering College, Zamin Endathur Village, Madurantakam, Kanchipuram-603311.",CHENGALPATTU,107.5,Not Available,104.5,83.5,91.5,81.5,Not Available,TNEA2025-02155,Computer Science and Engineering (Cyber Security),sc
1444,"R.M.Engineering College, Zamin Endathur Village, Madurantakam, Kanchipuram-603311.",CHENGALPATTU,84,Not Available,104.5,83.5,91.5,81.5,Not Available,TNEA2025-02156,ELECTRONICS AND COMMUNICATION ENGINEERING,ec
1444,"R.M.Engineering College, Zamin Endathur Village, Madurantakam, Kanchipuram-603311.",CHENGALPATTU,114,Not Available,104.5,83.5,91.5,81.5,Not Available,TNEA2025-02157,MECHANICAL ENGINEERING,me
1128,"R.M.K. College of Engineering and Technology (Autonomous), R.S.M. Nagar, Puduvoyal, Gummidipoondi Taluk, Thiruvallur District-601206.",TIRUVALLUR,173,167.5,159,161.5,138.5,105.5,102,TNEA2025-02158,Artificial Intelligence and Data Science,ad
1128,"R.M.K. College of Engineering and Technology (Autonomous), R.S.M. Nagar, Puduvoyal, Gummidipoondi Taluk, Thiruvallur District-601206.",TIRUVALLUR,173.5,168.5,162.5,163.5,139,105.5,120,TNEA2025-02159,COMPUTER SCIENCE AND ENGINEERING,cs
1128,"R.M.K. College of Engineering and Technology (Autonomous), R.S.M. Nagar, Puduvoyal, Gummidipoondi Taluk, Thiruvallur District-601206.",TIRUVALLUR,172,167,170.5,163.5,144,128.5,120,TNEA2025-02160,Computer Science and Engineering (Cyber Security),sc
1128,"R.M.K. College of Engineering and Technology (Autonomous), R.S.M. Nagar, Puduvoyal, Gummidipoondi Taluk, Thiruvallur District-601206.",TIRUVALLUR,173,168.5,164,162.5,136.5,128.5,120,TNEA2025-02161,ELECTRONICS AND COMMUNICATION ENGINEERING,ec
1128,"R.M.K. College of Engineering and Technology (Autonomous), R.S.M. Nagar, Puduvoyal, Gummidipoondi Taluk, Thiruvallur District-601206.",TIRUVALLUR,170,165.5,163,158.5,132.5,128.5,120,TNEA2025-02162,Electronics Engineering (VLSI Design and Technology),ev
1113,"R.M.K. Engineering College (Autonomous), R.S.M. Nagar, Kavaraipettai, Gummidipoondi Taluk, Thiruvallur-601206.",TIRUVALLUR,185.5,181.5,171,180,152.5,130.5,139,TNEA2025-02163,Artificial Intelligence and Data Science,ad
1113,"R.M.K. Engineering College (Autonomous), R.S.M. Nagar, Kavaraipettai, Gummidipoondi Taluk, Thiruvallur-601206.",TIRUVALLUR,159.5,151.5,118,144.5,141,130.5,139,TNEA2025-02164,CIVIL ENGINEERING,ce
1113,"R.M.K. Engineering College (Autonomous), R.S.M. Nagar, Kavaraipettai, Gummidipoondi Taluk, Thiruvallur-601206.",TIRUVALLUR,182.5,179.5,168.5,175,157,119.5,139,TNEA2025-02165,COMPUTER SCIENCE AND BUSSINESS SYSTEM,cb
1113,"R.M.K. Engineering College (Autonomous), R.S.M. Nagar, Kavaraipettai, Gummidipoondi Taluk, Thiruvallur-601206.",TIRUVALLUR,178,175,168.5,174,139,119.5,139,TNEA2025-02166,COMPUTER SCIENCE AND DESIGN,cd
1113,"R.M.K. Engineering College (Autonomous), R.S.M. Nagar, Kavaraipettai, Gummidipoondi Taluk, Thiruvallur-601206.",TIRUVALLUR,188,184,177.5,183,167.5,129,139,TNEA2025-02167,COMPUTER SCIENCE AND ENGINEERING,cs
1113,"R.M.K. Engineering College (Autonomous), R.S.M. Nagar, Kavaraipettai, Gummidipoondi Taluk, Thiruvallur-601206.",TIRUVALLUR,179.5,171,173.5,170.5,140.5,129,139,TNEA2025-02168,ELECTRICAL AND ELECTRONICS ENGINEERING,ee
1113,"R.M.K. Engineering College (Autonomous), R.S.M. Nagar, Kavaraipettai, Gummidipoondi Taluk, Thiruvallur-601206.",TIRUVALLUR,184.5,181.5,176,175.5,162,165.5,139,TNEA2025-02169,ELECTRONICS AND COMMUNICATION ENGINEERING,ec
1113,"R.M.K. Engineering College (Autonomous), R.S.M. Nagar, Kavaraipettai, Gummidipoondi Taluk, Thiruvallur-601206.",TIRUVALLUR,177,171,166,170,139.5,165.5,139,TNEA2025-02170,Electronics Engineering (VLSI Design and Technology),ev
1113,"R.M.K. Engineering College (Autonomous), R.S.M. Nagar, Kavaraipettai, Gummidipoondi Taluk, Thiruvallur-601206.",TIRUVALLUR,180.5,176,174.5,170.5,145.5,98,139,TNEA2025-02171,Electronics and Communication (Advanced Communication Technology),ea
1113,"R.M.K. Engineering College (Autonomous), R.S.M. Nagar, Kavaraipettai, Gummidipoondi Taluk, Thiruvallur-601206.",TIRUVALLUR,184.5,182,177,177.5,163.5,125,106,TNEA2025-02172,INFORMATION TECHNOLOGY,it
1113,"R.M.K. Engineering College (Autonomous), R.S.M. Nagar, Kavaraipettai, Gummidipoondi Taluk, Thiruvallur-601206.",TIRUVALLUR,172,163,145.5,166,142,125,106,TNEA2025-02173,MECHANICAL ENGINEERING,me
5913,"R.V.S. College of Engineering, RVS Nagar, Karur Road, N.Paraipatti Post, Dindigul-624005.",DINDIGUL,130,121.5,103,112.5,115,92,Not Available,TNEA2025-02174,Artificial Intelligence and Data Science,ad
5913,"R.V.S. College of Engineering, RVS Nagar, Karur Road, N.Paraipatti Post, Dindigul-624005.",DINDIGUL,98.5,121.5,103,112.5,115,92,Not Available,TNEA2025-02175,CHEMICAL ENGINEERING,ch
5913,"R.V.S. College of Engineering, RVS Nagar, Karur Road, N.Paraipatti Post, Dindigul-624005.",DINDIGUL,109,121.5,103,112.5,115,92,Not Available,TNEA2025-02176,CIVIL ENGINEERING,ce
5913,"R.V.S. College of Engineering, RVS Nagar, Karur Road, N.Paraipatti Post, Dindigul-624005.",DINDIGUL,109,121.5,103,112.5,115,92,Not Available,TNEA2025-02177,COMPUTER AND COMMUNICATION ENGINEERING,co
5913,"R.V.S. College of Engineering, RVS Nagar, Karur Road, N.Paraipatti Post, Dindigul-624005.",DINDIGUL,120,104,105.5,84.5,97.5,92,Not Available,TNEA2025-02178,COMPUTER SCIENCE AND ENGINEERING,cs
5913,"R.V.S. College of Engineering, RVS Nagar, Karur Road, N.Paraipatti Post, Dindigul-624005.",DINDIGUL,81.5,104,105.5,84.5,97.5,92,Not Available,TNEA2025-02179,ELECTRICAL AND ELECTRONICS ENGINEERING,ee
5913,"R.V.S. College of Engineering, RVS Nagar, Karur Road, N.Paraipatti Post, Dindigul-624005.",DINDIGUL,105.5,87.5,105.5,101,91.5,92,Not Available,TNEA2025-02180,ELECTRONICS AND COMMUNICATION ENGINEERING,ec
5913,"R.V.S. College of Engineering, RVS Nagar, Karur Road, N.Paraipatti Post, Dindigul-624005.",DINDIGUL,89.5,87.5,105.5,101,91.5,92,Not Available,TNEA2025-02181,FASHION TECHNOLOGY,ft
5913,"R.V.S. College of Engineering, RVS Nagar, Karur Road, N.Paraipatti Post, Dindigul-624005.",DINDIGUL,112.5,83.5,105.5,83.5,88.5,86,Not Available,TNEA2025-02182,INFORMATION TECHNOLOGY,it
5913,"R.V.S. College of Engineering, RVS Nagar, Karur Road, N.Paraipatti Post, Dindigul-624005.",DINDIGUL,83,83.5,105.5,83.5,88.5,86,Not Available,TNEA2025-02183,MECHANICAL ENGINEERING,me
5913,"R.V.S. College of Engineering, RVS Nagar, Karur Road, N.Paraipatti Post, Dindigul-624005.",DINDIGUL,97.5,83.5,105.5,83.5,88.5,86,Not Available,TNEA2025-02184,PETRO CHEMICAL TECHNOLOGY,pc
5913,"R.V.S. College of Engineering, RVS Nagar, Karur Road, N.Paraipatti Post, Dindigul-624005.",DINDIGUL,97.5,83.5,105.5,83.5,88.5,86,Not Available,TNEA2025-02185,TEXTILE TECHNOLOGY,tx
4678,"RAMCO Institute of Technology, North Venganallur Village, Krishnapuram Panchayat, Rajapalayam, Virudhunagar-626117.",VIRUDHUNAGAR,165,151,143,144.5,119,119,Not Available,TNEA2025-02186,Artificial Intelligence and Data Science,ad
4678,"RAMCO Institute of Technology, North Venganallur Village, Krishnapuram Panchayat, Rajapalayam, Virudhunagar-626117.",VIRUDHUNAGAR,133,92.5,117.5,109,108,119,Not Available,TNEA2025-02187,CIVIL ENGINEERING,ce
4678,"RAMCO Institute of Technology, North Venganallur Village, Krishnapuram Panchayat, Rajapalayam, Virudhunagar-626117.",VIRUDHUNAGAR,154,143.5,127,135.5,130,119,Not Available,TNEA2025-02188,COMPUTER SCIENCE AND BUSSINESS SYSTEM,cb
4678,"RAMCO Institute of Technology, North Venganallur Village, Krishnapuram Panchayat, Rajapalayam, Virudhunagar-626117.",VIRUDHUNAGAR,171.5,161,140.5,144.5,99,119,Not Available,TNEA2025-02189,COMPUTER SCIENCE AND ENGINEERING,cs
4678,"RAMCO Institute of Technology, North Venganallur Village, Krishnapuram Panchayat, Rajapalayam, Virudhunagar-626117.",VIRUDHUNAGAR,144.5,128.5,140,126,107.5,119,Not Available,TNEA2025-02190,ELECTRICAL AND ELECTRONICS ENGINEERING,ee
4678,"RAMCO Institute of Technology, North Venganallur Village, Krishnapuram Panchayat, Rajapalayam, Virudhunagar-626117.",VIRUDHUNAGAR,161.5,154.5,140.5,139.5,106.5,119,Not Available,TNEA2025-02191,ELECTRONICS AND COMMUNICATION ENGINEERING,ec
4678,"RAMCO Institute of Technology, North Venganallur Village, Krishnapuram Panchayat, Rajapalayam, Virudhunagar-626117.",VIRUDHUNAGAR,165,153.5,132.5,147,108,119,Not Available,TNEA2025-02192,INFORMATION TECHNOLOGY,it
4678,"RAMCO Institute of Technology, North Venganallur Village, Krishnapuram Panchayat, Rajapalayam, Virudhunagar-626117.",VIRUDHUNAGAR,134,114,132.5,108.5,105.5,119,Not Available,TNEA2025-02193,MECHANICAL ENGINEERING,me
1511,"RANIPPETTAI ENGINEERING COLLEGE, THENKADAPPANTHANGAL, VELLORE DISTRICT 632513",RANIPET,Not Available,Not Available,Not Available,Not Available,Not Available,Not Available,Not Available,TNEA2025-02194,CIVIL ENGINEERING,ce
1511,"RANIPPETTAI ENGINEERING COLLEGE, THENKADAPPANTHANGAL, VELLORE DISTRICT 632514",RANIPET,92,Not Available,Not Available,Not Available,Not Available,Not Available,Not Available,TNEA2025-02195,COMPUTER SCIENCE AND ENGINEERING,cs
1511,"RANIPPETTAI ENGINEERING COLLEGE, THENKADAPPANTHANGAL, VELLORE DISTRICT 632515",RANIPET,Not Available,Not Available,Not Available,Not Available,Not Available,Not Available,Not Available,TNEA2025-02196,MECHANICAL ENGINEERING,me
1511,"RANIPPETTAI ENGINEERING COLLEGE, THENKADAPPANTHANGAL, VELLORE DISTRICT 632516",RANIPET,Not Available,Not Available,Not Available,Not Available,Not Available,Not Available,Not Available,TNEA2025-02197,ELECTRICAL AND ELECTRONICS ENGINEERING,ee
1511,"RANIPPETTAI ENGINEERING COLLEGE, THENKADAPPANTHANGAL, VELLORE DISTRICT 632517",RANIPET,Not Available,Not Available,Not Available,Not Available,Not Available,Not Available,Not Available,TNEA2025-02198,ELECTRONICS AND COMMUNICATION ENGINEERING,ec
2731,"RVS College of Engineering and Technology (Autonomous), Kumaran Kottam Campus, Kannampalayam Post, Coimbatore-641402.",COIMBATORE,180,166.5,138,150.5,120.5,112,123,TNEA2025-02199,Artificial Intelligence and Data Science,ad
2731,"RVS College of Engineering and Technology (Autonomous), Kumaran Kottam Campus, Kannampalayam Post, Coimbatore-641402.",COIMBATORE,172,127,138,169,140.5,112,123,TNEA2025-02200,BIO MEDICAL ENGINEERING,bm
2731,"RVS College of Engineering and Technology (Autonomous), Kumaran Kottam Campus, Kannampalayam Post, Coimbatore-641402.",COIMBATORE,164.5,150.5,154,151.5,113.5,114.5,105.5,TNEA2025-02201,COMPUTER SCIENCE AND ENGINEERING,cs
2731,"RVS College of Engineering and Technology (Autonomous), Kumaran Kottam Campus, Kannampalayam Post, Coimbatore-641402.",COIMBATORE,141,117.5,112.5,126.5,83.5,114.5,105.5,TNEA2025-02202,ELECTRICAL AND ELECTRONICS ENGINEERING,ee
2731,"RVS College of Engineering and Technology (Autonomous), Kumaran Kottam Campus, Kannampalayam Post, Coimbatore-641402.",COIMBATORE,187,173.5,112.5,151.5,127,148,105.5,TNEA2025-02203,ELECTRONICS AND COMMUNICATION ENGINEERING,ec
2731,"RVS College of Engineering and Technology (Autonomous), Kumaran Kottam Campus, Kannampalayam Post, Coimbatore-641402.",COIMBATORE,180,161,136,172.5,129,175,105.5,TNEA2025-02204,INFORMATION TECHNOLOGY,it
2731,"RVS College of Engineering and Technology (Autonomous), Kumaran Kottam Campus, Kannampalayam Post, Coimbatore-641402.",COIMBATORE,114,110.5,136,172.5,129,175,105.5,TNEA2025-02205,MECHANICAL AND AUTOMATION ENGINEERING,mu
2731,"RVS College of Engineering and Technology (Autonomous), Kumaran Kottam Campus, Kannampalayam Post, Coimbatore-641402.",COIMBATORE,128,107,97.5,86,97.5,97,105.5,TNEA2025-02206,MECHANICAL ENGINEERING,me
2731,"RVS College of Engineering and Technology (Autonomous), Kumaran Kottam Campus, Kannampalayam Post, Coimbatore-641402.",COIMBATORE,120,93,88.5,116,97.5,97,105.5,TNEA2025-02207,PETRO CHEMICAL ENGINEERING,pd
1211,"Rajalakshmi Engineering College (Autonomous), Rajalakshmi Nagar, Thandalam, Kanchipuram, Chennai-602105.",KANCHIPURAM,180.5,170,156.5,172,163.5,112,156.5,TNEA2025-02208,AERONAUTICAL ENGINEERING,ae
1211,"Rajalakshmi Engineering College (Autonomous), Rajalakshmi Nagar, Thandalam, Kanchipuram, Chennai-602105.",KANCHIPURAM,170,164.5,156.5,160.5,145,112,156.5,TNEA2025-02209,AUTOMOBILE ENGINEERING,au
1211,"Rajalakshmi Engineering College (Autonomous), Rajalakshmi Nagar, Thandalam, Kanchipuram, Chennai-602105.",KANCHIPURAM,188,185,186,182,168.5,146.5,156.5,TNEA2025-02210,Artificial Intelligence and Data Science,ad
1211,"Rajalakshmi Engineering College (Autonomous), Rajalakshmi Nagar, Thandalam, Kanchipuram, Chennai-602105.",KANCHIPURAM,185.5,183.5,182,180.5,161.5,133.5,156.5,TNEA2025-02211,Artificial Intelligence and Machine Learning,al
1211,"Rajalakshmi Engineering College (Autonomous), Rajalakshmi Nagar, Thandalam, Kanchipuram, Chennai-602105.",KANCHIPURAM,178,169,163.5,161,136.5,133.5,156.5,TNEA2025-02212,BIO MEDICAL ENGINEERING,bm
1211,"Rajalakshmi Engineering College (Autonomous), Rajalakshmi Nagar, Thandalam, Kanchipuram, Chennai-602105.",KANCHIPURAM,176,169.5,170,157,138,123.5,125,TNEA2025-02213,BIO TECHNOLOGY,bt
1211,"Rajalakshmi Engineering College (Autonomous), Rajalakshmi Nagar, Thandalam, Kanchipuram, Chennai-602105.",KANCHIPURAM,176.5,160.5,170,165,152.5,123.5,125,TNEA2025-02214,CHEMICAL ENGINEERING,ch
1211,"Rajalakshmi Engineering College (Autonomous), Rajalakshmi Nagar, Thandalam, Kanchipuram, Chennai-602105.",KANCHIPURAM,169,163,156.5,157.5,146.5,123.5,125,TNEA2025-02215,CIVIL ENGINEERING,ce
1211,"Rajalakshmi Engineering College (Autonomous), Rajalakshmi Nagar, Thandalam, Kanchipuram, Chennai-602105.",KANCHIPURAM,185.5,183,183,180.5,155.5,129,126.5,TNEA2025-02216,COMPUTER SCIENCE AND BUSSINESS SYSTEM,cb
1211,"Rajalakshmi Engineering College (Autonomous), Rajalakshmi Nagar, Thandalam, Kanchipuram, Chennai-602105.",KANCHIPURAM,182.5,181.5,181.5,179,157,159.5,126.5,TNEA2025-02217,COMPUTER SCIENCE AND DESIGN,cd
1211,"Rajalakshmi Engineering College (Autonomous), Rajalakshmi Nagar, Thandalam, Kanchipuram, Chennai-602105.",KANCHIPURAM,191.5,188,188.5,185.5,169,125.5,159.5,TNEA2025-02218,COMPUTER SCIENCE AND ENGINEERING,cs
1211,"Rajalakshmi Engineering College (Autonomous), Rajalakshmi Nagar, Thandalam, Kanchipuram, Chennai-602105.",KANCHIPURAM,187,184.5,183,181,165.5,144,156.5,TNEA2025-02219,Computer Science and Engineering (Cyber Security),sc
1211,"Rajalakshmi Engineering College (Autonomous), Rajalakshmi Nagar, Thandalam, Kanchipuram, Chennai-602105.",KANCHIPURAM,182.5,181,179.5,178,157,131.5,156.5,TNEA2025-02220,ELECTRICAL AND ELECTRONICS ENGINEERING,ee
1211,"Rajalakshmi Engineering College (Autonomous), Rajalakshmi Nagar, Thandalam, Kanchipuram, Chennai-602105.",KANCHIPURAM,188.5,186,184,182.5,168,110.5,132.5,TNEA2025-02221,ELECTRONICS AND COMMUNICATION ENGINEERING,ec
1211,"Rajalakshmi Engineering College (Autonomous), Rajalakshmi Nagar, Thandalam, Kanchipuram, Chennai-602105.",KANCHIPURAM,172,164.5,170,163,141.5,118,118,TNEA2025-02222,FOOD TECHNOLOGY,fd
1211,"Rajalakshmi Engineering College (Autonomous), Rajalakshmi Nagar, Thandalam, Kanchipuram, Chennai-602105.",KANCHIPURAM,188.5,186,185,183,167.5,139.5,161,TNEA2025-02223,INFORMATION TECHNOLOGY,it
1211,"Rajalakshmi Engineering College (Autonomous), Rajalakshmi Nagar, Thandalam, Kanchipuram, Chennai-602105.",KANCHIPURAM,175.5,170,167.5,166,144.5,112.5,111.5,TNEA2025-02224,MECHANICAL ENGINEERING,me
1211,"Rajalakshmi Engineering College (Autonomous), Rajalakshmi Nagar, Thandalam, Kanchipuram, Chennai-602105.",KANCHIPURAM,179.5,174,178,173,156,130,111.5,TNEA2025-02225,Mechatronics Engineering,mz
1211,"Rajalakshmi Engineering College (Autonomous), Rajalakshmi Nagar, Thandalam, Kanchipuram, Chennai-602105.",KANCHIPURAM,179.5,177,175.5,170.5,143.5,130,111.5,TNEA2025-02226,ROBOTICS AND AUTOMATION,rm
1432,"Rajalakshmi Institute of Technology (Autonomous), Bangalore Highway Road, Kuthambakkam, Chennai-600124.",TIRUVALLUR,185,181,178.5,177,154.5,128.5,105.5,TNEA2025-02227,Artificial Intelligence and Data Science,ad
1432,"Rajalakshmi Institute of Technology (Autonomous), Bangalore Highway Road, Kuthambakkam, Chennai-600124.",TIRUVALLUR,174.5,168,157,158,135.5,128.5,105.5,TNEA2025-02228,BIO TECHNOLOGY,bt
1432,"Rajalakshmi Institute of Technology (Autonomous), Bangalore Highway Road, Kuthambakkam, Chennai-600124.",TIRUVALLUR,183,178.5,179.5,177,153,128.5,105.5,TNEA2025-02229,COMPUTER AND COMMUNICATION ENGINEERING,co
1432,"Rajalakshmi Institute of Technology (Autonomous), Bangalore Highway Road, Kuthambakkam, Chennai-600124.",TIRUVALLUR,182,178.5,178,176.5,142.5,106.5,105.5,TNEA2025-02230,COMPUTER SCIENCE AND BUSSINESS SYSTEM,cb
1432,"Rajalakshmi Institute of Technology (Autonomous), Bangalore Highway Road, Kuthambakkam, Chennai-600124.",TIRUVALLUR,188.33,184,182,181,158.5,117,143.5,TNEA2025-02231,COMPUTER SCIENCE AND ENGINEERING,cs
1432,"Rajalakshmi Institute of Technology (Autonomous), Bangalore Highway Road, Kuthambakkam, Chennai-600124.",TIRUVALLUR,184.5,180.5,176.5,177,154.5,112,104.5,TNEA2025-02232,COMPUTER SCIENCE AND ENGINEERING (AI AND MACHINE LEARNING),am
1432,"Rajalakshmi Institute of Technology (Autonomous), Bangalore Highway Road, Kuthambakkam, Chennai-600124.",TIRUVALLUR,187.5,184,179,179,163,107,104.5,TNEA2025-02233,ELECTRONICS AND COMMUNICATION ENGINEERING,ec
1432,"Rajalakshmi Institute of Technology (Autonomous), Bangalore Highway Road, Kuthambakkam, Chennai-600124.",TIRUVALLUR,181.5,176.5,170,174,131.5,107,104.5,TNEA2025-02234,Electronics Engineering (VLSI Design and Technology),ev
1432,"Rajalakshmi Institute of Technology (Autonomous), Bangalore Highway Road, Kuthambakkam, Chennai-600124.",TIRUVALLUR,172,161.5,157,154,125.5,107,104.5,TNEA2025-02235,MECHANICAL ENGINEERING,me
1212,"Rajiv Gandhi College of Engineering, Nemili Village, Sriperumbudur, Kanchipuram-602105.",TIRUPPUR,93,136,90.5,92,88.5,Not Available,Not Available,TNEA2025-02236,AUTOMOBILE ENGINEERING,au
1212,"Rajiv Gandhi College of Engineering, Nemili Village, Sriperumbudur, Kanchipuram-602105.",TIRUPPUR,93,136,90.5,92,88.5,Not Available,Not Available,TNEA2025-02237,BIO MEDICAL ENGINEERING,bm
1212,"Rajiv Gandhi College of Engineering, Nemili Village, Sriperumbudur, Kanchipuram-602105.",TIRUPPUR,143.5,136,90.5,124.5,92,Not Available,Not Available,TNEA2025-02238,COMPUTER SCIENCE AND ENGINEERING,cs
1212,"Rajiv Gandhi College of Engineering, Nemili Village, Sriperumbudur, Kanchipuram-602105.",TIRUPPUR,86.5,136,90.5,124.5,92,Not Available,Not Available,TNEA2025-02239,ELECTRICAL AND ELECTRONICS ENGINEERING,ee
1212,"Rajiv Gandhi College of Engineering, Nemili Village, Sriperumbudur, Kanchipuram-602105.",TIRUPPUR,124,91,90.5,120.5,87.5,Not Available,Not Available,TNEA2025-02240,ELECTRONICS AND COMMUNICATION ENGINEERING,ec
1212,"Rajiv Gandhi College of Engineering, Nemili Village, Sriperumbudur, Kanchipuram-602105.",TIRUPPUR,116,91,90.5,120.5,87.5,Not Available,Not Available,TNEA2025-02241,MECHANICAL ENGINEERING,me
1212,"Rajiv Gandhi College of Engineering, Nemili Village, Sriperumbudur, Kanchipuram-602105.",TIRUPPUR,119.5,91,90.5,120.5,87.5,Not Available,Not Available,TNEA2025-02242,PETROLEUM ENGINEERING,pe
2329,"Rathinam Technical Campus (Autonomous), Rathinam Techzone Campus, Pollachi Road, Eachanari, Coimbatore-641021.",641021,168,167.5,164,164,149,140.5,161,TNEA2025-02243,AGRICULTURAL ENGINEERING,ag
2329,"Rathinam Technical Campus (Autonomous), Rathinam Techzone Campus, Pollachi Road, Eachanari, Coimbatore-641021.",641021,179.31,170,165.5,162.5,140,168.35,161,TNEA2025-02244,Artificial Intelligence and Data Science,ad
2329,"Rathinam Technical Campus (Autonomous), Rathinam Techzone Campus, Pollachi Road, Eachanari, Coimbatore-641021.",641021,167.37,150.5,163.72,159.23,123.5,120.5,164.81,TNEA2025-02245,BIO TECHNOLOGY,bt
2329,"Rathinam Technical Campus (Autonomous), Rathinam Techzone Campus, Pollachi Road, Eachanari, Coimbatore-641021.",641021,172.5,166.5,166.81,164,140,150.71,124.5,TNEA2025-02246,COMPUTER SCIENCE AND ENGINEERING,cs
2329,"Rathinam Technical Campus (Autonomous), Rathinam Techzone Campus, Pollachi Road, Eachanari, Coimbatore-641021.",641021,172.29,165,166,160.5,138.5,158.9,124.5,TNEA2025-02247,COMPUTER SCIENCE AND ENGINEERING (AI AND MACHINE LEARNING),am
2329,"Rathinam Technical Campus (Autonomous), Rathinam Techzone Campus, Pollachi Road, Eachanari, Coimbatore-641021.",641021,171.64,160,162.56,159.5,122,127.5,124.5,TNEA2025-02248,COMPUTER SCIENCE AND ENGINEERING (TAMIL),xs
2329,"Rathinam Technical Campus (Autonomous), Rathinam Techzone Campus, Pollachi Road, Eachanari, Coimbatore-641021.",641021,169,162,162.62,159.5,134,155.62,124.5,TNEA2025-02249,Computer Science and Engineering (Cyber Security),sc
2329,"Rathinam Technical Campus (Autonomous), Rathinam Techzone Campus, Pollachi Road, Eachanari, Coimbatore-641021.",641021,170,167,161.29,163,136.5,149.06,124.5,TNEA2025-02250,ELECTRONICS AND COMMUNICATION ENGINEERING,ec
2329,"Rathinam Technical Campus (Autonomous), Rathinam Techzone Campus, Pollachi Road, Eachanari, Coimbatore-641021.",641021,170,165.5,162,164,147,122.5,137.5,TNEA2025-02251,INFORMATION TECHNOLOGY,it
2329,"Rathinam Technical Campus (Autonomous), Rathinam Techzone Campus, Pollachi Road, Eachanari, Coimbatore-641021.",641021,170,169.23,162,162.16,140.5,122.5,137.5,TNEA2025-02252,MECHANICAL ENGINEERING,me
2329,"Rathinam Technical Campus (Autonomous), Rathinam Techzone Campus, Pollachi Road, Eachanari, Coimbatore-641021.",641021,171,159,164.28,165.21,135,122.5,155,TNEA2025-02253,Mechatronics Engineering,mz
4676,"Renganayagi Varatharaj College of Engineering, Salvarpatti Village & Post, Thayilpatti Via, Sivakasi Taluk, Virudhunagar-626128.",VIRUDHUNAGAR,148,117,110.5,118,129.5,119,Not Available,TNEA2025-02254,Artificial Intelligence and Data Science,ad
4676,"Renganayagi Varatharaj College of Engineering, Salvarpatti Village & Post, Thayilpatti Via, Sivakasi Taluk, Virudhunagar-626128.",VIRUDHUNAGAR,147,85.5,82,120.5,118.5,119,Not Available,TNEA2025-02255,COMPUTER SCIENCE AND ENGINEERING,cs
4676,"Renganayagi Varatharaj College of Engineering, Salvarpatti Village & Post, Thayilpatti Via, Sivakasi Taluk, Virudhunagar-626128.",VIRUDHUNAGAR,106.5,85.5,82,100.5,118.5,119,Not Available,TNEA2025-02256,ELECTRICAL AND ELECTRONICS ENGINEERING,ee
4676,"Renganayagi Varatharaj College of Engineering, Salvarpatti Village & Post, Thayilpatti Via, Sivakasi Taluk, Virudhunagar-626128.",VIRUDHUNAGAR,132,102,82,113.5,90,100.5,Not Available,TNEA2025-02257,ELECTRONICS AND COMMUNICATION ENGINEERING,ec
4676,"Renganayagi Varatharaj College of Engineering, Salvarpatti Village & Post, Thayilpatti Via, Sivakasi Taluk, Virudhunagar-626128.",VIRUDHUNAGAR,116,106.5,82,85,90,100.5,Not Available,TNEA2025-02258,MECHANICAL ENGINEERING,me
3817,"Roever Engineering College, Elambalur (Post), Perambalur-621212.",PERAMBALUR,121,111.5,124.5,109.5,103,102,99.5,TNEA2025-02259,BIO TECHNOLOGY,bt
3817,"Roever Engineering College, Elambalur (Post), Perambalur-621212.",PERAMBALUR,102,111.5,124.5,109.5,103,102,99.5,TNEA2025-02260,CIVIL ENGINEERING,ce
3817,"Roever Engineering College, Elambalur (Post), Perambalur-621212.",PERAMBALUR,140,111,124.5,115,91,102,99.5,TNEA2025-02261,COMPUTER SCIENCE AND ENGINEERING,cs
3817,"Roever Engineering College, Elambalur (Post), Perambalur-621212.",PERAMBALUR,104.5,111,124.5,89,91,102,99.5,TNEA2025-02262,ELECTRICAL AND ELECTRONICS ENGINEERING,ee
3817,"Roever Engineering College, Elambalur (Post), Perambalur-621212.",PERAMBALUR,133.5,92,90.5,104.5,98.5,102,99.5,TNEA2025-02263,ELECTRONICS AND COMMUNICATION ENGINEERING,ec
3817,"Roever Engineering College, Elambalur (Post), Perambalur-621212.",PERAMBALUR,90.5,92,90.5,104.5,98.5,102,99.5,TNEA2025-02264,MECHANICAL ENGINEERING,me
4670,"Rohini College of Engineering and Technology (Autonomous), Palkumlam, Variyoor Post, Kanyakumari-629401.",KANNIYAKUMARI,124.5,83.5,147,87,105.5,Not Available,Not Available,TNEA2025-02265,AGRICULTURAL ENGINEERING,ag
4670,"Rohini College of Engineering and Technology (Autonomous), Palkumlam, Variyoor Post, Kanyakumari-629401.",KANNIYAKUMARI,163.5,154.5,147,109.5,105.5,Not Available,Not Available,TNEA2025-02266,Artificial Intelligence and Data Science,ad
4670,"Rohini College of Engineering and Technology (Autonomous), Palkumlam, Variyoor Post, Kanyakumari-629401.",KANNIYAKUMARI,142,117.5,108,104.5,105.5,Not Available,Not Available,TNEA2025-02267,BIO MEDICAL ENGINEERING,bm
4670,"Rohini College of Engineering and Technology (Autonomous), Palkumlam, Variyoor Post, Kanyakumari-629401.",KANNIYAKUMARI,114,91,104.5,104.5,105.5,Not Available,Not Available,TNEA2025-02268,CIVIL ENGINEERING,ce
4670,"Rohini College of Engineering and Technology (Autonomous), Palkumlam, Variyoor Post, Kanyakumari-629401.",KANNIYAKUMARI,155,143.5,151,89,117,Not Available,Not Available,TNEA2025-02269,COMPUTER SCIENCE AND ENGINEERING,cs
4670,"Rohini College of Engineering and Technology (Autonomous), Palkumlam, Variyoor Post, Kanyakumari-629401.",KANNIYAKUMARI,150,142,135,105,105.5,Not Available,Not Available,TNEA2025-02270,COMPUTER SCIENCE AND ENGINEERING (AI AND MACHINE LEARNING),am
4670,"Rohini College of Engineering and Technology (Autonomous), Palkumlam, Variyoor Post, Kanyakumari-629401.",KANNIYAKUMARI,137,120.5,135,110,105.5,Not Available,Not Available,TNEA2025-02271,ELECTRICAL AND ELECTRONICS ENGINEERING,ee
4670,"Rohini College of Engineering and Technology (Autonomous), Palkumlam, Variyoor Post, Kanyakumari-629401.",KANNIYAKUMARI,155,144,148,113.5,105.5,Not Available,Not Available,TNEA2025-02272,ELECTRONICS AND COMMUNICATION ENGINEERING,ec
4670,"Rohini College of Engineering and Technology (Autonomous), Palkumlam, Variyoor Post, Kanyakumari-629401.",KANNIYAKUMARI,142,102.5,96.5,105.5,82.5,Not Available,Not Available,TNEA2025-02273,MECHANICAL ENGINEERING,me
1437,"Rrase College of Engineering, Vanjuvancherry, Padappai, Sriperumbadur, Kancheepuram -601301.",KANCHIPURAM,117.5,101.5,110,135,145.5,Not Available,Not Available,TNEA2025-02274,AUTOMOBILE ENGINEERING,au
1437,"Rrase College of Engineering, Vanjuvancherry, Padappai, Sriperumbadur, Kancheepuram -601301.",KANCHIPURAM,146,101.5,110,135,145.5,Not Available,Not Available,TNEA2025-02275,Artificial Intelligence and Data Science,ad
1437,"Rrase College of Engineering, Vanjuvancherry, Padappai, Sriperumbadur, Kancheepuram -601301.",KANCHIPURAM,147,101.5,110,135,145.5,Not Available,Not Available,TNEA2025-02276,CIVIL ENGINEERING,ce
1437,"Rrase College of Engineering, Vanjuvancherry, Padappai, Sriperumbadur, Kancheepuram -601301.",KANCHIPURAM,132,82.5,110,113,113,Not Available,Not Available,TNEA2025-02277,COMPUTER SCIENCE AND ENGINEERING,cs
1437,"Rrase College of Engineering, Vanjuvancherry, Padappai, Sriperumbadur, Kancheepuram -601301.",KANCHIPURAM,118.5,102,110,95,98,Not Available,Not Available,TNEA2025-02278,Computer Science and Engineering (Cyber Security),sc
1437,"Rrase College of Engineering, Vanjuvancherry, Padappai, Sriperumbadur, Kancheepuram -601301.",KANCHIPURAM,102.5,83,110,95,97.5,Not Available,Not Available,TNEA2025-02279,ELECTRICAL AND ELECTRONICS ENGINEERING,ee
1437,"Rrase College of Engineering, Vanjuvancherry, Padappai, Sriperumbadur, Kancheepuram -601301.",KANCHIPURAM,115,80.5,110,105,86.5,Not Available,Not Available,TNEA2025-02280,ELECTRONICS AND COMMUNICATION ENGINEERING,ec
1437,"Rrase College of Engineering, Vanjuvancherry, Padappai, Sriperumbadur, Kancheepuram -601301.",KANCHIPURAM,132.5,106.5,108,92.5,119.5,Not Available,Not Available,TNEA2025-02281,INFORMATION TECHNOLOGY,it
1437,"Rrase College of Engineering, Vanjuvancherry, Padappai, Sriperumbadur, Kancheepuram -601301.",KANCHIPURAM,90,106.5,108,92.5,119.5,Not Available,Not Available,TNEA2025-02282,MECHANICAL ENGINEERING,me
1213,"S K R Engineering College, Agarmel, Poonamallaee, Thiruvallur, Chennai-600123.",TIRUVALLUR from,Not Available,Not Available,Not Available,Not Available,Not Available,Not Available,Not Available,TNEA2025-02283,BIO MEDICAL ENGINEERING,bm
1213,"S K R Engineering College, Agarmel, Poonamallaee, Thiruvallur, Chennai-600123.",TIRUVALLUR from,Not Available,Not Available,Not Available,Not Available,Not Available,Not Available,Not Available,TNEA2025-02284,COMPUTER SCIENCE AND BUSSINESS SYSTEM,cb
1213,"S K R Engineering College, Agarmel, Poonamallaee, Thiruvallur, Chennai-600123.",TIRUVALLUR from,Not Available,Not Available,Not Available,Not Available,Not Available,Not Available,Not Available,TNEA2025-02285,COMPUTER SCIENCE AND ENGINEERING,cs
1213,"S K R Engineering College, Agarmel, Poonamallaee, Thiruvallur, Chennai-600123.",TIRUVALLUR from,Not Available,Not Available,Not Available,Not Available,Not Available,Not Available,Not Available,TNEA2025-02286,ELECTRICAL AND ELECTRONICS ENGINEERING,ee
1213,"S K R Engineering College, Agarmel, Poonamallaee, Thiruvallur, Chennai-600123.",TIRUVALLUR from,Not Available,Not Available,Not Available,Not Available,Not Available,Not Available,Not Available,TNEA2025-02287,ELECTRONICS AND COMMUNICATION ENGINEERING,ec
1213,"S K R Engineering College, Agarmel, Poonamallaee, Thiruvallur, Chennai-600123.",TIRUVALLUR from,Not Available,Not Available,Not Available,Not Available,Not Available,Not Available,Not Available,TNEA2025-02288,INFORMATION TECHNOLOGY,it
4967,"S. Veerasamy Chettiar College of Engineering and Technology, S.V.Nagar, Puliangudi (Post), Sivagiri (Taluk), Tirunelveli District-627855.",TENKASI,89,88,97,107,95,99.5,Not Available,TNEA2025-02289,Artificial Intelligence and Data Science,ad
4967,"S. Veerasamy Chettiar College of Engineering and Technology, S.V.Nagar, Puliangudi (Post), Sivagiri (Taluk), Tirunelveli District-627855.",TENKASI,89.5,88,97,107,95,99.5,Not Available,TNEA2025-02290,CIVIL ENGINEERING,ce
4967,"S. Veerasamy Chettiar College of Engineering and Technology, S.V.Nagar, Puliangudi (Post), Sivagiri (Taluk), Tirunelveli District-627855.",TENKASI,151,88,97,107,95,99.5,Not Available,TNEA2025-02291,COMPUTER SCIENCE AND ENGINEERING,cs
4967,"S. Veerasamy Chettiar College of Engineering and Technology, S.V.Nagar, Puliangudi (Post), Sivagiri (Taluk), Tirunelveli District-627855.",TENKASI,95,88,97,85.5,95,99.5,Not Available,TNEA2025-02292,Computer Science and Engineering (Cyber Security),sc
4967,"S. Veerasamy Chettiar College of Engineering and Technology, S.V.Nagar, Puliangudi (Post), Sivagiri (Taluk), Tirunelveli District-627855.",TENKASI,95,88,97,85.5,95,99.5,Not Available,TNEA2025-02293,ELECTRICAL AND ELECTRONICS ENGINEERING,ee
4967,"S. Veerasamy Chettiar College of Engineering and Technology, S.V.Nagar, Puliangudi (Post), Sivagiri (Taluk), Tirunelveli District-627855.",TENKASI,115,88,97,85.5,95,99.5,Not Available,TNEA2025-02294,ELECTRONICS AND COMMUNICATION ENGINEERING,ec
4967,"S. Veerasamy Chettiar College of Engineering and Technology, S.V.Nagar, Puliangudi (Post), Sivagiri (Taluk), Tirunelveli District-627855.",TENKASI,106.5,88,97,85.5,95,99.5,Not Available,TNEA2025-02295,INFORMATION TECHNOLOGY,it
4967,"S. Veerasamy Chettiar College of Engineering and Technology, S.V.Nagar, Puliangudi (Post), Sivagiri (Taluk), Tirunelveli District-627855.",TENKASI,95.5,88,97,85.5,95,99.5,Not Available,TNEA2025-02296,MECHANICAL ENGINEERING,me
1114,"S.A. Engineering College (Autonomous), Poonamallee- Avadi Road, Thiruverkadu Post, Tiruvallur, Chennai-600077.",TIRUVALLUR,161,148.5,145.5,150.5,123.5,154,Not Available,TNEA2025-02297,Artificial Intelligence and Data Science,ad
1114,"S.A. Engineering College (Autonomous), Poonamallee- Avadi Road, Thiruverkadu Post, Tiruvallur, Chennai-600077.",TIRUVALLUR,130,102.5,145.5,118,94.5,154,Not Available,TNEA2025-02298,CIVIL ENGINEERING,ce
1114,"S.A. Engineering College (Autonomous), Poonamallee- Avadi Road, Thiruverkadu Post, Tiruvallur, Chennai-600077.",TIRUVALLUR,150.5,143,134,142.5,125,154,Not Available,TNEA2025-02299,COMPUTER SCIENCE AND BUSSINESS SYSTEM,cb
1114,"S.A. Engineering College (Autonomous), Poonamallee- Avadi Road, Thiruverkadu Post, Tiruvallur, Chennai-600077.",TIRUVALLUR,160,150.5,140.5,148.5,122.5,154,Not Available,TNEA2025-02300,COMPUTER SCIENCE AND ENGINEERING,cs
1114,"S.A. Engineering College (Autonomous), Poonamallee- Avadi Road, Thiruverkadu Post, Tiruvallur, Chennai-600077.",TIRUVALLUR,156,144.5,140.5,145.5,118.5,154,Not Available,TNEA2025-02301,COMPUTER SCIENCE AND ENGINEERING (AI AND MACHINE LEARNING),am
1114,"S.A. Engineering College (Autonomous), Poonamallee- Avadi Road, Thiruverkadu Post, Tiruvallur, Chennai-600077.",TIRUVALLUR,154,145.5,137,146,116.5,154,Not Available,TNEA2025-02302,Computer Science and Engineering (Cyber Security),sc
1114,"S.A. Engineering College (Autonomous), Poonamallee- Avadi Road, Thiruverkadu Post, Tiruvallur, Chennai-600077.",TIRUVALLUR,136.5,85.5,137,111,101,154,Not Available,TNEA2025-02303,ELECTRICAL AND ELECTRONICS ENGINEERING,ee
1114,"S.A. Engineering College (Autonomous), Poonamallee- Avadi Road, Thiruverkadu Post, Tiruvallur, Chennai-600077.",TIRUVALLUR,154,144,145.5,142.5,113.5,154,Not Available,TNEA2025-02304,ELECTRONICS AND COMMUNICATION ENGINEERING,ec
1114,"S.A. Engineering College (Autonomous), Poonamallee- Avadi Road, Thiruverkadu Post, Tiruvallur, Chennai-600077.",TIRUVALLUR,140,113,138,120,105,154,Not Available,TNEA2025-02305,Electronics Engineering (VLSI Design and Technology),ev
1114,"S.A. Engineering College (Autonomous), Poonamallee- Avadi Road, Thiruverkadu Post, Tiruvallur, Chennai-600077.",TIRUVALLUR,156.5,145,136,144.5,122,154,Not Available,TNEA2025-02306,INFORMATION TECHNOLOGY,it
1114,"S.A. Engineering College (Autonomous), Poonamallee- Avadi Road, Thiruverkadu Post, Tiruvallur, Chennai-600077.",TIRUVALLUR,122,93.5,136,109.5,95,154,Not Available,TNEA2025-02307,MECHANICAL ENGINEERING,me
1512,"S.K.P. Engineering College, Chinnkangiyanur, Somasipadi Post, Tiruvannamalai District-606611.",TIRUVANNAMALAI,139,107,137.5,113,102,113,107.5,TNEA2025-02308,Artificial Intelligence and Data Science,ad
1512,"S.K.P. Engineering College, Chinnkangiyanur, Somasipadi Post, Tiruvannamalai District-606611.",TIRUVANNAMALAI,85,107,137.5,113,102,113,107.5,TNEA2025-02309,CIVIL ENGINEERING,ce
1512,"S.K.P. Engineering College, Chinnkangiyanur, Somasipadi Post, Tiruvannamalai District-606611.",TIRUVANNAMALAI,142.5,107.5,130,111.5,108,113,107.5,TNEA2025-02310,COMPUTER SCIENCE AND ENGINEERING,cs
1512,"S.K.P. Engineering College, Chinnkangiyanur, Somasipadi Post, Tiruvannamalai District-606611.",TIRUVANNAMALAI,120,81,94,101.5,87.5,113,107.5,TNEA2025-02311,COMPUTER SCIENCE AND ENGINEERING (AI AND MACHINE LEARNING),am
1512,"S.K.P. Engineering College, Chinnkangiyanur, Somasipadi Post, Tiruvannamalai District-606611.",TIRUVANNAMALAI,120.5,102,106,104.5,82.5,113,107.5,TNEA2025-02312,Computer Science and Engineering (Cyber Security),sc
1512,"S.K.P. Engineering College, Chinnkangiyanur, Somasipadi Post, Tiruvannamalai District-606611.",TIRUVANNAMALAI,110,103,108.5,98,82.5,113,107.5,TNEA2025-02313,ELECTRICAL AND ELECTRONICS ENGINEERING,ee
1512,"S.K.P. Engineering College, Chinnkangiyanur, Somasipadi Post, Tiruvannamalai District-606611.",TIRUVANNAMALAI,131.5,104,119.5,109.5,104,113,107.5,TNEA2025-02314,ELECTRONICS AND COMMUNICATION ENGINEERING,ec
1512,"S.K.P. Engineering College, Chinnkangiyanur, Somasipadi Post, Tiruvannamalai District-606611.",TIRUVANNAMALAI,138,116.5,109,119.5,92,113,107.5,TNEA2025-02315,INFORMATION TECHNOLOGY,it
1512,"S.K.P. Engineering College, Chinnkangiyanur, Somasipadi Post, Tiruvannamalai District-606611.",TIRUVANNAMALAI,84,116.5,109,119.5,92,113,107.5,TNEA2025-02316,MECHANICAL ENGINEERING,me
5915,"SACS M.A.V.M.M. Engineering College, 446, Melur - Alagarkoil Road, Kidaripatti (PO), Alagarkoil Via, Melur Taluk, Madurai-625301.",MADURAI,81,113,133,118.5,100,105.5,Not Available,TNEA2025-02317,CIVIL ENGINEERING,ce
5915,"SACS M.A.V.M.M. Engineering College, 446, Melur - Alagarkoil Road, Kidaripatti (PO), Alagarkoil Via, Melur Taluk, Madurai-625301.",MADURAI,145.5,113,133,118.5,100,105.5,Not Available,TNEA2025-02318,COMPUTER SCIENCE AND ENGINEERING,cs
5915,"SACS M.A.V.M.M. Engineering College, 446, Melur - Alagarkoil Road, Kidaripatti (PO), Alagarkoil Via, Melur Taluk, Madurai-625301.",MADURAI,100,80.5,88,88,86,105.5,Not Available,TNEA2025-02319,ELECTRICAL AND ELECTRONICS ENGINEERING,ee
5915,"SACS M.A.V.M.M. Engineering College, 446, Melur - Alagarkoil Road, Kidaripatti (PO), Alagarkoil Via, Melur Taluk, Madurai-625301.",MADURAI,125.5,93.5,96,109,106,82.5,Not Available,TNEA2025-02320,ELECTRONICS AND COMMUNICATION ENGINEERING,ec
5915,"SACS M.A.V.M.M. Engineering College, 446, Melur - Alagarkoil Road, Kidaripatti (PO), Alagarkoil Via, Melur Taluk, Madurai-625301.",MADURAI,97.5,82,96,109,80,82.5,Not Available,TNEA2025-02321,MECHANICAL ENGINEERING,me
1124,"SAMS College of Engineering and Technology, 82, Panapakkam, Tirupathi Road, Uthukottai Taluk, Thiruvallur District-601102.",TIRUVALLUR,Not Available,Not Available,Not Available,Not Available,Not Available,Not Available,Not Available,TNEA2025-02322,AERONAUTICAL ENGINEERING,ae
1124,"SAMS College of Engineering and Technology, 82, Panapakkam, Tirupathi Road, Uthukottai Taluk, Thiruvallur District-601102.",TIRUVALLUR,Not Available,Not Available,Not Available,Not Available,Not Available,Not Available,Not Available,TNEA2025-02323,Artificial Intelligence and Data Science,ad
1124,"SAMS College of Engineering and Technology, 82, Panapakkam, Tirupathi Road, Uthukottai Taluk, Thiruvallur District-601102.",TIRUVALLUR,Not Available,Not Available,Not Available,Not Available,Not Available,Not Available,Not Available,TNEA2025-02324,COMPUTER AND COMMUNICATION ENGINEERING,co
1124,"SAMS College of Engineering and Technology, 82, Panapakkam, Tirupathi Road, Uthukottai Taluk, Thiruvallur District-601102.",TIRUVALLUR,Not Available,Not Available,Not Available,Not Available,Not Available,Not Available,Not Available,TNEA2025-02325,COMPUTER SCIENCE AND ENGINEERING,cs
1124,"SAMS College of Engineering and Technology, 82, Panapakkam, Tirupathi Road, Uthukottai Taluk, Thiruvallur District-601102.",TIRUVALLUR,Not Available,Not Available,Not Available,Not Available,Not Available,Not Available,Not Available,TNEA2025-02326,COMPUTER SCIENCE AND ENGINEERING (AI AND MACHINE LEARNING),am
1124,"SAMS College of Engineering and Technology, 82, Panapakkam, Tirupathi Road, Uthukottai Taluk, Thiruvallur District-601102.",TIRUVALLUR,Not Available,Not Available,Not Available,Not Available,Not Available,Not Available,Not Available,TNEA2025-02327,Computer Science and Engineering (Cyber Security),sc
1124,"SAMS College of Engineering and Technology, 82, Panapakkam, Tirupathi Road, Uthukottai Taluk, Thiruvallur District-601102.",TIRUVALLUR,Not Available,Not Available,Not Available,Not Available,Not Available,Not Available,Not Available,TNEA2025-02328,MARINE ENGINEERING,mr
1124,"SAMS College of Engineering and Technology, 82, Panapakkam, Tirupathi Road, Uthukottai Taluk, Thiruvallur District-601102.",TIRUVALLUR,Not Available,Not Available,Not Available,Not Available,Not Available,Not Available,Not Available,TNEA2025-02329,MECHANICAL ENGINEERING,me
5930,"SBM College of Engineering and Technology, SBM Nagar, Thamaraipadi(PO), Trichy Road, Dindigul-624005.",DINDIGUL,109.5,81,Not Available,94,88,Not Available,Not Available,TNEA2025-02330,Artificial Intelligence and Data Science,ad
5930,"SBM College of Engineering and Technology, SBM Nagar, Thamaraipadi(PO), Trichy Road, Dindigul-624005.",DINDIGUL,102.5,81,Not Available,94,88,Not Available,Not Available,TNEA2025-02331,BIO MEDICAL ENGINEERING,bm
5930,"SBM College of Engineering and Technology, SBM Nagar, Thamaraipadi(PO), Trichy Road, Dindigul-624005.",DINDIGUL,86,81,Not Available,94,88,Not Available,Not Available,TNEA2025-02332,CIVIL ENGINEERING,ce
5930,"SBM College of Engineering and Technology, SBM Nagar, Thamaraipadi(PO), Trichy Road, Dindigul-624005.",DINDIGUL,94,81,Not Available,89,88,Not Available,Not Available,TNEA2025-02333,COMPUTER SCIENCE AND ENGINEERING,cs
5930,"SBM College of Engineering and Technology, SBM Nagar, Thamaraipadi(PO), Trichy Road, Dindigul-624005.",DINDIGUL,98.5,81,Not Available,89,88,Not Available,Not Available,TNEA2025-02334,ELECTRICAL AND ELECTRONICS ENGINEERING,ee
5930,"SBM College of Engineering and Technology, SBM Nagar, Thamaraipadi(PO), Trichy Road, Dindigul-624005.",DINDIGUL,83,81,Not Available,89,88,Not Available,Not Available,TNEA2025-02335,ELECTRONICS AND COMMUNICATION ENGINEERING,ec
5930,"SBM College of Engineering and Technology, SBM Nagar, Thamaraipadi(PO), Trichy Road, Dindigul-624005.",DINDIGUL,109.5,107,Not Available,84,84,Not Available,Not Available,TNEA2025-02336,INFORMATION TECHNOLOGY,it
5930,"SBM College of Engineering and Technology, SBM Nagar, Thamaraipadi(PO), Trichy Road, Dindigul-624005.",DINDIGUL,93,107,Not Available,84,84,Not Available,Not Available,TNEA2025-02337,MECHANICAL ENGINEERING,me
4969,"SCAD College of Engineering and Technology, Scad Nagar, Cheranmahadevi, Tirunelveli-627414.",TIRUNELVELI,143.5,119.5,137.5,99,105,Not Available,Not Available,TNEA2025-02338,Artificial Intelligence and Data Science,ad
4969,"SCAD College of Engineering and Technology, Scad Nagar, Cheranmahadevi, Tirunelveli-627414.",TIRUNELVELI,80.5,119.5,137.5,99,105,Not Available,Not Available,TNEA2025-02339,CIVIL ENGINEERING,ce
4969,"SCAD College of Engineering and Technology, Scad Nagar, Cheranmahadevi, Tirunelveli-627414.",TIRUNELVELI,143,122.5,137.5,99,86,Not Available,Not Available,TNEA2025-02340,COMPUTER SCIENCE AND ENGINEERING,cs
4969,"SCAD College of Engineering and Technology, Scad Nagar, Cheranmahadevi, Tirunelveli-627414.",TIRUNELVELI,100,83,137.5,90.5,86,Not Available,Not Available,TNEA2025-02341,ELECTRICAL AND ELECTRONICS ENGINEERING,ee
4969,"SCAD College of Engineering and Technology, Scad Nagar, Cheranmahadevi, Tirunelveli-627414.",TIRUNELVELI,136.5,117.5,123.5,109.5,102,Not Available,Not Available,TNEA2025-02342,ELECTRONICS AND COMMUNICATION ENGINEERING,ec
4969,"SCAD College of Engineering and Technology, Scad Nagar, Cheranmahadevi, Tirunelveli-627414.",TIRUNELVELI,87.5,117.5,123.5,109.5,102,Not Available,Not Available,TNEA2025-02343,MECHANICAL ENGINEERING,me
2734,"SNS College of Engineering (Autonomous), Sathy Main Road, Kurumbapalayam Post, Coimbatore-641107.",COIMBATORE,166.5,159.5,157.5,155.5,92,110.5,157,TNEA2025-02344,Artificial Intelligence and Data Science,ad
2734,"SNS College of Engineering (Autonomous), Sathy Main Road, Kurumbapalayam Post, Coimbatore-641107.",COIMBATORE,161,151,139.5,149.5,118.5,110.5,157,TNEA2025-02345,COMPUTER SCIENCE AND DESIGN,cd
2734,"SNS College of Engineering (Autonomous), Sathy Main Road, Kurumbapalayam Post, Coimbatore-641107.",COIMBATORE,171,162,152.5,155.5,92,150,157,TNEA2025-02346,COMPUTER SCIENCE AND ENGINEERING,cs
2734,"SNS College of Engineering (Autonomous), Sathy Main Road, Kurumbapalayam Post, Coimbatore-641107.",COIMBATORE,173.5,156,139.5,150.5,85,104.5,157,TNEA2025-02347,Computer Science and Engineering (Internet of Things and Cyber Security including Block Chain Technology),sb
2734,"SNS College of Engineering (Autonomous), Sathy Main Road, Kurumbapalayam Post, Coimbatore-641107.",COIMBATORE,159.5,154,142,150,106,104.5,157,TNEA2025-02348,Computer Science and Technology,ts
2734,"SNS College of Engineering (Autonomous), Sathy Main Road, Kurumbapalayam Post, Coimbatore-641107.",COIMBATORE,160,151,129,139.5,109.5,104.5,157,TNEA2025-02349,ELECTRICAL AND ELECTRONICS ENGINEERING,ee
2734,"SNS College of Engineering (Autonomous), Sathy Main Road, Kurumbapalayam Post, Coimbatore-641107.",COIMBATORE,167,159.5,152.5,155.5,93,104.5,157,TNEA2025-02350,ELECTRONICS AND COMMUNICATION ENGINEERING,ec
2734,"SNS College of Engineering (Autonomous), Sathy Main Road, Kurumbapalayam Post, Coimbatore-641107.",COIMBATORE,162.5,159,160,154,105,118,157,TNEA2025-02351,INFORMATION TECHNOLOGY,it
2734,"SNS College of Engineering (Autonomous), Sathy Main Road, Kurumbapalayam Post, Coimbatore-641107.",COIMBATORE,134.5,113,119.5,102.5,105,118,157,TNEA2025-02352,MECHANICAL ENGINEERING,me
2734,"SNS College of Engineering (Autonomous), Sathy Main Road, Kurumbapalayam Post, Coimbatore-641107.",COIMBATORE,132,111.5,120,89,105,118,157,TNEA2025-02353,Mechanical and Mechatronics Engineering (Additive Manufacturing),mo
2726,"SNS College of Technology (Autonomous), Sathy Main Road, Vazhiyampalayam, Saravanampatti Post, Coimbatore-641035.",COIMBATORE,177.31,163.5,151,152,120.5,110.5,166.5,TNEA2025-02354,AEROSPACE ENGINEERING,ao
2726,"SNS College of Technology (Autonomous), Sathy Main Road, Vazhiyampalayam, Saravanampatti Post, Coimbatore-641035.",COIMBATORE,115.5,104.5,151,104,114,110.5,166.5,TNEA2025-02355,AGRICULTURAL ENGINEERING,ag
2726,"SNS College of Technology (Autonomous), Sathy Main Road, Vazhiyampalayam, Saravanampatti Post, Coimbatore-641035.",COIMBATORE,137,100.5,151,99,114,110.5,166.5,TNEA2025-02356,AUTOMOBILE ENGINEERING,au
2726,"SNS College of Technology (Autonomous), Sathy Main Road, Vazhiyampalayam, Saravanampatti Post, Coimbatore-641035.",COIMBATORE,166,159.5,151,153,104.5,110.5,166.5,TNEA2025-02357,Artificial Intelligence and Machine Learning,al
2726,"SNS College of Technology (Autonomous), Sathy Main Road, Vazhiyampalayam, Saravanampatti Post, Coimbatore-641035.",COIMBATORE,157.5,142,147,143,103.5,110.5,166.5,TNEA2025-02358,BIO MEDICAL ENGINEERING,bm
2726,"SNS College of Technology (Autonomous), Sathy Main Road, Vazhiyampalayam, Saravanampatti Post, Coimbatore-641035.",COIMBATORE,117,95.5,147,82,105,110.5,166.5,TNEA2025-02359,CIVIL ENGINEERING,ce
2726,"SNS College of Technology (Autonomous), Sathy Main Road, Vazhiyampalayam, Saravanampatti Post, Coimbatore-641035.",COIMBATORE,173,164,150,158.5,114.5,102.5,166.5,TNEA2025-02360,COMPUTER SCIENCE AND ENGINEERING,cs
2726,"SNS College of Technology (Autonomous), Sathy Main Road, Vazhiyampalayam, Saravanampatti Post, Coimbatore-641035.",COIMBATORE,157,150.5,147.5,144.5,107,102.5,166.5,TNEA2025-02361,ELECTRICAL AND ELECTRONICS ENGINEERING,ee
2726,"SNS College of Technology (Autonomous), Sathy Main Road, Vazhiyampalayam, Saravanampatti Post, Coimbatore-641035.",COIMBATORE,166.5,161,147,155,81,115,166.5,TNEA2025-02362,ELECTRONICS AND COMMUNICATION ENGINEERING,ec
2726,"SNS College of Technology (Autonomous), Sathy Main Road, Vazhiyampalayam, Saravanampatti Post, Coimbatore-641035.",COIMBATORE,143,116.5,147,94,130.5,115,166.5,TNEA2025-02363,FOOD TECHNOLOGY,fd
2726,"SNS College of Technology (Autonomous), Sathy Main Road, Vazhiyampalayam, Saravanampatti Post, Coimbatore-641035.",COIMBATORE,170,163,163.5,159,113,123.5,166.5,TNEA2025-02364,INFORMATION TECHNOLOGY,it
2726,"SNS College of Technology (Autonomous), Sathy Main Road, Vazhiyampalayam, Saravanampatti Post, Coimbatore-641035.",COIMBATORE,142.5,123,120,114,87,123.5,166.5,TNEA2025-02365,MECHANICAL ENGINEERING,me
2726,"SNS College of Technology (Autonomous), Sathy Main Road, Vazhiyampalayam, Saravanampatti Post, Coimbatore-641035.",COIMBATORE,148.5,142.5,114.5,122,95.5,110.5,166.5,TNEA2025-02366,Mechatronics Engineering,mz
2767,"SRG Engineering College, SH-95, Mohanur Road, Aniyapuram, Namakkal-637017.",NAMAKKAL fr,95,91,Not Available,Not Available,Not Available,Not Available,Not Available,TNEA2025-02367,Artificial Intelligence and Data Science,ad
2767,"SRG Engineering College, SH-95, Mohanur Road, Aniyapuram, Namakkal-637017.",NAMAKKAL fr,92,91,Not Available,Not Available,Not Available,Not Available,Not Available,TNEA2025-02368,BIO MEDICAL ENGINEERING,bm
2767,"SRG Engineering College, SH-95, Mohanur Road, Aniyapuram, Namakkal-637017.",NAMAKKAL fr,92,91,Not Available,Not Available,Not Available,Not Available,Not Available,TNEA2025-02369,CIVIL ENGINEERING,ce
2767,"SRG Engineering College, SH-95, Mohanur Road, Aniyapuram, Namakkal-637017.",NAMAKKAL fr,82,91,Not Available,Not Available,Not Available,Not Available,Not Available,TNEA2025-02370,COMPUTER SCIENCE AND ENGINEERING,cs
2767,"SRG Engineering College, SH-95, Mohanur Road, Aniyapuram, Namakkal-637017.",NAMAKKAL fr,88.5,91,Not Available,Not Available,Not Available,Not Available,Not Available,TNEA2025-02371,Computer Science and Engineering (Cyber Security),sc
2767,"SRG Engineering College, SH-95, Mohanur Road, Aniyapuram, Namakkal-637017.",NAMAKKAL fr,88.5,91,Not Available,Not Available,Not Available,Not Available,Not Available,TNEA2025-02372,ELECTRICAL AND ELECTRONICS ENGINEERING,ee
2767,"SRG Engineering College, SH-95, Mohanur Road, Aniyapuram, Namakkal-637017.",NAMAKKAL fr,81.5,91,Not Available,Not Available,Not Available,Not Available,Not Available,TNEA2025-02373,INFORMATION TECHNOLOGY,it
2767,"SRG Engineering College, SH-95, Mohanur Road, Aniyapuram, Namakkal-637017.",NAMAKKAL fr,81.5,91,Not Available,Not Available,Not Available,Not Available,Not Available,TNEA2025-02374,MECHANICAL ENGINEERING,me
5842,"SRM Madurai College for Engineering and Technology, Pottapalayam Village, Manamadurai Taluk, Sivagangai District-630611.",SIVAGANGAI,157.5,145,120.5,127,96.5,119,Not Available,TNEA2025-02375,Artificial Intelligence and Data Science,ad
5842,"SRM Madurai College for Engineering and Technology, Pottapalayam Village, Manamadurai Taluk, Sivagangai District-630611.",SIVAGANGAI,116.5,145,120.5,127,96.5,119,Not Available,TNEA2025-02376,CIVIL ENGINEERING,ce
5842,"SRM Madurai College for Engineering and Technology, Pottapalayam Village, Manamadurai Taluk, Sivagangai District-630611.",SIVAGANGAI,167.5,158.5,150.5,143,116,119,Not Available,TNEA2025-02377,COMPUTER SCIENCE AND ENGINEERING,cs
5842,"SRM Madurai College for Engineering and Technology, Pottapalayam Village, Manamadurai Taluk, Sivagangai District-630611.",SIVAGANGAI,153,142,124,105,116,119,Not Available,TNEA2025-02378,COMPUTER SCIENCE AND ENGINEERING (AI AND MACHINE LEARNING),am
5842,"SRM Madurai College for Engineering and Technology, Pottapalayam Village, Manamadurai Taluk, Sivagangai District-630611.",SIVAGANGAI,152.5,137.5,124,118,116,119,Not Available,TNEA2025-02379,Computer Science and Engineering (Cyber Security),sc
5842,"SRM Madurai College for Engineering and Technology, Pottapalayam Village, Manamadurai Taluk, Sivagangai District-630611.",SIVAGANGAI,144,133.5,124,107.5,116,119,Not Available,TNEA2025-02380,ELECTRICAL AND ELECTRONICS ENGINEERING,ee
5842,"SRM Madurai College for Engineering and Technology, Pottapalayam Village, Manamadurai Taluk, Sivagangai District-630611.",SIVAGANGAI,155.5,138,151,106,119,119,Not Available,TNEA2025-02381,ELECTRONICS AND COMMUNICATION ENGINEERING,ec
5842,"SRM Madurai College for Engineering and Technology, Pottapalayam Village, Manamadurai Taluk, Sivagangai District-630611.",SIVAGANGAI,157,149,142,125,119,119,Not Available,TNEA2025-02382,INFORMATION TECHNOLOGY,it
5842,"SRM Madurai College for Engineering and Technology, Pottapalayam Village, Manamadurai Taluk, Sivagangai District-630611.",SIVAGANGAI,105.5,149,142,125,119,119,Not Available,TNEA2025-02383,MECHANICAL ENGINEERING,me
3795,SRM TRP Engineering College Irungalur Manachanallur Taluk Tiruchirappalli District 621105,TIRUCHIRAPPALLI,163.5,152.5,150.5,142.5,114,113,95,TNEA2025-02384,Artificial Intelligence and Data Science,ad
3795,SRM TRP Engineering College Irungalur Manachanallur Taluk Tiruchirappalli District 621105,TIRUCHIRAPPALLI,119,81.5,150.5,104,114,113,95,TNEA2025-02385,CIVIL ENGINEERING,ce
3795,SRM TRP Engineering College Irungalur Manachanallur Taluk Tiruchirappalli District 621105,TIRUCHIRAPPALLI,168,157,158.5,144,112,126,95,TNEA2025-02386,COMPUTER SCIENCE AND ENGINEERING,cs
3795,SRM TRP Engineering College Irungalur Manachanallur Taluk Tiruchirappalli District 621105,TIRUCHIRAPPALLI,146.5,135,142,119.5,110,126,95,TNEA2025-02387,ELECTRICAL AND ELECTRONICS ENGINEERING,ee
3795,SRM TRP Engineering College Irungalur Manachanallur Taluk Tiruchirappalli District 621105,TIRUCHIRAPPALLI,158,151,152,143.5,97.5,126,95,TNEA2025-02388,ELECTRONICS AND COMMUNICATION ENGINEERING,ec
3795,SRM TRP Engineering College Irungalur Manachanallur Taluk Tiruchirappalli District 621105,TIRUCHIRAPPALLI,122,94.5,102,101,99,126,95,TNEA2025-02389,MECHANICAL ENGINEERING,me
1422,"SRM Valliammai Engineering College (Autonomous), S.R.M. Nagar, Kattankulathur, Chengalpattu, Kancheepuram, Chennai-603203.",CHENGALPATTU,121.5,104.5,106.5,106,106.5,134.5,150,TNEA2025-02390,AGRICULTURAL ENGINEERING,ag
1422,"SRM Valliammai Engineering College (Autonomous), S.R.M. Nagar, Kattankulathur, Chengalpattu, Kancheepuram, Chennai-603203.",CHENGALPATTU,179.5,172,163,172,150.5,134.5,150,TNEA2025-02391,Artificial Intelligence and Data Science,ad
1422,"SRM Valliammai Engineering College (Autonomous), S.R.M. Nagar, Kattankulathur, Chengalpattu, Kancheepuram, Chennai-603203.",CHENGALPATTU,153.5,132.5,115.5,135.5,115,93,150,TNEA2025-02392,CIVIL ENGINEERING,ce
1422,"SRM Valliammai Engineering College (Autonomous), S.R.M. Nagar, Kattankulathur, Chengalpattu, Kancheepuram, Chennai-603203.",CHENGALPATTU,182,174.5,175,177,158,126,150,TNEA2025-02393,COMPUTER SCIENCE AND ENGINEERING,cs
1422,"SRM Valliammai Engineering College (Autonomous), S.R.M. Nagar, Kattankulathur, Chengalpattu, Kancheepuram, Chennai-603203.",CHENGALPATTU,175,168.5,169.5,166,145.5,152,150,TNEA2025-02394,Cyber Security,cy
1422,"SRM Valliammai Engineering College (Autonomous), S.R.M. Nagar, Kattankulathur, Chengalpattu, Kancheepuram, Chennai-603203.",CHENGALPATTU,164.5,159.5,151.5,156.5,135.5,152,146,TNEA2025-02395,ELECTRICAL AND ELECTRONICS ENGINEERING,ee
1422,"SRM Valliammai Engineering College (Autonomous), S.R.M. Nagar, Kattankulathur, Chengalpattu, Kancheepuram, Chennai-603203.",CHENGALPATTU,173.5,168,167.5,167,142.5,152,146,TNEA2025-02396,ELECTRONICS AND COMMUNICATION ENGINEERING,ec
1422,"SRM Valliammai Engineering College (Autonomous), S.R.M. Nagar, Kattankulathur, Chengalpattu, Kancheepuram, Chennai-603203.",CHENGALPATTU,162,153,157,152.5,120.5,152,146,TNEA2025-02397,ELECTRONICS AND INSTRUMENTATION ENGINEERING,ei
1422,"SRM Valliammai Engineering College (Autonomous), S.R.M. Nagar, Kattankulathur, Chengalpattu, Kancheepuram, Chennai-603203.",CHENGALPATTU,176,171.5,171,169.5,151.5,104.5,146,TNEA2025-02398,INFORMATION TECHNOLOGY,it
1422,"SRM Valliammai Engineering College (Autonomous), S.R.M. Nagar, Kattankulathur, Chengalpattu, Kancheepuram, Chennai-603203.",CHENGALPATTU,154,142.5,153.5,136,112.5,104.5,92,TNEA2025-02399,MECHANICAL ENGINEERING,me
1422,"SRM Valliammai Engineering College (Autonomous), S.R.M. Nagar, Kattankulathur, Chengalpattu, Kancheepuram, Chennai-603203.",CHENGALPATTU,142,125.5,129,115,108.5,104.5,92,TNEA2025-02400,MEDICAL ELECTRONICS,md
2614,"SSM College of Engineering, NH-47 Salem Main Road, Komarapalayam, Namakkal District-638183.",NAMAKKAL,108.5,88,Not Available,102,89,104.5,Not Available,TNEA2025-02401,CIVIL ENGINEERING,ce
2614,"SSM College of Engineering, NH-47 Salem Main Road, Komarapalayam, Namakkal District-638183.",NAMAKKAL,108.5,88,Not Available,102,89,104.5,Not Available,TNEA2025-02402,COMPUTER SCIENCE AND ENGINEERING,cs
2614,"SSM College of Engineering, NH-47 Salem Main Road, Komarapalayam, Namakkal District-638183.",NAMAKKAL,87.5,88,Not Available,102,89,104.5,Not Available,TNEA2025-02403,ELECTRICAL AND ELECTRONICS ENGINEERING,ee
2614,"SSM College of Engineering, NH-47 Salem Main Road, Komarapalayam, Namakkal District-638183.",NAMAKKAL,100,88.5,Not Available,89,89,104.5,Not Available,TNEA2025-02404,ELECTRONICS AND COMMUNICATION ENGINEERING,ec
2614,"SSM College of Engineering, NH-47 Salem Main Road, Komarapalayam, Namakkal District-638183.",NAMAKKAL,91,80,Not Available,89,89,104.5,Not Available,TNEA2025-02405,INFORMATION TECHNOLOGY,it
2614,"SSM College of Engineering, NH-47 Salem Main Road, Komarapalayam, Namakkal District-638183.",NAMAKKAL,80.5,80,Not Available,89,89,104.5,Not Available,TNEA2025-02406,MECHANICAL ENGINEERING,me
2614,"SSM College of Engineering, NH-47 Salem Main Road, Komarapalayam, Namakkal District-638183.",NAMAKKAL,84,80,Not Available,89,89,104.5,Not Available,TNEA2025-02407,PETRO CHEMICAL TECHNOLOGY,pc
2614,"SSM College of Engineering, NH-47 Salem Main Road, Komarapalayam, Namakkal District-638183.",NAMAKKAL,121,80,Not Available,89,89,104.5,Not Available,TNEA2025-02408,PETROLEUM ENGINEERING,pe
2614,"SSM College of Engineering, NH-47 Salem Main Road, Komarapalayam, Namakkal District-638183.",NAMAKKAL,121,80,Not Available,89,89,104.5,Not Available,TNEA2025-02409,TEXTILE CHEMISTRY,tc
2614,"SSM College of Engineering, NH-47 Salem Main Road, Komarapalayam, Namakkal District-638183.",NAMAKKAL,92,80,Not Available,89,89,104.5,Not Available,TNEA2025-02410,TEXTILE TECHNOLOGY,tx
5530,"SSM Institute of Engineering and Technology, Kuttathupatti Village, Begambur Post, Dindigul Taluk & District-624002.",DINDIGUL,149.5,141,137,122.5,100,123.5,Not Available,TNEA2025-02411,Artificial Intelligence and Data Science,ad
5530,"SSM Institute of Engineering and Technology, Kuttathupatti Village, Begambur Post, Dindigul Taluk & District-624002.",DINDIGUL,93.5,141,137,122.5,80,123.5,Not Available,TNEA2025-02412,CIVIL ENGINEERING,ce
5530,"SSM Institute of Engineering and Technology, Kuttathupatti Village, Begambur Post, Dindigul Taluk & District-624002.",DINDIGUL,127,117.5,122,97.5,80,123.5,Not Available,TNEA2025-02413,COMPUTER SCIENCE AND BUSSINESS SYSTEM,cb
5530,"SSM Institute of Engineering and Technology, Kuttathupatti Village, Begambur Post, Dindigul Taluk & District-624002.",DINDIGUL,158,139,150,131,116.5,123.5,Not Available,TNEA2025-02414,COMPUTER SCIENCE AND ENGINEERING,cs
5530,"SSM Institute of Engineering and Technology, Kuttathupatti Village, Begambur Post, Dindigul Taluk & District-624002.",DINDIGUL,132.5,118.5,126,104,97.5,123.5,Not Available,TNEA2025-02415,COMPUTER SCIENCE AND ENGINEERING (AI AND MACHINE LEARNING),am
5530,"SSM Institute of Engineering and Technology, Kuttathupatti Village, Begambur Post, Dindigul Taluk & District-624002.",DINDIGUL,136.5,122.5,119,107.5,112,123.5,Not Available,TNEA2025-02416,Computer Science and Engineering (Cyber Security),sc
5530,"SSM Institute of Engineering and Technology, Kuttathupatti Village, Begambur Post, Dindigul Taluk & District-624002.",DINDIGUL,115,106,104,106,112,123.5,Not Available,TNEA2025-02417,ELECTRICAL AND ELECTRONICS ENGINEERING,ee
5530,"SSM Institute of Engineering and Technology, Kuttathupatti Village, Begambur Post, Dindigul Taluk & District-624002.",DINDIGUL,148,137.5,143.5,100,102.5,123.5,Not Available,TNEA2025-02418,ELECTRONICS AND COMMUNICATION ENGINEERING,ec
5530,"SSM Institute of Engineering and Technology, Kuttathupatti Village, Begambur Post, Dindigul Taluk & District-624002.",DINDIGUL,151,140.5,139.5,131.5,99.5,123.5,Not Available,TNEA2025-02419,INFORMATION TECHNOLOGY,it
5530,"SSM Institute of Engineering and Technology, Kuttathupatti Village, Begambur Post, Dindigul Taluk & District-624002.",DINDIGUL,114,96,104,91,90.5,123.5,Not Available,TNEA2025-02420,MECHANICAL ENGINEERING,me
2659,"Salem College of Engineering and Technology, NH-68 Salem-Attur Main Road, Mettupatty Perumapalayam, Salem-636111.",Salem,136,94,89,97,124,119,116.5,TNEA2025-02421,Artificial Intelligence and Data Science,ad
2659,"Salem College of Engineering and Technology, NH-68 Salem-Attur Main Road, Mettupatty Perumapalayam, Salem-636111.",Salem,128.5,94,89,82.5,96.5,119,116.5,TNEA2025-02422,BIO MEDICAL ENGINEERING,bm
2659,"Salem College of Engineering and Technology, NH-68 Salem-Attur Main Road, Mettupatty Perumapalayam, Salem-636111.",Salem,117.5,94,89,84,116.5,100.5,116.5,TNEA2025-02423,BIO TECHNOLOGY,bt
2659,"Salem College of Engineering and Technology, NH-68 Salem-Attur Main Road, Mettupatty Perumapalayam, Salem-636111.",Salem,117.5,94,89,84,116.5,100.5,116.5,TNEA2025-02424,CIVIL ENGINEERING,ce
2659,"Salem College of Engineering and Technology, NH-68 Salem-Attur Main Road, Mettupatty Perumapalayam, Salem-636111.",Salem,125.5,81.5,98,98.5,87,112,116.5,TNEA2025-02425,COMPUTER SCIENCE AND ENGINEERING,cs
2659,"Salem College of Engineering and Technology, NH-68 Salem-Attur Main Road, Mettupatty Perumapalayam, Salem-636111.",Salem,120,94,98,82,93.5,112,82,TNEA2025-02426,ELECTRICAL AND ELECTRONICS ENGINEERING,ee
2659,"Salem College of Engineering and Technology, NH-68 Salem-Attur Main Road, Mettupatty Perumapalayam, Salem-636111.",Salem,114.5,91.5,98,90.5,90,107,82,TNEA2025-02427,ELECTRONICS AND COMMUNICATION ENGINEERING,ec
2659,"Salem College of Engineering and Technology, NH-68 Salem-Attur Main Road, Mettupatty Perumapalayam, Salem-636111.",Salem,109,80,98,85,87,105.5,82,TNEA2025-02428,INFORMATION TECHNOLOGY,it
2659,"Salem College of Engineering and Technology, NH-68 Salem-Attur Main Road, Mettupatty Perumapalayam, Salem-636111.",Salem,105.5,86,98,84.5,80.5,104,82,TNEA2025-02429,MECHANICAL ENGINEERING,me
2616,"Sapthagiri College of Engineering, NH-7, Krishnagiri Main Road, Palacode Taluk Periyanahalli Village & Post Dharmapuri District-635205.",DHARMAPURI,Not Available,Not Available,Not Available,Not Available,Not Available,Not Available,Not Available,TNEA2025-02430,Artificial Intelligence and Data Science,ad
2616,"Sapthagiri College of Engineering, NH-7, Krishnagiri Main Road, Palacode Taluk Periyanahalli Village & Post Dharmapuri District-635205.",DHARMAPURI,Not Available,Not Available,Not Available,Not Available,Not Available,Not Available,Not Available,TNEA2025-02431,CIVIL ENGINEERING,ce
2616,"Sapthagiri College of Engineering, NH-7, Krishnagiri Main Road, Palacode Taluk Periyanahalli Village & Post Dharmapuri District-635205.",DHARMAPURI,Not Available,Not Available,Not Available,Not Available,Not Available,Not Available,Not Available,TNEA2025-02432,COMPUTER SCIENCE AND ENGINEERING,cs
2616,"Sapthagiri College of Engineering, NH-7, Krishnagiri Main Road, Palacode Taluk Periyanahalli Village & Post Dharmapuri District-635205.",DHARMAPURI,Not Available,Not Available,Not Available,Not Available,Not Available,Not Available,Not Available,TNEA2025-02433,Computer Science and Engineering (Cyber Security),sc
2616,"Sapthagiri College of Engineering, NH-7, Krishnagiri Main Road, Palacode Taluk Periyanahalli Village & Post Dharmapuri District-635205.",DHARMAPURI,Not Available,Not Available,Not Available,Not Available,Not Available,Not Available,Not Available,TNEA2025-02434,ELECTRICAL AND ELECTRONICS ENGINEERING,ee
2616,"Sapthagiri College of Engineering, NH-7, Krishnagiri Main Road, Palacode Taluk Periyanahalli Village & Post Dharmapuri District-635205.",DHARMAPURI,Not Available,Not Available,Not Available,Not Available,Not Available,Not Available,Not Available,TNEA2025-02435,ELECTRONICS AND COMMUNICATION ENGINEERING,ec
2616,"Sapthagiri College of Engineering, NH-7, Krishnagiri Main Road, Palacode Taluk Periyanahalli Village & Post Dharmapuri District-635205.",DHARMAPURI,Not Available,Not Available,Not Available,Not Available,Not Available,Not Available,Not Available,TNEA2025-02436,ELECTRONICS AND INSTRUMENTATION ENGINEERING,ei
2616,"Sapthagiri College of Engineering, NH-7, Krishnagiri Main Road, Palacode Taluk Periyanahalli Village & Post Dharmapuri District-635205.",DHARMAPURI,Not Available,Not Available,Not Available,Not Available,Not Available,Not Available,Not Available,TNEA2025-02437,INFORMATION TECHNOLOGY,it
2616,"Sapthagiri College of Engineering, NH-7, Krishnagiri Main Road, Palacode Taluk Periyanahalli Village & Post Dharmapuri District-635205.",DHARMAPURI,Not Available,Not Available,Not Available,Not Available,Not Available,Not Available,Not Available,TNEA2025-02438,MECHANICAL ENGINEERING,me
3819,"Saranathan College of Engineering (Autonomous), Venkateswara Nagar, Edamalaipattipudur Post, Panjappur Village, Srirangam Taluk, Tiruchirappalli-620012.",TIRUCHIRAPPALLI,175,164.5,163.5,153,132,139,142.5,TNEA2025-02439,Artificial Intelligence and Data Science,ad
3819,"Saranathan College of Engineering (Autonomous), Venkateswara Nagar, Edamalaipattipudur Post, Panjappur Village, Srirangam Taluk, Tiruchirappalli-620012.",TIRUCHIRAPPALLI,147,117.5,134.5,109.5,88.5,139,142.5,TNEA2025-02440,CIVIL ENGINEERING,ce
3819,"Saranathan College of Engineering (Autonomous), Venkateswara Nagar, Edamalaipattipudur Post, Panjappur Village, Srirangam Taluk, Tiruchirappalli-620012.",TIRUCHIRAPPALLI,164.5,158,160,151,126,139,142.5,TNEA2025-02441,COMPUTER SCIENCE AND BUSSINESS SYSTEM,cb
3819,"Saranathan College of Engineering (Autonomous), Venkateswara Nagar, Edamalaipattipudur Post, Panjappur Village, Srirangam Taluk, Tiruchirappalli-620012.",TIRUCHIRAPPALLI,181.5,176.5,192.5,169,144,124.5,142.5,TNEA2025-02442,COMPUTER SCIENCE AND ENGINEERING,cs
3819,"Saranathan College of Engineering (Autonomous), Venkateswara Nagar, Edamalaipattipudur Post, Panjappur Village, Srirangam Taluk, Tiruchirappalli-620012.",TIRUCHIRAPPALLI,169,163.5,163,159.5,135.5,124.5,142.5,TNEA2025-02443,COMPUTER SCIENCE AND ENGINEERING (AI AND MACHINE LEARNING),am
3819,"Saranathan College of Engineering (Autonomous), Venkateswara Nagar, Edamalaipattipudur Post, Panjappur Village, Srirangam Taluk, Tiruchirappalli-620012.",TIRUCHIRAPPALLI,156,151.5,146.5,141,122.5,124.5,142.5,TNEA2025-02444,ELECTRICAL AND ELECTRONICS ENGINEERING,ee
3819,"Saranathan College of Engineering (Autonomous), Venkateswara Nagar, Edamalaipattipudur Post, Panjappur Village, Srirangam Taluk, Tiruchirappalli-620012.",TIRUCHIRAPPALLI,172,165.5,165,156.5,132.5,117,142.5,TNEA2025-02445,ELECTRONICS AND COMMUNICATION ENGINEERING,ec
3819,"Saranathan College of Engineering (Autonomous), Venkateswara Nagar, Edamalaipattipudur Post, Panjappur Village, Srirangam Taluk, Tiruchirappalli-620012.",TIRUCHIRAPPALLI,172,166.5,170.5,160,142.5,117,142.5,TNEA2025-02446,INFORMATION TECHNOLOGY,it
3819,"Saranathan College of Engineering (Autonomous), Venkateswara Nagar, Edamalaipattipudur Post, Panjappur Village, Srirangam Taluk, Tiruchirappalli-620012.",TIRUCHIRAPPALLI,156,144.5,137,136.5,117,117,142.5,TNEA2025-02447,INSTRUMENTATION AND CONTROL ENGINEERING,ic
3819,"Saranathan College of Engineering (Autonomous), Venkateswara Nagar, Edamalaipattipudur Post, Panjappur Village, Srirangam Taluk, Tiruchirappalli-620012.",TIRUCHIRAPPALLI,147.5,131,138.5,120.5,122.5,117,142.5,TNEA2025-02448,MECHANICAL ENGINEERING,me
1449,"Saraswathy College of Engineering and Technology, NH-45 Main Road, Olakkur, Tindivanam, Villupuram-604307.",VILUPPURAM,96,108,Not Available,97.5,101,Not Available,Not Available,TNEA2025-02449,AGRICULTURAL ENGINEERING,ag
1449,"Saraswathy College of Engineering and Technology, NH-45 Main Road, Olakkur, Tindivanam, Villupuram-604307.",VILUPPURAM,118,108,Not Available,97.5,101,Not Available,Not Available,TNEA2025-02450,Artificial Intelligence and Data Science,ad
1449,"Saraswathy College of Engineering and Technology, NH-45 Main Road, Olakkur, Tindivanam, Villupuram-604307.",VILUPPURAM,82,108,Not Available,97.5,101,Not Available,Not Available,TNEA2025-02451,CIVIL ENGINEERING,ce
1449,"Saraswathy College of Engineering and Technology, NH-45 Main Road, Olakkur, Tindivanam, Villupuram-604307.",VILUPPURAM,129,94,Not Available,111.5,101,Not Available,Not Available,TNEA2025-02452,COMPUTER SCIENCE AND ENGINEERING,cs
1449,"Saraswathy College of Engineering and Technology, NH-45 Main Road, Olakkur, Tindivanam, Villupuram-604307.",VILUPPURAM,106.5,96,Not Available,90.5,92,Not Available,Not Available,TNEA2025-02453,ELECTRONICS AND COMMUNICATION ENGINEERING,ec
1449,"Saraswathy College of Engineering and Technology, NH-45 Main Road, Olakkur, Tindivanam, Villupuram-604307.",VILUPPURAM,94,96,Not Available,90.5,92,Not Available,Not Available,TNEA2025-02454,MECHANICAL ENGINEERING,me
4968,"Sardar Raja College of Engineering, Raja Nagar, Alangulam, Tirunelveli Distict-627808.",TENKASI,111,80,108.5,99,89.5,Not Available,Not Available,TNEA2025-02455,Artificial Intelligence and Data Science,ad
4968,"Sardar Raja College of Engineering, Raja Nagar, Alangulam, Tirunelveli Distict-627808.",TENKASI,111,80,108.5,99,89.5,Not Available,Not Available,TNEA2025-02456,CIVIL ENGINEERING,ce
4968,"Sardar Raja College of Engineering, Raja Nagar, Alangulam, Tirunelveli Distict-627808.",TENKASI,107.5,93.5,108.5,99,89.5,Not Available,Not Available,TNEA2025-02457,COMPUTER SCIENCE AND ENGINEERING,cs
4968,"Sardar Raja College of Engineering, Raja Nagar, Alangulam, Tirunelveli Distict-627808.",TENKASI,94,93.5,108.5,99,89.5,Not Available,Not Available,TNEA2025-02458,ELECTRICAL AND ELECTRONICS ENGINEERING,ee
4968,"Sardar Raja College of Engineering, Raja Nagar, Alangulam, Tirunelveli Distict-627808.",TENKASI,88.5,93.5,108.5,99,89.5,Not Available,Not Available,TNEA2025-02459,ELECTRONICS AND COMMUNICATION ENGINEERING,ec
4968,"Sardar Raja College of Engineering, Raja Nagar, Alangulam, Tirunelveli Distict-627808.",TENKASI,88.5,93.5,108.5,99,89.5,Not Available,Not Available,TNEA2025-02460,MECHANICAL ENGINEERING,me
2717,"Sasurie College of Engineering, Vijayamangalam, Tirupur District-638056.",TIRUPPUR,128.5,94,102,82,81,117,Not Available,TNEA2025-02461,Artificial Intelligence and Data Science,ad
2717,"Sasurie College of Engineering, Vijayamangalam, Tirupur District-638056.",TIRUPPUR,103.5,94,102,82,81,117,Not Available,TNEA2025-02462,CIVIL ENGINEERING,ce
2717,"Sasurie College of Engineering, Vijayamangalam, Tirupur District-638056.",TIRUPPUR,114.5,97,102,81.5,88.5,85.5,Not Available,TNEA2025-02463,COMPUTER SCIENCE AND ENGINEERING,cs
2717,"Sasurie College of Engineering, Vijayamangalam, Tirupur District-638056.",TIRUPPUR,105,88,82,80.5,83,85.5,Not Available,TNEA2025-02464,Computer Science and Engineering (Cyber Security),sc
2717,"Sasurie College of Engineering, Vijayamangalam, Tirupur District-638056.",TIRUPPUR,96,88,82,95.5,83,82.5,Not Available,TNEA2025-02465,ELECTRICAL AND ELECTRONICS ENGINEERING,ee
2717,"Sasurie College of Engineering, Vijayamangalam, Tirupur District-638056.",TIRUPPUR,89.5,88,82,95.5,83,82.5,Not Available,TNEA2025-02466,ELECTRONICS AND COMMUNICATION ENGINEERING,ec
2717,"Sasurie College of Engineering, Vijayamangalam, Tirupur District-638056.",TIRUPPUR,118.5,94.5,98,82.5,84,88,Not Available,TNEA2025-02467,INFORMATION TECHNOLOGY,it
2717,"Sasurie College of Engineering, Vijayamangalam, Tirupur District-638056.",TIRUPPUR,84,94.5,98,82.5,84,88,Not Available,TNEA2025-02468,MECHANICAL ENGINEERING,me
4943,"Satyam College of Engineering and Technology, Satyam Nagar, Kannappannalur, Aralvoimozhi, Kanyakumari District-629301.",,126,91.5,Not Available,Not Available,Not Available,Not Available,Not Available,TNEA2025-02469,AERONAUTICAL ENGINEERING,ae
4943,"Satyam College of Engineering and Technology, Satyam Nagar, Kannappannalur, Aralvoimozhi, Kanyakumari District-629301.",,126,91.5,Not Available,Not Available,Not Available,Not Available,Not Available,TNEA2025-02470,CIVIL ENGINEERING,ce
4943,"Satyam College of Engineering and Technology, Satyam Nagar, Kannappannalur, Aralvoimozhi, Kanyakumari District-629301.",,96,91.5,Not Available,Not Available,Not Available,Not Available,Not Available,TNEA2025-02471,COMPUTER SCIENCE AND ENGINEERING,cs
4943,"Satyam College of Engineering and Technology, Satyam Nagar, Kannappannalur, Aralvoimozhi, Kanyakumari District-629301.",,127.5,91.5,Not Available,Not Available,Not Available,Not Available,Not Available,TNEA2025-02472,ELECTRICAL AND ELECTRONICS ENGINEERING,ee
4943,"Satyam College of Engineering and Technology, Satyam Nagar, Kannappannalur, Aralvoimozhi, Kanyakumari District-629301.",,93,91.5,Not Available,Not Available,Not Available,Not Available,Not Available,TNEA2025-02473,ELECTRONICS AND COMMUNICATION ENGINEERING,ec
4943,"Satyam College of Engineering and Technology, Satyam Nagar, Kannappannalur, Aralvoimozhi, Kanyakumari District-629301.",,91,91.5,Not Available,Not Available,Not Available,Not Available,Not Available,TNEA2025-02474,MECHANICAL ENGINEERING,me
1216,"Saveetha Engineering College (Autonomous), Saveetha Nagar, Thandalam Post, Sriperumbudur Taluk, Kancheepuram District-602105.",KANCHIPURAM,157.5,133.5,120,125,114,151.5,138.5,TNEA2025-02475,AGRICULTURAL ENGINEERING,ag
1216,"Saveetha Engineering College (Autonomous), Saveetha Nagar, Thandalam Post, Sriperumbudur Taluk, Kancheepuram District-602105.",KANCHIPURAM,178.54,172.5,173,167,140.5,151.5,138.5,TNEA2025-02476,Artificial Intelligence and Data Science,ad
1216,"Saveetha Engineering College (Autonomous), Saveetha Nagar, Thandalam Post, Sriperumbudur Taluk, Kancheepuram District-602105.",KANCHIPURAM,174,169.5,169,164,140.5,107,141.5,TNEA2025-02477,Artificial Intelligence and Machine Learning,al
1216,"Saveetha Engineering College (Autonomous), Saveetha Nagar, Thandalam Post, Sriperumbudur Taluk, Kancheepuram District-602105.",KANCHIPURAM,166,155.5,158.5,154.5,135.5,107,141.5,TNEA2025-02478,BIO MEDICAL ENGINEERING,bm
1216,"Saveetha Engineering College (Autonomous), Saveetha Nagar, Thandalam Post, Sriperumbudur Taluk, Kancheepuram District-602105.",KANCHIPURAM,170,157.5,158.5,157.5,111.5,107,141.5,TNEA2025-02479,CHEMICAL ENGINEERING,ch
1216,"Saveetha Engineering College (Autonomous), Saveetha Nagar, Thandalam Post, Sriperumbudur Taluk, Kancheepuram District-602105.",KANCHIPURAM,157.5,148,97,138.5,114,107,141.5,TNEA2025-02480,CIVIL ENGINEERING,ce
1216,"Saveetha Engineering College (Autonomous), Saveetha Nagar, Thandalam Post, Sriperumbudur Taluk, Kancheepuram District-602105.",KANCHIPURAM,185,177,172,171,142,122,117,TNEA2025-02481,COMPUTER SCIENCE AND ENGINEERING,cs
1216,"Saveetha Engineering College (Autonomous), Saveetha Nagar, Thandalam Post, Sriperumbudur Taluk, Kancheepuram District-602105.",KANCHIPURAM,181.5,178,175,169.5,143,122,117,TNEA2025-02482,Computer Science and Engineering (Cyber Security),sc
1216,"Saveetha Engineering College (Autonomous), Saveetha Nagar, Thandalam Post, Sriperumbudur Taluk, Kancheepuram District-602105.",KANCHIPURAM,175,170.5,173,166,139.5,122,117,TNEA2025-02483,Computer Science and Engineering (Internet of Things),ci
1216,"Saveetha Engineering College (Autonomous), Saveetha Nagar, Thandalam Post, Sriperumbudur Taluk, Kancheepuram District-602105.",KANCHIPURAM,169,166.5,163,159.5,133,122,117,TNEA2025-02484,ELECTRICAL AND ELECTRONICS ENGINEERING,ee
1216,"Saveetha Engineering College (Autonomous), Saveetha Nagar, Thandalam Post, Sriperumbudur Taluk, Kancheepuram District-602105.",KANCHIPURAM,175.5,171,169.5,165.5,141.5,112.5,126.5,TNEA2025-02485,ELECTRONICS AND COMMUNICATION ENGINEERING,ec
1216,"Saveetha Engineering College (Autonomous), Saveetha Nagar, Thandalam Post, Sriperumbudur Taluk, Kancheepuram District-602105.",KANCHIPURAM,179,174.5,176,168,142,112.5,124,TNEA2025-02486,INFORMATION TECHNOLOGY,it
1216,"Saveetha Engineering College (Autonomous), Saveetha Nagar, Thandalam Post, Sriperumbudur Taluk, Kancheepuram District-602105.",KANCHIPURAM,160,150,158,147.5,121,112.5,124,TNEA2025-02487,MECHANICAL ENGINEERING,me
3,School of Architecture and Planning Anna University Chennai 600025,CHENNAI,187,179,178,179,167,165.38,Not Available,TNEA2025-02488,B.Plan,bp
2627,"Selvam College of Technology (Autonomous), Salem Road NH-7, Pappinaickenpatti (Post), Ponnusamy Nagar, Namakkal (Tk & Dt)-637003.",NAMAKKAL,112,104.5,115.5,95,90,85,Not Available,TNEA2025-02489,Artificial Intelligence and Data Science,ad
2627,"Selvam College of Technology (Autonomous), Salem Road NH-7, Pappinaickenpatti (Post), Ponnusamy Nagar, Namakkal (Tk & Dt)-637003.",NAMAKKAL,84.5,104.5,115.5,95,90,85,Not Available,TNEA2025-02490,BIO MEDICAL ENGINEERING,bm
2627,"Selvam College of Technology (Autonomous), Salem Road NH-7, Pappinaickenpatti (Post), Ponnusamy Nagar, Namakkal (Tk & Dt)-637003.",NAMAKKAL,87.5,104.5,115.5,95,90,85,Not Available,TNEA2025-02491,BIO TECHNOLOGY,bt
2627,"Selvam College of Technology (Autonomous), Salem Road NH-7, Pappinaickenpatti (Post), Ponnusamy Nagar, Namakkal (Tk & Dt)-637003.",NAMAKKAL,127,104.5,115.5,95,90,85,Not Available,TNEA2025-02492,CIVIL ENGINEERING,ce
2627,"Selvam College of Technology (Autonomous), Salem Road NH-7, Pappinaickenpatti (Post), Ponnusamy Nagar, Namakkal (Tk & Dt)-637003.",NAMAKKAL,117.5,90,115.5,91,88,103,Not Available,TNEA2025-02493,COMPUTER SCIENCE AND ENGINEERING,cs
2627,"Selvam College of Technology (Autonomous), Salem Road NH-7, Pappinaickenpatti (Post), Ponnusamy Nagar, Namakkal (Tk & Dt)-637003.",NAMAKKAL,98.5,90,115.5,88.5,81,85,Not Available,TNEA2025-02494,ELECTRICAL AND ELECTRONICS ENGINEERING,ee
2627,"Selvam College of Technology (Autonomous), Salem Road NH-7, Pappinaickenpatti (Post), Ponnusamy Nagar, Namakkal (Tk & Dt)-637003.",NAMAKKAL,112.5,87,111,88.5,84.5,108.5,Not Available,TNEA2025-02495,ELECTRONICS AND COMMUNICATION ENGINEERING,ec
2627,"Selvam College of Technology (Autonomous), Salem Road NH-7, Pappinaickenpatti (Post), Ponnusamy Nagar, Namakkal (Tk & Dt)-637003.",NAMAKKAL,105.5,87,111,102.5,85,108.5,Not Available,TNEA2025-02496,INFORMATION TECHNOLOGY,it
2627,"Selvam College of Technology (Autonomous), Salem Road NH-7, Pappinaickenpatti (Post), Ponnusamy Nagar, Namakkal (Tk & Dt)-637003.",NAMAKKAL,102,90.5,111,82.5,82.5,99.5,Not Available,TNEA2025-02497,MECHANICAL ENGINEERING,me
2617,"Sengunthar Engineering College (Autonomous), Kosavampalayam, Kumaramangalam (Post), Tiruchengode (Taluk), Namakkal District-637205.",NAMAKKAL,131,94,101.5,100,100.5,108.5,Not Available,TNEA2025-02498,Artificial Intelligence and Data Science,ad
2617,"Sengunthar Engineering College (Autonomous), Kosavampalayam, Kumaramangalam (Post), Tiruchengode (Taluk), Namakkal District-637205.",NAMAKKAL,100,94,101.5,100,100.5,108.5,Not Available,TNEA2025-02499,CIVIL ENGINEERING,ce
2617,"Sengunthar Engineering College (Autonomous), Kosavampalayam, Kumaramangalam (Post), Tiruchengode (Taluk), Namakkal District-637205.",NAMAKKAL,131.5,90,101.5,103,99,108.5,Not Available,TNEA2025-02500,COMPUTER SCIENCE AND ENGINEERING,cs
2617,"Sengunthar Engineering College (Autonomous), Kosavampalayam, Kumaramangalam (Post), Tiruchengode (Taluk), Namakkal District-637205.",NAMAKKAL,114.5,105,101.5,89.5,99,108.5,Not Available,TNEA2025-02501,Computer Science and Engineering (Cyber Security),sc
2617,"Sengunthar Engineering College (Autonomous), Kosavampalayam, Kumaramangalam (Post), Tiruchengode (Taluk), Namakkal District-637205.",NAMAKKAL,101.5,82,101.5,89.5,87,101.5,Not Available,TNEA2025-02502,ELECTRICAL AND ELECTRONICS ENGINEERING,ee
2617,"Sengunthar Engineering College (Autonomous), Kosavampalayam, Kumaramangalam (Post), Tiruchengode (Taluk), Namakkal District-637205.",NAMAKKAL,121,102,119,87.5,106,94.5,Not Available,TNEA2025-02503,ELECTRONICS AND COMMUNICATION ENGINEERING,ec
2617,"Sengunthar Engineering College (Autonomous), Kosavampalayam, Kumaramangalam (Post), Tiruchengode (Taluk), Namakkal District-637205.",NAMAKKAL,128,97,106,103,115.5,94.5,Not Available,TNEA2025-02504,INFORMATION TECHNOLOGY,it
2617,"Sengunthar Engineering College (Autonomous), Kosavampalayam, Kumaramangalam (Post), Tiruchengode (Taluk), Namakkal District-637205.",NAMAKKAL,88,97,106,103,115.5,94.5,Not Available,TNEA2025-02505,MECHANICAL ENGINEERING,me
2617,"Sengunthar Engineering College (Autonomous), Kosavampalayam, Kumaramangalam (Post), Tiruchengode (Taluk), Namakkal District-637205.",NAMAKKAL,100.5,84,106,82.5,91,86.5,Not Available,TNEA2025-02506,MEDICAL ELECTRONICS,md
2617,"Sengunthar Engineering College (Autonomous), Kosavampalayam, Kumaramangalam (Post), Tiruchengode (Taluk), Namakkal District-637205.",NAMAKKAL,118,89.5,106,88.5,102,88.5,Not Available,TNEA2025-02507,PHARMACEUTICAL TECHNOLOGY,ph
2617,"Sengunthar Engineering College (Autonomous), Kosavampalayam, Kumaramangalam (Post), Tiruchengode (Taluk), Namakkal District-637205.",NAMAKKAL,82.5,89.5,106,88.5,102,88.5,Not Available,TNEA2025-02508,ROBOTICS AND AUTOMATION,rm
4917,"Sethu Institute of Technology (Autonomous), Pulloor, Kariapatti, Virudhunagar-626115.",VIRUDHUNAGAR,82,142.5,154,128.5,112.5,145.5,Not Available,TNEA2025-02509,AGRICULTURAL ENGINEERING,ag
4917,"Sethu Institute of Technology (Autonomous), Pulloor, Kariapatti, Virudhunagar-626115.",VIRUDHUNAGAR,154.5,142.5,154,128.5,112.5,145.5,Not Available,TNEA2025-02510,Artificial Intelligence and Data Science,ad
4917,"Sethu Institute of Technology (Autonomous), Pulloor, Kariapatti, Virudhunagar-626115.",VIRUDHUNAGAR,120.5,100.5,154,120,118,145.5,Not Available,TNEA2025-02511,BIO MEDICAL ENGINEERING,bm
4917,"Sethu Institute of Technology (Autonomous), Pulloor, Kariapatti, Virudhunagar-626115.",VIRUDHUNAGAR,114,108,154,103,118,145.5,Not Available,TNEA2025-02512,BIO TECHNOLOGY,bt
4917,"Sethu Institute of Technology (Autonomous), Pulloor, Kariapatti, Virudhunagar-626115.",VIRUDHUNAGAR,115.5,108,154,103,118,145.5,Not Available,TNEA2025-02513,CHEMICAL ENGINEERING,ch
4917,"Sethu Institute of Technology (Autonomous), Pulloor, Kariapatti, Virudhunagar-626115.",VIRUDHUNAGAR,127,116.5,154,102.5,94,145.5,Not Available,TNEA2025-02514,CIVIL ENGINEERING,ce
4917,"Sethu Institute of Technology (Autonomous), Pulloor, Kariapatti, Virudhunagar-626115.",VIRUDHUNAGAR,145.5,132,144.5,114.5,117.5,145.5,Not Available,TNEA2025-02515,COMPUTER SCIENCE AND BUSSINESS SYSTEM,cb
4917,"Sethu Institute of Technology (Autonomous), Pulloor, Kariapatti, Virudhunagar-626115.",VIRUDHUNAGAR,142,130,140,115,117.5,145.5,Not Available,TNEA2025-02516,COMPUTER SCIENCE AND DESIGN,cd
4917,"Sethu Institute of Technology (Autonomous), Pulloor, Kariapatti, Virudhunagar-626115.",VIRUDHUNAGAR,158.5,146.5,147.5,129,98.5,106,Not Available,TNEA2025-02517,COMPUTER SCIENCE AND ENGINEERING,cs
4917,"Sethu Institute of Technology (Autonomous), Pulloor, Kariapatti, Virudhunagar-626115.",VIRUDHUNAGAR,150.5,137,147.5,128,98.5,106,Not Available,TNEA2025-02518,COMPUTER SCIENCE AND ENGINEERING (AI AND MACHINE LEARNING),am
4917,"Sethu Institute of Technology (Autonomous), Pulloor, Kariapatti, Virudhunagar-626115.",VIRUDHUNAGAR,147.5,133.5,144,122,111.5,106,Not Available,TNEA2025-02519,Computer Science and Engineering (Cyber Security),sc
4917,"Sethu Institute of Technology (Autonomous), Pulloor, Kariapatti, Virudhunagar-626115.",VIRUDHUNAGAR,141,130,139.5,99,111.5,106,Not Available,TNEA2025-02520,Computer Science and Engineering (Internet of Things),ci
4917,"Sethu Institute of Technology (Autonomous), Pulloor, Kariapatti, Virudhunagar-626115.",VIRUDHUNAGAR,130.5,122,128.5,96,91.5,106,Not Available,TNEA2025-02521,ELECTRICAL AND ELECTRONICS ENGINEERING,ee
4917,"Sethu Institute of Technology (Autonomous), Pulloor, Kariapatti, Virudhunagar-626115.",VIRUDHUNAGAR,148,134.5,143.5,115.5,94.5,106,Not Available,TNEA2025-02522,ELECTRONICS AND COMMUNICATION ENGINEERING,ec
4917,"Sethu Institute of Technology (Autonomous), Pulloor, Kariapatti, Virudhunagar-626115.",VIRUDHUNAGAR,151,140.5,146.5,126.5,110,95.5,Not Available,TNEA2025-02523,INFORMATION TECHNOLOGY,it
4917,"Sethu Institute of Technology (Autonomous), Pulloor, Kariapatti, Virudhunagar-626115.",VIRUDHUNAGAR,119,104.5,113.5,102.5,110,95.5,Not Available,TNEA2025-02524,MECHANICAL ENGINEERING,me
3918,"Shanmuganathan Engineering College, Arasampatti, Pilivalam Post, Thirumayam Taluk, Pudukkottai District-622507.",PUDUKKOTTAI,95.5,118,124.5,111,85,Not Available,Not Available,TNEA2025-02525,CIVIL ENGINEERING,ce
3918,"Shanmuganathan Engineering College, Arasampatti, Pilivalam Post, Thirumayam Taluk, Pudukkottai District-622507.",PUDUKKOTTAI,134.5,118,124.5,111,85,Not Available,Not Available,TNEA2025-02526,COMPUTER SCIENCE AND ENGINEERING,cs
3918,"Shanmuganathan Engineering College, Arasampatti, Pilivalam Post, Thirumayam Taluk, Pudukkottai District-622507.",PUDUKKOTTAI,123,108.5,112,96,96.5,Not Available,Not Available,TNEA2025-02527,COMPUTER SCIENCE AND ENGINEERING (AI AND MACHINE LEARNING),am
3918,"Shanmuganathan Engineering College, Arasampatti, Pilivalam Post, Thirumayam Taluk, Pudukkottai District-622507.",PUDUKKOTTAI,115,98,112,98,86.5,Not Available,Not Available,TNEA2025-02528,Computer Science and Engineering (Cyber Security),sc
3918,"Shanmuganathan Engineering College, Arasampatti, Pilivalam Post, Thirumayam Taluk, Pudukkottai District-622507.",PUDUKKOTTAI,88.5,98,112,98,86.5,Not Available,Not Available,TNEA2025-02529,ELECTRICAL AND ELECTRONICS ENGINEERING,ee
3918,"Shanmuganathan Engineering College, Arasampatti, Pilivalam Post, Thirumayam Taluk, Pudukkottai District-622507.",PUDUKKOTTAI,104.5,87.5,94.5,95.5,86.5,Not Available,Not Available,TNEA2025-02530,ELECTRONICS AND COMMUNICATION ENGINEERING,ec
3918,"Shanmuganathan Engineering College, Arasampatti, Pilivalam Post, Thirumayam Taluk, Pudukkottai District-622507.",PUDUKKOTTAI,86,87.5,94.5,81.5,86.5,Not Available,Not Available,TNEA2025-02531,MECHANICAL ENGINEERING,me
1333,"Shikshaa Institute of Advanced Technologies (formerly Vi Institute of Technology), No. 96 Sirunkundram Post, Chengalpattu Taluk, Kancheepuram District-603108.",Chengalpattu,85.5,Not Available,Not Available,Not Available,Not Available,Not Available,Not Available,TNEA2025-02532,Artificial Intelligence and Data Science,ad
1333,"Shikshaa Institute of Advanced Technologies (formerly Vi Institute of Technology), No. 96 Sirunkundram Post, Chengalpattu Taluk, Kancheepuram District-603108.",Chengalpattu,123,Not Available,Not Available,Not Available,Not Available,Not Available,Not Available,TNEA2025-02533,COMPUTER SCIENCE AND ENGINEERING,cs
1333,"Shikshaa Institute of Advanced Technologies (formerly Vi Institute of Technology), No. 96 Sirunkundram Post, Chengalpattu Taluk, Kancheepuram District-603108.",Chengalpattu,86,Not Available,Not Available,Not Available,Not Available,Not Available,Not Available,TNEA2025-02534,COMPUTER SCIENCE AND ENGINEERING (AI AND MACHINE LEARNING),am
1333,"Shikshaa Institute of Advanced Technologies (formerly Vi Institute of Technology), No. 96 Sirunkundram Post, Chengalpattu Taluk, Kancheepuram District-603108.",Chengalpattu,86,Not Available,Not Available,Not Available,Not Available,Not Available,Not Available,TNEA2025-02535,ELECTRICAL AND ELECTRONICS ENGINEERING,ee
1333,"Shikshaa Institute of Advanced Technologies (formerly Vi Institute of Technology), No. 96 Sirunkundram Post, Chengalpattu Taluk, Kancheepuram District-603108.",Chengalpattu,115,Not Available,Not Available,Not Available,Not Available,Not Available,Not Available,TNEA2025-02536,ELECTRONICS AND COMMUNICATION ENGINEERING,ec
1333,"Shikshaa Institute of Advanced Technologies (formerly Vi Institute of Technology), No. 96 Sirunkundram Post, Chengalpattu Taluk, Kancheepuram District-603108.",Chengalpattu,115,Not Available,Not Available,Not Available,Not Available,Not Available,Not Available,TNEA2025-02537,MECHANICAL ENGINEERING,me
3844,"Shivani Engineering College, Poolangulathupatti (Post), Srirangam (Taluk), Tiruchirappalli-620009.",TIRUCHIRAPPALLI,112,82.5,Not Available,98.5,97.5,98,Not Available,TNEA2025-02538,Artificial Intelligence and Data Science,ad
3844,"Shivani Engineering College, Poolangulathupatti (Post), Srirangam (Taluk), Tiruchirappalli-620009.",TIRUCHIRAPPALLI,105,93,Not Available,85.5,86,98,Not Available,TNEA2025-02539,BIO MEDICAL ENGINEERING,bm
3844,"Shivani Engineering College, Poolangulathupatti (Post), Srirangam (Taluk), Tiruchirappalli-620009.",TIRUCHIRAPPALLI,117,103,Not Available,107,96,98,Not Available,TNEA2025-02540,COMPUTER SCIENCE AND ENGINEERING,cs
3844,"Shivani Engineering College, Poolangulathupatti (Post), Srirangam (Taluk), Tiruchirappalli-620009.",TIRUCHIRAPPALLI,99.5,93,Not Available,97.5,91,98,Not Available,TNEA2025-02541,Computer Science and Engineering (Cyber Security),sc
3844,"Shivani Engineering College, Poolangulathupatti (Post), Srirangam (Taluk), Tiruchirappalli-620009.",TIRUCHIRAPPALLI,93.5,93,Not Available,97.5,91,98,Not Available,TNEA2025-02542,ELECTRICAL AND ELECTRONICS ENGINEERING,ee
3844,"Shivani Engineering College, Poolangulathupatti (Post), Srirangam (Taluk), Tiruchirappalli-620009.",TIRUCHIRAPPALLI,121,114.5,Not Available,93,91,98,Not Available,TNEA2025-02543,ELECTRONICS AND COMMUNICATION ENGINEERING,ec
3844,"Shivani Engineering College, Poolangulathupatti (Post), Srirangam (Taluk), Tiruchirappalli-620009.",TIRUCHIRAPPALLI,93.5,114.5,Not Available,90,91,98,Not Available,TNEA2025-02544,INFORMATION TECHNOLOGY,it
3844,"Shivani Engineering College, Poolangulathupatti (Post), Srirangam (Taluk), Tiruchirappalli-620009.",TIRUCHIRAPPALLI,89,114.5,Not Available,90,91,98,Not Available,TNEA2025-02545,MECHANICAL ENGINEERING,me
2346,"Shree Sathyam College of Engineering and Technology, Manjakkal Patti, Kuppanur Post, Sankari Taluk, Salem District-637301.",SALEM,111.5,95.5,Not Available,96.5,Not Available,92.5,Not Available,TNEA2025-02546,Artificial Intelligence and Data Science,ad
2346,"Shree Sathyam College of Engineering and Technology, Manjakkal Patti, Kuppanur Post, Sankari Taluk, Salem District-637301.",SALEM,105.5,95.5,Not Available,96.5,Not Available,92.5,Not Available,TNEA2025-02547,BIO MEDICAL ENGINEERING,bm
2346,"Shree Sathyam College of Engineering and Technology, Manjakkal Patti, Kuppanur Post, Sankari Taluk, Salem District-637301.",SALEM,96.5,95.5,Not Available,96.5,Not Available,92.5,Not Available,TNEA2025-02548,COMPUTER SCIENCE AND ENGINEERING,cs
2346,"Shree Sathyam College of Engineering and Technology, Manjakkal Patti, Kuppanur Post, Sankari Taluk, Salem District-637301.",SALEM,85,95.5,Not Available,96.5,Not Available,92.5,Not Available,TNEA2025-02549,ELECTRICAL AND ELECTRONICS ENGINEERING,ee
2346,"Shree Sathyam College of Engineering and Technology, Manjakkal Patti, Kuppanur Post, Sankari Taluk, Salem District-637301.",SALEM,85.5,95.5,Not Available,96.5,Not Available,92.5,Not Available,TNEA2025-02550,ELECTRONICS AND COMMUNICATION ENGINEERING,ec
2346,"Shree Sathyam College of Engineering and Technology, Manjakkal Patti, Kuppanur Post, Sankari Taluk, Salem District-637301.",SALEM,88.5,95.5,Not Available,96.5,Not Available,92.5,Not Available,TNEA2025-02551,INFORMATION TECHNOLOGY,it
2346,"Shree Sathyam College of Engineering and Technology, Manjakkal Patti, Kuppanur Post, Sankari Taluk, Salem District-637301.",SALEM,90,95.5,Not Available,96.5,Not Available,92.5,Not Available,TNEA2025-02552,MECHANICAL ENGINEERING,me
2747,"Shree Venkateshwara Hi-Tech Engineering College (Autonomous), Erode-Sathy Main Road, Sri Kalaivani Nagar, Othakuthirai, K, Mettupalayam (Po), Gobichettipalayam (Tk), Erode (Dt)-638455.",ERODE,139,114,92.5,122,97,126.5,93,TNEA2025-02553,Artificial Intelligence and Data Science,ad
2747,"Shree Venkateshwara Hi-Tech Engineering College (Autonomous), Erode-Sathy Main Road, Sri Kalaivani Nagar, Othakuthirai, K, Mettupalayam (Po), Gobichettipalayam (Tk), Erode (Dt)-638455.",ERODE,124.5,104,108,85,91,126.5,93,TNEA2025-02554,BIO MEDICAL ENGINEERING,bm
2747,"Shree Venkateshwara Hi-Tech Engineering College (Autonomous), Erode-Sathy Main Road, Sri Kalaivani Nagar, Othakuthirai, K, Mettupalayam (Po), Gobichettipalayam (Tk), Erode (Dt)-638455.",ERODE,109,99,108,85,91,102,93,TNEA2025-02555,BIO TECHNOLOGY,bt
2747,"Shree Venkateshwara Hi-Tech Engineering College (Autonomous), Erode-Sathy Main Road, Sri Kalaivani Nagar, Othakuthirai, K, Mettupalayam (Po), Gobichettipalayam (Tk), Erode (Dt)-638455.",ERODE,89.5,99,108,85,91,102,93,TNEA2025-02556,CIVIL ENGINEERING,ce
2747,"Shree Venkateshwara Hi-Tech Engineering College (Autonomous), Erode-Sathy Main Road, Sri Kalaivani Nagar, Othakuthirai, K, Mettupalayam (Po), Gobichettipalayam (Tk), Erode (Dt)-638455.",ERODE,120,85,104.5,97.5,81,82.5,93,TNEA2025-02557,COMPUTER SCIENCE AND ENGINEERING,cs
2747,"Shree Venkateshwara Hi-Tech Engineering College (Autonomous), Erode-Sathy Main Road, Sri Kalaivani Nagar, Othakuthirai, K, Mettupalayam (Po), Gobichettipalayam (Tk), Erode (Dt)-638455.",ERODE,109,89.5,104.5,95,90,92.5,93,TNEA2025-02558,COMPUTER SCIENCE AND ENGINEERING (AI AND MACHINE LEARNING),am
2747,"Shree Venkateshwara Hi-Tech Engineering College (Autonomous), Erode-Sathy Main Road, Sri Kalaivani Nagar, Othakuthirai, K, Mettupalayam (Po), Gobichettipalayam (Tk), Erode (Dt)-638455.",ERODE,117,87,89.5,87,108,92.5,93,TNEA2025-02559,Computer Science and Engineering (Cyber Security),sc
2747,"Shree Venkateshwara Hi-Tech Engineering College (Autonomous), Erode-Sathy Main Road, Sri Kalaivani Nagar, Othakuthirai, K, Mettupalayam (Po), Gobichettipalayam (Tk), Erode (Dt)-638455.",ERODE,89.5,87,89.5,87,108,92.5,93,TNEA2025-02560,ELECTRICAL AND ELECTRONICS ENGINEERING,ee
2747,"Shree Venkateshwara Hi-Tech Engineering College (Autonomous), Erode-Sathy Main Road, Sri Kalaivani Nagar, Othakuthirai, K, Mettupalayam (Po), Gobichettipalayam (Tk), Erode (Dt)-638455.",ERODE,122,85,89.5,101,108,116.5,93,TNEA2025-02561,ELECTRONICS AND COMMUNICATION ENGINEERING,ec
2747,"Shree Venkateshwara Hi-Tech Engineering College (Autonomous), Erode-Sathy Main Road, Sri Kalaivani Nagar, Othakuthirai, K, Mettupalayam (Po), Gobichettipalayam (Tk), Erode (Dt)-638455.",ERODE,126,97.5,89.5,97.5,95.5,90.5,93,TNEA2025-02562,INFORMATION TECHNOLOGY,it
2747,"Shree Venkateshwara Hi-Tech Engineering College (Autonomous), Erode-Sathy Main Road, Sri Kalaivani Nagar, Othakuthirai, K, Mettupalayam (Po), Gobichettipalayam (Tk), Erode (Dt)-638455.",ERODE,85,97.5,89.5,97.5,95.5,90.5,93,TNEA2025-02563,MECHANICAL ENGINEERING,me
2747,"Shree Venkateshwara Hi-Tech Engineering College (Autonomous), Erode-Sathy Main Road, Sri Kalaivani Nagar, Othakuthirai, K, Mettupalayam (Po), Gobichettipalayam (Tk), Erode (Dt)-638455.",ERODE,120.5,83.5,89.5,92,92.5,119.5,83,TNEA2025-02564,PHARMACEUTICAL TECHNOLOGY,ph
2683,"Shreenivasa Engineering College, B.Pallipatti, Bommidi, Pappireddipatti Taluk, Dharmapuri District-635301.",DHARMAPURI,92,102.5,98.5,80,103,Not Available,91.5,TNEA2025-02565,AGRICULTURAL ENGINEERING,ag
2683,"Shreenivasa Engineering College, B.Pallipatti, Bommidi, Pappireddipatti Taluk, Dharmapuri District-635301.",DHARMAPURI,102,102.5,98.5,80,103,Not Available,91.5,TNEA2025-02566,Artificial Intelligence and Data Science,ad
2683,"Shreenivasa Engineering College, B.Pallipatti, Bommidi, Pappireddipatti Taluk, Dharmapuri District-635301.",DHARMAPURI,91.5,102.5,98.5,80,103,Not Available,91.5,TNEA2025-02567,BIO MEDICAL ENGINEERING,bm
2683,"Shreenivasa Engineering College, B.Pallipatti, Bommidi, Pappireddipatti Taluk, Dharmapuri District-635301.",DHARMAPURI,104,102.5,98.5,85,103,Not Available,91.5,TNEA2025-02568,COMPUTER SCIENCE AND ENGINEERING,cs
2683,"Shreenivasa Engineering College, B.Pallipatti, Bommidi, Pappireddipatti Taluk, Dharmapuri District-635301.",DHARMAPURI,99,97,98.5,88.5,103,Not Available,91.5,TNEA2025-02569,ELECTRICAL AND ELECTRONICS ENGINEERING,ee
2683,"Shreenivasa Engineering College, B.Pallipatti, Bommidi, Pappireddipatti Taluk, Dharmapuri District-635301.",DHARMAPURI,98,86,98.5,85,82.5,Not Available,91.5,TNEA2025-02570,INFORMATION TECHNOLOGY,it
2683,"Shreenivasa Engineering College, B.Pallipatti, Bommidi, Pappireddipatti Taluk, Dharmapuri District-635301.",DHARMAPURI,84,86,98.5,85,82.5,Not Available,91.5,TNEA2025-02571,MECHANICAL ENGINEERING,me
3802,"Shri Angalamman College of Engineering and Technology, Ramanan Nagar, Siruganoor, Tiruchirappalli-621105.",TIRUCHIRAPPALLI,Not Available,Not Available,Not Available,Not Available,Not Available,Not Available,Not Available,TNEA2025-02572,Civil Engineering,ce
3802,"Shri Angalamman College of Engineering and Technology, Ramanan Nagar, Siruganoor, Tiruchirappalli-621105.",TIRUCHIRAPPALLI,Not Available,Not Available,Not Available,Not Available,Not Available,Not Available,Not Available,TNEA2025-02573,Computer Science and Engineering,cs
3802,"Shri Angalamman College of Engineering and Technology, Ramanan Nagar, Siruganoor, Tiruchirappalli-621105.",TIRUCHIRAPPALLI,Not Available,Not Available,Not Available,Not Available,Not Available,Not Available,Not Available,TNEA2025-02574,Electrical and Electronics Engineering,ee
3802,"Shri Angalamman College of Engineering and Technology, Ramanan Nagar, Siruganoor, Tiruchirappalli-621105.",TIRUCHIRAPPALLI,Not Available,Not Available,Not Available,Not Available,Not Available,Not Available,Not Available,TNEA2025-02575,Mechanical Engineering,me
3760,"Sir Issac Newton College of Engineering and Technology, Andhanapeetai Post, Pappakoil, Nagapattinam-611102.",NAGAPATTINAM,109,86.5,126.5,101,85.5,Not Available,Not Available,TNEA2025-02576,AGRICULTURAL ENGINEERING,ag
3760,"Sir Issac Newton College of Engineering and Technology, Andhanapeetai Post, Pappakoil, Nagapattinam-611102.",NAGAPATTINAM,128,93,126.5,101,84.5,Not Available,Not Available,TNEA2025-02577,Artificial Intelligence and Data Science,ad
3760,"Sir Issac Newton College of Engineering and Technology, Andhanapeetai Post, Pappakoil, Nagapattinam-611102.",NAGAPATTINAM,120,92.5,106,104.5,97,Not Available,Not Available,TNEA2025-02578,COMPUTER SCIENCE AND ENGINEERING,cs
3760,"Sir Issac Newton College of Engineering and Technology, Andhanapeetai Post, Pappakoil, Nagapattinam-611102.",NAGAPATTINAM,104.5,85.5,102.5,80.5,85,Not Available,Not Available,TNEA2025-02579,ELECTRONICS AND COMMUNICATION ENGINEERING,ec
3760,"Sir Issac Newton College of Engineering and Technology, Andhanapeetai Post, Pappakoil, Nagapattinam-611102.",NAGAPATTINAM,119,90.5,112.5,99,113,Not Available,Not Available,TNEA2025-02580,INFORMATION TECHNOLOGY,it
3760,"Sir Issac Newton College of Engineering and Technology, Andhanapeetai Post, Pappakoil, Nagapattinam-611102.",NAGAPATTINAM,94.5,80,112.5,94,82,Not Available,Not Available,TNEA2025-02581,MECHANICAL ENGINEERING,me
4938,"Sivaji College of Engineering and Technology, Manivilai Post, Kanyakumari -629171.",KANNIYAKUMARI,103.5,87,Not Available,88,Not Available,Not Available,Not Available,TNEA2025-02582,AGRICULTURAL ENGINEERING,ag
4938,"Sivaji College of Engineering and Technology, Manivilai Post, Kanyakumari -629171.",KANNIYAKUMARI,96,87,Not Available,88,Not Available,Not Available,Not Available,TNEA2025-02583,Artificial Intelligence and Data Science,ad
4938,"Sivaji College of Engineering and Technology, Manivilai Post, Kanyakumari -629171.",KANNIYAKUMARI,96,87,Not Available,88,Not Available,Not Available,Not Available,TNEA2025-02584,CIVIL ENGINEERING,ce
4938,"Sivaji College of Engineering and Technology, Manivilai Post, Kanyakumari -629171.",KANNIYAKUMARI,89.5,87,Not Available,88,Not Available,Not Available,Not Available,TNEA2025-02585,COMPUTER SCIENCE AND ENGINEERING,cs
4938,"Sivaji College of Engineering and Technology, Manivilai Post, Kanyakumari -629171.",KANNIYAKUMARI,89.5,87,Not Available,88,Not Available,Not Available,Not Available,TNEA2025-02586,ELECTRICAL AND ELECTRONICS ENGINEERING,ee
4938,"Sivaji College of Engineering and Technology, Manivilai Post, Kanyakumari -629171.",KANNIYAKUMARI,89.5,87,Not Available,88,Not Available,Not Available,Not Available,TNEA2025-02587,MECHANICAL ENGINEERING,me
5914,"Solamalai College of Engineering, S.V Raja Nagar, Veerapanjan, Madurai-625020.",MADURAI,142.5,109,97.5,107,86,140,Not Available,TNEA2025-02588,Artificial Intelligence and Data Science,ad
5914,"Solamalai College of Engineering, S.V Raja Nagar, Veerapanjan, Madurai-625020.",MADURAI,111,89,97.5,107,86,140,Not Available,TNEA2025-02589,CIVIL ENGINEERING,ce
5914,"Solamalai College of Engineering, S.V Raja Nagar, Veerapanjan, Madurai-625020.",MADURAI,135.5,112,110.5,98.5,96,140,Not Available,TNEA2025-02590,COMPUTER SCIENCE AND BUSSINESS SYSTEM,cb
5914,"Solamalai College of Engineering, S.V Raja Nagar, Veerapanjan, Madurai-625020.",MADURAI,130.5,102.5,119.5,117.5,96.5,119,Not Available,TNEA2025-02591,COMPUTER SCIENCE AND ENGINEERING,cs
5914,"Solamalai College of Engineering, S.V Raja Nagar, Veerapanjan, Madurai-625020.",MADURAI,119,115,119.5,117.5,96.5,119,Not Available,TNEA2025-02592,ELECTRICAL AND ELECTRONICS ENGINEERING,ee
5914,"Solamalai College of Engineering, S.V Raja Nagar, Veerapanjan, Madurai-625020.",MADURAI,131.5,107,125.5,96,99.5,119,Not Available,TNEA2025-02593,ELECTRONICS AND COMMUNICATION ENGINEERING,ec
5914,"Solamalai College of Engineering, S.V Raja Nagar, Veerapanjan, Madurai-625020.",MADURAI,90.5,107,125.5,96,99.5,119,Not Available,TNEA2025-02594,MECHANICAL ENGINEERING,me
2618,"Sona College of Technology (Autonomous), Sona Nagar, Thiagarajar Polytechnic College Road, Suramangalam (P.O), Salem District-636005.",Salem,177.5,172,172,170,122.5,117,124,TNEA2025-02595,Artificial Intelligence and Data Science,ad
2618,"Sona College of Technology (Autonomous), Sona Nagar, Thiagarajar Polytechnic College Road, Suramangalam (P.O), Salem District-636005.",Salem,158.5,147.5,158,145.5,131.5,129.5,124,TNEA2025-02596,BIO MEDICAL ENGINEERING,bm
2618,"Sona College of Technology (Autonomous), Sona Nagar, Thiagarajar Polytechnic College Road, Suramangalam (P.O), Salem District-636005.",Salem,149,122,158,133.5,120,129.5,124,TNEA2025-02597,CIVIL ENGINEERING,ce
2618,"Sona College of Technology (Autonomous), Sona Nagar, Thiagarajar Polytechnic College Road, Suramangalam (P.O), Salem District-636005.",Salem,170.5,167.5,160,164,118,114,124,TNEA2025-02598,COMPUTER SCIENCE AND DESIGN,cd
2618,"Sona College of Technology (Autonomous), Sona Nagar, Thiagarajar Polytechnic College Road, Suramangalam (P.O), Salem District-636005.",Salem,181,176,168.5,173.5,137.5,138,145.5,TNEA2025-02599,COMPUTER SCIENCE AND ENGINEERING,cs
2618,"Sona College of Technology (Autonomous), Sona Nagar, Thiagarajar Polytechnic College Road, Suramangalam (P.O), Salem District-636005.",Salem,172.5,169,168,168.5,131.5,138,145.5,TNEA2025-02600,COMPUTER SCIENCE AND ENGINEERING (AI AND MACHINE LEARNING),am
2618,"Sona College of Technology (Autonomous), Sona Nagar, Thiagarajar Polytechnic College Road, Suramangalam (P.O), Salem District-636005.",Salem,165.5,160.5,152.5,159.5,121,101,145.5,TNEA2025-02601,ELECTRICAL AND ELECTRONICS ENGINEERING,ee
2618,"Sona College of Technology (Autonomous), Sona Nagar, Thiagarajar Polytechnic College Road, Suramangalam (P.O), Salem District-636005.",Salem,175,170,164.5,167,125,129,108,TNEA2025-02602,ELECTRONICS AND COMMUNICATION ENGINEERING,ec
2618,"Sona College of Technology (Autonomous), Sona Nagar, Thiagarajar Polytechnic College Road, Suramangalam (P.O), Salem District-636005.",Salem,165,154.5,158.5,152,86,129,108,TNEA2025-02603,Electrical and Computer Engineering,ef
2618,"Sona College of Technology (Autonomous), Sona Nagar, Thiagarajar Polytechnic College Road, Suramangalam (P.O), Salem District-636005.",Salem,165.5,157.5,160,157,100.5,104.5,110.5,TNEA2025-02604,Electronics and Computer Engineering,ex
2618,"Sona College of Technology (Autonomous), Sona Nagar, Thiagarajar Polytechnic College Road, Suramangalam (P.O), Salem District-636005.",Salem,150,142.5,138,123,87,104.5,110.5,TNEA2025-02605,FASHION TECHNOLOGY,ft
2618,"Sona College of Technology (Autonomous), Sona Nagar, Thiagarajar Polytechnic College Road, Suramangalam (P.O), Salem District-636005.",Salem,175,171,163.5,170.5,126.5,119,134.5,TNEA2025-02606,INFORMATION TECHNOLOGY,it
2618,"Sona College of Technology (Autonomous), Sona Nagar, Thiagarajar Polytechnic College Road, Suramangalam (P.O), Salem District-636005.",Salem,153.5,143,125.5,142,90.5,106,134.5,TNEA2025-02607,MECHANICAL ENGINEERING,me
2618,"Sona College of Technology (Autonomous), Sona Nagar, Thiagarajar Polytechnic College Road, Suramangalam (P.O), Salem District-636005.",Salem,156.5,150.5,155.5,147.5,110.5,106,134.5,TNEA2025-02608,Mechatronics Engineering,mz
1438,"Sree Krishna College of Engineering, Anaicut Post, Unnai Village, Vellore-632101.",VELLORE,79,Not Available,Not Available,Not Available,Not Available,Not Available,Not Available,TNEA2025-02609,CIVIL ENGINEERING,ce
1438,"Sree Krishna College of Engineering, Anaicut Post, Unnai Village, Vellore-632101.",VELLORE,79,Not Available,Not Available,Not Available,Not Available,Not Available,Not Available,TNEA2025-02610,COMPUTER SCIENCE AND ENGINEERING,cs
1438,"Sree Krishna College of Engineering, Anaicut Post, Unnai Village, Vellore-632101.",VELLORE,79,Not Available,Not Available,Not Available,Not Available,Not Available,Not Available,TNEA2025-02611,ELECTRICAL AND ELECTRONICS ENGINEERING,ee
1438,"Sree Krishna College of Engineering, Anaicut Post, Unnai Village, Vellore-632101.",VELLORE,114.5,Not Available,Not Available,Not Available,Not Available,Not Available,Not Available,TNEA2025-02612,ELECTRONICS AND COMMUNICATION ENGINEERING,ec
1438,"Sree Krishna College of Engineering, Anaicut Post, Unnai Village, Vellore-632101.",VELLORE,114.5,Not Available,Not Available,Not Available,Not Available,Not Available,Not Available,TNEA2025-02613,MECHANICAL ENGINEERING,me
2673,"Sree Sakthi Engineering College (Autonomous), 899/1 & 898/2, Bettathapuram, Bilichi Village, Karamadai, Coimbatore-641104.",COIMBATORE,151,131.5,90.5,138.5,112.5,104.5,106.5,TNEA2025-02614,Artificial Intelligence and Data Science,ad
2673,"Sree Sakthi Engineering College (Autonomous), 899/1 & 898/2, Bettathapuram, Bilichi Village, Karamadai, Coimbatore-641104.",COIMBATORE,120,102,90.5,115,100,104.5,106.5,TNEA2025-02615,CIVIL ENGINEERING,ce
2673,"Sree Sakthi Engineering College (Autonomous), 899/1 & 898/2, Bettathapuram, Bilichi Village, Karamadai, Coimbatore-641104.",COIMBATORE,151.5,144,131.5,132,112.5,117.5,106.5,TNEA2025-02616,COMPUTER SCIENCE AND ENGINEERING,cs
2673,"Sree Sakthi Engineering College (Autonomous), 899/1 & 898/2, Bettathapuram, Bilichi Village, Karamadai, Coimbatore-641104.",COIMBATORE,145.5,133,129.5,132.5,125.5,116,110.5,TNEA2025-02617,COMPUTER SCIENCE AND ENGINEERING (AI AND MACHINE LEARNING),am
2673,"Sree Sakthi Engineering College (Autonomous), 899/1 & 898/2, Bettathapuram, Bilichi Village, Karamadai, Coimbatore-641104.",COIMBATORE,148.5,129,140.5,129.5,123.5,145,133.5,TNEA2025-02618,Computer Science and Engineering (Cyber Security),sc
2673,"Sree Sakthi Engineering College (Autonomous), 899/1 & 898/2, Bettathapuram, Bilichi Village, Karamadai, Coimbatore-641104.",COIMBATORE,129.5,112.5,140.5,115.5,114,115.5,133.5,TNEA2025-02619,ELECTRICAL AND ELECTRONICS ENGINEERING,ee
2673,"Sree Sakthi Engineering College (Autonomous), 899/1 & 898/2, Bettathapuram, Bilichi Village, Karamadai, Coimbatore-641104.",COIMBATORE,146.5,120.5,94,127.5,111,119,135.5,TNEA2025-02620,ELECTRONICS AND COMMUNICATION ENGINEERING,ec
2673,"Sree Sakthi Engineering College (Autonomous), 899/1 & 898/2, Bettathapuram, Bilichi Village, Karamadai, Coimbatore-641104.",COIMBATORE,151,125,130.5,130,125,126,135.5,TNEA2025-02621,INFORMATION TECHNOLOGY,it
2673,"Sree Sakthi Engineering College (Autonomous), 899/1 & 898/2, Bettathapuram, Bilichi Village, Karamadai, Coimbatore-641104.",COIMBATORE,114.5,103.5,130.5,108.5,101.5,99,135.5,TNEA2025-02622,MECHANICAL ENGINEERING,me
1217,"Sree Sastha Institute of Engineering and Technology, Chennai-Bangalore Highway, Chembarambakkam, Thiruvallur District, Chennai-600123.",TIRUVALLUR,114,108.5,89.5,91.5,112.5,Not Available,Not Available,TNEA2025-02623,AUTOMOBILE ENGINEERING,au
1217,"Sree Sastha Institute of Engineering and Technology, Chennai-Bangalore Highway, Chembarambakkam, Thiruvallur District, Chennai-600123.",TIRUVALLUR,114,108.5,89.5,91.5,112.5,Not Available,Not Available,TNEA2025-02624,Artificial Intelligence and Data Science,ad
1217,"Sree Sastha Institute of Engineering and Technology, Chennai-Bangalore Highway, Chembarambakkam, Thiruvallur District, Chennai-600123.",TIRUVALLUR,113.5,108.5,89.5,91.5,112.5,Not Available,Not Available,TNEA2025-02625,BIO MEDICAL ENGINEERING,bm
1217,"Sree Sastha Institute of Engineering and Technology, Chennai-Bangalore Highway, Chembarambakkam, Thiruvallur District, Chennai-600123.",TIRUVALLUR,102.5,108.5,89.5,91.5,112.5,Not Available,Not Available,TNEA2025-02626,BIO TECHNOLOGY,bt
1217,"Sree Sastha Institute of Engineering and Technology, Chennai-Bangalore Highway, Chembarambakkam, Thiruvallur District, Chennai-600123.",TIRUVALLUR,102.5,108.5,89.5,91.5,112.5,Not Available,Not Available,TNEA2025-02627,CIVIL ENGINEERING,ce
1217,"Sree Sastha Institute of Engineering and Technology, Chennai-Bangalore Highway, Chembarambakkam, Thiruvallur District, Chennai-600123.",TIRUVALLUR,98,108.5,89.5,91.5,112.5,Not Available,Not Available,TNEA2025-02628,COMPUTER SCIENCE AND BUSSINESS SYSTEM,cb
1217,"Sree Sastha Institute of Engineering and Technology, Chennai-Bangalore Highway, Chembarambakkam, Thiruvallur District, Chennai-600123.",TIRUVALLUR,143,96.5,89.5,124.5,107.5,Not Available,Not Available,TNEA2025-02629,COMPUTER SCIENCE AND ENGINEERING,cs
1217,"Sree Sastha Institute of Engineering and Technology, Chennai-Bangalore Highway, Chembarambakkam, Thiruvallur District, Chennai-600123.",TIRUVALLUR,116,96.5,89.5,113,97,Not Available,Not Available,TNEA2025-02630,COMPUTER SCIENCE AND ENGINEERING (AI AND MACHINE LEARNING),am
1217,"Sree Sastha Institute of Engineering and Technology, Chennai-Bangalore Highway, Chembarambakkam, Thiruvallur District, Chennai-600123.",TIRUVALLUR,109.5,103,89.5,113,97,Not Available,Not Available,TNEA2025-02631,Computer Science and Engineering (Cyber Security),sc
1217,"Sree Sastha Institute of Engineering and Technology, Chennai-Bangalore Highway, Chembarambakkam, Thiruvallur District, Chennai-600123.",TIRUVALLUR,97.5,103,89.5,113,97,Not Available,Not Available,TNEA2025-02632,ELECTRICAL AND ELECTRONICS ENGINEERING,ee
1217,"Sree Sastha Institute of Engineering and Technology, Chennai-Bangalore Highway, Chembarambakkam, Thiruvallur District, Chennai-600123.",TIRUVALLUR,90,103,89.5,113,97,Not Available,Not Available,TNEA2025-02633,ELECTRONICS AND COMMUNICATION ENGINEERING,ec
1217,"Sree Sastha Institute of Engineering and Technology, Chennai-Bangalore Highway, Chembarambakkam, Thiruvallur District, Chennai-600123.",TIRUVALLUR,95.5,103,89.5,113,97,Not Available,Not Available,TNEA2025-02634,FOOD TECHNOLOGY,fd
1217,"Sree Sastha Institute of Engineering and Technology, Chennai-Bangalore Highway, Chembarambakkam, Thiruvallur District, Chennai-600123.",TIRUVALLUR,99,103,89.5,113,97,Not Available,Not Available,TNEA2025-02635,INFORMATION TECHNOLOGY,it
1217,"Sree Sastha Institute of Engineering and Technology, Chennai-Bangalore Highway, Chembarambakkam, Thiruvallur District, Chennai-600123.",TIRUVALLUR,106,103,89.5,113,97,Not Available,Not Available,TNEA2025-02636,MECHANICAL AND AUTOMATION ENGINEERING,mu
4970,"Sree Sowdambika College of Engineering, Chettikurichi, Aruppukottai, Virudhunagar-626134.",Virudhunagar,111.5,88,Not Available,89.5,88.5,104,Not Available,TNEA2025-02637,CIVIL ENGINEERING,ce
4970,"Sree Sowdambika College of Engineering, Chettikurichi, Aruppukottai, Virudhunagar-626134.",Virudhunagar,112,88,Not Available,89.5,88.5,104,Not Available,TNEA2025-02638,COMPUTER SCIENCE AND ENGINEERING,cs
4970,"Sree Sowdambika College of Engineering, Chettikurichi, Aruppukottai, Virudhunagar-626134.",Virudhunagar,83.5,88,Not Available,89.5,88.5,104,Not Available,TNEA2025-02639,ELECTRICAL AND ELECTRONICS ENGINEERING,ee
4970,"Sree Sowdambika College of Engineering, Chettikurichi, Aruppukottai, Virudhunagar-626134.",Virudhunagar,97.5,88,Not Available,89.5,88.5,104,Not Available,TNEA2025-02640,ELECTRONICS AND COMMUNICATION ENGINEERING,ec
4970,"Sree Sowdambika College of Engineering, Chettikurichi, Aruppukottai, Virudhunagar-626134.",Virudhunagar,103.5,88,Not Available,89.5,88.5,104,Not Available,TNEA2025-02641,MECHANICAL ENGINEERING,me
1513,"Sri Balaji Chockalingam Engineering College, Irumbedu, Arni Taluk, Tiruvannamalai District-632317.",TIRUVANNAMALAI,127.5,98.5,Not Available,102.5,92,122.5,Not Available,TNEA2025-02642,Artificial Intelligence and Data Science,ad
1513,"Sri Balaji Chockalingam Engineering College, Irumbedu, Arni Taluk, Tiruvannamalai District-632317.",TIRUVANNAMALAI,98.5,98.5,Not Available,102.5,92,122.5,Not Available,TNEA2025-02643,COMPUTER SCIENCE AND BUSSINESS SYSTEM,cb
1513,"Sri Balaji Chockalingam Engineering College, Irumbedu, Arni Taluk, Tiruvannamalai District-632317.",TIRUVANNAMALAI,117,95.5,Not Available,108.5,92,122.5,Not Available,TNEA2025-02644,COMPUTER SCIENCE AND ENGINEERING,cs
1513,"Sri Balaji Chockalingam Engineering College, Irumbedu, Arni Taluk, Tiruvannamalai District-632317.",TIRUVANNAMALAI,88.5,95.5,Not Available,108.5,92,122.5,Not Available,TNEA2025-02645,ELECTRONICS AND COMMUNICATION ENGINEERING,ec
1513,"Sri Balaji Chockalingam Engineering College, Irumbedu, Arni Taluk, Tiruvannamalai District-632317.",TIRUVANNAMALAI,116,91.5,Not Available,89,91.5,122.5,Not Available,TNEA2025-02646,INFORMATION TECHNOLOGY,it
3852,"Sri Bharathi Engineering College for Women, Aranthangi Road, Kaikurichi, Alangudi Taluk, Pudukkottai-622303.",PUDUKKOTTAI,105.5,86.5,106,101.5,91,Not Available,Not Available,TNEA2025-02647,CIVIL ENGINEERING,ce
3852,"Sri Bharathi Engineering College for Women, Aranthangi Road, Kaikurichi, Alangudi Taluk, Pudukkottai-622303.",PUDUKKOTTAI,123.5,86.5,106,101.5,91,Not Available,Not Available,TNEA2025-02648,COMPUTER SCIENCE AND ENGINEERING,cs
3852,"Sri Bharathi Engineering College for Women, Aranthangi Road, Kaikurichi, Alangudi Taluk, Pudukkottai-622303.",PUDUKKOTTAI,108,86.5,106,101.5,91,Not Available,Not Available,TNEA2025-02649,ELECTRICAL AND ELECTRONICS ENGINEERING,ee
3852,"Sri Bharathi Engineering College for Women, Aranthangi Road, Kaikurichi, Alangudi Taluk, Pudukkottai-622303.",PUDUKKOTTAI,92.5,86.5,106,101.5,91,Not Available,Not Available,TNEA2025-02650,ELECTRONICS AND COMMUNICATION ENGINEERING,ec
3852,"Sri Bharathi Engineering College for Women, Aranthangi Road, Kaikurichi, Alangudi Taluk, Pudukkottai-622303.",PUDUKKOTTAI,121.5,94,106,83.5,91,Not Available,Not Available,TNEA2025-02651,INFORMATION TECHNOLOGY,it
2739,"Sri Eshwar College of Engineering (Autonomous), Kondampatti Post, Vadasithur Via, Coimbatore-641202.",COIMBATORE,187.5,184,176,179,149,171,130.5,TNEA2025-02652,Artificial Intelligence and Data Science,ad
2739,"Sri Eshwar College of Engineering (Autonomous), Kondampatti Post, Vadasithur Via, Coimbatore-641202.",COIMBATORE,181,180,176.5,176.5,138.5,142.5,152,TNEA2025-02653,COMPUTER AND COMMUNICATION ENGINEERING,co
2739,"Sri Eshwar College of Engineering (Autonomous), Kondampatti Post, Vadasithur Via, Coimbatore-641202.",COIMBATORE,182.5,180.5,175.5,174.5,144,162,152,TNEA2025-02654,COMPUTER SCIENCE AND BUSSINESS SYSTEM,cb
2739,"Sri Eshwar College of Engineering (Autonomous), Kondampatti Post, Vadasithur Via, Coimbatore-641202.",COIMBATORE,191,188,179,181,156,133.5,155,TNEA2025-02655,COMPUTER SCIENCE AND ENGINEERING,cs
2739,"Sri Eshwar College of Engineering (Autonomous), Kondampatti Post, Vadasithur Via, Coimbatore-641202.",COIMBATORE,185.5,182,176.5,175,139,146,146,TNEA2025-02656,COMPUTER SCIENCE AND ENGINEERING (AI AND MACHINE LEARNING),am
2739,"Sri Eshwar College of Engineering (Autonomous), Kondampatti Post, Vadasithur Via, Coimbatore-641202.",COIMBATORE,184,181,180.5,175.5,139,139.5,146,TNEA2025-02657,Computer Science and Engineering (Cyber Security),sc
2739,"Sri Eshwar College of Engineering (Autonomous), Kondampatti Post, Vadasithur Via, Coimbatore-641202.",COIMBATORE,179,177.5,178.5,172.5,139.5,140,146,TNEA2025-02658,ELECTRICAL AND ELECTRONICS ENGINEERING,ee
2739,"Sri Eshwar College of Engineering (Autonomous), Kondampatti Post, Vadasithur Via, Coimbatore-641202.",COIMBATORE,187,183.5,182.5,177.5,140.5,132.5,155.5,TNEA2025-02659,ELECTRONICS AND COMMUNICATION ENGINEERING,ec
2739,"Sri Eshwar College of Engineering (Autonomous), Kondampatti Post, Vadasithur Via, Coimbatore-641202.",COIMBATORE,188,186.5,181.5,179.5,142.5,140.5,155.5,TNEA2025-02660,INFORMATION TECHNOLOGY,it
2739,"Sri Eshwar College of Engineering (Autonomous), Kondampatti Post, Vadasithur Via, Coimbatore-641202.",COIMBATORE,178.5,172.5,174.5,166,137,138,155.5,TNEA2025-02661,MECHANICAL ENGINEERING,me
1150,"Sri Jayaram Institute of Engineering and Technology, 51 N, Elavur, 58 N Natham Village, Gumudipoondi Taluk, Thiruvallur District-601201.",TIRUVALLUR,94.5,Not Available,Not Available,Not Available,Not Available,Not Available,Not Available,TNEA2025-02662,AGRICULTURAL ENGINEERING,ag
1150,"Sri Jayaram Institute of Engineering and Technology, 51 N, Elavur, 58 N Natham Village, Gumudipoondi Taluk, Thiruvallur District-601201.",TIRUVALLUR,90,Not Available,Not Available,Not Available,Not Available,Not Available,Not Available,TNEA2025-02663,Artificial Intelligence and Data Science,ad
1150,"Sri Jayaram Institute of Engineering and Technology, 51 N, Elavur, 58 N Natham Village, Gumudipoondi Taluk, Thiruvallur District-601201.",TIRUVALLUR,90,Not Available,Not Available,Not Available,Not Available,Not Available,Not Available,TNEA2025-02664,BIO MEDICAL ENGINEERING,bm
1150,"Sri Jayaram Institute of Engineering and Technology, 51 N, Elavur, 58 N Natham Village, Gumudipoondi Taluk, Thiruvallur District-601201.",TIRUVALLUR,81,Not Available,Not Available,Not Available,Not Available,Not Available,Not Available,TNEA2025-02665,COMPUTER SCIENCE AND ENGINEERING,cs
1150,"Sri Jayaram Institute of Engineering and Technology, 51 N, Elavur, 58 N Natham Village, Gumudipoondi Taluk, Thiruvallur District-601201.",TIRUVALLUR,81,Not Available,Not Available,Not Available,Not Available,Not Available,Not Available,TNEA2025-02666,MECHANICAL ENGINEERING,me
2718,"Sri Krishna College of Engineering and Technology (Autonomous), Sugunapuram, Kuniamuthur Post, Coimbatore-641008.",COIMBATORE,190,188.5,185.5,187,167.5,166,144,TNEA2025-02667,Artificial Intelligence and Data Science,ad
2718,"Sri Krishna College of Engineering and Technology (Autonomous), Sugunapuram, Kuniamuthur Post, Coimbatore-641008.",COIMBATORE,172,168.5,154.5,164.5,139,105.5,144,TNEA2025-02668,CIVIL ENGINEERING,ce
2718,"Sri Krishna College of Engineering and Technology (Autonomous), Sugunapuram, Kuniamuthur Post, Coimbatore-641008.",COIMBATORE,187.5,186,154.5,183.5,156.5,144.13,144,TNEA2025-02669,COMPUTER SCIENCE AND BUSSINESS SYSTEM,cb
2718,"Sri Krishna College of Engineering and Technology (Autonomous), Sugunapuram, Kuniamuthur Post, Coimbatore-641008.",COIMBATORE,186,185,185,183,152.5,159.5,144,TNEA2025-02670,COMPUTER SCIENCE AND DESIGN,cd
2718,"Sri Krishna College of Engineering and Technology (Autonomous), Sugunapuram, Kuniamuthur Post, Coimbatore-641008.",COIMBATORE,192,190,187,188,169.5,157,160.5,TNEA2025-02671,COMPUTER SCIENCE AND ENGINEERING,cs
2718,"Sri Krishna College of Engineering and Technology (Autonomous), Sugunapuram, Kuniamuthur Post, Coimbatore-641008.",COIMBATORE,188.5,187.5,184.5,184.5,160,166,137.5,TNEA2025-02672,Computer Science and Engineering (Cyber Security),sc
2718,"Sri Krishna College of Engineering and Technology (Autonomous), Sugunapuram, Kuniamuthur Post, Coimbatore-641008.",COIMBATORE,187,184.5,184,181,146.5,117,137.5,TNEA2025-02673,ELECTRICAL AND ELECTRONICS ENGINEERING,ee
2718,"Sri Krishna College of Engineering and Technology (Autonomous), Sugunapuram, Kuniamuthur Post, Coimbatore-641008.",COIMBATORE,190,188.5,186.5,186,162.5,149,149,TNEA2025-02674,ELECTRONICS AND COMMUNICATION ENGINEERING,ec
2718,"Sri Krishna College of Engineering and Technology (Autonomous), Sugunapuram, Kuniamuthur Post, Coimbatore-641008.",COIMBATORE,189.5,188,185.5,186,160.5,151,149.5,TNEA2025-02675,INFORMATION TECHNOLOGY,it
2718,"Sri Krishna College of Engineering and Technology (Autonomous), Sugunapuram, Kuniamuthur Post, Coimbatore-641008.",COIMBATORE,185.5,182.5,181,179,151.5,130.5,114,TNEA2025-02676,M.Tech. Computer Science and Engineering (Integrated 5 years),cj
2718,"Sri Krishna College of Engineering and Technology (Autonomous), Sugunapuram, Kuniamuthur Post, Coimbatore-641008.",COIMBATORE,177,172.5,169,165.5,133.5,110,136,TNEA2025-02677,MECHANICAL ENGINEERING,me
2718,"Sri Krishna College of Engineering and Technology (Autonomous), Sugunapuram, Kuniamuthur Post, Coimbatore-641008.",COIMBATORE,177.5,174,171.5,166.5,135.5,117,119,TNEA2025-02678,Mechatronics Engineering,mz
1526,"Sri Krishna College of Engineering, T.R.S. Campus, Sri Krishna Nagar, Tiruttani Road, Arakkonam, Vellore-631003.",RANIPET,102.5,Not Available,Not Available,Not Available,Not Available,Not Available,Not Available,TNEA2025-02679,CIVIL ENGINEERING,ce
1526,"Sri Krishna College of Engineering, T.R.S. Campus, Sri Krishna Nagar, Tiruttani Road, Arakkonam, Vellore-631003.",RANIPET,102.5,Not Available,Not Available,Not Available,Not Available,Not Available,Not Available,TNEA2025-02680,COMPUTER SCIENCE AND ENGINEERING,cs
1526,"Sri Krishna College of Engineering, T.R.S. Campus, Sri Krishna Nagar, Tiruttani Road, Arakkonam, Vellore-631003.",RANIPET,102.5,Not Available,Not Available,Not Available,Not Available,Not Available,Not Available,TNEA2025-02681,ELECTRICAL AND ELECTRONICS ENGINEERING,ee
1526,"Sri Krishna College of Engineering, T.R.S. Campus, Sri Krishna Nagar, Tiruttani Road, Arakkonam, Vellore-631003.",RANIPET,98,Not Available,Not Available,Not Available,Not Available,Not Available,Not Available,TNEA2025-02682,ELECTRONICS AND COMMUNICATION ENGINEERING,ec
1526,"Sri Krishna College of Engineering, T.R.S. Campus, Sri Krishna Nagar, Tiruttani Road, Arakkonam, Vellore-631003.",RANIPET,98,Not Available,Not Available,Not Available,Not Available,Not Available,Not Available,TNEA2025-02683,MECHANICAL ENGINEERING,me
2722,"Sri Krishna College of Technology (Autonomous), Kovaipudur Post, Coimbatore-641042.",COIMBATORE,184,180,178.5,177,151.5,133.5,153.5,TNEA2025-02684,Artificial Intelligence and Data Science,ad
2722,"Sri Krishna College of Technology (Autonomous), Kovaipudur Post, Coimbatore-641042.",COIMBATORE,166,159.5,148.5,148,127,118,153.5,TNEA2025-02685,CIVIL ENGINEERING,ce
2722,"Sri Krishna College of Technology (Autonomous), Kovaipudur Post, Coimbatore-641042.",COIMBATORE,185,181.5,180,177,150,144,127,TNEA2025-02686,COMPUTER SCIENCE AND ENGINEERING,cs
2722,"Sri Krishna College of Technology (Autonomous), Kovaipudur Post, Coimbatore-641042.",COIMBATORE,181.5,179.5,176,176.5,146,160.5,127,TNEA2025-02687,COMPUTER SCIENCE AND ENGINEERING (AI AND MACHINE LEARNING),am
2722,"Sri Krishna College of Technology (Autonomous), Kovaipudur Post, Coimbatore-641042.",COIMBATORE,182,179.5,181.5,176,144,156.5,127,TNEA2025-02688,Computer Science and Engineering (Cyber Security),sc
2722,"Sri Krishna College of Technology (Autonomous), Kovaipudur Post, Coimbatore-641042.",COIMBATORE,179,178.5,176.5,174.5,139.5,125,127,TNEA2025-02689,Computer Science and Engineering (Internet of Things),ci
2722,"Sri Krishna College of Technology (Autonomous), Kovaipudur Post, Coimbatore-641042.",COIMBATORE,178.5,176,168.5,169,129.5,125,112,TNEA2025-02690,ELECTRICAL AND ELECTRONICS ENGINEERING,ee
2722,"Sri Krishna College of Technology (Autonomous), Kovaipudur Post, Coimbatore-641042.",COIMBATORE,183,180.5,182.5,175.5,144.5,127.5,135,TNEA2025-02691,ELECTRONICS AND COMMUNICATION ENGINEERING,ec
2722,"Sri Krishna College of Technology (Autonomous), Kovaipudur Post, Coimbatore-641042.",COIMBATORE,181,179,177,177,149.5,136,126,TNEA2025-02692,INFORMATION TECHNOLOGY,it
2722,"Sri Krishna College of Technology (Autonomous), Kovaipudur Post, Coimbatore-641042.",COIMBATORE,170.5,167,167.5,161,134.5,136,126,TNEA2025-02693,MECHANICAL ENGINEERING,me
1427,"Sri Krishna Engineering College, Panapakkam Near Padappai Via Tambaram, Kanchipuram, Chennai-601301.",KANCHIPURAM,97.5,Not Available,Not Available,Not Available,Not Available,Not Available,Not Available,TNEA2025-02694,Artificial Intelligence and Data Science,ad
1427,"Sri Krishna Engineering College, Panapakkam Near Padappai Via Tambaram, Kanchipuram, Chennai-601301.",KANCHIPURAM,98,Not Available,Not Available,Not Available,Not Available,Not Available,Not Available,TNEA2025-02695,COMPUTER SCIENCE AND ENGINEERING,cs
1427,"Sri Krishna Engineering College, Panapakkam Near Padappai Via Tambaram, Kanchipuram, Chennai-601301.",KANCHIPURAM,98,Not Available,Not Available,Not Available,Not Available,Not Available,Not Available,TNEA2025-02696,ELECTRICAL AND ELECTRONICS ENGINEERING,ee
1427,"Sri Krishna Engineering College, Panapakkam Near Padappai Via Tambaram, Kanchipuram, Chennai-601301.",KANCHIPURAM,105,Not Available,Not Available,Not Available,Not Available,Not Available,Not Available,TNEA2025-02697,ELECTRONICS AND COMMUNICATION ENGINEERING,ec
1427,"Sri Krishna Engineering College, Panapakkam Near Padappai Via Tambaram, Kanchipuram, Chennai-601301.",KANCHIPURAM,130,Not Available,Not Available,Not Available,Not Available,Not Available,Not Available,TNEA2025-02698,FASHION TECHNOLOGY,ft
1427,"Sri Krishna Engineering College, Panapakkam Near Padappai Via Tambaram, Kanchipuram, Chennai-601301.",KANCHIPURAM,87,Not Available,Not Available,Not Available,Not Available,Not Available,Not Available,TNEA2025-02699,INFORMATION TECHNOLOGY,it
1335,"Sri Krishna Institute of Technology, Navaneedam Nagar, Panapakkam, Near Padappai, Kanchipuram-601301.",KANCHIPURAM,112.5,Not Available,Not Available,Not Available,Not Available,Not Available,Not Available,TNEA2025-02700,CIVIL ENGINEERING,ce
1335,"Sri Krishna Institute of Technology, Navaneedam Nagar, Panapakkam, Near Padappai, Kanchipuram-601301.",KANCHIPURAM,112.5,Not Available,Not Available,Not Available,Not Available,Not Available,Not Available,TNEA2025-02701,COMPUTER SCIENCE AND ENGINEERING (AI AND MACHINE LEARNING),am
1335,"Sri Krishna Institute of Technology, Navaneedam Nagar, Panapakkam, Near Padappai, Kanchipuram-601301.",KANCHIPURAM,96.5,Not Available,Not Available,Not Available,Not Available,Not Available,Not Available,TNEA2025-02702,Computer Science and Engineering (Cyber Security),sc
1335,"Sri Krishna Institute of Technology, Navaneedam Nagar, Panapakkam, Near Padappai, Kanchipuram-601301.",KANCHIPURAM,96.5,Not Available,Not Available,Not Available,Not Available,Not Available,Not Available,TNEA2025-02703,ELECTRICAL AND ELECTRONICS ENGINEERING,ee
1335,"Sri Krishna Institute of Technology, Navaneedam Nagar, Panapakkam, Near Padappai, Kanchipuram-601301.",KANCHIPURAM,114.5,Not Available,Not Available,Not Available,Not Available,Not Available,Not Available,TNEA2025-02704,ELECTRONICS AND COMMUNICATION ENGINEERING,ec
1335,"Sri Krishna Institute of Technology, Navaneedam Nagar, Panapakkam, Near Padappai, Kanchipuram-601301.",KANCHIPURAM,114.5,Not Available,Not Available,Not Available,Not Available,Not Available,Not Available,TNEA2025-02705,MECHANICAL ENGINEERING,me
1218,"Sri Muthukumaran Institute of Technology, Chikkarayapuram Near Mangadu, Kanchipuram, Chennai-600069.",KANCHIPURAM f,128.5,92,111,124.5,105,107,Not Available,TNEA2025-02706,Artificial Intelligence and Data Science,ad
1218,"Sri Muthukumaran Institute of Technology, Chikkarayapuram Near Mangadu, Kanchipuram, Chennai-600069.",KANCHIPURAM f,105.5,92,111,124.5,105,107,Not Available,TNEA2025-02707,BIO MEDICAL ENGINEERING,bm
1218,"Sri Muthukumaran Institute of Technology, Chikkarayapuram Near Mangadu, Kanchipuram, Chennai-600069.",KANCHIPURAM f,105.5,92,111,124.5,105,107,Not Available,TNEA2025-02708,CIVIL ENGINEERING,ce
1218,"Sri Muthukumaran Institute of Technology, Chikkarayapuram Near Mangadu, Kanchipuram, Chennai-600069.",KANCHIPURAM f,119,104.5,91,91,93,94,Not Available,TNEA2025-02709,COMPUTER SCIENCE AND ENGINEERING,cs
1218,"Sri Muthukumaran Institute of Technology, Chikkarayapuram Near Mangadu, Kanchipuram, Chennai-600069.",KANCHIPURAM f,84.5,104.5,91,91,93,94,Not Available,TNEA2025-02710,ELECTRICAL AND ELECTRONICS ENGINEERING,ee
1218,"Sri Muthukumaran Institute of Technology, Chikkarayapuram Near Mangadu, Kanchipuram, Chennai-600069.",KANCHIPURAM f,105,104.5,91,91,93,94,Not Available,TNEA2025-02711,ELECTRONICS AND COMMUNICATION ENGINEERING,ec
1218,"Sri Muthukumaran Institute of Technology, Chikkarayapuram Near Mangadu, Kanchipuram, Chennai-600069.",KANCHIPURAM f,111.5,104.5,91,98,92.5,94,Not Available,TNEA2025-02712,INFORMATION TECHNOLOGY,it
1218,"Sri Muthukumaran Institute of Technology, Chikkarayapuram Near Mangadu, Kanchipuram, Chennai-600069.",KANCHIPURAM f,82,104.5,91,98,92.5,94,Not Available,TNEA2025-02713,MECHANICAL ENGINEERING,me
1218,"Sri Muthukumaran Institute of Technology, Chikkarayapuram Near Mangadu, Kanchipuram, Chennai-600069.",KANCHIPURAM f,116.5,104.5,91,98,92.5,94,Not Available,TNEA2025-02714,Mechatronics Engineering,mz
1218,"Sri Muthukumaran Institute of Technology, Chikkarayapuram Near Mangadu, Kanchipuram, Chennai-600069.",KANCHIPURAM f,116.5,104.5,91,98,92.5,94,Not Available,TNEA2025-02715,PHARMACEUTICAL TECHNOLOGY,ph
1218,"Sri Muthukumaran Institute of Technology, Chikkarayapuram Near Mangadu, Kanchipuram, Chennai-600069.",KANCHIPURAM f,89.5,104.5,91,98,92.5,94,Not Available,TNEA2025-02716,ROBOTICS AND AUTOMATION,rm
1514,"Sri Nandhanam College of Engineering and Technology, Molagarampatti, Tirupattur, Vellore-635601.",TIRUPATHUR,Not Available,Not Available,Not Available,Not Available,Not Available,Not Available,Not Available,TNEA2025-02717,COMPUTER SCIENCE AND ENGINEERING,cs
5502,"Sri Raajaraajan College of Engineering and Technology, No.146/4B1, Amaravathi Village, Amaravathypudhur(Post), Karaikudi Taluk, Sivagangai District-630301.",SIVAGANGAI,151.5,99,110,106,Not Available,Not Available,Not Available,TNEA2025-02718,AGRICULTURAL ENGINEERING,ag
5502,"Sri Raajaraajan College of Engineering and Technology, No.146/4B1, Amaravathi Village, Amaravathypudhur(Post), Karaikudi Taluk, Sivagangai District-630301.",SIVAGANGAI,101,99,110,106,Not Available,Not Available,Not Available,TNEA2025-02719,Artificial Intelligence and Data Science,ad
5502,"Sri Raajaraajan College of Engineering and Technology, No.146/4B1, Amaravathi Village, Amaravathypudhur(Post), Karaikudi Taluk, Sivagangai District-630301.",SIVAGANGAI,101,99,110,106,Not Available,Not Available,Not Available,TNEA2025-02720,CIVIL ENGINEERING,ce
5502,"Sri Raajaraajan College of Engineering and Technology, No.146/4B1, Amaravathi Village, Amaravathypudhur(Post), Karaikudi Taluk, Sivagangai District-630301.",SIVAGANGAI,114.5,95.5,110,106,Not Available,Not Available,Not Available,TNEA2025-02721,COMPUTER SCIENCE AND ENGINEERING,cs
5502,"Sri Raajaraajan College of Engineering and Technology, No.146/4B1, Amaravathi Village, Amaravathypudhur(Post), Karaikudi Taluk, Sivagangai District-630301.",SIVAGANGAI,82.5,95.5,110,106,Not Available,Not Available,Not Available,TNEA2025-02722,ELECTRICAL AND ELECTRONICS ENGINEERING,ee
5502,"Sri Raajaraajan College of Engineering and Technology, No.146/4B1, Amaravathi Village, Amaravathypudhur(Post), Karaikudi Taluk, Sivagangai District-630301.",SIVAGANGAI,103.5,87,110,83,Not Available,Not Available,Not Available,TNEA2025-02723,ELECTRONICS AND COMMUNICATION ENGINEERING,ec
5502,"Sri Raajaraajan College of Engineering and Technology, No.146/4B1, Amaravathi Village, Amaravathypudhur(Post), Karaikudi Taluk, Sivagangai District-630301.",SIVAGANGAI,84.5,87,110,83,Not Available,Not Available,Not Available,TNEA2025-02724,MECHANICAL ENGINEERING,me
3454,"Sri Ramakrishna College of Engineering, Sri Saradha Nagar, NH - 45, Perambalur-621113.",PERAMBALUR,127.5,100.5,116,80.5,108,105,Not Available,TNEA2025-02725,AGRICULTURAL ENGINEERING,ag
3454,"Sri Ramakrishna College of Engineering, Sri Saradha Nagar, NH - 45, Perambalur-621113.",PERAMBALUR,144.5,100.5,116,105.5,113,105,Not Available,TNEA2025-02726,Artificial Intelligence and Data Science,ad
3454,"Sri Ramakrishna College of Engineering, Sri Saradha Nagar, NH - 45, Perambalur-621113.",PERAMBALUR,132.5,116,116,125.5,124,105,Not Available,TNEA2025-02727,BIO MEDICAL ENGINEERING,bm
3454,"Sri Ramakrishna College of Engineering, Sri Saradha Nagar, NH - 45, Perambalur-621113.",PERAMBALUR,107,116,116,125.5,124,105,Not Available,TNEA2025-02728,CIVIL ENGINEERING,ce
3454,"Sri Ramakrishna College of Engineering, Sri Saradha Nagar, NH - 45, Perambalur-621113.",PERAMBALUR,135.5,102,115.5,104.5,103.5,105,Not Available,TNEA2025-02729,COMPUTER SCIENCE AND ENGINEERING,cs
3454,"Sri Ramakrishna College of Engineering, Sri Saradha Nagar, NH - 45, Perambalur-621113.",PERAMBALUR,120,102,115.5,101,103.5,105,Not Available,TNEA2025-02730,Computer Science and Engineering (Cyber Security),sc
3454,"Sri Ramakrishna College of Engineering, Sri Saradha Nagar, NH - 45, Perambalur-621113.",PERAMBALUR,117.5,102,115.5,95.5,103.5,105,Not Available,TNEA2025-02731,MECHANICAL ENGINEERING,me
2719,"Sri Ramakrishna Engineering College (Autonomous), Vattamalaipalayam, NGGO Colony Post, Coimbatore-641022.",COIMBATORE,173.5,166.5,177,168,123,119.5,92,TNEA2025-02732,AERONAUTICAL ENGINEERING,ae
2719,"Sri Ramakrishna Engineering College (Autonomous), Vattamalaipalayam, NGGO Colony Post, Coimbatore-641022.",COIMBATORE,183.5,179,177,174.5,146.5,120.5,92,TNEA2025-02733,Artificial Intelligence and Data Science,ad
2719,"Sri Ramakrishna Engineering College (Autonomous), Vattamalaipalayam, NGGO Colony Post, Coimbatore-641022.",COIMBATORE,172,162.5,157,148,158.5,162.5,92,TNEA2025-02734,BIO MEDICAL ENGINEERING,bm
2719,"Sri Ramakrishna Engineering College (Autonomous), Vattamalaipalayam, NGGO Colony Post, Coimbatore-641022.",COIMBATORE,150.5,144,107.5,132,119,107.5,92,TNEA2025-02735,CIVIL ENGINEERING,ce
2719,"Sri Ramakrishna Engineering College (Autonomous), Vattamalaipalayam, NGGO Colony Post, Coimbatore-641022.",COIMBATORE,184.5,179.5,178,177,148.5,139,117.5,TNEA2025-02736,COMPUTER SCIENCE AND ENGINEERING,cs
2719,"Sri Ramakrishna Engineering College (Autonomous), Vattamalaipalayam, NGGO Colony Post, Coimbatore-641022.",COIMBATORE,177,172.5,170.5,164.5,120,139,117.5,TNEA2025-02737,ELECTRICAL AND ELECTRONICS ENGINEERING,ee
2719,"Sri Ramakrishna Engineering College (Autonomous), Vattamalaipalayam, NGGO Colony Post, Coimbatore-641022.",COIMBATORE,181,178.5,174,173,133,103.5,111.5,TNEA2025-02738,ELECTRONICS AND COMMUNICATION ENGINEERING,ec
2719,"Sri Ramakrishna Engineering College (Autonomous), Vattamalaipalayam, NGGO Colony Post, Coimbatore-641022.",COIMBATORE,174,168,172,160,125.5,112,111.5,TNEA2025-02739,ELECTRONICS AND INSTRUMENTATION ENGINEERING,ei
2719,"Sri Ramakrishna Engineering College (Autonomous), Vattamalaipalayam, NGGO Colony Post, Coimbatore-641022.",COIMBATORE,179,178,171,174.5,146.5,133.5,111.5,TNEA2025-02740,INFORMATION TECHNOLOGY,it
2719,"Sri Ramakrishna Engineering College (Autonomous), Vattamalaipalayam, NGGO Colony Post, Coimbatore-641022.",COIMBATORE,177.5,174.5,170,163.5,133,137,111.5,TNEA2025-02741,M.Tech. Computer Science and Engineering (Integrated 5 years),cj
2719,"Sri Ramakrishna Engineering College (Autonomous), Vattamalaipalayam, NGGO Colony Post, Coimbatore-641022.",COIMBATORE,165,156.5,144.5,148,122,115,111.5,TNEA2025-02742,MECHANICAL ENGINEERING,me
2719,"Sri Ramakrishna Engineering College (Autonomous), Vattamalaipalayam, NGGO Colony Post, Coimbatore-641022.",COIMBATORE,172.5,166.5,161.5,159,129.5,115,111.5,TNEA2025-02743,ROBOTICS AND AUTOMATION,rm
2725,"Sri Ramakrishna Institute of Technology (Autonomous), Pachapalayam, Perur Chettipalayam, Coimbatore-641010.",COIMBATORE,172.5,164.5,161.5,159,123.5,97.5,151.5,TNEA2025-02744,COMPUTER SCIENCE AND ENGINEERING,cs
2725,"Sri Ramakrishna Institute of Technology (Autonomous), Pachapalayam, Perur Chettipalayam, Coimbatore-641010.",COIMBATORE,160.5,156,144,149,105,97.5,151.5,TNEA2025-02745,ELECTRICAL AND ELECTRONICS ENGINEERING,ee
2725,"Sri Ramakrishna Institute of Technology (Autonomous), Pachapalayam, Perur Chettipalayam, Coimbatore-641010.",COIMBATORE,170.5,164,149.5,162,113.5,150,151.5,TNEA2025-02746,ELECTRONICS AND COMMUNICATION ENGINEERING,ec
2725,"Sri Ramakrishna Institute of Technology (Autonomous), Pachapalayam, Perur Chettipalayam, Coimbatore-641010.",COIMBATORE,171,163,160.5,161.5,121.5,150,151.5,TNEA2025-02747,INFORMATION TECHNOLOGY,it
2725,"Sri Ramakrishna Institute of Technology (Autonomous), Pachapalayam, Perur Chettipalayam, Coimbatore-641010.",COIMBATORE,143.5,137,119,116.5,96.5,150,151.5,TNEA2025-02748,MECHANICAL ENGINEERING,me
1426,"Sri Ramanujar Engineering College, Vandalur, Kolapakkam, Kanchipuram, Chennai-600127.",CHENGALPATTU,129,104.5,114.5,94.5,85,125.5,Not Available,TNEA2025-02749,Artificial Intelligence and Data Science,ad
1426,"Sri Ramanujar Engineering College, Vandalur, Kolapakkam, Kanchipuram, Chennai-600127.",CHENGALPATTU,103,80,114.5,88,95.5,125.5,Not Available,TNEA2025-02750,COMPUTER SCIENCE AND BUSSINESS SYSTEM,cb
1426,"Sri Ramanujar Engineering College, Vandalur, Kolapakkam, Kanchipuram, Chennai-600127.",CHENGALPATTU,129.5,112,114.5,107.5,92.5,125.5,Not Available,TNEA2025-02751,COMPUTER SCIENCE AND ENGINEERING,cs
1426,"Sri Ramanujar Engineering College, Vandalur, Kolapakkam, Kanchipuram, Chennai-600127.",CHENGALPATTU,106,82,114.5,100,94.5,125.5,Not Available,TNEA2025-02752,ELECTRICAL AND ELECTRONICS ENGINEERING,ee
1426,"Sri Ramanujar Engineering College, Vandalur, Kolapakkam, Kanchipuram, Chennai-600127.",CHENGALPATTU,122,97,112,104,81,125.5,Not Available,TNEA2025-02753,ELECTRONICS AND COMMUNICATION ENGINEERING,ec
1426,"Sri Ramanujar Engineering College, Vandalur, Kolapakkam, Kanchipuram, Chennai-600127.",CHENGALPATTU,121,80,100,95.5,91.5,111,Not Available,TNEA2025-02754,INFORMATION TECHNOLOGY,it
1426,"Sri Ramanujar Engineering College, Vandalur, Kolapakkam, Kanchipuram, Chennai-600127.",CHENGALPATTU,84,84,100,82,91.5,111,Not Available,TNEA2025-02755,MECHANICAL ENGINEERING,me
2342,"Sri Ranganathar Institute of Engineering and Technology, S.F No:162, Athipalayam village, Thudiyalur-kovilpalayam Road, Coimbatore-641110.",COIMBATORE,137,106,87,92,116.5,94.5,111,TNEA2025-02756,Artificial Intelligence and Data Science,ad
2342,"Sri Ranganathar Institute of Engineering and Technology, S.F No:162, Athipalayam village, Thudiyalur-kovilpalayam Road, Coimbatore-641110.",COIMBATORE,83,106,87,92,116.5,94.5,111,TNEA2025-02757,CIVIL ENGINEERING,ce
2342,"Sri Ranganathar Institute of Engineering and Technology, S.F No:162, Athipalayam village, Thudiyalur-kovilpalayam Road, Coimbatore-641110.",COIMBATORE,127.5,102.5,87,84.5,86.5,111.5,111,TNEA2025-02758,COMPUTER SCIENCE AND ENGINEERING,cs
2342,"Sri Ranganathar Institute of Engineering and Technology, S.F No:162, Athipalayam village, Thudiyalur-kovilpalayam Road, Coimbatore-641110.",COIMBATORE,96,91.5,87,94,83,111.5,111,TNEA2025-02759,ELECTRICAL AND ELECTRONICS ENGINEERING,ee
2342,"Sri Ranganathar Institute of Engineering and Technology, S.F No:162, Athipalayam village, Thudiyalur-kovilpalayam Road, Coimbatore-641110.",COIMBATORE,127.5,99.5,87,104,93,120.5,111,TNEA2025-02760,ELECTRONICS AND COMMUNICATION ENGINEERING,ec
2342,"Sri Ranganathar Institute of Engineering and Technology, S.F No:162, Athipalayam village, Thudiyalur-kovilpalayam Road, Coimbatore-641110.",COIMBATORE,122,95.5,87,84.5,99,119,111,TNEA2025-02761,INFORMATION TECHNOLOGY,it
2342,"Sri Ranganathar Institute of Engineering and Technology, S.F No:162, Athipalayam village, Thudiyalur-kovilpalayam Road, Coimbatore-641110.",COIMBATORE,87,95.5,87,84.5,80,119,111,TNEA2025-02762,MECHANICAL ENGINEERING,me
1445,"Sri Rangapoopathi College of Engineering, Alampoondi Village & Post, Gingee Taluk, Villupuram District-604151.",VILUPPURAM,111.5,Not Available,Not Available,Not Available,Not Available,Not Available,Not Available,TNEA2025-02763,Artificial Intelligence and Data Science,ad
1445,"Sri Rangapoopathi College of Engineering, Alampoondi Village & Post, Gingee Taluk, Villupuram District-604151.",VILUPPURAM,120.5,Not Available,Not Available,Not Available,Not Available,Not Available,Not Available,TNEA2025-02764,CIVIL ENGINEERING,ce
1445,"Sri Rangapoopathi College of Engineering, Alampoondi Village & Post, Gingee Taluk, Villupuram District-604151.",VILUPPURAM,83,Not Available,Not Available,Not Available,Not Available,Not Available,Not Available,TNEA2025-02765,COMPUTER SCIENCE AND ENGINEERING,cs
1445,"Sri Rangapoopathi College of Engineering, Alampoondi Village & Post, Gingee Taluk, Villupuram District-604151.",VILUPPURAM,83,Not Available,Not Available,Not Available,Not Available,Not Available,Not Available,TNEA2025-02766,Computer Science and Engineering (Cyber Security),sc
1445,"Sri Rangapoopathi College of Engineering, Alampoondi Village & Post, Gingee Taluk, Villupuram District-604151.",VILUPPURAM,83,Not Available,Not Available,Not Available,Not Available,Not Available,Not Available,TNEA2025-02767,ELECTRICAL AND ELECTRONICS ENGINEERING,ee
1445,"Sri Rangapoopathi College of Engineering, Alampoondi Village & Post, Gingee Taluk, Villupuram District-604151.",VILUPPURAM,84,Not Available,Not Available,Not Available,Not Available,Not Available,Not Available,TNEA2025-02768,ELECTRONICS AND COMMUNICATION ENGINEERING,ec
1445,"Sri Rangapoopathi College of Engineering, Alampoondi Village & Post, Gingee Taluk, Villupuram District-604151.",VILUPPURAM,98,Not Available,Not Available,Not Available,Not Available,Not Available,Not Available,TNEA2025-02769,MECHANICAL ENGINEERING,me
1419,"Sri Sai Ram Engineering College (Autonomous), Sai Leo Nagar, Poonthandalam Village, Dharkast Post, West Tambram, Kanchipuram, Chennai-600044.",KANCHIPURAM,181,176,173.5,174,154,113.5,107,TNEA2025-02770,Artificial Intelligence and Data Science,ad
1419,"Sri Sai Ram Engineering College (Autonomous), Sai Leo Nagar, Poonthandalam Village, Dharkast Post, West Tambram, Kanchipuram, Chennai-600044.",KANCHIPURAM,155,142,128.5,128,116,131.5,107,TNEA2025-02771,CIVIL ENGINEERING,ce
1419,"Sri Sai Ram Engineering College (Autonomous), Sai Leo Nagar, Poonthandalam Village, Dharkast Post, West Tambram, Kanchipuram, Chennai-600044.",KANCHIPURAM,175,169.5,163.5,169.5,139.5,132,107,TNEA2025-02772,COMPUTER SCIENCE AND BUSSINESS SYSTEM,cb
1419,"Sri Sai Ram Engineering College (Autonomous), Sai Leo Nagar, Poonthandalam Village, Dharkast Post, West Tambram, Kanchipuram, Chennai-600044.",KANCHIPURAM,186,181,178.5,178.5,160.5,127,107,TNEA2025-02773,COMPUTER SCIENCE AND ENGINEERING,cs
1419,"Sri Sai Ram Engineering College (Autonomous), Sai Leo Nagar, Poonthandalam Village, Dharkast Post, West Tambram, Kanchipuram, Chennai-600044.",KANCHIPURAM,179,174,169,172,144,127,122.5,TNEA2025-02774,COMPUTER SCIENCE AND ENGINEERING (AI AND MACHINE LEARNING),am
1419,"Sri Sai Ram Engineering College (Autonomous), Sai Leo Nagar, Poonthandalam Village, Dharkast Post, West Tambram, Kanchipuram, Chennai-600044.",KANCHIPURAM,179,174,172.5,175,154.5,113,122.5,TNEA2025-02775,Computer Science and Engineering (Cyber Security),sc
1419,"Sri Sai Ram Engineering College (Autonomous), Sai Leo Nagar, Poonthandalam Village, Dharkast Post, West Tambram, Kanchipuram, Chennai-600044.",KANCHIPURAM,177.5,171,166,168.5,140.5,113,122.5,TNEA2025-02776,Computer Science and Engineering (Internet of Things),ci
1419,"Sri Sai Ram Engineering College (Autonomous), Sai Leo Nagar, Poonthandalam Village, Dharkast Post, West Tambram, Kanchipuram, Chennai-600044.",KANCHIPURAM,172.5,165,164,162,134.5,113,122.5,TNEA2025-02777,ELECTRICAL AND ELECTRONICS ENGINEERING,ee
1419,"Sri Sai Ram Engineering College (Autonomous), Sai Leo Nagar, Poonthandalam Village, Dharkast Post, West Tambram, Kanchipuram, Chennai-600044.",KANCHIPURAM,182.5,177.5,173.5,172,149.5,113,116.5,TNEA2025-02778,ELECTRONICS AND COMMUNICATION ENGINEERING,ec
1419,"Sri Sai Ram Engineering College (Autonomous), Sai Leo Nagar, Poonthandalam Village, Dharkast Post, West Tambram, Kanchipuram, Chennai-600044.",KANCHIPURAM,167.5,163,160,156.5,130,113,116.5,TNEA2025-02779,ELECTRONICS AND INSTRUMENTATION ENGINEERING,ei
1419,"Sri Sai Ram Engineering College (Autonomous), Sai Leo Nagar, Poonthandalam Village, Dharkast Post, West Tambram, Kanchipuram, Chennai-600044.",KANCHIPURAM,165.5,160,151.5,154.5,122.5,113,116.5,TNEA2025-02780,Electronic Instrumentation and Control Engineering,ix
1419,"Sri Sai Ram Engineering College (Autonomous), Sai Leo Nagar, Poonthandalam Village, Dharkast Post, West Tambram, Kanchipuram, Chennai-600044.",KANCHIPURAM,181,176,169.5,174.5,147,100.5,116.5,TNEA2025-02781,INFORMATION TECHNOLOGY,it
1419,"Sri Sai Ram Engineering College (Autonomous), Sai Leo Nagar, Poonthandalam Village, Dharkast Post, West Tambram, Kanchipuram, Chennai-600044.",KANCHIPURAM,174.5,170,164.5,165,140,135.5,116.5,TNEA2025-02782,M.Tech. Computer Science and Engineering (Integrated 5 years),cj
1419,"Sri Sai Ram Engineering College (Autonomous), Sai Leo Nagar, Poonthandalam Village, Dharkast Post, West Tambram, Kanchipuram, Chennai-600044.",KANCHIPURAM,155,144.5,137.5,136.5,119,135.5,116.5,TNEA2025-02783,MECHANICAL AND AUTOMATION ENGINEERING,mu
1419,"Sri Sai Ram Engineering College (Autonomous), Sai Leo Nagar, Poonthandalam Village, Dharkast Post, West Tambram, Kanchipuram, Chennai-600044.",KANCHIPURAM,164,151,148,149,121,135.5,116.5,TNEA2025-02784,MECHANICAL ENGINEERING,me
1324,"Sri Sai Ram Institute of Technology (Autonomous), Sai Leo Nagar, Dharkast Road, West Tambaram, Kanchipuram, Chennai-600044.",CHENNAI,174.5,171,165,168,150.5,165.5,130.5,TNEA2025-02785,Artificial Intelligence and Data Science,ad
1324,"Sri Sai Ram Institute of Technology (Autonomous), Sai Leo Nagar, Dharkast Road, West Tambaram, Kanchipuram, Chennai-600044.",CHENNAI,171,167.5,167.5,163,134,165.5,130.5,TNEA2025-02786,COMPUTER AND COMMUNICATION ENGINEERING,co
1324,"Sri Sai Ram Institute of Technology (Autonomous), Sai Leo Nagar, Dharkast Road, West Tambaram, Kanchipuram, Chennai-600044.",CHENNAI,178.5,175,169,170.5,142.5,107.5,130.5,TNEA2025-02787,COMPUTER SCIENCE AND ENGINEERING,cs
1324,"Sri Sai Ram Institute of Technology (Autonomous), Sai Leo Nagar, Dharkast Road, West Tambaram, Kanchipuram, Chennai-600044.",CHENNAI,174,169,170.5,166.5,142,107.5,130.5,TNEA2025-02788,COMPUTER SCIENCE AND ENGINEERING (AI AND MACHINE LEARNING),am
1324,"Sri Sai Ram Institute of Technology (Autonomous), Sai Leo Nagar, Dharkast Road, West Tambaram, Kanchipuram, Chennai-600044.",CHENNAI,174.5,171.5,169.5,165.5,141.5,107.5,130.5,TNEA2025-02789,Computer Science and Engineering (Cyber Security),sc
1324,"Sri Sai Ram Institute of Technology (Autonomous), Sai Leo Nagar, Dharkast Road, West Tambaram, Kanchipuram, Chennai-600044.",CHENNAI,171.5,168,170,163.5,134.5,107.5,130.5,TNEA2025-02790,Computer Science and Engineering (Internet of Things),ci
1324,"Sri Sai Ram Institute of Technology (Autonomous), Sai Leo Nagar, Dharkast Road, West Tambaram, Kanchipuram, Chennai-600044.",CHENNAI,165,163.5,161,157,130.5,107.5,130.5,TNEA2025-02791,ELECTRICAL AND ELECTRONICS ENGINEERING,ee
1324,"Sri Sai Ram Institute of Technology (Autonomous), Sai Leo Nagar, Dharkast Road, West Tambaram, Kanchipuram, Chennai-600044.",CHENNAI,176.5,172.5,166,171,133.5,107.5,130.5,TNEA2025-02792,ELECTRONICS AND COMMUNICATION ENGINEERING,ec
1324,"Sri Sai Ram Institute of Technology (Autonomous), Sai Leo Nagar, Dharkast Road, West Tambaram, Kanchipuram, Chennai-600044.",CHENNAI,174.5,171,169.5,168,142.5,107.5,114,TNEA2025-02793,INFORMATION TECHNOLOGY,it
1324,"Sri Sai Ram Institute of Technology (Autonomous), Sai Leo Nagar, Dharkast Road, West Tambaram, Kanchipuram, Chennai-600044.",CHENNAI,149.5,143,138.5,136.5,120,107.5,114,TNEA2025-02794,MECHANICAL ENGINEERING,me
2737,"Sri Sai Ranganathan Engineering College, Viraliyur Post, Thondamuthur(via), Coimbatore-641109.",COIMBATORE,172.5,133,119.5,129,127,147,138,TNEA2025-02795,Artificial Intelligence and Data Science,ad
2737,"Sri Sai Ranganathan Engineering College, Viraliyur Post, Thondamuthur(via), Coimbatore-641109.",COIMBATORE,81.5,133,119.5,129,127,147,138,TNEA2025-02796,CIVIL ENGINEERING,ce
2737,"Sri Sai Ranganathan Engineering College, Viraliyur Post, Thondamuthur(via), Coimbatore-641109.",COIMBATORE,157,131,119.5,105.5,121.5,105,138,TNEA2025-02797,COMPUTER SCIENCE AND ENGINEERING,cs
2737,"Sri Sai Ranganathan Engineering College, Viraliyur Post, Thondamuthur(via), Coimbatore-641109.",COIMBATORE,129,113.5,94,95,118,105,138,TNEA2025-02798,COMPUTER SCIENCE AND ENGINEERING (AI AND MACHINE LEARNING),am
2737,"Sri Sai Ranganathan Engineering College, Viraliyur Post, Thondamuthur(via), Coimbatore-641109.",COIMBATORE,148,124.5,94,102,121.5,105,138,TNEA2025-02799,Computer Science and Engineering (Cyber Security),sc
2737,"Sri Sai Ranganathan Engineering College, Viraliyur Post, Thondamuthur(via), Coimbatore-641109.",COIMBATORE,123,100.5,94,79,100.5,105,138,TNEA2025-02800,ELECTRICAL AND ELECTRONICS ENGINEERING,ee
2737,"Sri Sai Ranganathan Engineering College, Viraliyur Post, Thondamuthur(via), Coimbatore-641109.",COIMBATORE,138,106,94,98,124,113,138,TNEA2025-02801,ELECTRONICS AND COMMUNICATION ENGINEERING,ec
2737,"Sri Sai Ranganathan Engineering College, Viraliyur Post, Thondamuthur(via), Coimbatore-641109.",COIMBATORE,158.5,133,94,83,134,93.5,138,TNEA2025-02802,INFORMATION TECHNOLOGY,it
2737,"Sri Sai Ranganathan Engineering College, Viraliyur Post, Thondamuthur(via), Coimbatore-641109.",COIMBATORE,94.5,133,94,83,83,93.5,138,TNEA2025-02803,MECHANICAL ENGINEERING,me
2727,"Sri Shakthi Institute of Engineering and Technology (Autonomous), Sri Shakthi Nagar, L & T By-pass Road, Chinniyampalayam Post, Coimbatore-641062.",COIMBATORE,132,96,130.5,91,95,133,Not Available,TNEA2025-02804,AGRICULTURAL ENGINEERING,ag
2727,"Sri Shakthi Institute of Engineering and Technology (Autonomous), Sri Shakthi Nagar, L & T By-pass Road, Chinniyampalayam Post, Coimbatore-641062.",COIMBATORE,163,155.5,147.5,146,95,133,Not Available,TNEA2025-02805,Artificial Intelligence and Data Science,ad
2727,"Sri Shakthi Institute of Engineering and Technology (Autonomous), Sri Shakthi Nagar, L & T By-pass Road, Chinniyampalayam Post, Coimbatore-641062.",COIMBATORE,159,152.5,144.5,144.5,91,133,Not Available,TNEA2025-02806,Artificial Intelligence and Machine Learning,al
2727,"Sri Shakthi Institute of Engineering and Technology (Autonomous), Sri Shakthi Nagar, L & T By-pass Road, Chinniyampalayam Post, Coimbatore-641062.",COIMBATORE,139.5,109.5,119.5,111,107,103.5,Not Available,TNEA2025-02807,BIO MEDICAL ENGINEERING,bm
2727,"Sri Shakthi Institute of Engineering and Technology (Autonomous), Sri Shakthi Nagar, L & T By-pass Road, Chinniyampalayam Post, Coimbatore-641062.",COIMBATORE,148.5,126.5,119.5,126,119.5,103.5,Not Available,TNEA2025-02808,BIO TECHNOLOGY,bt
2727,"Sri Shakthi Institute of Engineering and Technology (Autonomous), Sri Shakthi Nagar, L & T By-pass Road, Chinniyampalayam Post, Coimbatore-641062.",COIMBATORE,130.5,106.5,119.5,108,125.5,103.5,Not Available,TNEA2025-02809,CIVIL ENGINEERING,ce
2727,"Sri Shakthi Institute of Engineering and Technology (Autonomous), Sri Shakthi Nagar, L & T By-pass Road, Chinniyampalayam Post, Coimbatore-641062.",COIMBATORE,170,161.5,154,155,95,85.5,Not Available,TNEA2025-02810,COMPUTER SCIENCE AND ENGINEERING,cs
2727,"Sri Shakthi Institute of Engineering and Technology (Autonomous), Sri Shakthi Nagar, L & T By-pass Road, Chinniyampalayam Post, Coimbatore-641062.",COIMBATORE,159.5,152.5,143,143,96,105.5,Not Available,TNEA2025-02811,Computer Science and Engineering (Cyber Security),sc
2727,"Sri Shakthi Institute of Engineering and Technology (Autonomous), Sri Shakthi Nagar, L & T By-pass Road, Chinniyampalayam Post, Coimbatore-641062.",COIMBATORE,152.5,147,124,138.5,96,105.5,Not Available,TNEA2025-02812,ELECTRICAL AND ELECTRONICS ENGINEERING,ee
2727,"Sri Shakthi Institute of Engineering and Technology (Autonomous), Sri Shakthi Nagar, L & T By-pass Road, Chinniyampalayam Post, Coimbatore-641062.",COIMBATORE,165,157.5,154.5,147.5,89.5,105.5,Not Available,TNEA2025-02813,ELECTRONICS AND COMMUNICATION ENGINEERING,ec
2727,"Sri Shakthi Institute of Engineering and Technology (Autonomous), Sri Shakthi Nagar, L & T By-pass Road, Chinniyampalayam Post, Coimbatore-641062.",COIMBATORE,154.5,142,113.5,143,89.5,105.5,Not Available,TNEA2025-02814,Electronics Engineering (VLSI Design and Technology),ev
2727,"Sri Shakthi Institute of Engineering and Technology (Autonomous), Sri Shakthi Nagar, L & T By-pass Road, Chinniyampalayam Post, Coimbatore-641062.",COIMBATORE,142,98.5,110,97.5,89.5,105.5,Not Available,TNEA2025-02815,FOOD TECHNOLOGY,fd
2727,"Sri Shakthi Institute of Engineering and Technology (Autonomous), Sri Shakthi Nagar, L & T By-pass Road, Chinniyampalayam Post, Coimbatore-641062.",COIMBATORE,162.5,156,147.5,147,103,105.5,Not Available,TNEA2025-02816,INFORMATION TECHNOLOGY,it
2727,"Sri Shakthi Institute of Engineering and Technology (Autonomous), Sri Shakthi Nagar, L & T By-pass Road, Chinniyampalayam Post, Coimbatore-641062.",COIMBATORE,145.5,132.5,131.5,116.5,115,105.5,Not Available,TNEA2025-02817,MECHANICAL ENGINEERING,me
2302,"Sri Shanmugha College of Engineering and Technology (Autonomous), Pullipalayam, Morur(PO), Sankari Taluk, Salem District-637304.",SALEM,93.5,81.5,109,92,85.5,124.5,Not Available,TNEA2025-02818,AGRICULTURAL ENGINEERING,ag
2302,"Sri Shanmugha College of Engineering and Technology (Autonomous), Pullipalayam, Morur(PO), Sankari Taluk, Salem District-637304.",SALEM,135,105.5,109,95,103,124.5,Not Available,TNEA2025-02819,Artificial Intelligence and Data Science,ad
2302,"Sri Shanmugha College of Engineering and Technology (Autonomous), Pullipalayam, Morur(PO), Sankari Taluk, Salem District-637304.",SALEM,130.5,83,125,93,89,128.5,Not Available,TNEA2025-02820,BIO MEDICAL ENGINEERING,bm
2302,"Sri Shanmugha College of Engineering and Technology (Autonomous), Pullipalayam, Morur(PO), Sankari Taluk, Salem District-637304.",SALEM,142,120,131.5,126.5,104.5,107,Not Available,TNEA2025-02821,COMPUTER SCIENCE AND ENGINEERING,cs
2302,"Sri Shanmugha College of Engineering and Technology (Autonomous), Pullipalayam, Morur(PO), Sankari Taluk, Salem District-637304.",SALEM,116.5,88.5,131.5,98.5,104.5,104.5,Not Available,TNEA2025-02822,Computer Science and Engineering (Cyber Security),sc
2302,"Sri Shanmugha College of Engineering and Technology (Autonomous), Pullipalayam, Morur(PO), Sankari Taluk, Salem District-637304.",SALEM,127.5,104,131.5,97,85.5,104.5,Not Available,TNEA2025-02823,ELECTRONICS AND COMMUNICATION ENGINEERING,ec
2302,"Sri Shanmugha College of Engineering and Technology (Autonomous), Pullipalayam, Morur(PO), Sankari Taluk, Salem District-637304.",SALEM,123.5,88,96.5,104.5,93.5,102,Not Available,TNEA2025-02824,INFORMATION TECHNOLOGY,it
2302,"Sri Shanmugha College of Engineering and Technology (Autonomous), Pullipalayam, Morur(PO), Sankari Taluk, Salem District-637304.",SALEM,106.5,94,96.5,82,99.5,102,Not Available,TNEA2025-02825,MECHANICAL ENGINEERING,me
1315,"Sri Sivasubramaniya Nadar College of Engineering (Autonomous), Rajiv Gandhi Salai (OMR), Kalavakkam, Kanchipuram District-603110.",CHENGALPATTU,191,189,190.5,187,167,166.5,158,TNEA2025-02826,BIO MEDICAL ENGINEERING,bm
1315,"Sri Sivasubramaniya Nadar College of Engineering (Autonomous), Rajiv Gandhi Salai (OMR), Kalavakkam, Kanchipuram District-603110.",CHENGALPATTU,190.5,187.5,189.5,187.5,168.5,135,158,TNEA2025-02827,CHEMICAL ENGINEERING,ch
1315,"Sri Sivasubramaniya Nadar College of Engineering (Autonomous), Rajiv Gandhi Salai (OMR), Kalavakkam, Kanchipuram District-603110.",CHENGALPATTU,188.5,185,188,183,166.5,126,158,TNEA2025-02828,CIVIL ENGINEERING,ce
1315,"Sri Sivasubramaniya Nadar College of Engineering (Autonomous), Rajiv Gandhi Salai (OMR), Kalavakkam, Kanchipuram District-603110.",CHENGALPATTU,198.5,197.5,197,196.5,191.5,184,178,TNEA2025-02829,COMPUTER SCIENCE AND ENGINEERING,cs
1315,"Sri Sivasubramaniya Nadar College of Engineering (Autonomous), Rajiv Gandhi Salai (OMR), Kalavakkam, Kanchipuram District-603110.",CHENGALPATTU,195,194.5,193.5,192.5,182,159,168.5,TNEA2025-02830,ELECTRICAL AND ELECTRONICS ENGINEERING,ee
1315,"Sri Sivasubramaniya Nadar College of Engineering (Autonomous), Rajiv Gandhi Salai (OMR), Kalavakkam, Kanchipuram District-603110.",CHENGALPATTU,197,196,196.5,195,189,178,170.5,TNEA2025-02831,ELECTRONICS AND COMMUNICATION ENGINEERING,ec
1315,"Sri Sivasubramaniya Nadar College of Engineering (Autonomous), Rajiv Gandhi Salai (OMR), Kalavakkam, Kanchipuram District-603110.",CHENGALPATTU,197,196.5,196.5,195.5,189.5,178,170.5,TNEA2025-02832,INFORMATION TECHNOLOGY,it
1315,"Sri Sivasubramaniya Nadar College of Engineering (Autonomous), Rajiv Gandhi Salai (OMR), Kalavakkam, Kanchipuram District-603110.",CHENGALPATTU,195,194,194.5,192.5,183,161,170.5,TNEA2025-02833,M.Tech. Computer Science and Engineering (Integrated 5 years),cj
1315,"Sri Sivasubramaniya Nadar College of Engineering (Autonomous), Rajiv Gandhi Salai (OMR), Kalavakkam, Kanchipuram District-603110.",CHENGALPATTU,192,190.5,190,189.5,175.5,156.5,159.5,TNEA2025-02834,MECHANICAL ENGINEERING,me
1219,"Sri Venkateswara College of Engineering (Autonomous), Post Bag No.3, Pennalur, Sriperumbudur, Kanchipuram-602105.",KANCHIPURAM,187,185.5,183,183,163,95,153,TNEA2025-02835,Artificial Intelligence and Data Science,ad
1219,"Sri Venkateswara College of Engineering (Autonomous), Post Bag No.3, Pennalur, Sriperumbudur, Kanchipuram-602105.",KANCHIPURAM,179.5,170,153.5,162.5,143,95,153,TNEA2025-02836,BIO TECHNOLOGY,bt
1219,"Sri Venkateswara College of Engineering (Autonomous), Post Bag No.3, Pennalur, Sriperumbudur, Kanchipuram-602105.",KANCHIPURAM,174,161.5,171,165,153,167,153,TNEA2025-02837,CHEMICAL ENGINEERING,ch
1219,"Sri Venkateswara College of Engineering (Autonomous), Post Bag No.3, Pennalur, Sriperumbudur, Kanchipuram-602105.",KANCHIPURAM,164,153,159,143.5,135,144.5,153,TNEA2025-02838,CIVIL ENGINEERING,ce
1219,"Sri Venkateswara College of Engineering (Autonomous), Post Bag No.3, Pennalur, Sriperumbudur, Kanchipuram-602105.",KANCHIPURAM,190.5,188,188,186,169,171.5,153,TNEA2025-02839,COMPUTER SCIENCE AND ENGINEERING,cs
1219,"Sri Venkateswara College of Engineering (Autonomous), Post Bag No.3, Pennalur, Sriperumbudur, Kanchipuram-602105.",KANCHIPURAM,182,180,172,171.5,144,120.5,153,TNEA2025-02840,ELECTRICAL AND ELECTRONICS ENGINEERING,ee
1219,"Sri Venkateswara College of Engineering (Autonomous), Post Bag No.3, Pennalur, Sriperumbudur, Kanchipuram-602105.",KANCHIPURAM,188,185.5,183,181.5,164.5,150,128.5,TNEA2025-02841,ELECTRONICS AND COMMUNICATION ENGINEERING,ec
1219,"Sri Venkateswara College of Engineering (Autonomous), Post Bag No.3, Pennalur, Sriperumbudur, Kanchipuram-602105.",KANCHIPURAM,187.5,186.5,183.5,184,160.5,131,125.5,TNEA2025-02842,INFORMATION TECHNOLOGY,it
1219,"Sri Venkateswara College of Engineering (Autonomous), Post Bag No.3, Pennalur, Sriperumbudur, Kanchipuram-602105.",KANCHIPURAM,152.5,186.5,183.5,184,160.5,131,125.5,TNEA2025-02843,MARINE ENGINEERING,mr
1219,"Sri Venkateswara College of Engineering (Autonomous), Post Bag No.3, Pennalur, Sriperumbudur, Kanchipuram-602105.",KANCHIPURAM,166,157.5,146,153.5,130,109,125.5,TNEA2025-02844,MECHANICAL AND AUTOMATION ENGINEERING,mu
1219,"Sri Venkateswara College of Engineering (Autonomous), Post Bag No.3, Pennalur, Sriperumbudur, Kanchipuram-602105.",KANCHIPURAM,174,168,171.5,165,157.5,105.5,125.5,TNEA2025-02845,MECHANICAL ENGINEERING,me
1219,"Sri Venkateswara College of Engineering (Autonomous), Post Bag No.3, Pennalur, Sriperumbudur, Kanchipuram-602105.",KANCHIPURAM,161,155.5,171.5,150,128.5,105.5,125.5,TNEA2025-02846,Mechanical Engineering (Automobile),mb
1116,"Sri Venkateswara College of Engineering and Technology, Thirupachur, Thiruvallur Taluk & District-631203.",TIRUVALLUR,154,149.5,148.5,145,113.5,Not Available,Not Available,TNEA2025-02847,Artificial Intelligence and Data Science,ad
1116,"Sri Venkateswara College of Engineering and Technology, Thirupachur, Thiruvallur Taluk & District-631203.",TIRUVALLUR,106,149.5,148.5,145,113.5,Not Available,Not Available,TNEA2025-02848,CIVIL ENGINEERING,ce
1116,"Sri Venkateswara College of Engineering and Technology, Thirupachur, Thiruvallur Taluk & District-631203.",TIRUVALLUR,172.5,156,155.5,159,107,Not Available,Not Available,TNEA2025-02849,COMPUTER SCIENCE AND ENGINEERING,cs
1116,"Sri Venkateswara College of Engineering and Technology, Thirupachur, Thiruvallur Taluk & District-631203.",TIRUVALLUR,163,150,155.5,148,104,Not Available,Not Available,TNEA2025-02850,COMPUTER SCIENCE AND ENGINEERING (AI AND MACHINE LEARNING),am
1116,"Sri Venkateswara College of Engineering and Technology, Thirupachur, Thiruvallur Taluk & District-631203.",TIRUVALLUR,151,144,117,142,114,Not Available,Not Available,TNEA2025-02851,Computer Science and Engineering (Cyber Security),sc
1116,"Sri Venkateswara College of Engineering and Technology, Thirupachur, Thiruvallur Taluk & District-631203.",TIRUVALLUR,126.5,144,117,142,114,Not Available,Not Available,TNEA2025-02852,ELECTRICAL AND ELECTRONICS ENGINEERING,ee
1116,"Sri Venkateswara College of Engineering and Technology, Thirupachur, Thiruvallur Taluk & District-631203.",TIRUVALLUR,146.5,105,128.5,91.5,114,Not Available,Not Available,TNEA2025-02853,ELECTRONICS AND COMMUNICATION ENGINEERING,ec
1116,"Sri Venkateswara College of Engineering and Technology, Thirupachur, Thiruvallur Taluk & District-631203.",TIRUVALLUR,159,154.5,150,148.5,98,Not Available,Not Available,TNEA2025-02854,INFORMATION TECHNOLOGY,it
1116,"Sri Venkateswara College of Engineering and Technology, Thirupachur, Thiruvallur Taluk & District-631203.",TIRUVALLUR,103.5,154.5,150,148.5,98,Not Available,Not Available,TNEA2025-02855,MECHANICAL ENGINEERING,me
1121,"Sri Venkateswara Institute of Science and Technology, Kolundhalur, Thiruvallur Taluk & District-631203.",TIRUVALLUR,89,102,Not Available,105,90.5,Not Available,Not Available,TNEA2025-02856,Artificial Intelligence and Data Science,ad
1121,"Sri Venkateswara Institute of Science and Technology, Kolundhalur, Thiruvallur Taluk & District-631203.",TIRUVALLUR,89,102,Not Available,105,90.5,Not Available,Not Available,TNEA2025-02857,CIVIL ENGINEERING,ce
1121,"Sri Venkateswara Institute of Science and Technology, Kolundhalur, Thiruvallur Taluk & District-631203.",TIRUVALLUR,117,102,Not Available,105,90.5,Not Available,Not Available,TNEA2025-02858,COMPUTER SCIENCE AND ENGINEERING,cs
1121,"Sri Venkateswara Institute of Science and Technology, Kolundhalur, Thiruvallur Taluk & District-631203.",TIRUVALLUR,112,102,Not Available,105,90.5,Not Available,Not Available,TNEA2025-02859,Computer Science and Engineering (Cyber Security),sc
1121,"Sri Venkateswara Institute of Science and Technology, Kolundhalur, Thiruvallur Taluk & District-631203.",TIRUVALLUR,112,102,Not Available,105,90.5,Not Available,Not Available,TNEA2025-02860,ELECTRICAL AND ELECTRONICS ENGINEERING,ee
1121,"Sri Venkateswara Institute of Science and Technology, Kolundhalur, Thiruvallur Taluk & District-631203.",TIRUVALLUR,113.5,102,Not Available,105,90.5,Not Available,Not Available,TNEA2025-02861,ELECTRONICS AND COMMUNICATION ENGINEERING,ec
1121,"Sri Venkateswara Institute of Science and Technology, Kolundhalur, Thiruvallur Taluk & District-631203.",TIRUVALLUR,113.5,102,Not Available,105,90.5,Not Available,Not Available,TNEA2025-02862,MECHANICAL ENGINEERING,me
1413,"Sri Venkateswaraa College of Technology, Sirukulathur, Vadakal Village, Mathur Post, Sriperumbhudur, Kanchipuram-602105.",KANCHIPURAM f,142.5,98,124.5,113,108.5,120.5,Not Available,TNEA2025-02863,Artificial Intelligence and Data Science,ad
1413,"Sri Venkateswaraa College of Technology, Sirukulathur, Vadakal Village, Mathur Post, Sriperumbhudur, Kanchipuram-602105.",KANCHIPURAM f,87.5,98,124.5,113,108.5,120.5,Not Available,TNEA2025-02864,COMPUTER SCIENCE AND BUSSINESS SYSTEM,cb
1413,"Sri Venkateswaraa College of Technology, Sirukulathur, Vadakal Village, Mathur Post, Sriperumbhudur, Kanchipuram-602105.",KANCHIPURAM f,88.5,98,124.5,113,108.5,120.5,Not Available,TNEA2025-02865,COMPUTER SCIENCE AND DESIGN,cd
1413,"Sri Venkateswaraa College of Technology, Sirukulathur, Vadakal Village, Mathur Post, Sriperumbhudur, Kanchipuram-602105.",KANCHIPURAM f,149,93,141,80,93,120.5,Not Available,TNEA2025-02866,COMPUTER SCIENCE AND ENGINEERING,cs
1413,"Sri Venkateswaraa College of Technology, Sirukulathur, Vadakal Village, Mathur Post, Sriperumbhudur, Kanchipuram-602105.",KANCHIPURAM f,97.5,94.5,141,92,93,120.5,Not Available,TNEA2025-02867,COMPUTER SCIENCE AND ENGINEERING (AI AND MACHINE LEARNING),am
1413,"Sri Venkateswaraa College of Technology, Sirukulathur, Vadakal Village, Mathur Post, Sriperumbhudur, Kanchipuram-602105.",KANCHIPURAM f,87,94.5,141,92,93,120.5,Not Available,TNEA2025-02868,Computer Science and Engineering (Cyber Security),sc
1413,"Sri Venkateswaraa College of Technology, Sirukulathur, Vadakal Village, Mathur Post, Sriperumbhudur, Kanchipuram-602105.",KANCHIPURAM f,119,94.5,141,92,93,120.5,Not Available,TNEA2025-02869,ELECTRICAL AND ELECTRONICS ENGINEERING,ee
1413,"Sri Venkateswaraa College of Technology, Sirukulathur, Vadakal Village, Mathur Post, Sriperumbhudur, Kanchipuram-602105.",KANCHIPURAM f,142,128,93,118.5,98.5,120.5,Not Available,TNEA2025-02870,ELECTRONICS AND COMMUNICATION ENGINEERING,ec
1413,"Sri Venkateswaraa College of Technology, Sirukulathur, Vadakal Village, Mathur Post, Sriperumbhudur, Kanchipuram-602105.",KANCHIPURAM f,103,128,93,118.5,98.5,120.5,Not Available,TNEA2025-02871,Electronics Engineering (VLSI Design and Technology),ev
1413,"Sri Venkateswaraa College of Technology, Sirukulathur, Vadakal Village, Mathur Post, Sriperumbhudur, Kanchipuram-602105.",KANCHIPURAM f,108.5,128,93,118.5,98.5,120.5,Not Available,TNEA2025-02872,Electronics and Communication (Advanced Communication Technology),ea
1413,"Sri Venkateswaraa College of Technology, Sirukulathur, Vadakal Village, Mathur Post, Sriperumbhudur, Kanchipuram-602105.",KANCHIPURAM f,137.5,120.5,125.5,101,99,120.5,Not Available,TNEA2025-02873,INFORMATION TECHNOLOGY,it
1413,"Sri Venkateswaraa College of Technology, Sirukulathur, Vadakal Village, Mathur Post, Sriperumbhudur, Kanchipuram-602105.",KANCHIPURAM f,94.5,120.5,125.5,101,82.5,120.5,Not Available,TNEA2025-02874,MECHANICAL ENGINEERING,me
4996,"Sri Vidya College of Engineering and Technology, Sivakasi Main Road, P.Kumaralingapuram, Virudhunagar-626005.",VIRUDHUNAGAR,112.5,88,111,90,91,Not Available,Not Available,TNEA2025-02875,Artificial Intelligence and Data Science,ad
4996,"Sri Vidya College of Engineering and Technology, Sivakasi Main Road, P.Kumaralingapuram, Virudhunagar-626005.",VIRUDHUNAGAR,103.5,88,111,90,91,Not Available,Not Available,TNEA2025-02876,CIVIL ENGINEERING,ce
4996,"Sri Vidya College of Engineering and Technology, Sivakasi Main Road, P.Kumaralingapuram, Virudhunagar-626005.",VIRUDHUNAGAR,81.5,88,111,90,91,Not Available,Not Available,TNEA2025-02877,COMPUTER SCIENCE AND BUSSINESS SYSTEM,cb
4996,"Sri Vidya College of Engineering and Technology, Sivakasi Main Road, P.Kumaralingapuram, Virudhunagar-626005.",VIRUDHUNAGAR,113.5,94,102.5,98.5,87.5,Not Available,Not Available,TNEA2025-02878,COMPUTER SCIENCE AND ENGINEERING,cs
4996,"Sri Vidya College of Engineering and Technology, Sivakasi Main Road, P.Kumaralingapuram, Virudhunagar-626005.",VIRUDHUNAGAR,105.5,94,102.5,98.5,87.5,Not Available,Not Available,TNEA2025-02879,ELECTRICAL AND ELECTRONICS ENGINEERING,ee
4996,"Sri Vidya College of Engineering and Technology, Sivakasi Main Road, P.Kumaralingapuram, Virudhunagar-626005.",VIRUDHUNAGAR,87.5,94,102.5,98.5,87.5,Not Available,Not Available,TNEA2025-02880,ELECTRONICS AND COMMUNICATION ENGINEERING,ec
4996,"Sri Vidya College of Engineering and Technology, Sivakasi Main Road, P.Kumaralingapuram, Virudhunagar-626005.",VIRUDHUNAGAR,104,94,102.5,98.5,87.5,Not Available,Not Available,TNEA2025-02881,MECHANICAL ENGINEERING,me
1115,"SriRam Engineering College, Perumalpattu, Veppampattu R.S., Tiruvallur District, Chennai-602024.",Tiruvallur,120,117,Not Available,109,91.5,Not Available,Not Available,TNEA2025-02882,Artificial Intelligence and Data Science,ad
1115,"SriRam Engineering College, Perumalpattu, Veppampattu R.S., Tiruvallur District, Chennai-602024.",Tiruvallur,120,117,Not Available,109,91.5,Not Available,Not Available,TNEA2025-02883,COMPUTER SCIENCE AND BUSSINESS SYSTEM,cb
1115,"SriRam Engineering College, Perumalpattu, Veppampattu R.S., Tiruvallur District, Chennai-602024.",Tiruvallur,126,107,Not Available,109.5,110.5,Not Available,Not Available,TNEA2025-02884,COMPUTER SCIENCE AND ENGINEERING,cs
1115,"SriRam Engineering College, Perumalpattu, Veppampattu R.S., Tiruvallur District, Chennai-602024.",Tiruvallur,101,107,Not Available,109.5,110.5,Not Available,Not Available,TNEA2025-02885,COMPUTER SCIENCE AND ENGINEERING (AI AND MACHINE LEARNING),am
1115,"SriRam Engineering College, Perumalpattu, Veppampattu R.S., Tiruvallur District, Chennai-602024.",Tiruvallur,89,107,Not Available,109.5,110.5,Not Available,Not Available,TNEA2025-02886,Computer Science and Engineering (Cyber Security),sc
1115,"SriRam Engineering College, Perumalpattu, Veppampattu R.S., Tiruvallur District, Chennai-602024.",Tiruvallur,99,107,Not Available,109.5,110.5,Not Available,Not Available,TNEA2025-02887,ELECTRICAL AND ELECTRONICS ENGINEERING,ee
1115,"SriRam Engineering College, Perumalpattu, Veppampattu R.S., Tiruvallur District, Chennai-602024.",Tiruvallur,96.5,107,Not Available,109.5,110.5,Not Available,Not Available,TNEA2025-02888,ELECTRONICS AND COMMUNICATION ENGINEERING,ec
1115,"SriRam Engineering College, Perumalpattu, Veppampattu R.S., Tiruvallur District, Chennai-602024.",Tiruvallur,96.5,107,Not Available,109.5,110.5,Not Available,Not Available,TNEA2025-02889,MECHANICAL ENGINEERING,me
1325,"St. Joseph College of Engineering, Trinity Campus, Nemili B Beemanthangal Village, Sriperumbudur, Kancheepuram District, Chennai-602105.",KANCHIPURAM,146,126.5,142,110.5,105.5,103.5,111,TNEA2025-02890,Artificial Intelligence and Data Science,ad
1325,"St. Joseph College of Engineering, Trinity Campus, Nemili B Beemanthangal Village, Sriperumbudur, Kancheepuram District, Chennai-602105.",KANCHIPURAM,145,113.5,118,104,88,103.5,111.5,TNEA2025-02891,COMPUTER SCIENCE AND ENGINEERING,cs
1325,"St. Joseph College of Engineering, Trinity Campus, Nemili B Beemanthangal Village, Sriperumbudur, Kancheepuram District, Chennai-602105.",KANCHIPURAM,146,120.5,143.5,117.5,115.5,103.5,111.5,TNEA2025-02892,ELECTRONICS AND COMMUNICATION ENGINEERING,ec
1325,"St. Joseph College of Engineering, Trinity Campus, Nemili B Beemanthangal Village, Sriperumbudur, Kancheepuram District, Chennai-602105.",KANCHIPURAM,141.5,113.5,110,103,102,103.5,111.5,TNEA2025-02893,INFORMATION TECHNOLOGY,it
1325,"St. Joseph College of Engineering, Trinity Campus, Nemili B Beemanthangal Village, Sriperumbudur, Kancheepuram District, Chennai-602105.",KANCHIPURAM,119,84,106.5,92.5,85,103.5,111.5,TNEA2025-02894,MECHANICAL ENGINEERING,me
1317,"St. Joseph's College of Engineering (Autonomous), Jeppiaar Nagar, Old Mamallapuram Road, Kanchipuram, Chennai-600119.",CHENNAI,176.5,171.5,167.5,166.5,135.5,104.5,105.5,TNEA2025-02895,Artificial Intelligence and Data Science,ad
1317,"St. Joseph's College of Engineering (Autonomous), Jeppiaar Nagar, Old Mamallapuram Road, Kanchipuram, Chennai-600119.",CHENNAI,172.5,169,162,164.5,140.5,104.5,105.5,TNEA2025-02896,Artificial Intelligence and Machine Learning,al
1317,"St. Joseph's College of Engineering (Autonomous), Jeppiaar Nagar, Old Mamallapuram Road, Kanchipuram, Chennai-600119.",CHENNAI,169,159,156.5,155,132,104.5,105.5,TNEA2025-02897,BIO TECHNOLOGY,bt
1317,"St. Joseph's College of Engineering (Autonomous), Jeppiaar Nagar, Old Mamallapuram Road, Kanchipuram, Chennai-600119.",CHENNAI,166.5,150,140,118,90.5,104.5,105.5,TNEA2025-02898,CHEMICAL ENGINEERING,ch
1317,"St. Joseph's College of Engineering (Autonomous), Jeppiaar Nagar, Old Mamallapuram Road, Kanchipuram, Chennai-600119.",CHENNAI,185,177.5,176.5,176.5,150.5,128,151.5,TNEA2025-02899,COMPUTER SCIENCE AND ENGINEERING,cs
1317,"St. Joseph's College of Engineering (Autonomous), Jeppiaar Nagar, Old Mamallapuram Road, Kanchipuram, Chennai-600119.",CHENNAI,176,173,167,167.5,141,128,151.5,TNEA2025-02900,Computer Science and Engineering (Cyber Security),sc
1317,"St. Joseph's College of Engineering (Autonomous), Jeppiaar Nagar, Old Mamallapuram Road, Kanchipuram, Chennai-600119.",CHENNAI,165.5,161,157,155,125.5,128,151.5,TNEA2025-02901,ELECTRICAL AND ELECTRONICS ENGINEERING,ee
1317,"St. Joseph's College of Engineering (Autonomous), Jeppiaar Nagar, Old Mamallapuram Road, Kanchipuram, Chennai-600119.",CHENNAI,181.5,175,178,167.5,138,128,151.5,TNEA2025-02902,ELECTRONICS AND COMMUNICATION ENGINEERING,ec
1317,"St. Joseph's College of Engineering (Autonomous), Jeppiaar Nagar, Old Mamallapuram Road, Kanchipuram, Chennai-600119.",CHENNAI,179,174.5,172,168.5,141.5,128,122,TNEA2025-02903,INFORMATION TECHNOLOGY,it
1317,"St. Joseph's College of Engineering (Autonomous), Jeppiaar Nagar, Old Mamallapuram Road, Kanchipuram, Chennai-600119.",CHENNAI,150,137.5,120,127,109,128,122,TNEA2025-02904,MECHANICAL ENGINEERING,me
1317,"St. Joseph's College of Engineering (Autonomous), Jeppiaar Nagar, Old Mamallapuram Road, Kanchipuram, Chennai-600119.",CHENNAI,167.5,157.5,117.5,153.5,135.5,128,122,TNEA2025-02905,Mechatronics Engineering,mz
3825,"St. Joseph's College of Engineering and Technology, A.S.Nagar, Ellupatti, Rawasapatti Post, Inathukanpatti Village, Thanjavur-613403.",THANJAVUR,141,123.5,129,85.5,107.5,Not Available,Not Available,TNEA2025-02906,Artificial Intelligence and Data Science,ad
3825,"St. Joseph's College of Engineering and Technology, A.S.Nagar, Ellupatti, Rawasapatti Post, Inathukanpatti Village, Thanjavur-613403.",THANJAVUR,125.5,104.5,109.5,99.5,89.5,Not Available,Not Available,TNEA2025-02907,COMPUTER SCIENCE AND ENGINEERING,cs
3825,"St. Joseph's College of Engineering and Technology, A.S.Nagar, Ellupatti, Rawasapatti Post, Inathukanpatti Village, Thanjavur-613403.",THANJAVUR,106.5,81.5,109.5,99.5,90,Not Available,Not Available,TNEA2025-02908,ELECTRICAL AND ELECTRONICS ENGINEERING,ee
3825,"St. Joseph's College of Engineering and Technology, A.S.Nagar, Ellupatti, Rawasapatti Post, Inathukanpatti Village, Thanjavur-613403.",THANJAVUR,112,89.99,86,91.5,86.5,Not Available,Not Available,TNEA2025-02909,ELECTRONICS AND COMMUNICATION ENGINEERING,ec
3825,"St. Joseph's College of Engineering and Technology, A.S.Nagar, Ellupatti, Rawasapatti Post, Inathukanpatti Village, Thanjavur-613403.",THANJAVUR,128.5,110.5,87.5,92.5,108.5,Not Available,Not Available,TNEA2025-02910,INFORMATION TECHNOLOGY,it
3825,"St. Joseph's College of Engineering and Technology, A.S.Nagar, Ellupatti, Rawasapatti Post, Inathukanpatti Village, Thanjavur-613403.",THANJAVUR,98.5,85,87.5,80.5,88.5,Not Available,Not Available,TNEA2025-02911,MECHANICAL ENGINEERING,me
1149,"St. Joseph's Institute of Technology (Autonomous), Jeppiaar Nagar, Old Mamallapuram Road, Kanchipuram, Chennai-600119.",CHENGALPATTU,169.5,165.5,162.5,163,138,115.5,116.5,TNEA2025-02912,Artificial Intelligence and Data Science,ad
1149,"St. Joseph's Institute of Technology (Autonomous), Jeppiaar Nagar, Old Mamallapuram Road, Kanchipuram, Chennai-600119.",CHENGALPATTU,176,169,168,164,135,115.5,116.5,TNEA2025-02913,COMPUTER SCIENCE AND ENGINEERING,cs
1149,"St. Joseph's Institute of Technology (Autonomous), Jeppiaar Nagar, Old Mamallapuram Road, Kanchipuram, Chennai-600119.",CHENGALPATTU,170.5,165,159,162.5,137.5,156,116.5,TNEA2025-02914,Computer Science and Engineering (Cyber Security),sc
1149,"St. Joseph's Institute of Technology (Autonomous), Jeppiaar Nagar, Old Mamallapuram Road, Kanchipuram, Chennai-600119.",CHENGALPATTU,159,155,142.5,149.5,111.5,156,116.5,TNEA2025-02915,ELECTRICAL AND ELECTRONICS ENGINEERING,ee
1149,"St. Joseph's Institute of Technology (Autonomous), Jeppiaar Nagar, Old Mamallapuram Road, Kanchipuram, Chennai-600119.",CHENGALPATTU,171,165.5,162,163,126.5,156,116.5,TNEA2025-02916,ELECTRONICS AND COMMUNICATION ENGINEERING,ec
1149,"St. Joseph's Institute of Technology (Autonomous), Jeppiaar Nagar, Old Mamallapuram Road, Kanchipuram, Chennai-600119.",CHENGALPATTU,171,166.5,166.5,162.5,133,131.5,116.5,TNEA2025-02917,INFORMATION TECHNOLOGY,it
1149,"St. Joseph's Institute of Technology (Autonomous), Jeppiaar Nagar, Old Mamallapuram Road, Kanchipuram, Chennai-600119.",CHENGALPATTU,137,121.5,126,119,103.5,131.5,116.5,TNEA2025-02918,MECHANICAL ENGINEERING,me
5919,"St. Michael College of Engineering and Technology, St. Santhiagaper Nagar, Kalayarkoil, Sivaganga District-630551.",SIVAGANGAI,110,Not Available,Not Available,Not Available,Not Available,Not Available,Not Available,TNEA2025-02919,BIO MEDICAL ENGINEERING,bm
5919,"St. Michael College of Engineering and Technology, St. Santhiagaper Nagar, Kalayarkoil, Sivaganga District-630551.",SIVAGANGAI,97,Not Available,Not Available,Not Available,Not Available,Not Available,Not Available,TNEA2025-02920,BIO TECHNOLOGY,bt
5919,"St. Michael College of Engineering and Technology, St. Santhiagaper Nagar, Kalayarkoil, Sivaganga District-630551.",SIVAGANGAI,85,Not Available,Not Available,Not Available,Not Available,Not Available,Not Available,TNEA2025-02921,CHEMICAL ENGINEERING,ch
5919,"St. Michael College of Engineering and Technology, St. Santhiagaper Nagar, Kalayarkoil, Sivaganga District-630551.",SIVAGANGAI,88.5,Not Available,Not Available,Not Available,Not Available,Not Available,Not Available,TNEA2025-02922,COMPUTER SCIENCE AND ENGINEERING,cs
5919,"St. Michael College of Engineering and Technology, St. Santhiagaper Nagar, Kalayarkoil, Sivaganga District-630551.",SIVAGANGAI,86,Not Available,Not Available,Not Available,Not Available,Not Available,Not Available,TNEA2025-02923,COMPUTER SCIENCE AND ENGINEERING (AI AND MACHINE LEARNING),am
5919,"St. Michael College of Engineering and Technology, St. Santhiagaper Nagar, Kalayarkoil, Sivaganga District-630551.",SIVAGANGAI,85.5,Not Available,Not Available,Not Available,Not Available,Not Available,Not Available,TNEA2025-02924,ELECTRICAL AND ELECTRONICS ENGINEERING,ee
5919,"St. Michael College of Engineering and Technology, St. Santhiagaper Nagar, Kalayarkoil, Sivaganga District-630551.",SIVAGANGAI,89.5,Not Available,Not Available,Not Available,Not Available,Not Available,Not Available,TNEA2025-02925,ELECTRONICS AND COMMUNICATION ENGINEERING,ec
5919,"St. Michael College of Engineering and Technology, St. Santhiagaper Nagar, Kalayarkoil, Sivaganga District-630551.",SIVAGANGAI,90,Not Available,Not Available,Not Available,Not Available,Not Available,Not Available,TNEA2025-02926,MECHANICAL ENGINEERING,me
4933,"St. Mother Theresa Engineering College, Vagaikulam, Mudivaithanendal Post, Tuticorin District-628102.",THOOTHUKUDI,122,98.5,95.5,88,115,92,Not Available,TNEA2025-02927,Artificial Intelligence and Data Science,ad
4933,"St. Mother Theresa Engineering College, Vagaikulam, Mudivaithanendal Post, Tuticorin District-628102.",THOOTHUKUDI,118.5,87,95.5,80.5,87.5,94.5,Not Available,TNEA2025-02928,COMPUTER SCIENCE AND ENGINEERING,cs
4933,"St. Mother Theresa Engineering College, Vagaikulam, Mudivaithanendal Post, Tuticorin District-628102.",THOOTHUKUDI,105.5,87,95.5,99,103.5,94.5,Not Available,TNEA2025-02929,ELECTRICAL AND ELECTRONICS ENGINEERING,ee
4933,"St. Mother Theresa Engineering College, Vagaikulam, Mudivaithanendal Post, Tuticorin District-628102.",THOOTHUKUDI,124,108,118.5,114.5,98,94.5,Not Available,TNEA2025-02930,ELECTRONICS AND COMMUNICATION ENGINEERING,ec
4933,"St. Mother Theresa Engineering College, Vagaikulam, Mudivaithanendal Post, Tuticorin District-628102.",THOOTHUKUDI,106.5,89,118.5,114.5,92,94.5,Not Available,TNEA2025-02931,MECHANICAL ENGINEERING,me
1127,"St. Peter's College of Engineering and Technology, College Road, Avadi Taluk, Thiruvallur District, Chennai-600054.",TIRUVALLUR,128,106,108,120.5,118,Not Available,Not Available,TNEA2025-02932,Artificial Intelligence and Data Science,ad
1127,"St. Peter's College of Engineering and Technology, College Road, Avadi Taluk, Thiruvallur District, Chennai-600054.",TIRUVALLUR,118,87,108,95,88.5,Not Available,Not Available,TNEA2025-02933,BIO TECHNOLOGY,bt
1127,"St. Peter's College of Engineering and Technology, College Road, Avadi Taluk, Thiruvallur District, Chennai-600054.",TIRUVALLUR,102,91.5,108,95,88.5,Not Available,Not Available,TNEA2025-02934,CHEMICAL ENGINEERING,ch
1127,"St. Peter's College of Engineering and Technology, College Road, Avadi Taluk, Thiruvallur District, Chennai-600054.",TIRUVALLUR,102,91.5,108,95,88.5,Not Available,Not Available,TNEA2025-02935,CIVIL ENGINEERING,ce
1127,"St. Peter's College of Engineering and Technology, College Road, Avadi Taluk, Thiruvallur District, Chennai-600054.",TIRUVALLUR,138.5,100.5,136.5,116.5,98.5,Not Available,Not Available,TNEA2025-02936,COMPUTER SCIENCE AND ENGINEERING,cs
1127,"St. Peter's College of Engineering and Technology, College Road, Avadi Taluk, Thiruvallur District, Chennai-600054.",TIRUVALLUR,102,83,136.5,81.5,98.5,Not Available,Not Available,TNEA2025-02937,ELECTRICAL AND ELECTRONICS ENGINEERING,ee
1127,"St. Peter's College of Engineering and Technology, College Road, Avadi Taluk, Thiruvallur District, Chennai-600054.",TIRUVALLUR,115,92.5,109.5,98,98.5,Not Available,Not Available,TNEA2025-02938,ELECTRONICS AND COMMUNICATION ENGINEERING,ec
1127,"St. Peter's College of Engineering and Technology, College Road, Avadi Taluk, Thiruvallur District, Chennai-600054.",TIRUVALLUR,120,108.5,115.5,103.5,83,Not Available,Not Available,TNEA2025-02939,INFORMATION TECHNOLOGY,it
1127,"St. Peter's College of Engineering and Technology, College Road, Avadi Taluk, Thiruvallur District, Chennai-600054.",TIRUVALLUR,105.5,108.5,115.5,103.5,83,Not Available,Not Available,TNEA2025-02940,MECHANICAL ENGINEERING,me
4971,"St. Xavier's Catholic College of Engineering (Autonomous), Chunkankadai, Kanyakumari District, Nagercoil-629003.",KANNIYAKUMARI,171,152.5,141.5,141.5,110.5,111,Not Available,TNEA2025-02941,Artificial Intelligence and Data Science,ad
4971,"St. Xavier's Catholic College of Engineering (Autonomous), Chunkankadai, Kanyakumari District, Nagercoil-629003.",KANNIYAKUMARI,114.5,104,141.5,141.5,110.5,111,Not Available,TNEA2025-02942,CIVIL ENGINEERING,ce
4971,"St. Xavier's Catholic College of Engineering (Autonomous), Chunkankadai, Kanyakumari District, Nagercoil-629003.",KANNIYAKUMARI,175.5,158.5,154.5,149.5,103.5,111,Not Available,TNEA2025-02943,COMPUTER SCIENCE AND ENGINEERING,cs
4971,"St. Xavier's Catholic College of Engineering (Autonomous), Chunkankadai, Kanyakumari District, Nagercoil-629003.",KANNIYAKUMARI,147.5,140,136,113.5,103.5,111,Not Available,TNEA2025-02944,ELECTRICAL AND ELECTRONICS ENGINEERING,ee
4971,"St. Xavier's Catholic College of Engineering (Autonomous), Chunkankadai, Kanyakumari District, Nagercoil-629003.",KANNIYAKUMARI,164.5,152,163,131,106,111,Not Available,TNEA2025-02945,ELECTRONICS AND COMMUNICATION ENGINEERING,ec
4971,"St. Xavier's Catholic College of Engineering (Autonomous), Chunkankadai, Kanyakumari District, Nagercoil-629003.",KANNIYAKUMARI,162,149,154.5,143,104.5,111,Not Available,TNEA2025-02946,INFORMATION TECHNOLOGY,it
4971,"St. Xavier's Catholic College of Engineering (Autonomous), Chunkankadai, Kanyakumari District, Nagercoil-629003.",KANNIYAKUMARI,133.5,106,106.5,106,93.5,111,Not Available,TNEA2025-02947,MECHANICAL ENGINEERING,me
3860,"St.Anne's College of Engineering and Technology, Anguchettypalayam, Siruvathur Post, Panruti Taluk, Cuddalore District-607110.",CUDDALORE,96.5,82,Not Available,88.5,84.5,Not Available,Not Available,TNEA2025-02948,COMPUTER SCIENCE AND ENGINEERING,cs
3860,"St.Anne's College of Engineering and Technology, Anguchettypalayam, Siruvathur Post, Panruti Taluk, Cuddalore District-607110.",CUDDALORE,87.5,82,Not Available,83.5,84.5,Not Available,Not Available,TNEA2025-02949,COMPUTER SCIENCE AND ENGINEERING (AI AND MACHINE LEARNING),am
3860,"St.Anne's College of Engineering and Technology, Anguchettypalayam, Siruvathur Post, Panruti Taluk, Cuddalore District-607110.",CUDDALORE,84,82,Not Available,83.5,84.5,Not Available,Not Available,TNEA2025-02950,ELECTRICAL AND ELECTRONICS ENGINEERING,ee
3860,"St.Anne's College of Engineering and Technology, Anguchettypalayam, Siruvathur Post, Panruti Taluk, Cuddalore District-607110.",CUDDALORE,83.5,82,Not Available,83.5,84.5,Not Available,Not Available,TNEA2025-02951,ELECTRONICS AND COMMUNICATION ENGINEERING,ec
3860,"St.Anne's College of Engineering and Technology, Anguchettypalayam, Siruvathur Post, Panruti Taluk, Cuddalore District-607110.",CUDDALORE,82,82,Not Available,83.5,84.5,Not Available,Not Available,TNEA2025-02952,MECHANICAL ENGINEERING,me
3766,"Star Lion College of Engineering and Technology, Main Road, Manankorai, Thanjavur-614206.",THANJAVUR,112,Not Available,Not Available,Not Available,Not Available,Not Available,Not Available,TNEA2025-02953,Artificial Intelligence and Data Science,ad
3766,"Star Lion College of Engineering and Technology, Main Road, Manankorai, Thanjavur-614206.",THANJAVUR,112,Not Available,Not Available,Not Available,Not Available,Not Available,Not Available,TNEA2025-02954,CIVIL ENGINEERING,ce
3766,"Star Lion College of Engineering and Technology, Main Road, Manankorai, Thanjavur-614206.",THANJAVUR,112,Not Available,Not Available,Not Available,Not Available,Not Available,Not Available,TNEA2025-02955,COMPUTER SCIENCE AND ENGINEERING,cs
3766,"Star Lion College of Engineering and Technology, Main Road, Manankorai, Thanjavur-614206.",THANJAVUR,112,Not Available,Not Available,Not Available,Not Available,Not Available,Not Available,TNEA2025-02956,COMPUTER SCIENCE AND ENGINEERING (AI AND MACHINE LEARNING),am
3766,"Star Lion College of Engineering and Technology, Main Road, Manankorai, Thanjavur-614206.",THANJAVUR,87,Not Available,Not Available,Not Available,Not Available,Not Available,Not Available,TNEA2025-02957,ELECTRICAL AND ELECTRONICS ENGINEERING,ee
3766,"Star Lion College of Engineering and Technology, Main Road, Manankorai, Thanjavur-614206.",THANJAVUR,87,Not Available,Not Available,Not Available,Not Available,Not Available,Not Available,TNEA2025-02958,ELECTRONICS AND COMMUNICATION ENGINEERING,ec
3766,"Star Lion College of Engineering and Technology, Main Road, Manankorai, Thanjavur-614206.",THANJAVUR,83,Not Available,Not Available,Not Available,Not Available,Not Available,Not Available,TNEA2025-02959,MECHANICAL ENGINEERING,me
4672,"Stella Mary's College of Engineering, Arunthenkanvilai, Azhikal, Kanyakumari-629202.",KANNIYAKUMARI,139,102,113,93,125.5,Not Available,Not Available,TNEA2025-02960,Artificial Intelligence and Data Science,ad
4672,"Stella Mary's College of Engineering, Arunthenkanvilai, Azhikal, Kanyakumari-629202.",KANNIYAKUMARI,97.5,102,113,93,125.5,Not Available,Not Available,TNEA2025-02961,CIVIL ENGINEERING,ce
4672,"Stella Mary's College of Engineering, Arunthenkanvilai, Azhikal, Kanyakumari-629202.",KANNIYAKUMARI,138.5,113,133,92.5,101.5,Not Available,Not Available,TNEA2025-02962,COMPUTER SCIENCE AND ENGINEERING,cs
4672,"Stella Mary's College of Engineering, Arunthenkanvilai, Azhikal, Kanyakumari-629202.",KANNIYAKUMARI,99,84,91,93,101.5,Not Available,Not Available,TNEA2025-02963,ELECTRICAL AND ELECTRONICS ENGINEERING,ee
4672,"Stella Mary's College of Engineering, Arunthenkanvilai, Azhikal, Kanyakumari-629202.",KANNIYAKUMARI,130.5,103.5,91,83.5,120.5,Not Available,Not Available,TNEA2025-02964,ELECTRONICS AND COMMUNICATION ENGINEERING,ec
4672,"Stella Mary's College of Engineering, Arunthenkanvilai, Azhikal, Kanyakumari-629202.",KANNIYAKUMARI,111.5,97,91,100.5,120.5,Not Available,Not Available,TNEA2025-02965,MECHANICAL ENGINEERING,me
2770,"Studyworld College of Engineering, Alagu Nachiamman Koil Road, Palathurai Post, Coimbatore-641105.",COIMBATORE,122.5,102,109,101,101.5,83,Not Available,TNEA2025-02966,Artificial Intelligence and Data Science,ad
2770,"Studyworld College of Engineering, Alagu Nachiamman Koil Road, Palathurai Post, Coimbatore-641105.",COIMBATORE,115.5,91.5,100,98,92.5,83,Not Available,TNEA2025-02967,COMPUTER SCIENCE AND ENGINEERING,cs
2770,"Studyworld College of Engineering, Alagu Nachiamman Koil Road, Palathurai Post, Coimbatore-641105.",COIMBATORE,106.5,98.5,100,98,98,83,Not Available,TNEA2025-02968,COMPUTER SCIENCE AND ENGINEERING (AI AND MACHINE LEARNING),am
2770,"Studyworld College of Engineering, Alagu Nachiamman Koil Road, Palathurai Post, Coimbatore-641105.",COIMBATORE,130.5,93,112,110,105,83,Not Available,TNEA2025-02969,Computer Science and Engineering (Cyber Security),sc
2770,"Studyworld College of Engineering, Alagu Nachiamman Koil Road, Palathurai Post, Coimbatore-641105.",COIMBATORE,102.5,102,112,110,88,83,Not Available,TNEA2025-02970,ELECTRICAL AND ELECTRONICS ENGINEERING,ee
2770,"Studyworld College of Engineering, Alagu Nachiamman Koil Road, Palathurai Post, Coimbatore-641105.",COIMBATORE,105.5,89.5,112,98,87,83,Not Available,TNEA2025-02971,ELECTRONICS AND COMMUNICATION ENGINEERING,ec
2770,"Studyworld College of Engineering, Alagu Nachiamman Koil Road, Palathurai Post, Coimbatore-641105.",COIMBATORE,142,119.5,112,113.5,126,83,Not Available,TNEA2025-02972,INFORMATION TECHNOLOGY,it
2770,"Studyworld College of Engineering, Alagu Nachiamman Koil Road, Palathurai Post, Coimbatore-641105.",COIMBATORE,122,119.5,112,113.5,126,83,Not Available,TNEA2025-02973,MECHANICAL ENGINEERING,me
3920,"Sudharsan Engineering College, Sathiyamangalam, Kulathur Taluk, Pudukkottai District-622501.",PUDUKKOTTAI,118.5,80,85,104,82,Not Available,Not Available,TNEA2025-02974,Artificial Intelligence and Data Science,ad
3920,"Sudharsan Engineering College, Sathiyamangalam, Kulathur Taluk, Pudukkottai District-622501.",PUDUKKOTTAI,100,80,85,104,82,Not Available,Not Available,TNEA2025-02975,CIVIL ENGINEERING,ce
3920,"Sudharsan Engineering College, Sathiyamangalam, Kulathur Taluk, Pudukkottai District-622501.",PUDUKKOTTAI,123,82.5,85,98.5,80.5,Not Available,Not Available,TNEA2025-02976,COMPUTER SCIENCE AND ENGINEERING,cs
3920,"Sudharsan Engineering College, Sathiyamangalam, Kulathur Taluk, Pudukkottai District-622501.",PUDUKKOTTAI,94.5,82.5,85,98.5,80.5,Not Available,Not Available,TNEA2025-02977,COMPUTER SCIENCE AND ENGINEERING (AI AND MACHINE LEARNING),am
3920,"Sudharsan Engineering College, Sathiyamangalam, Kulathur Taluk, Pudukkottai District-622501.",PUDUKKOTTAI,84,82.5,85,98.5,80.5,Not Available,Not Available,TNEA2025-02978,ELECTRICAL AND ELECTRONICS ENGINEERING,ee
3920,"Sudharsan Engineering College, Sathiyamangalam, Kulathur Taluk, Pudukkottai District-622501.",PUDUKKOTTAI,118,82.5,85,98.5,80.5,Not Available,Not Available,TNEA2025-02979,ELECTRONICS AND COMMUNICATION ENGINEERING,ec
3920,"Sudharsan Engineering College, Sathiyamangalam, Kulathur Taluk, Pudukkottai District-622501.",PUDUKKOTTAI,118,82.5,85,98.5,80.5,Not Available,Not Available,TNEA2025-02980,MECHANICAL ENGINEERING,me
2360,"Suguna College of Engineering, Nehru Nagar (West), Kalapatti Road, Civil Aerodrome (Post), Coimbatore-641014.",COIMBATORE,100.5,90,88,82,93,121,82.5,TNEA2025-02981,AGRICULTURAL ENGINEERING,ag
2360,"Suguna College of Engineering, Nehru Nagar (West), Kalapatti Road, Civil Aerodrome (Post), Coimbatore-641014.",COIMBATORE,143.5,111.5,88,108.5,101.5,121,82.5,TNEA2025-02982,Artificial Intelligence and Data Science,ad
2360,"Suguna College of Engineering, Nehru Nagar (West), Kalapatti Road, Civil Aerodrome (Post), Coimbatore-641014.",COIMBATORE,142,118.5,105.5,96.5,126.5,137.5,82.5,TNEA2025-02983,COMPUTER SCIENCE AND ENGINEERING,cs
2360,"Suguna College of Engineering, Nehru Nagar (West), Kalapatti Road, Civil Aerodrome (Post), Coimbatore-641014.",COIMBATORE,127,102,105.5,102,100.5,137.5,87,TNEA2025-02984,ELECTRONICS AND COMMUNICATION ENGINEERING,ec
2360,"Suguna College of Engineering, Nehru Nagar (West), Kalapatti Road, Civil Aerodrome (Post), Coimbatore-641014.",COIMBATORE,135.5,112.5,105.5,100,102.5,104.5,87,TNEA2025-02985,INFORMATION TECHNOLOGY,it
2360,"Suguna College of Engineering, Nehru Nagar (West), Kalapatti Road, Civil Aerodrome (Post), Coimbatore-641014.",COIMBATORE,100.5,91,105.5,83,80,100,87,TNEA2025-02986,MECHANICAL ENGINEERING,me
2360,"Suguna College of Engineering, Nehru Nagar (West), Kalapatti Road, Civil Aerodrome (Post), Coimbatore-641014.",COIMBATORE,106.5,92.5,105.5,85.5,84,100,87,TNEA2025-02987,Mechatronics Engineering,mz
4925,"Sun College of Engineering and Technology, Udaya Nagar, Ammandivilai & Post, Kadiyapattanam, Kanyakumari-629204.",,100.5,Not Available,Not Available,Not Available,Not Available,Not Available,Not Available,TNEA2025-02988,AUTOMOBILE ENGINEERING,au
4925,"Sun College of Engineering and Technology, Udaya Nagar, Ammandivilai & Post, Kadiyapattanam, Kanyakumari-629204.",,100.5,Not Available,Not Available,Not Available,Not Available,Not Available,Not Available,TNEA2025-02989,Artificial Intelligence and Data Science,ad
4925,"Sun College of Engineering and Technology, Udaya Nagar, Ammandivilai & Post, Kadiyapattanam, Kanyakumari-629204.",,84,Not Available,Not Available,Not Available,Not Available,Not Available,Not Available,TNEA2025-02990,CHEMICAL ENGINEERING,ch
4925,"Sun College of Engineering and Technology, Udaya Nagar, Ammandivilai & Post, Kadiyapattanam, Kanyakumari-629204.",,125,Not Available,Not Available,Not Available,Not Available,Not Available,Not Available,TNEA2025-02991,COMPUTER SCIENCE AND ENGINEERING,cs
4925,"Sun College of Engineering and Technology, Udaya Nagar, Ammandivilai & Post, Kadiyapattanam, Kanyakumari-629204.",,85,Not Available,Not Available,Not Available,Not Available,Not Available,Not Available,TNEA2025-02992,FOOD TECHNOLOGY,fd
4925,"Sun College of Engineering and Technology, Udaya Nagar, Ammandivilai & Post, Kadiyapattanam, Kanyakumari-629204.",,129,Not Available,Not Available,Not Available,Not Available,Not Available,Not Available,TNEA2025-02993,INFORMATION TECHNOLOGY,it
4925,"Sun College of Engineering and Technology, Udaya Nagar, Ammandivilai & Post, Kadiyapattanam, Kanyakumari-629204.",,129,Not Available,Not Available,Not Available,Not Available,Not Available,Not Available,TNEA2025-02994,MEDICAL ELECTRONICS,md
4925,"Sun College of Engineering and Technology, Udaya Nagar, Ammandivilai & Post, Kadiyapattanam, Kanyakumari-629204.",,123.5,Not Available,Not Available,Not Available,Not Available,Not Available,Not Available,TNEA2025-02995,PETRO CHEMICAL TECHNOLOGY,pc
4925,"Sun College of Engineering and Technology, Udaya Nagar, Ammandivilai & Post, Kadiyapattanam, Kanyakumari-629204.",,93,Not Available,Not Available,Not Available,Not Available,Not Available,Not Available,TNEA2025-02996,PHARMACEUTICAL TECHNOLOGY,ph
3460,"Surya College of Engineering, Somu Nagar, Konalai, Tiruchirappalli-621132.",TIRUCHIRAPPALLI,93,Not Available,Not Available,Not Available,Not Available,Not Available,Not Available,TNEA2025-02997,CIVIL ENGINEERING,ce
3460,"Surya College of Engineering, Somu Nagar, Konalai, Tiruchirappalli-621132.",TIRUCHIRAPPALLI,93,Not Available,Not Available,Not Available,Not Available,Not Available,Not Available,TNEA2025-02998,COMPUTER SCIENCE AND ENGINEERING,cs
3460,"Surya College of Engineering, Somu Nagar, Konalai, Tiruchirappalli-621132.",TIRUCHIRAPPALLI,88,Not Available,Not Available,Not Available,Not Available,Not Available,Not Available,TNEA2025-02999,ELECTRICAL AND ELECTRONICS ENGINEERING,ee
3460,"Surya College of Engineering, Somu Nagar, Konalai, Tiruchirappalli-621132.",TIRUCHIRAPPALLI,85,Not Available,Not Available,Not Available,Not Available,Not Available,Not Available,TNEA2025-03000,MECHANICAL ENGINEERING,me
2748,"Surya Engineering College, Perundurai Road, Manalmedu, Mettukadai, Kathirampatti Post, Erode-638107.",ERODE,133,95,104,128.5,105.5,132.5,101.5,TNEA2025-03001,Artificial Intelligence and Data Science,ad
2748,"Surya Engineering College, Perundurai Road, Manalmedu, Mettukadai, Kathirampatti Post, Erode-638107.",ERODE,106.5,80.5,104,103,98.5,132.5,101.5,TNEA2025-03002,BIO MEDICAL ENGINEERING,bm
2748,"Surya Engineering College, Perundurai Road, Manalmedu, Mettukadai, Kathirampatti Post, Erode-638107.",ERODE,81.25,80.5,104,103,98.5,132.5,101.5,TNEA2025-03003,CIVIL ENGINEERING,ce
2748,"Surya Engineering College, Perundurai Road, Manalmedu, Mettukadai, Kathirampatti Post, Erode-638107.",ERODE,115.5,98.5,97.5,80,100,132.5,101.5,TNEA2025-03004,COMPUTER SCIENCE AND ENGINEERING,cs
2748,"Surya Engineering College, Perundurai Road, Manalmedu, Mettukadai, Kathirampatti Post, Erode-638107.",ERODE,96,98.5,97.5,85,100,132.5,101.5,TNEA2025-03005,COMPUTER SCIENCE AND ENGINEERING (AI AND MACHINE LEARNING),am
2748,"Surya Engineering College, Perundurai Road, Manalmedu, Mettukadai, Kathirampatti Post, Erode-638107.",ERODE,108,98.5,97.5,102,100,108,101.5,TNEA2025-03006,Computer Science and Engineering (Cyber Security),sc
2748,"Surya Engineering College, Perundurai Road, Manalmedu, Mettukadai, Kathirampatti Post, Erode-638107.",ERODE,94.5,98.5,97.5,102,100,108,101.5,TNEA2025-03007,ELECTRICAL AND ELECTRONICS ENGINEERING,ee
2748,"Surya Engineering College, Perundurai Road, Manalmedu, Mettukadai, Kathirampatti Post, Erode-638107.",ERODE,83,98.5,97.5,102,100,108,101.5,TNEA2025-03008,ELECTRONICS AND COMMUNICATION ENGINEERING,ec
2748,"Surya Engineering College, Perundurai Road, Manalmedu, Mettukadai, Kathirampatti Post, Erode-638107.",ERODE,103,87.5,97.5,85.5,93.5,108,101.5,TNEA2025-03009,INFORMATION TECHNOLOGY,it
2748,"Surya Engineering College, Perundurai Road, Manalmedu, Mettukadai, Kathirampatti Post, Erode-638107.",ERODE,77.5,87.5,97.5,85.5,93.5,108,101.5,TNEA2025-03010,MECHANICAL ENGINEERING,me
1434,"Surya Group of Institutions, NH-45, GST Road, Vikiravandi, Villupuram-605652.",VILUPPURAM,106,86.5,Not Available,106,122,91.5,Not Available,TNEA2025-03011,AERONAUTICAL ENGINEERING,ae
1434,"Surya Group of Institutions, NH-45, GST Road, Vikiravandi, Villupuram-605652.",VILUPPURAM,122.5,86.5,Not Available,106,122,91.5,Not Available,TNEA2025-03012,AGRICULTURAL ENGINEERING,ag
1434,"Surya Group of Institutions, NH-45, GST Road, Vikiravandi, Villupuram-605652.",VILUPPURAM,122.5,86.5,Not Available,106,122,91.5,Not Available,TNEA2025-03013,AUTOMOBILE ENGINEERING,au
1434,"Surya Group of Institutions, NH-45, GST Road, Vikiravandi, Villupuram-605652.",VILUPPURAM,131.5,86.5,Not Available,110.5,96.5,91.5,Not Available,TNEA2025-03014,Artificial Intelligence and Data Science,ad
1434,"Surya Group of Institutions, NH-45, GST Road, Vikiravandi, Villupuram-605652.",VILUPPURAM,131.5,86.5,Not Available,110.5,96.5,91.5,Not Available,TNEA2025-03015,CIVIL ENGINEERING,ce
1434,"Surya Group of Institutions, NH-45, GST Road, Vikiravandi, Villupuram-605652.",VILUPPURAM,135,103,Not Available,102,103.5,91.5,Not Available,TNEA2025-03016,COMPUTER SCIENCE AND ENGINEERING,cs
1434,"Surya Group of Institutions, NH-45, GST Road, Vikiravandi, Villupuram-605652.",VILUPPURAM,102,103,Not Available,88.5,103.5,91.5,Not Available,TNEA2025-03017,Computer Science and Engineering (Cyber Security),sc
1434,"Surya Group of Institutions, NH-45, GST Road, Vikiravandi, Villupuram-605652.",VILUPPURAM,90.5,103,Not Available,88.5,103.5,91.5,Not Available,TNEA2025-03018,ELECTRICAL AND ELECTRONICS ENGINEERING,ee
1434,"Surya Group of Institutions, NH-45, GST Road, Vikiravandi, Villupuram-605652.",VILUPPURAM,85.5,103,Not Available,88.5,103.5,91.5,Not Available,TNEA2025-03019,ELECTRONICS AND COMMUNICATION ENGINEERING,ec
1434,"Surya Group of Institutions, NH-45, GST Road, Vikiravandi, Villupuram-605652.",VILUPPURAM,95.5,103,Not Available,88.5,103.5,91.5,Not Available,TNEA2025-03020,MECHANICAL ENGINEERING,me
5921,"Syed Ammal Engineering College (Autonomous), Dr. E.M.Abdullah Campus, Lanthai, Achunthanvayal Post, Ramanathapuram-623502.",RAMANATHAPURAM,153,135.5,151.5,130.5,116,102.5,Not Available,TNEA2025-03021,Artificial Intelligence and Data Science,ad
5921,"Syed Ammal Engineering College (Autonomous), Dr. E.M.Abdullah Campus, Lanthai, Achunthanvayal Post, Ramanathapuram-623502.",RAMANATHAPURAM,127,107,124.5,130.5,102,102.5,Not Available,TNEA2025-03022,BIO MEDICAL ENGINEERING,bm
5921,"Syed Ammal Engineering College (Autonomous), Dr. E.M.Abdullah Campus, Lanthai, Achunthanvayal Post, Ramanathapuram-623502.",RAMANATHAPURAM,88.5,107,124.5,130.5,102,102.5,Not Available,TNEA2025-03023,CIVIL ENGINEERING,ce
5921,"Syed Ammal Engineering College (Autonomous), Dr. E.M.Abdullah Campus, Lanthai, Achunthanvayal Post, Ramanathapuram-623502.",RAMANATHAPURAM,138,128.5,127.5,124.5,102,102.5,Not Available,TNEA2025-03024,COMPUTER SCIENCE AND BUSSINESS SYSTEM,cb
5921,"Syed Ammal Engineering College (Autonomous), Dr. E.M.Abdullah Campus, Lanthai, Achunthanvayal Post, Ramanathapuram-623502.",RAMANATHAPURAM,160.5,143.5,158,103.5,91.5,102.5,Not Available,TNEA2025-03025,COMPUTER SCIENCE AND ENGINEERING,cs
5921,"Syed Ammal Engineering College (Autonomous), Dr. E.M.Abdullah Campus, Lanthai, Achunthanvayal Post, Ramanathapuram-623502.",RAMANATHAPURAM,113,102.5,158,93,103,102.5,Not Available,TNEA2025-03026,ELECTRICAL AND ELECTRONICS ENGINEERING,ee
5921,"Syed Ammal Engineering College (Autonomous), Dr. E.M.Abdullah Campus, Lanthai, Achunthanvayal Post, Ramanathapuram-623502.",RAMANATHAPURAM,154,133.5,158,96.5,83,102.5,Not Available,TNEA2025-03027,ELECTRONICS AND COMMUNICATION ENGINEERING,ec
5921,"Syed Ammal Engineering College (Autonomous), Dr. E.M.Abdullah Campus, Lanthai, Achunthanvayal Post, Ramanathapuram-623502.",RAMANATHAPURAM,145.5,136,158,84.5,85,102.5,Not Available,TNEA2025-03028,INFORMATION TECHNOLOGY,it
5921,"Syed Ammal Engineering College (Autonomous), Dr. E.M.Abdullah Campus, Lanthai, Achunthanvayal Post, Ramanathapuram-623502.",RAMANATHAPURAM,119.5,89,158,107.5,85,102.5,Not Available,TNEA2025-03029,MECHANICAL ENGINEERING,me
1318,"T.J. Institute of Technology, Rajiv Gandhi Salai, Karapakkam, Chennai-600097.",CHENNAI f,92,Not Available,Not Available,92,Not Available,Not Available,Not Available,TNEA2025-03030,Artificial Intelligence and Data Science,ad
1318,"T.J. Institute of Technology, Rajiv Gandhi Salai, Karapakkam, Chennai-600097.",CHENNAI f,92,Not Available,Not Available,92,Not Available,Not Available,Not Available,TNEA2025-03031,CIVIL ENGINEERING,ce
1318,"T.J. Institute of Technology, Rajiv Gandhi Salai, Karapakkam, Chennai-600097.",CHENNAI f,82,Not Available,Not Available,92,Not Available,Not Available,Not Available,TNEA2025-03032,COMPUTER SCIENCE AND ENGINEERING,cs
1318,"T.J. Institute of Technology, Rajiv Gandhi Salai, Karapakkam, Chennai-600097.",CHENNAI f,84.5,Not Available,Not Available,92,Not Available,Not Available,Not Available,TNEA2025-03033,COMPUTER SCIENCE AND ENGINEERING (AI AND MACHINE LEARNING),am
1318,"T.J. Institute of Technology, Rajiv Gandhi Salai, Karapakkam, Chennai-600097.",CHENNAI f,91,Not Available,Not Available,92,Not Available,Not Available,Not Available,TNEA2025-03034,Computer Science and Engineering (Cyber Security),sc
1318,"T.J. Institute of Technology, Rajiv Gandhi Salai, Karapakkam, Chennai-600097.",CHENNAI f,91,Not Available,Not Available,92,Not Available,Not Available,Not Available,TNEA2025-03035,ELECTRICAL AND ELECTRONICS ENGINEERING,ee
1318,"T.J. Institute of Technology, Rajiv Gandhi Salai, Karapakkam, Chennai-600097.",CHENNAI f,110.5,Not Available,Not Available,92,Not Available,Not Available,Not Available,TNEA2025-03036,ELECTRONICS AND COMMUNICATION ENGINEERING,ec
1318,"T.J. Institute of Technology, Rajiv Gandhi Salai, Karapakkam, Chennai-600097.",CHENNAI f,90.5,Not Available,Not Available,92,Not Available,Not Available,Not Available,TNEA2025-03037,INFORMATION TECHNOLOGY,it
1318,"T.J. Institute of Technology, Rajiv Gandhi Salai, Karapakkam, Chennai-600097.",CHENNAI f,90.5,Not Available,Not Available,92,Not Available,Not Available,Not Available,TNEA2025-03038,MECHANICAL ENGINEERING,me
1241,"T.J.S. Engineering College, Peruvoyal, Near Kavaraipettai, Gummidipoondi Taluk, Thiruvallur District-601206.",TIRUVALLUR,124.5,118,123.5,116.5,85,Not Available,Not Available,TNEA2025-03039,Artificial Intelligence and Data Science,ad
1241,"T.J.S. Engineering College, Peruvoyal, Near Kavaraipettai, Gummidipoondi Taluk, Thiruvallur District-601206.",TIRUVALLUR,136.5,116,123.5,125.5,81.5,Not Available,Not Available,TNEA2025-03040,COMPUTER SCIENCE AND ENGINEERING,cs
1241,"T.J.S. Engineering College, Peruvoyal, Near Kavaraipettai, Gummidipoondi Taluk, Thiruvallur District-601206.",TIRUVALLUR,134.5,101.5,123.5,116,111,Not Available,Not Available,TNEA2025-03041,COMPUTER SCIENCE AND ENGINEERING (AI AND MACHINE LEARNING),am
1241,"T.J.S. Engineering College, Peruvoyal, Near Kavaraipettai, Gummidipoondi Taluk, Thiruvallur District-601206.",TIRUVALLUR,97,101.5,88.5,94.5,88,Not Available,Not Available,TNEA2025-03042,ELECTRICAL AND ELECTRONICS ENGINEERING,ee
1241,"T.J.S. Engineering College, Peruvoyal, Near Kavaraipettai, Gummidipoondi Taluk, Thiruvallur District-601206.",TIRUVALLUR,114.5,85.5,88.5,94.5,82,Not Available,Not Available,TNEA2025-03043,ELECTRONICS AND COMMUNICATION ENGINEERING,ec
1241,"T.J.S. Engineering College, Peruvoyal, Near Kavaraipettai, Gummidipoondi Taluk, Thiruvallur District-601206.",TIRUVALLUR,108.5,103,107.5,94.5,87.5,Not Available,Not Available,TNEA2025-03044,INFORMATION TECHNOLOGY,it
1241,"T.J.S. Engineering College, Peruvoyal, Near Kavaraipettai, Gummidipoondi Taluk, Thiruvallur District-601206.",TIRUVALLUR,112,103,107.5,103,87.5,Not Available,Not Available,TNEA2025-03045,MECHANICAL ENGINEERING,me
1415,"T.S.M.Jain College of Technology, Melur, Kallakurichi Taluk, Villupuram District-606201.",KALLAKURICHI,83.75,Not Available,Not Available,Not Available,Not Available,Not Available,Not Available,TNEA2025-03046,CIVIL ENGINEERING,ce
1415,"T.S.M.Jain College of Technology, Melur, Kallakurichi Taluk, Villupuram District-606201.",KALLAKURICHI,83.75,Not Available,Not Available,Not Available,Not Available,Not Available,Not Available,TNEA2025-03047,COMPUTER SCIENCE AND ENGINEERING,cs
1415,"T.S.M.Jain College of Technology, Melur, Kallakurichi Taluk, Villupuram District-606201.",KALLAKURICHI,83.75,Not Available,Not Available,Not Available,Not Available,Not Available,Not Available,TNEA2025-03048,ELECTRICAL AND ELECTRONICS ENGINEERING,ee
1415,"T.S.M.Jain College of Technology, Melur, Kallakurichi Taluk, Villupuram District-606201.",KALLAKURICHI,83.75,Not Available,Not Available,Not Available,Not Available,Not Available,Not Available,TNEA2025-03049,ELECTRONICS AND COMMUNICATION ENGINEERING,ec
1415,"T.S.M.Jain College of Technology, Melur, Kallakurichi Taluk, Villupuram District-606201.",KALLAKURICHI,83.75,Not Available,Not Available,Not Available,Not Available,Not Available,Not Available,TNEA2025-03050,MECHANICAL ENGINEERING,me
1420,"Tagore Engineering College, Rathinamangalam, Vandalur, Kanchipuram, Chennai-600127.",CHENGALPATTU,131,102,96,119.5,83.5,Not Available,Not Available,TNEA2025-03051,AERONAUTICAL ENGINEERING,ae
1420,"Tagore Engineering College, Rathinamangalam, Vandalur, Kanchipuram, Chennai-600127.",CHENGALPATTU,153,127.5,96,122.5,117,Not Available,Not Available,TNEA2025-03052,Artificial Intelligence and Data Science,ad
1420,"Tagore Engineering College, Rathinamangalam, Vandalur, Kanchipuram, Chennai-600127.",CHENGALPATTU,152,136,115,114.5,118.5,Not Available,Not Available,TNEA2025-03053,COMPUTER SCIENCE AND ENGINEERING,cs
1420,"Tagore Engineering College, Rathinamangalam, Vandalur, Kanchipuram, Chennai-600127.",CHENGALPATTU,134.5,122,134,102,104,Not Available,Not Available,TNEA2025-03054,Computer Science and Engineering (Cyber Security),sc
1420,"Tagore Engineering College, Rathinamangalam, Vandalur, Kanchipuram, Chennai-600127.",CHENGALPATTU,146,130,132,107.5,119,Not Available,Not Available,TNEA2025-03055,ELECTRONICS AND COMMUNICATION ENGINEERING,ec
1420,"Tagore Engineering College, Rathinamangalam, Vandalur, Kanchipuram, Chennai-600127.",CHENGALPATTU,146.5,126,123,127.5,114,Not Available,Not Available,TNEA2025-03056,INFORMATION TECHNOLOGY,it
1420,"Tagore Engineering College, Rathinamangalam, Vandalur, Kanchipuram, Chennai-600127.",CHENGALPATTU,146.5,126,123,127.5,114,Not Available,Not Available,TNEA2025-03057,MECHANICAL ENGINEERING,me
2646,"Tagore Institute of Engineering and Technology, Salem-Chennai Bye Pass Road, Deviyakurichi (Po), Attur (Tk), Salem (Dt)-636112.",SALEM,117.5,84,85.5,98,95,Not Available,Not Available,TNEA2025-03058,Artificial Intelligence and Data Science,ad
2646,"Tagore Institute of Engineering and Technology, Salem-Chennai Bye Pass Road, Deviyakurichi (Po), Attur (Tk), Salem (Dt)-636112.",SALEM,117,84,85.5,98,95,Not Available,Not Available,TNEA2025-03059,CIVIL ENGINEERING,ce
2646,"Tagore Institute of Engineering and Technology, Salem-Chennai Bye Pass Road, Deviyakurichi (Po), Attur (Tk), Salem (Dt)-636112.",SALEM,114,88,94.5,97.5,102.5,Not Available,Not Available,TNEA2025-03060,COMPUTER SCIENCE AND ENGINEERING,cs
2646,"Tagore Institute of Engineering and Technology, Salem-Chennai Bye Pass Road, Deviyakurichi (Po), Attur (Tk), Salem (Dt)-636112.",SALEM,101,90.5,94.5,86,102.5,Not Available,Not Available,TNEA2025-03061,COMPUTER SCIENCE AND ENGINEERING (AI AND MACHINE LEARNING),am
2646,"Tagore Institute of Engineering and Technology, Salem-Chennai Bye Pass Road, Deviyakurichi (Po), Attur (Tk), Salem (Dt)-636112.",SALEM,96,81,94.5,86,102.5,Not Available,Not Available,TNEA2025-03062,ELECTRICAL AND ELECTRONICS ENGINEERING,ee
2646,"Tagore Institute of Engineering and Technology, Salem-Chennai Bye Pass Road, Deviyakurichi (Po), Attur (Tk), Salem (Dt)-636112.",SALEM,104,81.5,91.5,92.5,102.5,Not Available,Not Available,TNEA2025-03063,ELECTRONICS AND COMMUNICATION ENGINEERING,ec
2646,"Tagore Institute of Engineering and Technology, Salem-Chennai Bye Pass Road, Deviyakurichi (Po), Attur (Tk), Salem (Dt)-636112.",SALEM,83.5,81.5,91.5,92.5,102.5,Not Available,Not Available,TNEA2025-03064,MECHANICAL ENGINEERING,me
2721,"Tamilnadu College of Engineering, Palanisame Ravi Nagar, Karumathampatti Post, Coimbatore-641659.",COIMBATORE,106.5,125,Not Available,111,114,117,Not Available,TNEA2025-03065,AUTOMOBILE ENGINEERING,au
2721,"Tamilnadu College of Engineering, Palanisame Ravi Nagar, Karumathampatti Post, Coimbatore-641659.",COIMBATORE,142.5,125,Not Available,111,114,117,Not Available,TNEA2025-03066,Artificial Intelligence and Data Science,ad
2721,"Tamilnadu College of Engineering, Palanisame Ravi Nagar, Karumathampatti Post, Coimbatore-641659.",COIMBATORE,118.5,125,Not Available,111,114,117,Not Available,TNEA2025-03067,CIVIL ENGINEERING,ce
2721,"Tamilnadu College of Engineering, Palanisame Ravi Nagar, Karumathampatti Post, Coimbatore-641659.",COIMBATORE,146,116.5,Not Available,107,95.5,117,Not Available,TNEA2025-03068,COMPUTER SCIENCE AND ENGINEERING,cs
2721,"Tamilnadu College of Engineering, Palanisame Ravi Nagar, Karumathampatti Post, Coimbatore-641659.",COIMBATORE,118,116.5,Not Available,107,95.5,117,Not Available,TNEA2025-03069,ELECTRICAL AND ELECTRONICS ENGINEERING,ee
2721,"Tamilnadu College of Engineering, Palanisame Ravi Nagar, Karumathampatti Post, Coimbatore-641659.",COIMBATORE,138.5,98.5,Not Available,129,110.5,91,Not Available,TNEA2025-03070,ELECTRONICS AND COMMUNICATION ENGINEERING,ec
2721,"Tamilnadu College of Engineering, Palanisame Ravi Nagar, Karumathampatti Post, Coimbatore-641659.",COIMBATORE,127.5,92,Not Available,123.5,95,91,Not Available,TNEA2025-03071,INFORMATION TECHNOLOGY,it
2721,"Tamilnadu College of Engineering, Palanisame Ravi Nagar, Karumathampatti Post, Coimbatore-641659.",COIMBATORE,99.5,92,Not Available,89.5,98,91,Not Available,TNEA2025-03072,INSTRUMENTATION AND CONTROL ENGINEERING,ic
2721,"Tamilnadu College of Engineering, Palanisame Ravi Nagar, Karumathampatti Post, Coimbatore-641659.",COIMBATORE,99.5,92,Not Available,89.5,98,91,Not Available,TNEA2025-03073,MECHANICAL ENGINEERING,me
4669,"Thamirabharani Engineering College, Ward - 1, Thatchanallur, Chattiram Puthukullam Village, Vepakullam - Chidhabra Nagar Road, Tirunelveli-627358.",TIRUNELVELI,82,85.5,Not Available,96,113,Not Available,Not Available,TNEA2025-03074,Artificial Intelligence and Data Science,ad
4669,"Thamirabharani Engineering College, Ward - 1, Thatchanallur, Chattiram Puthukullam Village, Vepakullam - Chidhabra Nagar Road, Tirunelveli-627358.",TIRUNELVELI,107,85.5,Not Available,96,113,Not Available,Not Available,TNEA2025-03075,CIVIL ENGINEERING,ce
4669,"Thamirabharani Engineering College, Ward - 1, Thatchanallur, Chattiram Puthukullam Village, Vepakullam - Chidhabra Nagar Road, Tirunelveli-627358.",TIRUNELVELI,107.5,85.5,Not Available,96,113,Not Available,Not Available,TNEA2025-03076,COMPUTER SCIENCE AND ENGINEERING,cs
4669,"Thamirabharani Engineering College, Ward - 1, Thatchanallur, Chattiram Puthukullam Village, Vepakullam - Chidhabra Nagar Road, Tirunelveli-627358.",TIRUNELVELI,94.5,85.5,Not Available,96,113,Not Available,Not Available,TNEA2025-03077,Computer Science and Engineering (Cyber Security),sc
4669,"Thamirabharani Engineering College, Ward - 1, Thatchanallur, Chattiram Puthukullam Village, Vepakullam - Chidhabra Nagar Road, Tirunelveli-627358.",TIRUNELVELI,93,85.5,Not Available,96,113,Not Available,Not Available,TNEA2025-03078,ELECTRICAL AND ELECTRONICS ENGINEERING,ee
4669,"Thamirabharani Engineering College, Ward - 1, Thatchanallur, Chattiram Puthukullam Village, Vepakullam - Chidhabra Nagar Road, Tirunelveli-627358.",TIRUNELVELI,114,86.5,Not Available,91,113,Not Available,Not Available,TNEA2025-03079,ELECTRONICS AND COMMUNICATION ENGINEERING,ec
4669,"Thamirabharani Engineering College, Ward - 1, Thatchanallur, Chattiram Puthukullam Village, Vepakullam - Chidhabra Nagar Road, Tirunelveli-627358.",TIRUNELVELI,82,86.5,Not Available,91,113,Not Available,Not Available,TNEA2025-03080,MECHANICAL ENGINEERING,me
1319,"Thangavelu Engineering College, Rajiv Gandhi Salai, Karapakkam, Chennai-600097.",CHENNAI f,115.5,87,Not Available,102,98,Not Available,Not Available,TNEA2025-03081,Artificial Intelligence and Data Science,ad
1319,"Thangavelu Engineering College, Rajiv Gandhi Salai, Karapakkam, Chennai-600097.",CHENNAI f,115.5,87,Not Available,102,98,Not Available,Not Available,TNEA2025-03082,CIVIL ENGINEERING,ce
1319,"Thangavelu Engineering College, Rajiv Gandhi Salai, Karapakkam, Chennai-600097.",CHENNAI f,91,87,Not Available,102,98,Not Available,Not Available,TNEA2025-03083,COMPUTER SCIENCE AND ENGINEERING,cs
1319,"Thangavelu Engineering College, Rajiv Gandhi Salai, Karapakkam, Chennai-600097.",CHENNAI f,91,87,Not Available,102,98,Not Available,Not Available,TNEA2025-03084,ELECTRICAL AND ELECTRONICS ENGINEERING,ee
1319,"Thangavelu Engineering College, Rajiv Gandhi Salai, Karapakkam, Chennai-600097.",CHENNAI f,91.5,87,Not Available,102,98,Not Available,Not Available,TNEA2025-03085,ELECTRONICS AND COMMUNICATION ENGINEERING,ec
1319,"Thangavelu Engineering College, Rajiv Gandhi Salai, Karapakkam, Chennai-600097.",CHENNAI f,100,87,Not Available,102,98,Not Available,Not Available,TNEA2025-03086,ELECTRONICS AND INSTRUMENTATION ENGINEERING,ei
1319,"Thangavelu Engineering College, Rajiv Gandhi Salai, Karapakkam, Chennai-600097.",CHENNAI f,120.5,87,Not Available,102,98,Not Available,Not Available,TNEA2025-03087,INFORMATION TECHNOLOGY,it
1319,"Thangavelu Engineering College, Rajiv Gandhi Salai, Karapakkam, Chennai-600097.",CHENNAI f,107,87,Not Available,102,98,Not Available,Not Available,TNEA2025-03088,MECHANICAL ENGINEERING,me
1516,Thanthai Periyar Government Institute of Technology Bagayam Vellore District 632002,VELLORE,162,140,117.5,139.5,132.5,123,166,TNEA2025-03089,CIVIL ENGINEERING,ce
1516,Thanthai Periyar Government Institute of Technology Bagayam Vellore District 632002,VELLORE,184.5,178.5,177,179,161,161,166,TNEA2025-03090,COMPUTER SCIENCE AND ENGINEERING,cs
1516,Thanthai Periyar Government Institute of Technology Bagayam Vellore District 632002,VELLORE,172,166.5,152.5,163,143,159,149,TNEA2025-03091,ELECTRICAL AND ELECTRONICS ENGINEERING,ee
1516,Thanthai Periyar Government Institute of Technology Bagayam Vellore District 632002,VELLORE,178.5,172,169,173.5,151.5,129,166,TNEA2025-03092,ELECTRONICS AND COMMUNICATION ENGINEERING,ec
1516,Thanthai Periyar Government Institute of Technology Bagayam Vellore District 632002,VELLORE,156,142,115,142,136.5,117,115,TNEA2025-03093,MECHANICAL ENGINEERING,me
2625,"The Kavery Engineering College, M. Kalipatti, Mecheri (Post), Mettur Taluk, Salem District-636453.",SALEM,103.5,91,117,89,110,122,92.5,TNEA2025-03094,AGRICULTURAL ENGINEERING,ag
2625,"The Kavery Engineering College, M. Kalipatti, Mecheri (Post), Mettur Taluk, Salem District-636453.",SALEM,135,91,117,109,110,122,92.5,TNEA2025-03095,Artificial Intelligence and Data Science,ad
2625,"The Kavery Engineering College, M. Kalipatti, Mecheri (Post), Mettur Taluk, Salem District-636453.",SALEM,136.5,83.5,117,118,96.5,104.5,92.5,TNEA2025-03096,BIO MEDICAL ENGINEERING,bm
2625,"The Kavery Engineering College, M. Kalipatti, Mecheri (Post), Mettur Taluk, Salem District-636453.",SALEM,120.5,83.5,117,95.5,96.5,104.5,92.5,TNEA2025-03097,CHEMICAL ENGINEERING,ch
2625,"The Kavery Engineering College, M. Kalipatti, Mecheri (Post), Mettur Taluk, Salem District-636453.",SALEM,122.5,92,117,88.5,96.5,104.5,92.5,TNEA2025-03098,CIVIL ENGINEERING,ce
2625,"The Kavery Engineering College, M. Kalipatti, Mecheri (Post), Mettur Taluk, Salem District-636453.",SALEM,127.5,93,117,107,88.5,105.5,92.5,TNEA2025-03099,COMPUTER SCIENCE AND ENGINEERING,cs
2625,"The Kavery Engineering College, M. Kalipatti, Mecheri (Post), Mettur Taluk, Salem District-636453.",SALEM,114,88.5,117,103.5,88.5,98,92.5,TNEA2025-03100,ELECTRICAL AND ELECTRONICS ENGINEERING,ee
2625,"The Kavery Engineering College, M. Kalipatti, Mecheri (Post), Mettur Taluk, Salem District-636453.",SALEM,131.5,96,117,106,84.5,98,92.5,TNEA2025-03101,ELECTRONICS AND COMMUNICATION ENGINEERING,ec
2625,"The Kavery Engineering College, M. Kalipatti, Mecheri (Post), Mettur Taluk, Salem District-636453.",SALEM,126.5,99.5,117,109,96.5,108.5,92.5,TNEA2025-03102,INFORMATION TECHNOLOGY,it
2625,"The Kavery Engineering College, M. Kalipatti, Mecheri (Post), Mettur Taluk, Salem District-636453.",SALEM,108.5,105.5,117,98,108,108.5,92.5,TNEA2025-03103,MECHANICAL ENGINEERING,me
5988,"Theni Kammavar Sangam College of Technology, Theni Main road, Koduvilarpatti (PO), Veerapandi(Via), Theni District-625534.",THENI,90.5,103.5,138.5,111.5,115.5,95.5,Not Available,TNEA2025-03104,CIVIL ENGINEERING,ce
5988,"Theni Kammavar Sangam College of Technology, Theni Main road, Koduvilarpatti (PO), Veerapandi(Via), Theni District-625534.",THENI,143.5,103.5,138.5,111.5,115.5,95.5,Not Available,TNEA2025-03105,COMPUTER SCIENCE AND ENGINEERING,cs
5988,"Theni Kammavar Sangam College of Technology, Theni Main road, Koduvilarpatti (PO), Veerapandi(Via), Theni District-625534.",THENI,107,91,92,89.5,88,95.5,Not Available,TNEA2025-03106,COMPUTER SCIENCE AND ENGINEERING (AI AND MACHINE LEARNING),am
5988,"Theni Kammavar Sangam College of Technology, Theni Main road, Koduvilarpatti (PO), Veerapandi(Via), Theni District-625534.",THENI,84,91,92,89.5,88,95.5,Not Available,TNEA2025-03107,ELECTRICAL AND ELECTRONICS ENGINEERING,ee
5988,"Theni Kammavar Sangam College of Technology, Theni Main road, Koduvilarpatti (PO), Veerapandi(Via), Theni District-625534.",THENI,105.5,104.5,92,88.5,99.5,95.5,Not Available,TNEA2025-03108,ELECTRONICS AND COMMUNICATION ENGINEERING,ec
5988,"Theni Kammavar Sangam College of Technology, Theni Main road, Koduvilarpatti (PO), Veerapandi(Via), Theni District-625534.",THENI,121,86.5,92,90,88.5,108.5,Not Available,TNEA2025-03109,INFORMATION TECHNOLOGY,it
5988,"Theni Kammavar Sangam College of Technology, Theni Main road, Koduvilarpatti (PO), Veerapandi(Via), Theni District-625534.",THENI,95.5,86.5,92,90,88.5,108.5,Not Available,TNEA2025-03110,MECHANICAL ENGINEERING,me
5008,Thiagarajar College of Engineering (Autonomous) Tirupparankundram Madurai District 625015,MADURAI,187,183,184,184,173.5,181,151,TNEA2025-03111,CIVIL ENGINEERING,ce
5008,Thiagarajar College of Engineering (Autonomous) Tirupparankundram Madurai District 625015,MADURAI,181.5,177,172.5,175,151,129,120.5,TNEA2025-03112,CIVIL ENGINEERING (SS),cn
5008,Thiagarajar College of Engineering (Autonomous) Tirupparankundram Madurai District 625015,MADURAI,196.5,195.5,193.5,195,188,182,120.5,TNEA2025-03113,COMPUTER SCIENCE AND ENGINEERING,cs
5008,Thiagarajar College of Engineering (Autonomous) Tirupparankundram Madurai District 625015,MADURAI,194.5,193,192,192,182,179.5,166,TNEA2025-03114,COMPUTER SCIENCE AND ENGINEERING (SS),cm
5008,Thiagarajar College of Engineering (Autonomous) Tirupparankundram Madurai District 625015,MADURAI,191.5,190,190.5,187,175,173.5,140.5,TNEA2025-03115,Computer Science and Business System (SS),cw
5008,Thiagarajar College of Engineering (Autonomous) Tirupparankundram Madurai District 625015,MADURAI,193,191.5,191,190.5,179,163,161,TNEA2025-03116,Computer Science and Engineering (Artificial Intelligence and Machine Learning) (SS),cg
5008,Thiagarajar College of Engineering (Autonomous) Tirupparankundram Madurai District 625015,MADURAI,192.5,191,189,190.5,179.5,154.5,161,TNEA2025-03117,ELECTRICAL AND ELECTRONICS ENGINEERING,ee
5008,Thiagarajar College of Engineering (Autonomous) Tirupparankundram Madurai District 625015,MADURAI,190.5,190,186.5,187,174.5,148.5,161,TNEA2025-03118,ELECTRICAL AND ELECTRONICS ENGINEERING (SS),ey
5008,Thiagarajar College of Engineering (Autonomous) Tirupparankundram Madurai District 625015,MADURAI,195.5,195,194.5,193,187.5,184.5,175.5,TNEA2025-03119,ELECTRONICS AND COMMUNICATION ENGINEERING,ec
5008,Thiagarajar College of Engineering (Autonomous) Tirupparankundram Madurai District 625015,MADURAI,193,192,191,191,180.5,170.5,155.5,TNEA2025-03120,ELECTRONICS AND COMMUNICATION ENGINEERING (SS),em
5008,Thiagarajar College of Engineering (Autonomous) Tirupparankundram Madurai District 625015,MADURAI,193.5,191.5,191,189.5,179.5,163,157.5,TNEA2025-03121,INFORMATION TECHNOLOGY (SS),im
5008,Thiagarajar College of Engineering (Autonomous) Tirupparankundram Madurai District 625015,MADURAI,176.5,170.5,191,167,144,107,157.5,TNEA2025-03122,Interior Design (SS),id
5008,Thiagarajar College of Engineering (Autonomous) Tirupparankundram Madurai District 625015,MADURAI,188,186,182.5,184,169,163,157.5,TNEA2025-03123,MECHANICAL ENGINEERING,me
5008,Thiagarajar College of Engineering (Autonomous) Tirupparankundram Madurai District 625015,MADURAI,184.5,182.5,179,178,159,132,140,TNEA2025-03124,MECHANICAL ENGINEERING (SS),mf
5008,Thiagarajar College of Engineering (Autonomous) Tirupparankundram Madurai District 625015,MADURAI,188,186.5,181.5,181.5,156,125,140,TNEA2025-03125,MECHATRONICS (SS),mg
1517,"Thirumalai Engineering College, Kilambi, Krishnapuram Post, Kanchipuram-631551.",KANCHIPURAM,97,95,91,85.5,117.5,Not Available,Not Available,TNEA2025-03126,AGRICULTURAL ENGINEERING,ag
1517,"Thirumalai Engineering College, Kilambi, Krishnapuram Post, Kanchipuram-631551.",KANCHIPURAM,117.5,95,91,85.5,117.5,Not Available,Not Available,TNEA2025-03127,Artificial Intelligence and Data Science,ad
1517,"Thirumalai Engineering College, Kilambi, Krishnapuram Post, Kanchipuram-631551.",KANCHIPURAM,96,95,91,85.5,117.5,Not Available,Not Available,TNEA2025-03128,CIVIL ENGINEERING,ce
1517,"Thirumalai Engineering College, Kilambi, Krishnapuram Post, Kanchipuram-631551.",KANCHIPURAM,99,85,91,87,85,Not Available,Not Available,TNEA2025-03129,COMPUTER SCIENCE AND ENGINEERING,cs
1517,"Thirumalai Engineering College, Kilambi, Krishnapuram Post, Kanchipuram-631551.",KANCHIPURAM,98,85,91,87,85,Not Available,Not Available,TNEA2025-03130,ELECTRICAL AND ELECTRONICS ENGINEERING,ee
1517,"Thirumalai Engineering College, Kilambi, Krishnapuram Post, Kanchipuram-631551.",KANCHIPURAM,95.5,85,91,87,85,Not Available,Not Available,TNEA2025-03131,ELECTRONICS AND COMMUNICATION ENGINEERING,ec
1517,"Thirumalai Engineering College, Kilambi, Krishnapuram Post, Kanchipuram-631551.",KANCHIPURAM,119,93,91,88.5,97,Not Available,Not Available,TNEA2025-03132,INFORMATION TECHNOLOGY,it
1517,"Thirumalai Engineering College, Kilambi, Krishnapuram Post, Kanchipuram-631551.",KANCHIPURAM,83,93,91,88.5,97,Not Available,Not Available,TNEA2025-03133,MECHANICAL ENGINEERING,me
1518,"Thiruvalluvar College of Engineering and Technology, Arunachala City, Ponnur Hills, Vandavasi, Thiruvannamalai District-604505.",TIRUVANNAMALAI,135.5,87,Not Available,88.5,85,82,103.5,TNEA2025-03134,AERONAUTICAL ENGINEERING,ae
1518,"Thiruvalluvar College of Engineering and Technology, Arunachala City, Ponnur Hills, Vandavasi, Thiruvannamalai District-604505.",TIRUVANNAMALAI,91.5,87,Not Available,88.5,85,82,103.5,TNEA2025-03135,AUTOMOBILE ENGINEERING,au
1518,"Thiruvalluvar College of Engineering and Technology, Arunachala City, Ponnur Hills, Vandavasi, Thiruvannamalai District-604505.",TIRUVANNAMALAI,95.5,87,Not Available,88.5,85,82,103.5,TNEA2025-03136,CIVIL ENGINEERING,ce
1518,"Thiruvalluvar College of Engineering and Technology, Arunachala City, Ponnur Hills, Vandavasi, Thiruvannamalai District-604505.",TIRUVANNAMALAI,112,87,Not Available,88.5,85,82,103.5,TNEA2025-03137,COMPUTER SCIENCE AND ENGINEERING,cs
1518,"Thiruvalluvar College of Engineering and Technology, Arunachala City, Ponnur Hills, Vandavasi, Thiruvannamalai District-604505.",TIRUVANNAMALAI,104.5,93,Not Available,87,85.5,82,103.5,TNEA2025-03138,COMPUTER SCIENCE AND ENGINEERING (AI AND MACHINE LEARNING),am
1518,"Thiruvalluvar College of Engineering and Technology, Arunachala City, Ponnur Hills, Vandavasi, Thiruvannamalai District-604505.",TIRUVANNAMALAI,86,93,Not Available,87,85.5,82,103.5,TNEA2025-03139,ELECTRICAL AND ELECTRONICS ENGINEERING,ee
1518,"Thiruvalluvar College of Engineering and Technology, Arunachala City, Ponnur Hills, Vandavasi, Thiruvannamalai District-604505.",TIRUVANNAMALAI,100,93,Not Available,80,85.5,82,103.5,TNEA2025-03140,ELECTRONICS AND COMMUNICATION ENGINEERING,ec
1518,"Thiruvalluvar College of Engineering and Technology, Arunachala City, Ponnur Hills, Vandavasi, Thiruvannamalai District-604505.",TIRUVANNAMALAI,96.5,93,Not Available,80,85.5,82,103.5,TNEA2025-03141,ELECTRONICS AND INSTRUMENTATION ENGINEERING,ei
1518,"Thiruvalluvar College of Engineering and Technology, Arunachala City, Ponnur Hills, Vandavasi, Thiruvannamalai District-604505.",TIRUVANNAMALAI,103,90,Not Available,88.5,86.5,82,103.5,TNEA2025-03142,INFORMATION TECHNOLOGY,it
1518,"Thiruvalluvar College of Engineering and Technology, Arunachala City, Ponnur Hills, Vandavasi, Thiruvannamalai District-604505.",TIRUVANNAMALAI,95,90,Not Available,88.5,86.5,82,103.5,TNEA2025-03143,MECHANICAL ENGINEERING,me
1518,"Thiruvalluvar College of Engineering and Technology, Arunachala City, Ponnur Hills, Vandavasi, Thiruvannamalai District-604505.",TIRUVANNAMALAI,95,90,Not Available,88.5,86.5,82,103.5,TNEA2025-03144,PETRO CHEMICAL TECHNOLOGY,pc
3820,"Trichy Engineering College, somu Nagr, Konalai, Tiruchirappalli-621132.",TIRUCHIRAPPALLI,130.5,95.5,Not Available,94.5,99.5,90,Not Available,TNEA2025-03145,Artificial Intelligence and Data Science,ad
3820,"Trichy Engineering College, somu Nagr, Konalai, Tiruchirappalli-621132.",TIRUCHIRAPPALLI,158.5,95.5,Not Available,94.5,99.5,90,Not Available,TNEA2025-03146,CIVIL ENGINEERING,ce
3820,"Trichy Engineering College, somu Nagr, Konalai, Tiruchirappalli-621132.",TIRUCHIRAPPALLI,117.5,95,Not Available,96,83,90,Not Available,TNEA2025-03147,COMPUTER SCIENCE AND ENGINEERING,cs
3820,"Trichy Engineering College, somu Nagr, Konalai, Tiruchirappalli-621132.",TIRUCHIRAPPALLI,129.5,95,Not Available,96,83,90,Not Available,TNEA2025-03148,COMPUTER SCIENCE AND ENGINEERING (AI AND MACHINE LEARNING),am
3820,"Trichy Engineering College, somu Nagr, Konalai, Tiruchirappalli-621132.",TIRUCHIRAPPALLI,112,95,Not Available,96,83,90,Not Available,TNEA2025-03149,ELECTRICAL AND ELECTRONICS ENGINEERING,ee
3820,"Trichy Engineering College, somu Nagr, Konalai, Tiruchirappalli-621132.",TIRUCHIRAPPALLI,109,95,Not Available,96,83,90,Not Available,TNEA2025-03150,ELECTRONICS AND COMMUNICATION ENGINEERING,ec
3820,"Trichy Engineering College, somu Nagr, Konalai, Tiruchirappalli-621132.",TIRUCHIRAPPALLI,109,95,Not Available,96,83,90,Not Available,TNEA2025-03151,MECHANICAL ENGINEERING,me
3820,"Trichy Engineering College, somu Nagr, Konalai, Tiruchirappalli-621132.",TIRUCHIRAPPALLI,134,95,Not Available,96,83,90,Not Available,TNEA2025-03152,Mechatronics Engineering,mz
4978,"Udaya School of Engineering, Udaya Nagar, Vellamadi Junction, Ammandivilai Post, Kanyakumarai District, Nagercoil-629204.",KANNIYAKUMARI,97,86.5,Not Available,Not Available,Not Available,Not Available,Not Available,TNEA2025-03153,AERONAUTICAL ENGINEERING,ae
4978,"Udaya School of Engineering, Udaya Nagar, Vellamadi Junction, Ammandivilai Post, Kanyakumarai District, Nagercoil-629204.",KANNIYAKUMARI,99,86.5,Not Available,Not Available,Not Available,Not Available,Not Available,TNEA2025-03154,AGRICULTURAL ENGINEERING,ag
4978,"Udaya School of Engineering, Udaya Nagar, Vellamadi Junction, Ammandivilai Post, Kanyakumarai District, Nagercoil-629204.",KANNIYAKUMARI,91.5,86.5,Not Available,Not Available,Not Available,Not Available,Not Available,TNEA2025-03155,BIO MEDICAL ENGINEERING,bm
4978,"Udaya School of Engineering, Udaya Nagar, Vellamadi Junction, Ammandivilai Post, Kanyakumarai District, Nagercoil-629204.",KANNIYAKUMARI,94.5,86.5,Not Available,Not Available,Not Available,Not Available,Not Available,TNEA2025-03156,BIO TECHNOLOGY,bt
4978,"Udaya School of Engineering, Udaya Nagar, Vellamadi Junction, Ammandivilai Post, Kanyakumarai District, Nagercoil-629204.",KANNIYAKUMARI,117,86.5,Not Available,Not Available,Not Available,Not Available,Not Available,TNEA2025-03157,CIVIL ENGINEERING,ce
4978,"Udaya School of Engineering, Udaya Nagar, Vellamadi Junction, Ammandivilai Post, Kanyakumarai District, Nagercoil-629204.",KANNIYAKUMARI,83,86.5,Not Available,Not Available,Not Available,Not Available,Not Available,TNEA2025-03158,COMPUTER SCIENCE AND ENGINEERING,cs
4978,"Udaya School of Engineering, Udaya Nagar, Vellamadi Junction, Ammandivilai Post, Kanyakumarai District, Nagercoil-629204.",KANNIYAKUMARI,81.5,86.5,Not Available,Not Available,Not Available,Not Available,Not Available,TNEA2025-03159,COMPUTER SCIENCE AND ENGINEERING (AI AND MACHINE LEARNING),am
4978,"Udaya School of Engineering, Udaya Nagar, Vellamadi Junction, Ammandivilai Post, Kanyakumarai District, Nagercoil-629204.",KANNIYAKUMARI,93.5,86.5,Not Available,Not Available,Not Available,Not Available,Not Available,TNEA2025-03160,Computer Science and Engineering (Cyber Security),sc
4978,"Udaya School of Engineering, Udaya Nagar, Vellamadi Junction, Ammandivilai Post, Kanyakumarai District, Nagercoil-629204.",KANNIYAKUMARI,95.5,86.5,Not Available,Not Available,Not Available,Not Available,Not Available,TNEA2025-03161,ELECTRICAL AND ELECTRONICS ENGINEERING,ee
4978,"Udaya School of Engineering, Udaya Nagar, Vellamadi Junction, Ammandivilai Post, Kanyakumarai District, Nagercoil-629204.",KANNIYAKUMARI,92.5,86.5,Not Available,Not Available,Not Available,Not Available,Not Available,TNEA2025-03162,ELECTRONICS AND COMMUNICATION ENGINEERING,ec
4978,"Udaya School of Engineering, Udaya Nagar, Vellamadi Junction, Ammandivilai Post, Kanyakumarai District, Nagercoil-629204.",KANNIYAKUMARI,82,86.5,Not Available,Not Available,Not Available,Not Available,Not Available,TNEA2025-03163,MECHANICAL ENGINEERING,me
4978,"Udaya School of Engineering, Udaya Nagar, Vellamadi Junction, Ammandivilai Post, Kanyakumarai District, Nagercoil-629204.",KANNIYAKUMARI,97.5,86.5,Not Available,Not Available,Not Available,Not Available,Not Available,TNEA2025-03164,ROBOTICS AND AUTOMATION,rm
5942,"Ultra College of Engineering and Technology, 69/1, Ultra Nagar, Kodikulam I Bit, Madurai - Chennai Highway, Madurai-625104.",MADURAI,91.5,86.5,105.5,96,110,Not Available,Not Available,TNEA2025-03165,CIVIL ENGINEERING,ce
5942,"Ultra College of Engineering and Technology, 69/1, Ultra Nagar, Kodikulam I Bit, Madurai - Chennai Highway, Madurai-625104.",MADURAI,113,86.5,105.5,96,110,Not Available,Not Available,TNEA2025-03166,COMPUTER SCIENCE AND ENGINEERING,cs
5942,"Ultra College of Engineering and Technology, 69/1, Ultra Nagar, Kodikulam I Bit, Madurai - Chennai Highway, Madurai-625104.",MADURAI,113,86.5,105.5,96,110,Not Available,Not Available,TNEA2025-03167,ELECTRICAL AND ELECTRONICS ENGINEERING,ee
5942,"Ultra College of Engineering and Technology, 69/1, Ultra Nagar, Kodikulam I Bit, Madurai - Chennai Highway, Madurai-625104.",MADURAI,94,86.5,105.5,96,110,Not Available,Not Available,TNEA2025-03168,ELECTRONICS AND COMMUNICATION ENGINEERING,ec
5942,"Ultra College of Engineering and Technology, 69/1, Ultra Nagar, Kodikulam I Bit, Madurai - Chennai Highway, Madurai-625104.",MADURAI,108.5,80,98.5,89,110,Not Available,Not Available,TNEA2025-03169,INFORMATION TECHNOLOGY,it
5942,"Ultra College of Engineering and Technology, 69/1, Ultra Nagar, Kodikulam I Bit, Madurai - Chennai Highway, Madurai-625104.",MADURAI,90,80,98.5,89,110,Not Available,Not Available,TNEA2025-03170,MECHANICAL ENGINEERING,me
2761,"United Institute of Technology (Autonomous), G.Koundampalayam, Periyanaickenpalayam, Coimbatore-641020.",COIMBATORE,142,119,132.5,118.5,103,110.5,114,TNEA2025-03171,Artificial Intelligence and Data Science,ad
2761,"United Institute of Technology (Autonomous), G.Koundampalayam, Periyanaickenpalayam, Coimbatore-641020.",COIMBATORE,144.5,130.5,132.5,138.5,89.5,110.5,114,TNEA2025-03172,COMPUTER SCIENCE AND ENGINEERING,cs
2761,"United Institute of Technology (Autonomous), G.Koundampalayam, Periyanaickenpalayam, Coimbatore-641020.",COIMBATORE,130.5,97.5,132.5,117,104.5,120,114,TNEA2025-03173,Computer Science and Engineering (Cyber Security),sc
2761,"United Institute of Technology (Autonomous), G.Koundampalayam, Periyanaickenpalayam, Coimbatore-641020.",COIMBATORE,134.5,101.5,110,102.5,104.5,120,114,TNEA2025-03174,ELECTRONICS AND COMMUNICATION ENGINEERING,ec
2761,"United Institute of Technology (Autonomous), G.Koundampalayam, Periyanaickenpalayam, Coimbatore-641020.",COIMBATORE,132.5,108,125.5,102.5,104.5,120,114,TNEA2025-03175,INFORMATION TECHNOLOGY,it
2761,"United Institute of Technology (Autonomous), G.Koundampalayam, Periyanaickenpalayam, Coimbatore-641020.",COIMBATORE,114.5,88.5,125.5,87.5,104.5,120,114,TNEA2025-03176,ROBOTICS AND AUTOMATION,rm
4675,"Universal College of Engineering and Technology, Anbagam Campus, Kadambankulam, Villakku, Radhapuram Road, Vallioor, Tirunelveli-627117.",TIRUNELVELI,96.5,83,Not Available,Not Available,Not Available,Not Available,Not Available,TNEA2025-03177,Artificial Intelligence and Data Science,ad
4675,"Universal College of Engineering and Technology, Anbagam Campus, Kadambankulam, Villakku, Radhapuram Road, Vallioor, Tirunelveli-627117.",TIRUNELVELI,90.5,83,Not Available,Not Available,Not Available,Not Available,Not Available,TNEA2025-03178,CIVIL ENGINEERING,ce
4675,"Universal College of Engineering and Technology, Anbagam Campus, Kadambankulam, Villakku, Radhapuram Road, Vallioor, Tirunelveli-627117.",TIRUNELVELI,96.5,83,Not Available,Not Available,Not Available,Not Available,Not Available,TNEA2025-03179,COMPUTER SCIENCE AND BUSSINESS SYSTEM,cb
4675,"Universal College of Engineering and Technology, Anbagam Campus, Kadambankulam, Villakku, Radhapuram Road, Vallioor, Tirunelveli-627117.",TIRUNELVELI,116.5,83,Not Available,Not Available,Not Available,Not Available,Not Available,TNEA2025-03180,COMPUTER SCIENCE AND ENGINEERING,cs
4675,"Universal College of Engineering and Technology, Anbagam Campus, Kadambankulam, Villakku, Radhapuram Road, Vallioor, Tirunelveli-627117.",TIRUNELVELI,86,83,Not Available,Not Available,Not Available,Not Available,Not Available,TNEA2025-03181,ELECTRICAL AND ELECTRONICS ENGINEERING,ee
4675,"Universal College of Engineering and Technology, Anbagam Campus, Kadambankulam, Villakku, Radhapuram Road, Vallioor, Tirunelveli-627117.",TIRUNELVELI,105,85,Not Available,Not Available,Not Available,Not Available,Not Available,TNEA2025-03182,ELECTRONICS AND COMMUNICATION ENGINEERING,ec
4675,"Universal College of Engineering and Technology, Anbagam Campus, Kadambankulam, Villakku, Radhapuram Road, Vallioor, Tirunelveli-627117.",TIRUNELVELI,89.5,85,Not Available,Not Available,Not Available,Not Available,Not Available,TNEA2025-03183,MECHANICAL ENGINEERING,me
3016,University College of Engineering Ariyalur Kathankudikadu Village Thelur Post Ariyalur District 621704,ARIYALUR,83,143,113,142,136,142.5,Not Available,TNEA2025-03184,CIVIL ENGINEERING,ce
3016,University College of Engineering Ariyalur Kathankudikadu Village Thelur Post Ariyalur District 621704,ARIYALUR,109,143,113,142,136,142.5,Not Available,TNEA2025-03185,CIVIL ENGINEERING (TAMIL MEDIUM),xc
3016,University College of Engineering Ariyalur Kathankudikadu Village Thelur Post Ariyalur District 621704,ARIYALUR,158.5,143,113,142,136,142.5,Not Available,TNEA2025-03186,COMPUTER SCIENCE AND ENGINEERING,cs
3016,University College of Engineering Ariyalur Kathankudikadu Village Thelur Post Ariyalur District 621704,ARIYALUR,123,100.5,113,91,80,142.5,Not Available,TNEA2025-03187,ELECTRICAL AND ELECTRONICS ENGINEERING,ee
3016,University College of Engineering Ariyalur Kathankudikadu Village Thelur Post Ariyalur District 621704,ARIYALUR,143,120,104.5,112.5,116.5,100.5,Not Available,TNEA2025-03188,ELECTRONICS AND COMMUNICATION ENGINEERING,ec
3016,University College of Engineering Ariyalur Kathankudikadu Village Thelur Post Ariyalur District 621704,ARIYALUR,93,120,104.5,112.5,116.5,100.5,Not Available,TNEA2025-03189,MECHANICAL ENGINEERING,me
3016,University College of Engineering Ariyalur Kathankudikadu Village Thelur Post Ariyalur District 621704,ARIYALUR,93,120,104.5,112.5,116.5,100.5,Not Available,TNEA2025-03190,MECHANICAL ENGINEERING (TAMIL MEDIUM),xm
1015,University College of Engineering Arni Arni to Devikapuram Road Thatchur Arni Thiruvannamalai District 632326,TIRUVANNAMALAI,170,159.5,145,159,129,132.5,Not Available,TNEA2025-03191,COMPUTER SCIENCE AND ENGINEERING,cs
1015,University College of Engineering Arni Arni to Devikapuram Road Thatchur Arni Thiruvannamalai District 632326,TIRUVANNAMALAI,144.5,133.5,140,120,87.5,132.5,Not Available,TNEA2025-03192,ELECTRICAL AND ELECTRONICS ENGINEERING,ee
1015,University College of Engineering Arni Arni to Devikapuram Road Thatchur Arni Thiruvannamalai District 632326,TIRUVANNAMALAI,158,143,106.5,147.5,125.5,91.5,Not Available,TNEA2025-03193,ELECTRONICS AND COMMUNICATION ENGINEERING,ec
1015,University College of Engineering Arni Arni to Devikapuram Road Thatchur Arni Thiruvannamalai District 632326,TIRUVANNAMALAI,139,114.5,106.5,95,79.5,91.5,Not Available,TNEA2025-03194,MECHANICAL ENGINEERING,me
1015,University College of Engineering Arni Arni to Devikapuram Road Thatchur Arni Thiruvannamalai District 632326,TIRUVANNAMALAI,87.5,114.5,106.5,95,79.5,91.5,Not Available,TNEA2025-03195,MECHANICAL ENGINEERING (TAMIL MEDIUM),xm
5022,University College of Engineering Dindigul Mangarai Pirivu Reddiyarchathiram Dindigul District 624622,DINDIGUL,117,87,150.5,107,94,157,120.5,TNEA2025-03196,CIVIL ENGINEERING,ce
5022,University College of Engineering Dindigul Mangarai Pirivu Reddiyarchathiram Dindigul District 624622,DINDIGUL,92.5,86.5,150.5,107,94,157,120.5,TNEA2025-03197,CIVIL ENGINEERING (TAMIL MEDIUM),xc
5022,University College of Engineering Dindigul Mangarai Pirivu Reddiyarchathiram Dindigul District 624622,DINDIGUL,165.5,155,150.5,145.5,130.5,157,120.5,TNEA2025-03198,COMPUTER SCIENCE AND ENGINEERING,cs
5022,University College of Engineering Dindigul Mangarai Pirivu Reddiyarchathiram Dindigul District 624622,DINDIGUL,133,95.5,150.5,99.5,84,108,80,TNEA2025-03199,ELECTRICAL AND ELECTRONICS ENGINEERING,ee
5022,University College of Engineering Dindigul Mangarai Pirivu Reddiyarchathiram Dindigul District 624622,DINDIGUL,149,136.5,146.5,122.5,115.5,114.5,80,TNEA2025-03200,ELECTRONICS AND COMMUNICATION ENGINEERING,ec
5022,University College of Engineering Dindigul Mangarai Pirivu Reddiyarchathiram Dindigul District 624622,DINDIGUL,108,105,146.5,98,90.5,114.5,80,TNEA2025-03201,MECHANICAL ENGINEERING,me
5022,University College of Engineering Dindigul Mangarai Pirivu Reddiyarchathiram Dindigul District 624622,DINDIGUL,96,105,146.5,98,90.5,114.5,80,TNEA2025-03202,MECHANICAL ENGINEERING (TAMIL MEDIUM),xm
1026,University College of Engineering Kancheepuram Ponnerikarai Campus NH4 Chennai-Bangalore Highway Karaipettai Village & Post Kancheepuram District 631552,KANCHIPURAM f,178.5,166,167,173,160.5,127.5,132,TNEA2025-03203,COMPUTER SCIENCE AND ENGINEERING,cs
1026,University College of Engineering Kancheepuram Ponnerikarai Campus NH4 Chennai-Bangalore Highway Karaipettai Village & Post Kancheepuram District 631552,KANCHIPURAM f,156,139.5,149,142,125,117,132,TNEA2025-03204,ELECTRICAL AND ELECTRONICS ENGINEERING,ee
1026,University College of Engineering Kancheepuram Ponnerikarai Campus NH4 Chennai-Bangalore Highway Karaipettai Village & Post Kancheepuram District 631552,KANCHIPURAM f,169.5,157,161,157.5,131.5,97.5,132,TNEA2025-03205,ELECTRONICS AND COMMUNICATION ENGINEERING,ec
1026,University College of Engineering Kancheepuram Ponnerikarai Campus NH4 Chennai-Bangalore Highway Karaipettai Village & Post Kancheepuram District 631552,KANCHIPURAM f,139,121.5,161,103,113.5,97.5,132,TNEA2025-03206,MECHANICAL ENGINEERING,me
4023,University College of Engineering Nagercoil Nagercoil Industrial Estate Konam Kanyakumari District 629004,KANNIYAKUMARI fr,130.5,83.5,124.5,98,90.5,103.5,146,TNEA2025-03207,CIVIL ENGINEERING,ce
4023,University College of Engineering Nagercoil Nagercoil Industrial Estate Konam Kanyakumari District 629004,KANNIYAKUMARI fr,92.5,83.5,124.5,98,90.5,103.5,146,TNEA2025-03208,CIVIL ENGINEERING (TAMIL MEDIUM),xc
4023,University College of Engineering Nagercoil Nagercoil Industrial Estate Konam Kanyakumari District 629004,KANNIYAKUMARI fr,172.57,164.5,162.5,142.5,145,103.5,146,TNEA2025-03209,COMPUTER SCIENCE AND ENGINEERING,cs
4023,University College of Engineering Nagercoil Nagercoil Industrial Estate Konam Kanyakumari District 629004,KANNIYAKUMARI fr,150,138,138.5,117.5,96,103.5,146,TNEA2025-03210,ELECTRICAL AND ELECTRONICS ENGINEERING,ee
4023,University College of Engineering Nagercoil Nagercoil Industrial Estate Konam Kanyakumari District 629004,KANNIYAKUMARI fr,168.5,160.5,164,127,123,103.5,146,TNEA2025-03211,ELECTRONICS AND COMMUNICATION ENGINEERING,ec
4023,University College of Engineering Nagercoil Nagercoil Industrial Estate Konam Kanyakumari District 629004,KANNIYAKUMARI fr,167,159,151,134.5,128.5,103.5,146,TNEA2025-03212,INFORMATION TECHNOLOGY,it
4023,University College of Engineering Nagercoil Nagercoil Industrial Estate Konam Kanyakumari District 629004,KANNIYAKUMARI fr,134.5,113.5,113,86.5,100.5,103.5,146,TNEA2025-03213,MECHANICAL ENGINEERING,me
4023,University College of Engineering Nagercoil Nagercoil Industrial Estate Konam Kanyakumari District 629004,KANNIYAKUMARI fr,89.5,113.5,113,86.5,100.5,103.5,146,TNEA2025-03214,MECHANICAL ENGINEERING (TAMIL MEDIUM),xm
3019,University College of Engineering Panruti Chennai-Kumbakonam Highway Panikkankuppam Panruti Cuddalore District 607106,CUDDALORE,110,87,128.5,86.5,97.5,107,Not Available,TNEA2025-03215,CIVIL ENGINEERING,ce
3019,University College of Engineering Panruti Chennai-Kumbakonam Highway Panikkankuppam Panruti Cuddalore District 607106,CUDDALORE,102,87,128.5,96.5,88,107,Not Available,TNEA2025-03216,CIVIL ENGINEERING (TAMIL MEDIUM),xc
3019,University College of Engineering Panruti Chennai-Kumbakonam Highway Panikkankuppam Panruti Cuddalore District 607106,CUDDALORE,162.5,145.5,128.5,154.5,130.5,107,Not Available,TNEA2025-03217,COMPUTER SCIENCE AND ENGINEERING,cs
3019,University College of Engineering Panruti Chennai-Kumbakonam Highway Panikkankuppam Panruti Cuddalore District 607106,CUDDALORE,133.5,108,128.5,115.5,102.5,107,Not Available,TNEA2025-03218,ELECTRICAL AND ELECTRONICS ENGINEERING,ee
3019,University College of Engineering Panruti Chennai-Kumbakonam Highway Panikkankuppam Panruti Cuddalore District 607106,CUDDALORE,151.5,133,128.5,143.5,118,107,Not Available,TNEA2025-03219,ELECTRONICS AND COMMUNICATION ENGINEERING,ec
3019,University College of Engineering Panruti Chennai-Kumbakonam Highway Panikkankuppam Panruti Cuddalore District 607106,CUDDALORE,122,95,128.5,106.5,88.5,107,Not Available,TNEA2025-03220,MECHANICAL ENGINEERING,me
3019,University College of Engineering Panruti Chennai-Kumbakonam Highway Panikkankuppam Panruti Cuddalore District 607106,CUDDALORE,80,95,128.5,106.5,88.5,107,Not Available,TNEA2025-03221,MECHANICAL ENGINEERING (TAMIL MEDIUM),xm
3021,University College of Engineering Pattukkottai ECR Road Rajamadam Pattukkottai Taluk Thanjavur District 614701,THANJAVUR,107,94.5,152.5,103,133,91.5,113,TNEA2025-03222,CIVIL ENGINEERING,ce
3021,University College of Engineering Pattukkottai ECR Road Rajamadam Pattukkottai Taluk Thanjavur District 614701,THANJAVUR,112,94.5,152.5,103,133,91.5,113,TNEA2025-03223,CIVIL ENGINEERING (TAMIL MEDIUM),xc
3021,University College of Engineering Pattukkottai ECR Road Rajamadam Pattukkottai Taluk Thanjavur District 614701,THANJAVUR,164.5,149,152.5,148,133,91.5,113,TNEA2025-03224,COMPUTER SCIENCE AND ENGINEERING,cs
3021,University College of Engineering Pattukkottai ECR Road Rajamadam Pattukkottai Taluk Thanjavur District 614701,THANJAVUR,134.5,88.5,130.5,114.5,105.5,91.5,113,TNEA2025-03225,ELECTRICAL AND ELECTRONICS ENGINEERING,ee
3021,University College of Engineering Pattukkottai ECR Road Rajamadam Pattukkottai Taluk Thanjavur District 614701,THANJAVUR,144.5,129,137.5,123.99,112.5,142.5,113,TNEA2025-03226,ELECTRONICS AND COMMUNICATION ENGINEERING,ec
3021,University College of Engineering Pattukkottai ECR Road Rajamadam Pattukkottai Taluk Thanjavur District 614701,THANJAVUR,121,90.5,137.5,115.5,112.5,142.5,113,TNEA2025-03227,MECHANICAL ENGINEERING,me
3021,University College of Engineering Pattukkottai ECR Road Rajamadam Pattukkottai Taluk Thanjavur District 614701,THANJAVUR,86,90.5,137.5,115.5,112.5,142.5,113,TNEA2025-03228,MECHANICAL ENGINEERING (TAMIL MEDIUM),xm
5017,University College of Engineering Ramanathapuram Pullangudi Ramanathapuram District 623513,RAMANATHAPURAM,85,132.5,118.5,128.5,117,Not Available,Not Available,TNEA2025-03229,CIVIL ENGINEERING,ce
5017,University College of Engineering Ramanathapuram Pullangudi Ramanathapuram District 623513,RAMANATHAPURAM,87.5,132.5,118.5,128.5,117,Not Available,Not Available,TNEA2025-03230,CIVIL ENGINEERING (TAMIL MEDIUM),xc
5017,University College of Engineering Ramanathapuram Pullangudi Ramanathapuram District 623513,RAMANATHAPURAM,155.5,132.5,118.5,128.5,117,Not Available,Not Available,TNEA2025-03231,COMPUTER SCIENCE AND ENGINEERING,cs
5017,University College of Engineering Ramanathapuram Pullangudi Ramanathapuram District 623513,RAMANATHAPURAM,133.5,114,88,83.5,89.5,Not Available,Not Available,TNEA2025-03232,ELECTRONICS AND COMMUNICATION ENGINEERING,ec
5017,University College of Engineering Ramanathapuram Pullangudi Ramanathapuram District 623513,RAMANATHAPURAM,127,101.5,88,118,89.5,Not Available,Not Available,TNEA2025-03233,Electrical and Computer Engineering,ef
5017,University College of Engineering Ramanathapuram Pullangudi Ramanathapuram District 623513,RAMANATHAPURAM,89,85.5,88,118,89.5,Not Available,Not Available,TNEA2025-03234,MECHANICAL ENGINEERING,me
5017,University College of Engineering Ramanathapuram Pullangudi Ramanathapuram District 623513,RAMANATHAPURAM,89,85.5,88,118,89.5,Not Available,Not Available,TNEA2025-03235,MECHANICAL ENGINEERING (TAMIL MEDIUM),xm
3018,University College of Engineering Thirukkuvalai Nagappattinam District 610204,,96,139.5,120,98,85.5,88.5,107,TNEA2025-03236,CIVIL ENGINEERING,ce
3018,University College of Engineering Thirukkuvalai Nagappattinam District 610204,,98.5,139.5,120,98,85.5,88.5,107,TNEA2025-03237,CIVIL ENGINEERING (TAMIL MEDIUM),xc
3018,University College of Engineering Thirukkuvalai Nagappattinam District 610204,,151.5,139.5,120,130.5,127,88.5,107,TNEA2025-03238,COMPUTER SCIENCE AND ENGINEERING,cs
3018,University College of Engineering Thirukkuvalai Nagappattinam District 610204,,112.5,94,120,87.5,92,88.5,107,TNEA2025-03239,ELECTRICAL AND ELECTRONICS ENGINEERING,ee
3018,University College of Engineering Thirukkuvalai Nagappattinam District 610204,,143.5,129,114.5,123,116.5,88.5,107,TNEA2025-03240,ELECTRONICS AND COMMUNICATION ENGINEERING,ec
3018,University College of Engineering Thirukkuvalai Nagappattinam District 610204,,92.5,90.5,114.5,123,116.5,88.5,107,TNEA2025-03241,MECHANICAL ENGINEERING,me
3018,University College of Engineering Thirukkuvalai Nagappattinam District 610204,,84,90.5,114.5,123,116.5,88.5,107,TNEA2025-03242,MECHANICAL ENGINEERING (TAMIL MEDIUM),xm
1014,University College of Engineering Tindivanam Melpakkam Tindivanam Villupuram District 604001,VILUPPURAM,126.5,89,161.5,90,106,102.5,121,TNEA2025-03243,CIVIL ENGINEERING,ce
1014,University College of Engineering Tindivanam Melpakkam Tindivanam Villupuram District 604001,VILUPPURAM,142.5,109,161.5,84,113,129.5,121,TNEA2025-03244,CIVIL ENGINEERING (TAMIL MEDIUM),xc
1014,University College of Engineering Tindivanam Melpakkam Tindivanam Villupuram District 604001,VILUPPURAM,172.5,157.5,161.5,159,146.5,97,121,TNEA2025-03245,COMPUTER SCIENCE AND ENGINEERING,cs
1014,University College of Engineering Tindivanam Melpakkam Tindivanam Villupuram District 604001,VILUPPURAM,164,142.5,154,147,126,128,121,TNEA2025-03246,ELECTRONICS AND COMMUNICATION ENGINEERING,ec
1014,University College of Engineering Tindivanam Melpakkam Tindivanam Villupuram District 604001,VILUPPURAM,171,152.5,144,155.5,129,107.5,121,TNEA2025-03247,INFORMATION TECHNOLOGY,it
3011,University College of Engineering Tiruchirappalli (Bharathidasan Institute of Technology) Tiruchirappalli District 620024,TIRUCHIRAPPALLI,168,153,150.5,142.5,151.5,121,122,TNEA2025-03248,BIO TECHNOLOGY,bt
3011,University College of Engineering Tiruchirappalli (Bharathidasan Institute of Technology) Tiruchirappalli District 620024,TIRUCHIRAPPALLI,160,136.5,117,138,120.5,111,125,TNEA2025-03249,CIVIL ENGINEERING,ce
3011,University College of Engineering Tiruchirappalli (Bharathidasan Institute of Technology) Tiruchirappalli District 620024,TIRUCHIRAPPALLI,150,83.5,117,105.5,101,141.5,116,TNEA2025-03250,CIVIL ENGINEERING (TAMIL MEDIUM),xc
3011,University College of Engineering Tiruchirappalli (Bharathidasan Institute of Technology) Tiruchirappalli District 620024,TIRUCHIRAPPALLI,184.5,178,174,180,174,155,133,TNEA2025-03251,COMPUTER SCIENCE AND ENGINEERING,cs
3011,University College of Engineering Tiruchirappalli (Bharathidasan Institute of Technology) Tiruchirappalli District 620024,TIRUCHIRAPPALLI,176,169,162.5,169.5,162.5,155.5,133,TNEA2025-03252,COMPUTER SCIENCE AND ENGINEERING (AI AND MACHINE LEARNING),am
3011,University College of Engineering Tiruchirappalli (Bharathidasan Institute of Technology) Tiruchirappalli District 620024,TIRUCHIRAPPALLI,175,168,162,170.5,155,129.5,133,TNEA2025-03253,COMPUTER SCIENCE AND ENGINEERING (DATA SCIENCE),cf
3011,University College of Engineering Tiruchirappalli (Bharathidasan Institute of Technology) Tiruchirappalli District 620024,TIRUCHIRAPPALLI,129,85.5,162,119,97,129.5,133,TNEA2025-03254,Civil Engineering (Environmental Engineering),ck
3011,University College of Engineering Tiruchirappalli (Bharathidasan Institute of Technology) Tiruchirappalli District 620024,TIRUCHIRAPPALLI,168,157,142.5,155,144.5,115,122.5,TNEA2025-03255,ELECTRICAL AND ELECTRONICS ENGINEERING,ee
3011,University College of Engineering Tiruchirappalli (Bharathidasan Institute of Technology) Tiruchirappalli District 620024,TIRUCHIRAPPALLI,178.5,171.5,163,172.5,164.5,159,112.5,TNEA2025-03256,ELECTRONICS AND COMMUNICATION ENGINEERING,ec
3011,University College of Engineering Tiruchirappalli (Bharathidasan Institute of Technology) Tiruchirappalli District 620024,TIRUCHIRAPPALLI,160.5,146.5,157.5,147,126.5,109,112.5,TNEA2025-03257,Electrical and Computer Engineering,ef
3011,University College of Engineering Tiruchirappalli (Bharathidasan Institute of Technology) Tiruchirappalli District 620024,TIRUCHIRAPPALLI,163.5,156.5,148,151,137,108.5,112.5,TNEA2025-03258,Electronics Engineering (VLSI Design and Technology),ev
3011,University College of Engineering Tiruchirappalli (Bharathidasan Institute of Technology) Tiruchirappalli District 620024,TIRUCHIRAPPALLI,181.5,172.5,176.5,173.5,167.5,148,140.5,TNEA2025-03259,INFORMATION TECHNOLOGY,it
3011,University College of Engineering Tiruchirappalli (Bharathidasan Institute of Technology) Tiruchirappalli District 620024,TIRUCHIRAPPALLI,157,142.5,96,132.5,140.5,113,140.5,TNEA2025-03260,MECHANICAL ENGINEERING,me
3011,University College of Engineering Tiruchirappalli (Bharathidasan Institute of Technology) Tiruchirappalli District 620024,TIRUCHIRAPPALLI,101,142.5,96,132.5,140.5,85.5,140.5,TNEA2025-03261,MECHANICAL ENGINEERING (TAMIL MEDIUM),xm
3011,University College of Engineering Tiruchirappalli (Bharathidasan Institute of Technology) Tiruchirappalli District 620024,TIRUCHIRAPPALLI,138.5,118,120,102,98,85.5,140.5,TNEA2025-03262,Mechanical Engineering (Automobile),mb
3011,University College of Engineering Tiruchirappalli (Bharathidasan Institute of Technology) Tiruchirappalli District 620024,TIRUCHIRAPPALLI,128.5,92,120.5,92.5,107,85.5,140.5,TNEA2025-03263,Mechanical and Smart Manufacturing,mj
3011,University College of Engineering Tiruchirappalli (Bharathidasan Institute of Technology) Tiruchirappalli District 620024,TIRUCHIRAPPALLI,153,131.5,92.5,130.5,97.5,134.5,129,TNEA2025-03264,PETRO CHEMICAL TECHNOLOGY,pc
3011,University College of Engineering Tiruchirappalli (Bharathidasan Institute of Technology) Tiruchirappalli District 620024,TIRUCHIRAPPALLI,159.5,142,154.5,123.5,108,134.5,129,TNEA2025-03265,PHARMACEUTICAL TECHNOLOGY,ph
1013,University College of Engineering Villupuram Kakuppam Villupuram District 605103,VILUPPURAM,181.5,165.5,166.5,168.5,153,125.5,149.5,TNEA2025-03266,COMPUTER SCIENCE AND ENGINEERING,cs
1013,University College of Engineering Villupuram Kakuppam Villupuram District 605103,VILUPPURAM,168,151.5,149.5,151,131,137,99.5,TNEA2025-03267,ELECTRONICS AND COMMUNICATION ENGINEERING,ec
1013,University College of Engineering Villupuram Kakuppam Villupuram District 605103,VILUPPURAM,172.5,155.5,153,157.81,147.5,149,99.5,TNEA2025-03268,INFORMATION TECHNOLOGY,it
1013,University College of Engineering Villupuram Kakuppam Villupuram District 605103,VILUPPURAM,137.5,92,122.5,99,103,149,99.5,TNEA2025-03269,MECHANICAL ENGINEERING,me
1013,University College of Engineering Villupuram Kakuppam Villupuram District 605103,VILUPPURAM,100.5,92,122.5,87,97.5,149,99.5,TNEA2025-03270,MECHANICAL ENGINEERING (TAMIL MEDIUM),xm
2,University Departments of Anna University Chennai - ACT Campus Sardar Patel Road Guindy Chennai 600 025,CHENNAI,171.5,164,158.5,157.5,152.5,130.5,152.5,TNEA2025-03271,APPAREL TECHNOLOGY (SS),ap
2,University Departments of Anna University Chennai - ACT Campus Sardar Patel Road Guindy Chennai 600 025,CHENNAI,175,166.5,155.5,168,149.5,130.5,175.5,TNEA2025-03272,CERAMIC TECHNOLOGY (SS),cr
2,University Departments of Anna University Chennai - ACT Campus Sardar Patel Road Guindy Chennai 600 025,CHENNAI,192.5,190.5,190,189.5,181.5,180.5,159,TNEA2025-03273,CHEMICAL ENGINEERING,ch
2,University Departments of Anna University Chennai - ACT Campus Sardar Patel Road Guindy Chennai 600 025,CHENNAI,190,187,189.5,186,177,164.5,148.5,TNEA2025-03274,CHEMICAL ENGINEERING (SS),cl
2,University Departments of Anna University Chennai - ACT Campus Sardar Patel Road Guindy Chennai 600 025,CHENNAI,184.5,180,182,180,171.5,164.5,148.5,TNEA2025-03275,FOOD TECHNOLOGY (SS),fs
2,University Departments of Anna University Chennai - ACT Campus Sardar Patel Road Guindy Chennai 600 025,CHENNAI,192,188,190.5,189,174,167.5,148.5,TNEA2025-03276,INDUSTRIAL BIO TECHNOLOGY,ib
2,University Departments of Anna University Chennai - ACT Campus Sardar Patel Road Guindy Chennai 600 025,CHENNAI,190.5,187,189.5,182,179.5,161.5,148.5,TNEA2025-03277,INDUSTRIAL BIO TECHNOLOGY (SS),is
2,University Departments of Anna University Chennai - ACT Campus Sardar Patel Road Guindy Chennai 600 025,CHENNAI,171,162,156.5,158.5,157.5,119,148.5,TNEA2025-03278,LEATHER TECHNOLOGY,le
2,University Departments of Anna University Chennai - ACT Campus Sardar Patel Road Guindy Chennai 600 025,CHENNAI,185.5,178,178.5,179.5,174.5,162,164,TNEA2025-03279,PETROLEUM ENGINEERING AND TECHNOLOGY (SS),pp
2,University Departments of Anna University Chennai - ACT Campus Sardar Patel Road Guindy Chennai 600 025,CHENNAI,185,176,179,179,164.5,134,164,TNEA2025-03280,PHARMACEUTICAL TECHNOLOGY (SS),pm
2,University Departments of Anna University Chennai - ACT Campus Sardar Patel Road Guindy Chennai 600 025,CHENNAI,175.5,164,154.5,160.5,164,119,164,TNEA2025-03281,TEXTILE TECHNOLOGY,tx
1,University Departments of Anna University Chennai - CEG Campus Sardar Patel Road Guindy Chennai 600 025,CHENNAI,195,192,193,193,182.5,168,191.5,TNEA2025-03282,BIO MEDICAL ENGINEERING (SS),by
1,University Departments of Anna University Chennai - CEG Campus Sardar Patel Road Guindy Chennai 600 025,CHENNAI,195,192,190,193.5,186,176,191.5,TNEA2025-03283,CIVIL ENGINEERING,ce
1,University Departments of Anna University Chennai - CEG Campus Sardar Patel Road Guindy Chennai 600 025,CHENNAI,188.41,179,181,181.5,167,156.5,191.5,TNEA2025-03284,CIVIL ENGINEERING (TAMIL MEDIUM),xc
1,University Departments of Anna University Chennai - CEG Campus Sardar Patel Road Guindy Chennai 600 025,CHENNAI,200,199.5,198.5,199.5,197.5,195,191.5,TNEA2025-03285,COMPUTER SCIENCE AND ENGINEERING,cs
1,University Departments of Anna University Chennai - CEG Campus Sardar Patel Road Guindy Chennai 600 025,CHENNAI,199.5,199,198,199,195.5,190.5,191.5,TNEA2025-03286,COMPUTER SCIENCE AND ENGINEERING (SS),cm
1,University Departments of Anna University Chennai - CEG Campus Sardar Patel Road Guindy Chennai 600 025,CHENNAI,197.5,196.5,196.5,196,192.5,187.5,190,TNEA2025-03287,ELECTRICAL AND ELECTRONICS ENGINEERING,ee
1,University Departments of Anna University Chennai - CEG Campus Sardar Patel Road Guindy Chennai 600 025,CHENNAI,199.5,199,197.5,198.5,197,196,190,TNEA2025-03288,ELECTRONICS AND COMMUNICATION ENGINEERING,ec
1,University Departments of Anna University Chennai - CEG Campus Sardar Patel Road Guindy Chennai 600 025,CHENNAI,198.5,198.5,197.5,197.5,194,191.5,180.5,TNEA2025-03289,ELECTRONICS AND COMMUNICATION ENGINEERING (SS),em
1,University Departments of Anna University Chennai - CEG Campus Sardar Patel Road Guindy Chennai 600 025,CHENNAI,197,196.5,194.5,195.5,191,191.5,164,TNEA2025-03290,Electronics Engineering (VLSI Design and Technology) (SS),el
1,University Departments of Anna University Chennai - CEG Campus Sardar Patel Road Guindy Chennai 600 025,CHENNAI,191,188,189,186,177,175,164,TNEA2025-03291,GEO INFORMATICS,gi
1,University Departments of Anna University Chennai - CEG Campus Sardar Patel Road Guindy Chennai 600 025,CHENNAI,190.5,186,186,185,176.5,163.5,167,TNEA2025-03292,INDUSTRIAL ENGINEERING,ie
1,University Departments of Anna University Chennai - CEG Campus Sardar Patel Road Guindy Chennai 600 025,CHENNAI,198.5,198,197.5,197.5,193.5,191,193,TNEA2025-03293,INFORMATION TECHNOLOGY (SS),im
1,University Departments of Anna University Chennai - CEG Campus Sardar Patel Road Guindy Chennai 600 025,CHENNAI,188.59,184,186.5,184.5,175,164,168.5,TNEA2025-03294,MANUFACTURING ENGINEERING,mn
1,University Departments of Anna University Chennai - CEG Campus Sardar Patel Road Guindy Chennai 600 025,CHENNAI,189.5,186,189,185,175,157.5,168.5,TNEA2025-03295,MATERIAL SCIENCE AND ENGINEERING (SS),ma
1,University Departments of Anna University Chennai - CEG Campus Sardar Patel Road Guindy Chennai 600 025,CHENNAI,194.5,192.5,193.5,192.5,187,182.5,184.5,TNEA2025-03296,MECHANICAL ENGINEERING,me
1,University Departments of Anna University Chennai - CEG Campus Sardar Patel Road Guindy Chennai 600 025,CHENNAI,187.5,179.5,186,179,163.5,182.5,158.5,TNEA2025-03297,MECHANICAL ENGINEERING (TAMIL MEDIUM),xm
1,University Departments of Anna University Chennai - CEG Campus Sardar Patel Road Guindy Chennai 600 025,CHENNAI,191.5,186.5,186,189.5,181,164.5,158.5,TNEA2025-03298,MINING ENGINEERING,mi
1,University Departments of Anna University Chennai - CEG Campus Sardar Patel Road Guindy Chennai 600 025,CHENNAI,184.5,176.5,166.5,173,167,149,167.5,TNEA2025-03299,PRINTING & PACKING TECHNOLOGY,pt
4,University Departments of Anna University Chennai - MIT Campus Chrompet Tambaram Taluk Chengalpattu District 600 044,CHENGALPATTU,196,193.5,190.5,194,191.5,175.5,168,TNEA2025-03300,AERONAUTICAL ENGINEERING,ae
4,University Departments of Anna University Chennai - MIT Campus Chrompet Tambaram Taluk Chengalpattu District 600 044,CHENGALPATTU,198,197.5,196,197,193.5,188,168,TNEA2025-03301,ARTIFICIAL INTELLIGENCE AND DATA SCIENCE (SS),at
4,University Departments of Anna University Chennai - MIT Campus Chrompet Tambaram Taluk Chengalpattu District 600 044,CHENGALPATTU,191.5,189,189,187.5,179.5,164,168,TNEA2025-03302,AUTOMOBILE ENGINEERING,au
4,University Departments of Anna University Chennai - MIT Campus Chrompet Tambaram Taluk Chengalpattu District 600 044,CHENGALPATTU,199,198.5,198,197.5,195.5,190,194,TNEA2025-03303,COMPUTER SCIENCE AND ENGINEERING,cs
4,University Departments of Anna University Chennai - MIT Campus Chrompet Tambaram Taluk Chengalpattu District 600 044,CHENGALPATTU,198,197.5,197,197,193,190.5,186.5,TNEA2025-03304,COMPUTER SCIENCE AND ENGINEERING (SS),cm
4,University Departments of Anna University Chennai - MIT Campus Chrompet Tambaram Taluk Chengalpattu District 600 044,CHENGALPATTU,198,197.5,197,197,193.5,191,193.5,TNEA2025-03305,ELECTRONICS AND COMMUNICATION ENGINEERING,ec
4,University Departments of Anna University Chennai - MIT Campus Chrompet Tambaram Taluk Chengalpattu District 600 044,CHENGALPATTU,197.5,197,196.5,196.5,192,190,182.5,TNEA2025-03306,ELECTRONICS AND COMMUNICATION ENGINEERING (SS),em
4,University Departments of Anna University Chennai - MIT Campus Chrompet Tambaram Taluk Chengalpattu District 600 044,CHENGALPATTU,196,195,194.5,194.5,187.5,190,163,TNEA2025-03307,ELECTRONICS AND INSTRUMENTATION ENGINEERING,ei
4,University Departments of Anna University Chennai - MIT Campus Chrompet Tambaram Taluk Chengalpattu District 600 044,CHENGALPATTU,197.25,196.5,197,196.5,191.5,185.5,188.5,TNEA2025-03308,INFORMATION TECHNOLOGY (SS),im
4,University Departments of Anna University Chennai - MIT Campus Chrompet Tambaram Taluk Chengalpattu District 600 044,CHENGALPATTU,188.5,183.5,186,183,178.5,167,188.5,TNEA2025-03309,PRODUCTION ENGINEERING,pr
4,University Departments of Anna University Chennai - MIT Campus Chrompet Tambaram Taluk Chengalpattu District 600 044,CHENGALPATTU,195.5,194.5,195.5,193.5,187,183,188.5,TNEA2025-03310,ROBOTICS AND AUTOMATION (SS),ra
4,University Departments of Anna University Chennai - MIT Campus Chrompet Tambaram Taluk Chengalpattu District 600 044,CHENGALPATTU,181.33,173.5,172.5,171.5,165,146,188.5,TNEA2025-03311,RUBBER AND PLASTIC TECHNOLOGY,rp
4024,University V.O.C. College of Engineering Thoothukudi Near V.O.C. College Millerpuram Thoothukudi District 628008,THOOTHUKUDI,115.5,97.5,158,98.5,97.5,102.5,Not Available,TNEA2025-03312,CIVIL ENGINEERING,ce
4024,University V.O.C. College of Engineering Thoothukudi Near V.O.C. College Millerpuram Thoothukudi District 628008,THOOTHUKUDI,108,97.5,158,98.5,97.5,102.5,Not Available,TNEA2025-03313,CIVIL ENGINEERING (TAMIL MEDIUM),xc
4024,University V.O.C. College of Engineering Thoothukudi Near V.O.C. College Millerpuram Thoothukudi District 628008,THOOTHUKUDI,144,112.5,158,127.5,103,102.5,Not Available,TNEA2025-03314,ELECTRICAL AND ELECTRONICS ENGINEERING,ee
4024,University V.O.C. College of Engineering Thoothukudi Near V.O.C. College Millerpuram Thoothukudi District 628008,THOOTHUKUDI,163,151.5,154.5,133,120,133,Not Available,TNEA2025-03315,ELECTRONICS AND COMMUNICATION ENGINEERING,ec
4024,University V.O.C. College of Engineering Thoothukudi Near V.O.C. College Millerpuram Thoothukudi District 628008,THOOTHUKUDI,95,151.5,154.5,133,120,133,Not Available,TNEA2025-03316,MECHANICAL ENGINEERING,me
4024,University V.O.C. College of Engineering Thoothukudi Near V.O.C. College Millerpuram Thoothukudi District 628008,THOOTHUKUDI,104.5,151.5,154.5,133,120,133,Not Available,TNEA2025-03317,MECHANICAL ENGINEERING (TAMIL MEDIUM),xm
4941,"Unnamalai Institute of Technology, Suba Nagar, Ayyaneri Post, Kovilpatti, Thoothukudi District-628502.",THOOTHUKUDI,82,80,Not Available,90.5,99,Not Available,Not Available,TNEA2025-03318,Artificial Intelligence and Data Science,ad
4941,"Unnamalai Institute of Technology, Suba Nagar, Ayyaneri Post, Kovilpatti, Thoothukudi District-628502.",THOOTHUKUDI,118,80,Not Available,90.5,99,Not Available,Not Available,TNEA2025-03319,COMPUTER SCIENCE AND ENGINEERING,cs
4941,"Unnamalai Institute of Technology, Suba Nagar, Ayyaneri Post, Kovilpatti, Thoothukudi District-628502.",THOOTHUKUDI,83.5,80,Not Available,90.5,99,Not Available,Not Available,TNEA2025-03320,Computer Science and Engineering (Cyber Security),sc
4941,"Unnamalai Institute of Technology, Suba Nagar, Ayyaneri Post, Kovilpatti, Thoothukudi District-628502.",THOOTHUKUDI,82,80,Not Available,90.5,99,Not Available,Not Available,TNEA2025-03321,ELECTRICAL AND ELECTRONICS ENGINEERING,ee
4941,"Unnamalai Institute of Technology, Suba Nagar, Ayyaneri Post, Kovilpatti, Thoothukudi District-628502.",THOOTHUKUDI,88.5,80,Not Available,90.5,99,Not Available,Not Available,TNEA2025-03322,ELECTRONICS AND COMMUNICATION ENGINEERING,ec
2658,"V S A Group of Institutions, NH-47 Main Road, Uthamasolapuram Post, Salem-636010.",SALEM,82,Not Available,93.5,96.5,98,87,Not Available,TNEA2025-03323,BIO MEDICAL ENGINEERING,bm
2658,"V S A Group of Institutions, NH-47 Main Road, Uthamasolapuram Post, Salem-636010.",SALEM,82,Not Available,93.5,96.5,98,87,Not Available,TNEA2025-03324,CIVIL ENGINEERING,ce
2658,"V S A Group of Institutions, NH-47 Main Road, Uthamasolapuram Post, Salem-636010.",SALEM,90.5,Not Available,93.5,96.5,98,87,Not Available,TNEA2025-03325,COMPUTER SCIENCE AND ENGINEERING,cs
2658,"V S A Group of Institutions, NH-47 Main Road, Uthamasolapuram Post, Salem-636010.",SALEM,93.5,Not Available,93.5,96.5,98,87,Not Available,TNEA2025-03326,ELECTRICAL AND ELECTRONICS ENGINEERING,ee
2658,"V S A Group of Institutions, NH-47 Main Road, Uthamasolapuram Post, Salem-636010.",SALEM,83.5,Not Available,93.5,96.5,98,87,Not Available,TNEA2025-03327,ELECTRONICS AND COMMUNICATION ENGINEERING,ec
2658,"V S A Group of Institutions, NH-47 Main Road, Uthamasolapuram Post, Salem-636010.",SALEM,102.5,Not Available,93.5,96.5,98,100,Not Available,TNEA2025-03328,INFORMATION TECHNOLOGY,it
2658,"V S A Group of Institutions, NH-47 Main Road, Uthamasolapuram Post, Salem-636010.",SALEM,102.5,Not Available,93.5,96.5,98,100,Not Available,TNEA2025-03329,MECHANICAL ENGINEERING,me
2622,"V S B Engineering College (Autonomous), N.H.67, Covai Road, Karudayampalayam (Village & Post), Aravakurichi (TK), Karur-639111.",KARUR,164,149.5,147.5,137.5,91,132.5,112,TNEA2025-03330,Artificial Intelligence and Data Science,ad
2622,"V S B Engineering College (Autonomous), N.H.67, Covai Road, Karudayampalayam (Village & Post), Aravakurichi (TK), Karur-639111.",KARUR,153.5,137.5,147.5,126,97,131,112,TNEA2025-03331,BIO MEDICAL ENGINEERING,bm
2622,"V S B Engineering College (Autonomous), N.H.67, Covai Road, Karudayampalayam (Village & Post), Aravakurichi (TK), Karur-639111.",KARUR,170,138,119.5,135.5,128,131,114,TNEA2025-03332,BIO TECHNOLOGY,bt
2622,"V S B Engineering College (Autonomous), N.H.67, Covai Road, Karudayampalayam (Village & Post), Aravakurichi (TK), Karur-639111.",KARUR,144.5,132.5,125.5,125,92,119.5,114,TNEA2025-03333,CHEMICAL ENGINEERING,ch
2622,"V S B Engineering College (Autonomous), N.H.67, Covai Road, Karudayampalayam (Village & Post), Aravakurichi (TK), Karur-639111.",KARUR,158,131.5,125.5,122.5,97,119.5,114,TNEA2025-03334,CIVIL ENGINEERING,ce
2622,"V S B Engineering College (Autonomous), N.H.67, Covai Road, Karudayampalayam (Village & Post), Aravakurichi (TK), Karur-639111.",KARUR,145.5,142,124,133.5,106,99,114,TNEA2025-03335,COMPUTER AND COMMUNICATION ENGINEERING,co
2622,"V S B Engineering College (Autonomous), N.H.67, Covai Road, Karudayampalayam (Village & Post), Aravakurichi (TK), Karur-639111.",KARUR,147.5,144,135.5,139,110.5,104.5,114,TNEA2025-03336,COMPUTER SCIENCE AND BUSSINESS SYSTEM,cb
2622,"V S B Engineering College (Autonomous), N.H.67, Covai Road, Karudayampalayam (Village & Post), Aravakurichi (TK), Karur-639111.",KARUR,173,165,155.5,148,94,134.5,136,TNEA2025-03337,COMPUTER SCIENCE AND ENGINEERING,cs
2622,"V S B Engineering College (Autonomous), N.H.67, Covai Road, Karudayampalayam (Village & Post), Aravakurichi (TK), Karur-639111.",KARUR,154.5,146,129,136,96,168,136,TNEA2025-03338,COMPUTER SCIENCE AND ENGINEERING (AI AND MACHINE LEARNING),am
2622,"V S B Engineering College (Autonomous), N.H.67, Covai Road, Karudayampalayam (Village & Post), Aravakurichi (TK), Karur-639111.",KARUR,147.5,142,161,132,104,117,136,TNEA2025-03339,ELECTRICAL AND ELECTRONICS ENGINEERING,ee
2622,"V S B Engineering College (Autonomous), N.H.67, Covai Road, Karudayampalayam (Village & Post), Aravakurichi (TK), Karur-639111.",KARUR,159.5,149,124.5,134.5,94.5,130.5,133,TNEA2025-03340,ELECTRONICS AND COMMUNICATION ENGINEERING,ec
2622,"V S B Engineering College (Autonomous), N.H.67, Covai Road, Karudayampalayam (Village & Post), Aravakurichi (TK), Karur-639111.",KARUR,162.5,152,130,141,93.5,133,117,TNEA2025-03341,INFORMATION TECHNOLOGY,it
2622,"V S B Engineering College (Autonomous), N.H.67, Covai Road, Karudayampalayam (Village & Post), Aravakurichi (TK), Karur-639111.",KARUR,147.5,136,126,127,98,121,117,TNEA2025-03342,MECHANICAL ENGINEERING,me
4864,"V V College of Engineering, V.V. Nagar, Arasur Village, Idaichivilai Post, Sathankulam Taluk, Tuticorin District, Tirunelveli-628656.",THOOTHUKUDI fr,126.5,102,113,104.5,118.5,Not Available,Not Available,TNEA2025-03343,Artificial Intelligence and Data Science,ad
4864,"V V College of Engineering, V.V. Nagar, Arasur Village, Idaichivilai Post, Sathankulam Taluk, Tuticorin District, Tirunelveli-628656.",THOOTHUKUDI fr,80,102,113,104.5,118.5,Not Available,Not Available,TNEA2025-03344,CIVIL ENGINEERING,ce
4864,"V V College of Engineering, V.V. Nagar, Arasur Village, Idaichivilai Post, Sathankulam Taluk, Tuticorin District, Tirunelveli-628656.",THOOTHUKUDI fr,144,129.5,114.5,104.5,104,Not Available,Not Available,TNEA2025-03345,COMPUTER SCIENCE AND ENGINEERING,cs
4864,"V V College of Engineering, V.V. Nagar, Arasur Village, Idaichivilai Post, Sathankulam Taluk, Tuticorin District, Tirunelveli-628656.",THOOTHUKUDI fr,90.5,86,114.5,104.5,104,Not Available,Not Available,TNEA2025-03346,ELECTRICAL AND ELECTRONICS ENGINEERING,ee
4864,"V V College of Engineering, V.V. Nagar, Arasur Village, Idaichivilai Post, Sathankulam Taluk, Tuticorin District, Tirunelveli-628656.",THOOTHUKUDI fr,144,120,114.5,124,104,Not Available,Not Available,TNEA2025-03347,ELECTRONICS AND COMMUNICATION ENGINEERING,ec
4864,"V V College of Engineering, V.V. Nagar, Arasur Village, Idaichivilai Post, Sathankulam Taluk, Tuticorin District, Tirunelveli-628656.",THOOTHUKUDI fr,80.5,120,114.5,124,104,Not Available,Not Available,TNEA2025-03348,MECHANICAL ENGINEERING,me
1421,"V.R.S. College of Engineering and Technology, Arasur & Post, Ulundurpet Taluk, Villupuram District-607107.",VILUPPURAM,95,82,96.5,83,86,107.5,Not Available,TNEA2025-03349,CIVIL ENGINEERING,ce
1421,"V.R.S. College of Engineering and Technology, Arasur & Post, Ulundurpet Taluk, Villupuram District-607107.",VILUPPURAM,135,98,96.5,125.5,108,107.5,Not Available,TNEA2025-03350,COMPUTER SCIENCE AND ENGINEERING,cs
1421,"V.R.S. College of Engineering and Technology, Arasur & Post, Ulundurpet Taluk, Villupuram District-607107.",VILUPPURAM,107,81,96.5,83,94,107.5,Not Available,TNEA2025-03351,ELECTRICAL AND ELECTRONICS ENGINEERING,ee
1421,"V.R.S. College of Engineering and Technology, Arasur & Post, Ulundurpet Taluk, Villupuram District-607107.",VILUPPURAM,124,85.5,88.5,114.5,105,88.5,Not Available,TNEA2025-03352,ELECTRONICS AND COMMUNICATION ENGINEERING,ec
1421,"V.R.S. College of Engineering and Technology, Arasur & Post, Ulundurpet Taluk, Villupuram District-607107.",VILUPPURAM,140.5,97.5,88.5,133,117,88.5,Not Available,TNEA2025-03353,INFORMATION TECHNOLOGY,it
1421,"V.R.S. College of Engineering and Technology, Arasur & Post, Ulundurpet Taluk, Villupuram District-607107.",VILUPPURAM,104,97.5,88.5,88,87.5,88.5,Not Available,TNEA2025-03354,MECHANICAL ENGINEERING,me
2357,"V.S.B. College of Engineering Technical Campus (Autonomous), S.F. No.91/2A, 91/2B, 252, 253/1, Solavampalayam Village, Kinathukadavu, Pollachi Taluk, Coimbatore District-642109.",COIMBATORE,135.5,120.5,121,115,128,129.5,102.5,TNEA2025-03355,AGRICULTURAL ENGINEERING,ag
2357,"V.S.B. College of Engineering Technical Campus (Autonomous), S.F. No.91/2A, 91/2B, 252, 253/1, Solavampalayam Village, Kinathukadavu, Pollachi Taluk, Coimbatore District-642109.",COIMBATORE,153.5,141.5,121,131,110,117.5,102.5,TNEA2025-03356,Artificial Intelligence and Data Science,ad
2357,"V.S.B. College of Engineering Technical Campus (Autonomous), S.F. No.91/2A, 91/2B, 252, 253/1, Solavampalayam Village, Kinathukadavu, Pollachi Taluk, Coimbatore District-642109.",COIMBATORE,159.5,145.5,142.5,134.5,101.5,126.5,123,TNEA2025-03357,COMPUTER SCIENCE AND ENGINEERING,cs
2357,"V.S.B. College of Engineering Technical Campus (Autonomous), S.F. No.91/2A, 91/2B, 252, 253/1, Solavampalayam Village, Kinathukadavu, Pollachi Taluk, Coimbatore District-642109.",COIMBATORE,150.5,141,115,134.5,107.5,101.5,142.5,TNEA2025-03358,COMPUTER SCIENCE AND ENGINEERING (AI AND MACHINE LEARNING),am
2357,"V.S.B. College of Engineering Technical Campus (Autonomous), S.F. No.91/2A, 91/2B, 252, 253/1, Solavampalayam Village, Kinathukadavu, Pollachi Taluk, Coimbatore District-642109.",COIMBATORE,142.5,139,140.5,130,115,101.5,142.5,TNEA2025-03359,ELECTRICAL AND ELECTRONICS ENGINEERING,ee
2357,"V.S.B. College of Engineering Technical Campus (Autonomous), S.F. No.91/2A, 91/2B, 252, 253/1, Solavampalayam Village, Kinathukadavu, Pollachi Taluk, Coimbatore District-642109.",COIMBATORE,154,142,110.5,132,101.5,109.5,116,TNEA2025-03360,ELECTRONICS AND COMMUNICATION ENGINEERING,ec
2357,"V.S.B. College of Engineering Technical Campus (Autonomous), S.F. No.91/2A, 91/2B, 252, 253/1, Solavampalayam Village, Kinathukadavu, Pollachi Taluk, Coimbatore District-642109.",COIMBATORE,153,142,142.5,140.5,96.5,140.5,116,TNEA2025-03361,INFORMATION TECHNOLOGY,it
2357,"V.S.B. College of Engineering Technical Campus (Autonomous), S.F. No.91/2A, 91/2B, 252, 253/1, Solavampalayam Village, Kinathukadavu, Pollachi Taluk, Coimbatore District-642109.",COIMBATORE,134.5,127,130.5,114,93.5,86.5,116,TNEA2025-03362,MECHANICAL ENGINEERING,me
5532,"Vaigai College of Engineering, Therkutheru, Melur Taluk, Madurai-625122.",MADURAI fr,103.5,104,114.5,110.5,100,Not Available,Not Available,TNEA2025-03363,CIVIL ENGINEERING,ce
5532,"Vaigai College of Engineering, Therkutheru, Melur Taluk, Madurai-625122.",MADURAI fr,125.5,104,114.5,110.5,100,Not Available,Not Available,TNEA2025-03364,COMPUTER SCIENCE AND ENGINEERING,cs
5532,"Vaigai College of Engineering, Therkutheru, Melur Taluk, Madurai-625122.",MADURAI fr,97.5,104,114.5,110.5,100,Not Available,Not Available,TNEA2025-03365,ELECTRICAL AND ELECTRONICS ENGINEERING,ee
5532,"Vaigai College of Engineering, Therkutheru, Melur Taluk, Madurai-625122.",MADURAI fr,88.5,104,114.5,110.5,100,Not Available,Not Available,TNEA2025-03366,ELECTRONICS AND COMMUNICATION ENGINEERING,ec
5532,"Vaigai College of Engineering, Therkutheru, Melur Taluk, Madurai-625122.",MADURAI fr,100,104,114.5,110.5,100,Not Available,Not Available,TNEA2025-03367,MECHANICAL ENGINEERING,me
3848,"Vandayar Engineering College, Pulavarnatham (Post), Mariammankovil (via), Nagai Main Road, Thanjavur-613501.",Thanjavur,120,Not Available,Not Available,Not Available,Not Available,Not Available,Not Available,TNEA2025-03368,Artificial Intelligence and Data Science,ad
3848,"Vandayar Engineering College, Pulavarnatham (Post), Mariammankovil (via), Nagai Main Road, Thanjavur-613501.",Thanjavur,120,Not Available,Not Available,Not Available,Not Available,Not Available,Not Available,TNEA2025-03369,CIVIL ENGINEERING,ce
3848,"Vandayar Engineering College, Pulavarnatham (Post), Mariammankovil (via), Nagai Main Road, Thanjavur-613501.",Thanjavur,95,Not Available,Not Available,Not Available,Not Available,Not Available,Not Available,TNEA2025-03370,COMPUTER SCIENCE AND ENGINEERING,cs
3848,"Vandayar Engineering College, Pulavarnatham (Post), Mariammankovil (via), Nagai Main Road, Thanjavur-613501.",Thanjavur,95,Not Available,Not Available,Not Available,Not Available,Not Available,Not Available,TNEA2025-03371,ELECTRICAL AND ELECTRONICS ENGINEERING,ee
3848,"Vandayar Engineering College, Pulavarnatham (Post), Mariammankovil (via), Nagai Main Road, Thanjavur-613501.",Thanjavur,101.5,Not Available,Not Available,Not Available,Not Available,Not Available,Not Available,TNEA2025-03372,ELECTRONICS AND COMMUNICATION ENGINEERING,ec
3848,"Vandayar Engineering College, Pulavarnatham (Post), Mariammankovil (via), Nagai Main Road, Thanjavur-613501.",Thanjavur,96,Not Available,Not Available,Not Available,Not Available,Not Available,Not Available,TNEA2025-03373,INFORMATION TECHNOLOGY,it
3848,"Vandayar Engineering College, Pulavarnatham (Post), Mariammankovil (via), Nagai Main Road, Thanjavur-613501.",Thanjavur,96,Not Available,Not Available,Not Available,Not Available,Not Available,Not Available,TNEA2025-03374,MECHANICAL ENGINEERING,me
2641,"Varuvan Vadivelan Institute of Technology, NH 7, Krishnagiri Main Road, Gundalapatty, Dharmapuri-636703.",DHARMAPURI,120,101.5,Not Available,97,Not Available,Not Available,Not Available,TNEA2025-03375,Artificial Intelligence and Data Science,ad
2641,"Varuvan Vadivelan Institute of Technology, NH 7, Krishnagiri Main Road, Gundalapatty, Dharmapuri-636703.",DHARMAPURI,96,101.5,Not Available,97,Not Available,Not Available,Not Available,TNEA2025-03376,CIVIL ENGINEERING,ce
2641,"Varuvan Vadivelan Institute of Technology, NH 7, Krishnagiri Main Road, Gundalapatty, Dharmapuri-636703.",DHARMAPURI,93,101.5,Not Available,83.5,Not Available,Not Available,Not Available,TNEA2025-03377,COMPUTER SCIENCE AND ENGINEERING,cs
2641,"Varuvan Vadivelan Institute of Technology, NH 7, Krishnagiri Main Road, Gundalapatty, Dharmapuri-636703.",DHARMAPURI,99,101.5,Not Available,83.5,Not Available,Not Available,Not Available,TNEA2025-03378,ELECTRICAL AND ELECTRONICS ENGINEERING,ee
2641,"Varuvan Vadivelan Institute of Technology, NH 7, Krishnagiri Main Road, Gundalapatty, Dharmapuri-636703.",DHARMAPURI,83.5,101.5,Not Available,83.5,Not Available,Not Available,Not Available,TNEA2025-03379,ELECTRONICS AND COMMUNICATION ENGINEERING,ec
2641,"Varuvan Vadivelan Institute of Technology, NH 7, Krishnagiri Main Road, Gundalapatty, Dharmapuri-636703.",DHARMAPURI,86,101.5,Not Available,83.5,Not Available,Not Available,Not Available,TNEA2025-03380,INFORMATION TECHNOLOGY,it
2641,"Varuvan Vadivelan Institute of Technology, NH 7, Krishnagiri Main Road, Gundalapatty, Dharmapuri-636703.",DHARMAPURI,87,101.5,Not Available,83.5,Not Available,Not Available,Not Available,TNEA2025-03381,MECHANICAL ENGINEERING,me
5851,"Veerammal Engineering College, PVP Nagar, K.Singrakottai, Dindigul-624708.",DINDIGUL,133.5,Not Available,Not Available,Not Available,Not Available,Not Available,Not Available,TNEA2025-03382,CIVIL ENGINEERING,ce
5851,"Veerammal Engineering College, PVP Nagar, K.Singrakottai, Dindigul-624708.",DINDIGUL,109.5,Not Available,Not Available,Not Available,Not Available,Not Available,Not Available,TNEA2025-03383,COMPUTER SCIENCE AND ENGINEERING,cs
5851,"Veerammal Engineering College, PVP Nagar, K.Singrakottai, Dindigul-624708.",DINDIGUL,93,Not Available,Not Available,Not Available,Not Available,Not Available,Not Available,TNEA2025-03384,ELECTRICAL AND ELECTRONICS ENGINEERING,ee
5851,"Veerammal Engineering College, PVP Nagar, K.Singrakottai, Dindigul-624708.",DINDIGUL,103,Not Available,Not Available,Not Available,Not Available,Not Available,Not Available,TNEA2025-03385,ELECTRONICS AND COMMUNICATION ENGINEERING,ec
1122,"Vel Tech High Tech Dr.Rangarajan Dr.Sakunthala Engineering College (Autonomous), No. 60, Veltech Road, Avadi, Morai, Thiruvallur-600062.",TIRUVALLUR,163,155.5,157.5,152,139,129.5,123,TNEA2025-03386,Artificial Intelligence and Data Science,ad
1122,"Vel Tech High Tech Dr.Rangarajan Dr.Sakunthala Engineering College (Autonomous), No. 60, Veltech Road, Avadi, Morai, Thiruvallur-600062.",TIRUVALLUR,145,125,100,113,97.5,129.5,123,TNEA2025-03387,BIO TECHNOLOGY,bt
1122,"Vel Tech High Tech Dr.Rangarajan Dr.Sakunthala Engineering College (Autonomous), No. 60, Veltech Road, Avadi, Morai, Thiruvallur-600062.",TIRUVALLUR,146.5,101.5,138.5,120.5,96,129.5,123,TNEA2025-03388,CHEMICAL ENGINEERING,ch
1122,"Vel Tech High Tech Dr.Rangarajan Dr.Sakunthala Engineering College (Autonomous), No. 60, Veltech Road, Avadi, Morai, Thiruvallur-600062.",TIRUVALLUR,139,115.5,138.5,121,98,129.5,123,TNEA2025-03389,CIVIL ENGINEERING,ce
1122,"Vel Tech High Tech Dr.Rangarajan Dr.Sakunthala Engineering College (Autonomous), No. 60, Veltech Road, Avadi, Morai, Thiruvallur-600062.",TIRUVALLUR,167,157,154.5,153.5,133,115,123,TNEA2025-03390,COMPUTER SCIENCE AND ENGINEERING,cs
1122,"Vel Tech High Tech Dr.Rangarajan Dr.Sakunthala Engineering College (Autonomous), No. 60, Veltech Road, Avadi, Morai, Thiruvallur-600062.",TIRUVALLUR,160.5,153,156.5,151,129.5,117.5,123,TNEA2025-03391,COMPUTER SCIENCE AND ENGINEERING (AI AND MACHINE LEARNING),am
1122,"Vel Tech High Tech Dr.Rangarajan Dr.Sakunthala Engineering College (Autonomous), No. 60, Veltech Road, Avadi, Morai, Thiruvallur-600062.",TIRUVALLUR,162,153.5,154,149,124.5,117.5,123,TNEA2025-03392,ELECTRONICS AND COMMUNICATION ENGINEERING,ec
1122,"Vel Tech High Tech Dr.Rangarajan Dr.Sakunthala Engineering College (Autonomous), No. 60, Veltech Road, Avadi, Morai, Thiruvallur-600062.",TIRUVALLUR,160,154,147.5,150.5,127.5,117.5,123,TNEA2025-03393,INFORMATION TECHNOLOGY,it
1122,"Vel Tech High Tech Dr.Rangarajan Dr.Sakunthala Engineering College (Autonomous), No. 60, Veltech Road, Avadi, Morai, Thiruvallur-600062.",TIRUVALLUR,135.5,112,119.5,114,101,117.5,123,TNEA2025-03394,MECHANICAL ENGINEERING,me
1118,"Vel Tech Multi Tech Dr Rangarajan Dr Sakunthala Engineering College (Autonomous), 42, Veltech Road, Avadi, Morai, Thiruvallur-600062.",TIRUVALLUR,165,157.5,160,154.5,142.5,110,121.5,TNEA2025-03395,Artificial Intelligence and Data Science,ad
1118,"Vel Tech Multi Tech Dr Rangarajan Dr Sakunthala Engineering College (Autonomous), 42, Veltech Road, Avadi, Morai, Thiruvallur-600062.",TIRUVALLUR,148.5,126.5,141.5,102.5,119.5,110,121.5,TNEA2025-03396,BIO MEDICAL ENGINEERING,bm
1118,"Vel Tech Multi Tech Dr Rangarajan Dr Sakunthala Engineering College (Autonomous), 42, Veltech Road, Avadi, Morai, Thiruvallur-600062.",TIRUVALLUR,162.5,154.5,149,149.5,119.5,110,121.5,TNEA2025-03397,COMPUTER SCIENCE AND BUSSINESS SYSTEM,cb
1118,"Vel Tech Multi Tech Dr Rangarajan Dr Sakunthala Engineering College (Autonomous), 42, Veltech Road, Avadi, Morai, Thiruvallur-600062.",TIRUVALLUR,167.5,160.5,160,161,136,124.5,121.5,TNEA2025-03398,COMPUTER SCIENCE AND ENGINEERING,cs
1118,"Vel Tech Multi Tech Dr Rangarajan Dr Sakunthala Engineering College (Autonomous), 42, Veltech Road, Avadi, Morai, Thiruvallur-600062.",TIRUVALLUR,164,156.5,162.5,154.5,128,108,121.5,TNEA2025-03399,Computer Science and Engineering (Cyber Security),sc
1118,"Vel Tech Multi Tech Dr Rangarajan Dr Sakunthala Engineering College (Autonomous), 42, Veltech Road, Avadi, Morai, Thiruvallur-600062.",TIRUVALLUR,151.5,144.5,142,141.5,113.5,99.5,121.5,TNEA2025-03400,ELECTRICAL AND ELECTRONICS ENGINEERING,ee
1118,"Vel Tech Multi Tech Dr Rangarajan Dr Sakunthala Engineering College (Autonomous), 42, Veltech Road, Avadi, Morai, Thiruvallur-600062.",TIRUVALLUR,165,156,161,153.5,141,99.5,121.5,TNEA2025-03401,ELECTRONICS AND COMMUNICATION ENGINEERING,ec
1118,"Vel Tech Multi Tech Dr Rangarajan Dr Sakunthala Engineering College (Autonomous), 42, Veltech Road, Avadi, Morai, Thiruvallur-600062.",TIRUVALLUR,165,156.5,150,155,127.5,99.5,121.5,TNEA2025-03402,INFORMATION TECHNOLOGY,it
1118,"Vel Tech Multi Tech Dr Rangarajan Dr Sakunthala Engineering College (Autonomous), 42, Veltech Road, Avadi, Morai, Thiruvallur-600062.",TIRUVALLUR,140,117.5,136.5,114,115.5,99.5,121.5,TNEA2025-03403,MECHANICAL ENGINEERING,me
2723,"Velalar College of Engineering and Technology (Autonomous), Perundurai Road Thindal Post, Erode-638012.",ERODE,163,151,162.5,143,92,112,93,TNEA2025-03404,Artificial Intelligence and Data Science,ad
2723,"Velalar College of Engineering and Technology (Autonomous), Perundurai Road Thindal Post, Erode-638012.",ERODE,150,132,147,113.5,89,130,93,TNEA2025-03405,BIO MEDICAL ENGINEERING,bm
2723,"Velalar College of Engineering and Technology (Autonomous), Perundurai Road Thindal Post, Erode-638012.",ERODE,147.5,129,147,116.5,107,130,93,TNEA2025-03406,CIVIL ENGINEERING,ce
2723,"Velalar College of Engineering and Technology (Autonomous), Perundurai Road Thindal Post, Erode-638012.",ERODE,168.5,159.5,136.5,144.5,88.5,121.5,101,TNEA2025-03407,COMPUTER SCIENCE AND ENGINEERING,cs
2723,"Velalar College of Engineering and Technology (Autonomous), Perundurai Road Thindal Post, Erode-638012.",ERODE,157,149,154,134.5,123.5,121.5,101,TNEA2025-03408,COMPUTER SCIENCE AND ENGINEERING (AI AND MACHINE LEARNING),am
2723,"Velalar College of Engineering and Technology (Autonomous), Perundurai Road Thindal Post, Erode-638012.",ERODE,151,142.5,132.5,135.5,84.5,103,101,TNEA2025-03409,ELECTRICAL AND ELECTRONICS ENGINEERING,ee
2723,"Velalar College of Engineering and Technology (Autonomous), Perundurai Road Thindal Post, Erode-638012.",ERODE,158.5,150.5,133.5,132.5,80,107.5,101,TNEA2025-03410,ELECTRONICS AND COMMUNICATION ENGINEERING,ec
2723,"Velalar College of Engineering and Technology (Autonomous), Perundurai Road Thindal Post, Erode-638012.",ERODE,160.5,154.5,148,142,96.5,138.5,101,TNEA2025-03411,INFORMATION TECHNOLOGY,it
2723,"Velalar College of Engineering and Technology (Autonomous), Perundurai Road Thindal Post, Erode-638012.",ERODE,133,114,148,116,110,124,101,TNEA2025-03412,MECHANICAL ENGINEERING,me
2723,"Velalar College of Engineering and Technology (Autonomous), Perundurai Road Thindal Post, Erode-638012.",ERODE,137,118.5,148,116.5,91.5,117.5,101,TNEA2025-03413,MEDICAL ELECTRONICS,md
5986,"Velammal College of Engineering and Technology (Autonomous), Velammal Nagar, Viraganoor, Madurai -625009.",MADURAI,181,175.5,172.5,162.5,124.5,116,Not Available,TNEA2025-03414,Artificial Intelligence and Data Science,ad
5986,"Velammal College of Engineering and Technology (Autonomous), Velammal Nagar, Viraganoor, Madurai -625009.",MADURAI,148,131.5,138,95,95,116,Not Available,TNEA2025-03415,CIVIL ENGINEERING,ce
5986,"Velammal College of Engineering and Technology (Autonomous), Velammal Nagar, Viraganoor, Madurai -625009.",MADURAI,186,182.5,182.5,173,139.5,124,Not Available,TNEA2025-03416,COMPUTER SCIENCE AND ENGINEERING,cs
5986,"Velammal College of Engineering and Technology (Autonomous), Velammal Nagar, Viraganoor, Madurai -625009.",MADURAI,176.5,173.5,172.5,154,121.5,124,Not Available,TNEA2025-03417,Computer Science and Engineering (Cyber Security),sc
5986,"Velammal College of Engineering and Technology (Autonomous), Velammal Nagar, Viraganoor, Madurai -625009.",MADURAI,171.5,166,163.5,144.5,113,124,Not Available,TNEA2025-03418,ELECTRICAL AND ELECTRONICS ENGINEERING,ee
5986,"Velammal College of Engineering and Technology (Autonomous), Velammal Nagar, Viraganoor, Madurai -625009.",MADURAI,178.5,173.5,176,160.5,84,142,Not Available,TNEA2025-03419,ELECTRONICS AND COMMUNICATION ENGINEERING,ec
5986,"Velammal College of Engineering and Technology (Autonomous), Velammal Nagar, Viraganoor, Madurai -625009.",MADURAI,170.5,163.5,164.5,152.5,107.5,142,Not Available,TNEA2025-03420,Electronics Engineering (VLSI Design and Technology),ev
5986,"Velammal College of Engineering and Technology (Autonomous), Velammal Nagar, Viraganoor, Madurai -625009.",MADURAI,178.5,176,174.5,162,116.5,113.5,Not Available,TNEA2025-03421,INFORMATION TECHNOLOGY,it
5986,"Velammal College of Engineering and Technology (Autonomous), Velammal Nagar, Viraganoor, Madurai -625009.",MADURAI,163,154,147.5,108.5,105,113.5,Not Available,TNEA2025-03422,MECHANICAL ENGINEERING,me
1120,"Velammal Engineering College (Autonomous), Velammal Nagar, Ambattur-Redhills Road, Surapet, Thiruvallur, Chennai-600066.",TIRUVALLUR,158.5,124.5,161.5,98,99,118,155.5,TNEA2025-03423,AUTOMOBILE ENGINEERING,au
1120,"Velammal Engineering College (Autonomous), Velammal Nagar, Ambattur-Redhills Road, Surapet, Thiruvallur, Chennai-600066.",TIRUVALLUR,167.5,161,161.5,159,131.5,118,155.5,TNEA2025-03424,Artificial Intelligence and Data Science,ad
1120,"Velammal Engineering College (Autonomous), Velammal Nagar, Ambattur-Redhills Road, Surapet, Thiruvallur, Chennai-600066.",TIRUVALLUR,159,131,115.5,114.5,131.5,118,88,TNEA2025-03425,CIVIL ENGINEERING,ce
1120,"Velammal Engineering College (Autonomous), Velammal Nagar, Ambattur-Redhills Road, Surapet, Thiruvallur, Chennai-600066.",TIRUVALLUR,173,163.5,161.5,159,132,118,94.5,TNEA2025-03426,COMPUTER SCIENCE AND ENGINEERING,cs
1120,"Velammal Engineering College (Autonomous), Velammal Nagar, Ambattur-Redhills Road, Surapet, Thiruvallur, Chennai-600066.",TIRUVALLUR,166,159,160,155.5,128.5,118,94.5,TNEA2025-03427,Computer Science and Engineering (Cyber Security),sc
1120,"Velammal Engineering College (Autonomous), Velammal Nagar, Ambattur-Redhills Road, Surapet, Thiruvallur, Chennai-600066.",TIRUVALLUR,162.5,149,159,151,120.5,118,94.5,TNEA2025-03428,ELECTRICAL AND ELECTRONICS ENGINEERING,ee
1120,"Velammal Engineering College (Autonomous), Velammal Nagar, Ambattur-Redhills Road, Surapet, Thiruvallur, Chennai-600066.",TIRUVALLUR,166,158,153.5,154.5,118.5,118,94.5,TNEA2025-03429,ELECTRONICS AND COMMUNICATION ENGINEERING,ec
1120,"Velammal Engineering College (Autonomous), Velammal Nagar, Ambattur-Redhills Road, Surapet, Thiruvallur, Chennai-600066.",TIRUVALLUR,155.5,145.5,142.5,146.5,103,118,94.5,TNEA2025-03430,ELECTRONICS AND INSTRUMENTATION ENGINEERING,ei
1120,"Velammal Engineering College (Autonomous), Velammal Nagar, Ambattur-Redhills Road, Surapet, Thiruvallur, Chennai-600066.",TIRUVALLUR,168,160,163.5,157,128,118,112.5,TNEA2025-03431,INFORMATION TECHNOLOGY,it
1120,"Velammal Engineering College (Autonomous), Velammal Nagar, Ambattur-Redhills Road, Surapet, Thiruvallur, Chennai-600066.",TIRUVALLUR,149,135,116,128.5,105.5,118,112.5,TNEA2025-03432,MECHANICAL ENGINEERING,me
1237,"Velammal Institute of Technology, Chennai - Kolkatta Highway, Pancheeti Village, Ponneri Taluk, Thiruvallur District-601204.",TIRUVALLUR,158.5,151,152,142,117,130,Not Available,TNEA2025-03433,Artificial Intelligence and Data Science,ad
1237,"Velammal Institute of Technology, Chennai - Kolkatta Highway, Pancheeti Village, Ponneri Taluk, Thiruvallur District-601204.",TIRUVALLUR,158.5,147.5,145,143.5,109,130,Not Available,TNEA2025-03434,COMPUTER SCIENCE AND ENGINEERING,cs
1237,"Velammal Institute of Technology, Chennai - Kolkatta Highway, Pancheeti Village, Ponneri Taluk, Thiruvallur District-601204.",TIRUVALLUR,142.5,131,145,136.5,102.5,130,Not Available,TNEA2025-03435,ELECTRICAL AND ELECTRONICS ENGINEERING,ee
1237,"Velammal Institute of Technology, Chennai - Kolkatta Highway, Pancheeti Village, Ponneri Taluk, Thiruvallur District-601204.",TIRUVALLUR,155.5,144,132,142,106,130,Not Available,TNEA2025-03436,ELECTRONICS AND COMMUNICATION ENGINEERING,ec
1237,"Velammal Institute of Technology, Chennai - Kolkatta Highway, Pancheeti Village, Ponneri Taluk, Thiruvallur District-601204.",TIRUVALLUR,158,145.5,144,142.5,108.5,130,Not Available,TNEA2025-03437,INFORMATION TECHNOLOGY,it
1237,"Velammal Institute of Technology, Chennai - Kolkatta Highway, Pancheeti Village, Ponneri Taluk, Thiruvallur District-601204.",TIRUVALLUR,121,91.5,144,114.5,104.5,130,Not Available,TNEA2025-03438,MECHANICAL ENGINEERING,me
1237,"Velammal Institute of Technology, Chennai - Kolkatta Highway, Pancheeti Village, Ponneri Taluk, Thiruvallur District-601204.",TIRUVALLUR,132,108.5,144,110,115.5,130,Not Available,TNEA2025-03439,Mechatronics Engineering,mz
3850,"Vetri Vinayaha College of Engineering and Technology, Tholurpatti, Thottiam, Tiruchirappalli-621215.",TIRUCHIRAPPALLI,96.5,Not Available,Not Available,89.5,Not Available,Not Available,Not Available,TNEA2025-03440,Artificial Intelligence and Data Science,ad
3850,"Vetri Vinayaha College of Engineering and Technology, Tholurpatti, Thottiam, Tiruchirappalli-621215.",TIRUCHIRAPPALLI,96.5,Not Available,Not Available,89.5,Not Available,Not Available,Not Available,TNEA2025-03441,COMPUTER SCIENCE AND ENGINEERING,cs
3850,"Vetri Vinayaha College of Engineering and Technology, Tholurpatti, Thottiam, Tiruchirappalli-621215.",TIRUCHIRAPPALLI,96.5,Not Available,Not Available,89.5,Not Available,Not Available,Not Available,TNEA2025-03442,ELECTRICAL AND ELECTRONICS ENGINEERING,ee
3850,"Vetri Vinayaha College of Engineering and Technology, Tholurpatti, Thottiam, Tiruchirappalli-621215.",TIRUCHIRAPPALLI,96.5,Not Available,Not Available,89.5,Not Available,Not Available,Not Available,TNEA2025-03443,ELECTRONICS AND COMMUNICATION ENGINEERING,ec
3850,"Vetri Vinayaha College of Engineering and Technology, Tholurpatti, Thottiam, Tiruchirappalli-621215.",TIRUCHIRAPPALLI,96.5,Not Available,Not Available,89.5,Not Available,Not Available,Not Available,TNEA2025-03444,INFORMATION TECHNOLOGY,it
3850,"Vetri Vinayaha College of Engineering and Technology, Tholurpatti, Thottiam, Tiruchirappalli-621215.",TIRUCHIRAPPALLI,96.5,Not Available,Not Available,89.5,Not Available,Not Available,Not Available,TNEA2025-03445,MECHANICAL ENGINEERING,me
2633,"Vidyaa Vikas College of Engineering and Technology, Varahoorampatti Village, Tiruchengode Taluk, Namakkal-637214.",NAMAKKAL,117.5,94,Not Available,Not Available,96,Not Available,Not Available,TNEA2025-03446,Artificial Intelligence and Data Science,ad
2633,"Vidyaa Vikas College of Engineering and Technology, Varahoorampatti Village, Tiruchengode Taluk, Namakkal-637214.",NAMAKKAL,83,94,Not Available,Not Available,96,Not Available,Not Available,TNEA2025-03447,COMPUTER SCIENCE AND ENGINEERING,cs
2633,"Vidyaa Vikas College of Engineering and Technology, Varahoorampatti Village, Tiruchengode Taluk, Namakkal-637214.",NAMAKKAL,80,94,Not Available,Not Available,96,Not Available,Not Available,TNEA2025-03448,Computer Science and Engineering (Cyber Security),sc
2633,"Vidyaa Vikas College of Engineering and Technology, Varahoorampatti Village, Tiruchengode Taluk, Namakkal-637214.",NAMAKKAL,110,94,Not Available,Not Available,96,Not Available,Not Available,TNEA2025-03449,ELECTRICAL AND ELECTRONICS ENGINEERING,ee
2633,"Vidyaa Vikas College of Engineering and Technology, Varahoorampatti Village, Tiruchengode Taluk, Namakkal-637214.",NAMAKKAL,84,94,Not Available,Not Available,96,Not Available,Not Available,TNEA2025-03450,ELECTRONICS AND COMMUNICATION ENGINEERING,ec
2633,"Vidyaa Vikas College of Engineering and Technology, Varahoorampatti Village, Tiruchengode Taluk, Namakkal-637214.",NAMAKKAL,84,94,Not Available,Not Available,96,Not Available,Not Available,TNEA2025-03451,MECHANICAL ENGINEERING,me
4982,"Vins Christian College of Engineering, Vins Nagar, Chunkankadai, Nagercoil, Kanyakumari-629807.",KANNIYAKUMARI,84.5,94.5,Not Available,94.5,Not Available,88.5,Not Available,TNEA2025-03452,Artificial Intelligence and Data Science,ad
4982,"Vins Christian College of Engineering, Vins Nagar, Chunkankadai, Nagercoil, Kanyakumari-629807.",KANNIYAKUMARI,84.5,94.5,Not Available,94.5,Not Available,88.5,Not Available,TNEA2025-03453,CIVIL ENGINEERING,ce
4982,"Vins Christian College of Engineering, Vins Nagar, Chunkankadai, Nagercoil, Kanyakumari-629807.",KANNIYAKUMARI,113,94.5,Not Available,94.5,Not Available,88.5,Not Available,TNEA2025-03454,COMPUTER SCIENCE AND ENGINEERING,cs
4982,"Vins Christian College of Engineering, Vins Nagar, Chunkankadai, Nagercoil, Kanyakumari-629807.",KANNIYAKUMARI,107,94.5,Not Available,94.5,Not Available,88.5,Not Available,TNEA2025-03455,COMPUTER SCIENCE AND ENGINEERING (AI AND MACHINE LEARNING),am
4982,"Vins Christian College of Engineering, Vins Nagar, Chunkankadai, Nagercoil, Kanyakumari-629807.",KANNIYAKUMARI,85,94.5,Not Available,94.5,Not Available,88.5,Not Available,TNEA2025-03456,Computer Science and Engineering (Cyber Security),sc
4982,"Vins Christian College of Engineering, Vins Nagar, Chunkankadai, Nagercoil, Kanyakumari-629807.",KANNIYAKUMARI,143,94.5,Not Available,94.5,Not Available,88.5,Not Available,TNEA2025-03457,ELECTRICAL AND ELECTRONICS ENGINEERING,ee
4982,"Vins Christian College of Engineering, Vins Nagar, Chunkankadai, Nagercoil, Kanyakumari-629807.",KANNIYAKUMARI,92.5,94.5,Not Available,94.5,Not Available,88.5,Not Available,TNEA2025-03458,ELECTRONICS AND COMMUNICATION ENGINEERING,ec
4982,"Vins Christian College of Engineering, Vins Nagar, Chunkankadai, Nagercoil, Kanyakumari-629807.",KANNIYAKUMARI,85.5,94.5,Not Available,94.5,Not Available,88.5,Not Available,TNEA2025-03459,MECHANICAL ENGINEERING,me
2368,"Vishnu Lakshmi College of Engineering and Technology, 10/1, Kambar Street, Kanjikonampalayam, Vellalore(PO), Coimbatore-641111.",Coimbatore,127,Not Available,Not Available,Not Available,Not Available,Not Available,Not Available,TNEA2025-03460,CIVIL ENGINEERING,ce
2368,"Vishnu Lakshmi College of Engineering and Technology, 10/1, Kambar Street, Kanjikonampalayam, Vellalore(PO), Coimbatore-641111.",Coimbatore,127,Not Available,Not Available,Not Available,Not Available,Not Available,Not Available,TNEA2025-03461,COMPUTER SCIENCE AND ENGINEERING,cs
2368,"Vishnu Lakshmi College of Engineering and Technology, 10/1, Kambar Street, Kanjikonampalayam, Vellalore(PO), Coimbatore-641111.",Coimbatore,127,Not Available,Not Available,Not Available,Not Available,Not Available,Not Available,TNEA2025-03462,ELECTRICAL AND ELECTRONICS ENGINEERING,ee
2368,"Vishnu Lakshmi College of Engineering and Technology, 10/1, Kambar Street, Kanjikonampalayam, Vellalore(PO), Coimbatore-641111.",Coimbatore,127,Not Available,Not Available,Not Available,Not Available,Not Available,Not Available,TNEA2025-03463,ELECTRONICS AND COMMUNICATION ENGINEERING,ec
2368,"Vishnu Lakshmi College of Engineering and Technology, 10/1, Kambar Street, Kanjikonampalayam, Vellalore(PO), Coimbatore-641111.",Coimbatore,127,Not Available,Not Available,Not Available,Not Available,Not Available,Not Available,TNEA2025-03464,MECHANICAL ENGINEERING,me
2620,"Vivekanandha College of Engineering for Women (Autonomous), Sathiyanaickenpalayam Village, Elayampalayam, Tiruchengode, Namakkal District-637205.",NAMAKKAL,128.5,110,122.5,119,113.5,117,134,TNEA2025-03465,AGRICULTURAL ENGINEERING,ag
2620,"Vivekanandha College of Engineering for Women (Autonomous), Sathiyanaickenpalayam Village, Elayampalayam, Tiruchengode, Namakkal District-637205.",NAMAKKAL,171.5,161,122.5,142,93.5,149,134,TNEA2025-03466,Artificial Intelligence and Data Science,ad
2620,"Vivekanandha College of Engineering for Women (Autonomous), Sathiyanaickenpalayam Village, Elayampalayam, Tiruchengode, Namakkal District-637205.",NAMAKKAL,146.5,131.5,122.5,124,134.5,146,134,TNEA2025-03467,BIO MEDICAL ENGINEERING,bm
2620,"Vivekanandha College of Engineering for Women (Autonomous), Sathiyanaickenpalayam Village, Elayampalayam, Tiruchengode, Namakkal District-637205.",NAMAKKAL,144.5,122.5,121.5,126.5,108.5,143.5,134,TNEA2025-03468,BIO TECHNOLOGY,bt
2620,"Vivekanandha College of Engineering for Women (Autonomous), Sathiyanaickenpalayam Village, Elayampalayam, Tiruchengode, Namakkal District-637205.",NAMAKKAL,123,109,115.5,110,109.5,111,134,TNEA2025-03469,CIVIL ENGINEERING,ce
2620,"Vivekanandha College of Engineering for Women (Autonomous), Sathiyanaickenpalayam Village, Elayampalayam, Tiruchengode, Namakkal District-637205.",NAMAKKAL,163.5,143,136.5,131,86.5,103,119,TNEA2025-03470,COMPUTER SCIENCE AND ENGINEERING,cs
2620,"Vivekanandha College of Engineering for Women (Autonomous), Sathiyanaickenpalayam Village, Elayampalayam, Tiruchengode, Namakkal District-637205.",NAMAKKAL,154,141.5,136.5,130,106.5,87.5,119,TNEA2025-03471,Computer Science and Technology,ts
2620,"Vivekanandha College of Engineering for Women (Autonomous), Sathiyanaickenpalayam Village, Elayampalayam, Tiruchengode, Namakkal District-637205.",NAMAKKAL,136,121.5,136.5,128,109.5,116.5,119.5,TNEA2025-03472,ELECTRICAL AND ELECTRONICS ENGINEERING,ee
2620,"Vivekanandha College of Engineering for Women (Autonomous), Sathiyanaickenpalayam Village, Elayampalayam, Tiruchengode, Namakkal District-637205.",NAMAKKAL,151,137.5,109.5,131,110.5,131,105,TNEA2025-03473,ELECTRONICS AND COMMUNICATION ENGINEERING,ec
2620,"Vivekanandha College of Engineering for Women (Autonomous), Sathiyanaickenpalayam Village, Elayampalayam, Tiruchengode, Namakkal District-637205.",NAMAKKAL,162,142,143.5,134,84.5,105.5,105,TNEA2025-03474,INFORMATION TECHNOLOGY,it
